site,date,epil_gm2,fila_gm2,epil_chla_mgm2,fila_chla_mgm2,epil_gm2_se,fila_gm2_se,epil_chla_mgm2_se,fila_chla_mgm2_se,epilg,epilgse,filag,filagse,epilc,epilcse,filac,filacse,year,GPP,ER,ARf,NPP,GPP.se,ER.se,ARf.se,NPP.se,PAR_bc_Jm2,light,epilcl,epilcsel,filacl,filacsel,epil_chla_mgm2_l,epil_chla_mgm2_sel
GR,2020-07-14,16.819145362363553,82.4043091603259,46.37881036573482,198.48108658164537,4.336363314461955,33.82480145559133,12.785011504986668,77.71900405535887,2.8225178424550523,0.25782304754708274,4.423699976618965,0.4055522046297489,3.8368426817730015,0.2756649298282212,5.295719427733697,0.3896058788688688,2020,10.295039842854816,-8.157687950280662,0.44185634992750433,5.746111115532759,0.47331031192488526,0.542304025074057,0.02892031995388395,0.4741930369381938,35.27072464347829,0.5060109522776869,1.9414844191436305,0.13948947365193995,2.6796920306229755,0.19714484177942143,23.468185998671732,6.469355846519487
GR,2020-07-15,16.939167801064276,81.81462223921234,46.06774538565914,195.49286985891484,4.132143260535771,31.4334982580892,11.94769813452801,70.73977898782479,2.829628561751783,0.2439401574542612,4.41660464289172,0.37956459147145133,3.8301130388672564,0.2593506158052033,5.280626144945706,0.36001193854320074,2020,10.920262511203218,-8.382160162804867,0.44185634992750433,6.095075177752801,0.49889782759573365,0.5279413773700576,0.02892031995388395,0.49973535725019236,34.55247928579093,0.49570665541148656,1.8986125243448126,0.12856182633970675,2.6176415247894878,0.17846031396345569,22.836087987473032,5.922553482132938
GR,2020-07-16,17.022887587882543,81.18944375037917,45.73403310607617,192.4100689410983,3.9327882406640855,29.19452483359222,11.161180173809278,64.38410798033273,2.834558767267338,0.23102944317529153,4.40902687228715,0.3552101523190748,3.8228427276598826,0.24404539498893257,5.264812644441112,0.3328891217134123,2020,11.496894238901795,-8.561568368397182,0.44185634992750433,6.416918514998095,0.4894124773448208,0.5260390779346142,0.02892031995388395,0.4902662112434731,34.12305491855473,0.4895459248001122,1.8714570784776408,0.11947142858306567,2.5773675749222487,0.16296451294508954,22.388909531753008,5.463910270048141
GR,2020-07-17,17.0657945230382,80.5274260905823,45.37747292682755,189.2285782479002,3.739682776657453,27.113738012966504,10.42764162190218,58.662542317771546,2.8370761399058617,0.21913323587770953,4.400939480086719,0.3325719860558503,3.8150157908647513,0.22979775975442807,5.248226392493635,0.30837922912573246,2020,8.547219367996146,-7.529187069950227,0.44185634992750433,4.770576216023699,0.5313264711100641,0.6029494401512783,0.02892031995388395,0.5321129615114716,31.729018746206886,0.45519991871143506,1.736594877884476,0.10460392156028554,2.3889922272423108,0.1403742000303284,20.655821987622247,4.746661618641849
GR,2020-07-18,17.063604465337956,79.82734238174645,44.99791804757088,185.94508099287992,3.553520026980745,25.193199380808355,9.74784233797759,53.56658125843249,2.836947801419503,0.20825142977259964,4.392315304097793,0.31169154692506423,3.806616223090497,0.21662874108247343,5.2308148891907855,0.28653645751969614,2020,10.694872503655713,-7.869596852317817,0.44185634992750433,5.9692751762503695,0.49550560296418894,0.5459487084399157,0.02892031995388395,0.4963488566272108,33.81548632038321,0.4851333962562661,1.8467166565520932,0.10509383688805966,2.5376429923809702,0.13900840478776952,21.82999280687919,4.729003859593689
GR,2020-07-19,17.01235919149659,79.08809426116116,44.595277449087526,182.55707828238403,3.374229616412191,23.43074470412174,9.121012380670196,49.06609132469235,2.833940091176048,0.19833989974175698,4.383127207086337,0.29256214572562894,3.7976279666278567,0.20452866093463049,5.212525672437568,0.2673069967326955,2020,11.084527117007273,-8.220761387816129,0.44185634992750433,6.186758424413997,0.45849115405949814,0.5167384358304077,0.02892031995388395,0.4594023544313258,33.68890292933225,0.4833173694267726,1.8354595588921192,0.09885225437530591,2.5193041960720444,0.12919411449021728,21.553672185550056,4.4083437103345435
GR,2020-07-20,16.909156718366376,78.30907586802222,44.169911952304616,179.0646595592812,3.201251722797942,21.82051190471777,8.545170336596945,45.11208413043716,2.8278552928536556,0.18932060161940595,4.373352571877829,0.27513259568210274,3.7880438322241665,0.1934613396065665,5.1933160061600185,0.25053269331612116,2020,10.73008724626996,-8.132159447363938,0.44185634992750433,5.988930061229449,0.4717429004997822,0.517520342530715,0.02892031995388395,0.47262855296541534,33.4528644220459,0.4799310463201886,1.8179998399060813,0.09284810313988481,2.492433584707761,0.12023841764062096,21.19851205914016,4.10109254062721
GR,2020-07-21,16.754731653399183,77.49161664873792,43.72417585619729,175.47734588371043,3.0345655402870397,20.355702019285065,8.018412493395271,41.650840837448854,2.818680705149301,0.18111692882120198,4.3629918248018535,0.25933600158065245,3.777901172383918,0.1833862465416549,5.173192516201885,0.23601239370913157,2020,10.653157343359164,-8.204265612582406,0.44185634992750433,5.945992124419095,0.4523555400757295,0.49960330493504657,0.02892031995388395,0.4532790746807533,33.226467746042516,0.47668304960974517,1.8008614519761976,0.08741711525796064,2.4659731848414257,0.11250310757896467,20.842573488804916,3.8222413203805385
GR,2020-07-22,16.554048729529654,76.63944461485664,43.262677804271355,171.81559551700923,2.87520883674657,19.031235946374924,7.539846125275776,38.637246058425625,2.8066307081298665,0.17368614069727115,4.352075604937468,0.24512328805006953,3.767290318846605,0.17428061571656486,5.1522251041320475,0.22357499589568458,2020,9.268489570636216,-9.31840701286214,0.44185634992750433,5.173148599613756,0.5228231947417868,0.6028680247323123,0.02892031995388395,0.5236224573738634,32.65115260571764,0.46842929908552994,1.7647091635090177,0.08163814666430508,2.4134531942594464,0.10472907862046577,20.265505840417944,3.5318848356756805
GR,2020-07-23,16.31539561414477,75.7583099404493,42.79172035222884,168.1082647564981,2.725180000517331,17.844799957265035,7.1097954624515385,36.03965328578438,2.7921091782431584,0.16703119341799552,4.340661653445956,0.23248036559311175,3.7563446341596625,0.16614885786150027,5.130539129674699,0.21311586005378566,2020,6.330320194621262,-6.545031858813869,0.44185634992750433,3.533228019553542,0.427241883369756,0.5733385195637885,0.02892031995388395,0.4282195836385478,22.95680513634855,0.32934948021956634,1.237150152786042,0.05472103997575972,1.6897403956045085,0.07018959773526015,14.093430855707608,2.3416074400258453
GR,2020-07-24,16.047579094329993,74.85420978534988,42.317730665678695,164.3841798992894,2.5865243778643134,16.794970626334695,6.72885657977347,33.83114266935994,2.7755580029550084,0.16117847824025971,4.328813205709236,0.22141118698435636,3.745206162900517,0.1590079731102129,5.108271130489618,0.2045609361787893,2020,9.053899245137435,-8.827889844795829,0.44185634992750433,5.053376372069621,0.4834752206584567,0.5704960543099838,0.02892031995388395,0.48433942013527914,34.100616690668325,0.48922401508107494,1.8322447963205775,0.07779051903488195,2.499088912580872,0.10007612252613082,20.70285010538286,3.2919182328614864
GR,2020-07-25,15.759125124783164,73.93293180170262,41.84687584213646,160.67005980015833,2.4609137288850502,15.879508108684774,6.397242118944994,31.982182944732333,2.7574195705020084,0.15615801698375759,4.316593470818866,0.21191627935641458,3.7340171428260316,0.152872633624503,5.085557590503707,0.1978237837251113,2020,9.40951265785896,-7.6185651492723485,0.44185634992750433,5.25185974026075,0.4487158742040785,0.5255682433788733,0.02892031995388395,0.4496468844203921,34.83512074734872,0.49976156714243847,1.8661182590354681,0.07639986695337346,2.541566231223256,0.09886472417250844,20.91346025088117,3.197095746753564
GR,2020-07-26,15.458161460180088,73.00003953821133,41.38506288922102,156.99050441123032,2.3494492992722034,15.094039486658636,6.114328056087074,30.45627389816521,2.7381371137187624,0.15198762836863475,4.30406562750418,0.20397339759345048,3.722920015950099,0.14774238890137306,5.06253493255787,0.19277281259189594,2020,8.990222003768757,-7.507830772952578,0.44185634992750433,5.01783532414556,0.44261871854461005,0.5427025536655881,0.02892031995388395,0.4435625264968939,34.74109855736042,0.49841267912349013,1.8555505393121554,0.07363667987243794,2.5232315988924254,0.09608041398609733,20.626840070310774,3.04745862747428
GR,2020-07-27,15.152340371211764,72.06086203975384,40.93794703645755,153.36802305119917,2.2525354136385776,14.43104691369746,5.878299182332138,29.20820582337215,2.7181549999725507,0.1486592406489373,4.291292820363417,0.19752089574094053,3.7120574333103837,0.14359047309082648,5.03933951155088,0.1892115040799912,2020,9.274156650358147,-8.138144316185056,0.44185634992750433,5.176311644175007,0.46183256891018076,0.5573123062126476,0.02892031995388395,0.46273718957137205,34.32661633955543,0.4924663158476097,1.8280632483970989,0.07071347127385466,2.4817049635587547,0.09318029233025824,20.16055995540882,2.8948643417731246
GR,2020-07-28,14.848922238089791,71.12086560394835,40.51098953912118,149.82434658109327,2.1699329018807103,13.879876232395178,5.686120120672266,28.1878776760607,2.6979272860552928,0.1461340336414784,4.278343400536361,0.1924529900766375,3.7015732839496183,0.140359941471714,5.016115892019037,0.18689209212588903,2020,8.185766067377608,-8.036271054788765,0.44185634992750433,4.568833351485717,0.45036395238984694,0.5743165204326499,0.02892031995388395,0.45129156264929143,25.434024883515608,0.3648888782879548,1.3506629234810374,0.0512157816001767,1.8303249012012104,0.06819484585670475,14.782009531264997,2.0748019926426733
GR,2020-07-29,14.555121340825524,70.18674584394867,40.10960297910939,146.38403803691784,2.1010653570775073,13.428442728596016,5.534042717085819,27.351615829244732,2.6779429138736246,0.14435230788384076,4.265306647212021,0.18863683919522106,3.691615781431038,0.13797301159944564,4.993041683775549,0.18558058385124104,2020,7.340561083387261,-8.216962146782425,0.44185634992750433,4.097087556661879,0.5171053624113927,0.655236552018045,0.02892031995388395,0.5179134490828103,30.238628666707648,0.43381805851389943,1.6014895910796847,0.059855184019387234,2.16607164933448,0.08050820858422131,17.400270092160554,2.4007676672591547
GR,2020-07-30,14.277729198523575,69.26522555813439,39.73905104270882,143.07048622846776,2.0448383926420566,13.062348368624033,5.417300990249527,26.657586671226017,2.6587009245552293,0.14321874047404598,4.252277018654072,0.18590061107562822,3.6823343576918264,0.13632185087729903,4.9703026675136694,0.1850315589894815,2020,8.358117410955385,-7.519237724130497,0.44185634992750433,4.6650301594851165,0.4283702193812498,0.5300379849737152,0.02892031995388395,0.4293453502240068,34.34808459111825,0.4927743098150387,1.8145597716197936,0.06717590597876966,2.4492374665558945,0.09117879877504237,19.582383450275437,2.6695067565305366
GR,2020-07-31,14.023046055925429,68.362675334850593,39.40444414386058,139.90480279931046,1.9996832271154528,12.765017232210225,5.330161858500726,26.064521476518927,2.640702123052422,0.14259977605011773,4.239348903453482,0.1840329423654247,3.673878605472407,0.13526803827103834,4.9480845049050375,0.18497965263570473,2020,8.791850563708202,-8.539958366947712,0.44185634992750433,4.907115564520025,0.4971523497698204,0.5752407500541044,0.02892031995388395,0.4979928149962496,31.48124625574266,0.4516452541811389,1.6592898365992332,0.06109316752750713,2.23477888392759,0.08354518223299164,17.7968301912204,2.4073423074091718
GR,2020-08-01,13.796968886479654,67.48512846415173,39.11078427547075,136.90606123274802,1.9637570714403023,12.518773869579997,5.266305197816604,25.533705180213214,2.6244489221301923,0.14233249981194687,4.226616618984861,0.1827955083143766,3.6663982416338836,0.13465097403120835,4.926572737660349,0.1851528856089889,2020,7.640482872302448,-8.203589390333285,0.44185634992750433,4.264486998663274,0.4570024797020869,0.5895813774220798,0.02892031995388395,0.4579166423707391,30.823340447063703,0.44220661780142906,1.6213055659460263,0.0595435518100087,2.17856306767351,0.08187583132132586,17.295047634017234,2.328795009836566
GR,2020-08-04,13.341846514991085,65.05706987888695,38.521869935420334,129.0712939067005,1.894478071265439,11.930401898059978,5.155771273543768,24.044403362110383,2.5909054503230187,0.14199519302944888,4.190519063527609,0.18060749470017218,3.651226130284915,0.13384010906498353,4.868082714798144,0.1848555714326738,2020,8.491495636909285,-7.872064238278715,0.44185634992750433,4.73947436935922,0.4658103279381647,0.5504783124404264,0.02892031995388395,0.46670723855549484,34.127484003667,0.4896094666070366,1.7876748781104717,0.0655293844099342,2.3834593813912535,0.09050703772849038,18.860672191786787,2.5243144231876458
GR,2020-08-05,13.27336399218002,64.32982540594,38.43216213953533,126.88031171229122,1.881463451676747,11.758507458354265,5.135031757129595,23.57412330810644,2.585759319772909,0.1417472957710802,4.179448676354675,0.17998681896500435,3.648894664756683,0.13361287711281708,4.851094761726136,0.18434521305472087,2020,8.020454495812336,-8.670299601646136,0.44185634992750433,4.476565747533055,0.5768870165464537,0.7044052001741044,0.02892031995388395,0.5776114738871653,32.90008061557206,0.47200054125841545,1.7222802567600988,0.06306535031634382,2.2897193532306,0.08701104034022616,18.140001331591858,2.423737768744321
GR,2020-08-06,13.244915574486646,63.64693530208364,38.395526932304065,124.90200642496622,1.873961885337732,11.602060982367288,5.122865079328278,23.15105804957475,2.5836137485615245,0.14148537790210597,4.168940699640777,0.1794680742119161,3.647940966670729,0.13342348676085383,4.835503877579122,0.18388156556799656,2020,8.68429999266197,-8.214603158260882,0.44185634992750433,4.847086896228899,0.4471445597640485,0.5402616921923299,0.02892031995388395,0.4480788348413924,31.2570962772874,0.44842948968529533,1.635844306086238,0.059831026080202444,2.1683825361940725,0.08245791661018988,17.217686548451127,2.2972437732497997
GR,2020-08-07,13.254243878372453,63.00922559061697,38.41067255605884,123.13417470663003,1.8728124050498456,11.467053774317238,5.121423337116411,22.796649035273447,2.584317793856827,0.1412990753931877,4.15902722282447,0.17914689122560135,3.6483353521253403,0.13333334191537258,4.821363034692203,0.18364522976166267,2020,9.485794413403116,-7.440046638052984,0.44185634992750433,5.294435917734103,0.5096925001927906,0.5659245804734088,0.02892031995388395,0.5105123207710199,34.42087097425123,0.4938185386312668,1.8016156320233236,0.06584247605547232,2.3808784480025134,0.09068741898750748,18.967902189477083,2.529053788046892
GR,2020-08-08,13.299404759194998,62.41753025133,38.476510626193935,121.575260836503,1.878804380621583,11.35843493154993,5.1327994024496855,22.522118784640472,2.587719279278431,0.14126980978773562,4.149740325610349,0.1791056019768559,3.650047941493343,0.13340085467509605,4.808725215509766,0.18374114508050363,2020,10.304893759780734,-8.029212149262175,0.44185634992750433,5.751611016693302,0.49321585372685783,0.5267825948237392,0.02892031995388395,0.4940630154886604,34.543657134694,0.4955800885455427,1.808891082040747,0.06611080737193517,2.3831084680935137,0.0910584529484554,19.068192543052703,2.5437131823525236
GR,2020-08-09,13.378714954192592,61.872702145317966,38.59214174348135,120.22440581123114,1.8925165877086876,11.279147628831616,5.158619842043666,22.327176098697652,2.5936650078001775,0.1414572770395721,4.141112081355534,0.17939657822821214,3.6530486739701082,0.13367021390863892,4.7976434214428485,0.18418053649580435,2020,11.673614130840043,-8.878178412863262,0.44185634992750433,6.5155536005249255,0.5338953377490561,0.5694946402790102,0.02892031995388395,0.5346780494619296,27.768615386526577,0.3983820479222072,1.4553090118957153,0.053251813563123085,1.911295011434907,0.07337421931660937,15.374416461472201,2.0551015371254886
GR,2020-08-10,13.490705623107496,61.37562417034831,38.75684258228586,119.08150039189174,1.9142177607351565,11.229709664092267,5.199789866507519,22.201204630214537,2.6020009759760456,0.14189159664535242,4.133174560760667,0.1800336239269341,3.6573073229791215,0.13416443445999718,4.788170682182953,0.18488447061170823,2020,12.00327486251363,-8.662975962966623,0.44185634992750433,6.699551644586791,0.5860128274925995,0.5625990547351837,0.02892031995388395,0.5867260168870188,35.41055721617659,0.5080170583043061,1.85797450753465,0.06815782132342864,2.4324723846215064,0.09392446488630896,19.68913715781593,2.6415819517836905
GR,2020-08-11,13.633686340565294,60.926445425010165,38.96966528099983,118.14519159596126,1.9438636981441164,11.208738277100384,5.256537355705205,22.12958287539705,2.6125436669964293,0.14257799758531908,4.125947316645366,0.18100083413755125,3.66278353016823,0.13488792674511624,4.780342846842569,0.18573626496352194,2020,12.965255424683724,-9.217080765781205,0.44185634992750433,7.236474986855199,0.5757293389860999,0.5572308438602012,0.02892031995388395,0.5764552512343057,35.415887394655876,0.5080935276344766,1.8610366048046372,0.06853568253522697,2.428861260354477,0.0943713940749677,19.800234703357987,2.670812608202661
GR,2020-08-12,13.804486400090164,60.522308034544785,39.228239951997146,117.40689380701215,1.9811884283017431,11.214604223570849,5.3288221615192155,22.10716217177967,2.6249936407849406,0.14351772104239988,4.119399841310048,0.18228516747573656,3.6693968943666007,0.13584147971053492,4.774126945476298,0.18670502587299917,2020,11.205227734438346,-7.829807766421218,0.44185634992750433,6.254126707592979,0.6478249200603892,0.5973036572327765,0.02892031995388395,0.6484701318931232,29.40134627317508,0.42180599849643974,1.547773620908039,0.05729875098653604,2.0137553831853876,0.07875329986266404,16.546706922210085,2.247729152649569
GR,2020-08-13,13.999516244322027,60.15974084405109,39.52988535367886,116.85709848975615,2.025578490932093,11.244407956188445,5.415861859778968,22.131917770970695,2.639022775041258,0.1446891775102325,4.113489143708049,0.18385310011139738,3.677056977068589,0.13700676870986522,4.769472860828743,0.18778603965797058,2020,10.658416378905011,-7.502321635804796,0.44185634992750433,5.948927421714515,0.5433843487779607,0.5396463082729777,0.02892031995388395,0.5441534116433374,33.93141868699291,0.4867966183142464,1.7899789017857948,0.0666944316941245,2.3217632597930065,0.09141360907212505,19.243014512520727,2.636423238597507
GR,2020-08-14,14.215081587204248,59.83542504594188,39.87196020376257,116.4873354972108,2.0760440055062994,11.293827720898385,5.516028030614049,22.202003795816637,2.6543034846013884,0.14604516989723487,4.108172268080162,0.18564557923889705,3.6856733250646347,0.13834353772487767,4.766330544772747,0.18897359193530883,2020,11.547088020111811,-7.900302746257001,0.44185634992750433,6.444933855253594,0.5705526976373317,0.5418792598412897,0.02892031995388395,0.5712851877017918,36.86185223059989,0.5288380417036358,1.9491242635865094,0.07316132557277737,2.520616911409843,0.0999364242927707,21.085809353043096,2.917085461692296
GR,2020-08-15,14.447319988864743,59.546174594508344,40.251831417150896,116.29006013766087,2.131288298983555,11.357674095257428,5.627028562956371,22.31629813079167,2.67050892945851,0.14752136040637592,4.103406290373391,0.1875869808674517,3.6951555038766584,0.1397955910289029,4.764650013259524,0.19026589384129822,2020,12.7773466514745,-9.097634838215772,0.44185634992750433,7.131594898295558,0.5602431408882471,0.546611657431309,0.02892031995388395,0.5609890924238753,36.91103889079862,0.5295436974285493,1.9567463080963,0.07402787415765459,2.523090384974435,0.10075410491926891,21.31510363690873,2.9797575107639735
GR,2020-08-16,14.692147351863309,59.288918544615846,40.66684443145101,116.2585517740238,2.189846819705268,11.43070563395727,5.746227440117445,22.475803627033745,2.6873131573015803,0.14904879234195428,4.09914831478223,0.18959878382124504,3.7054131273207815,0.14130005709696558,4.76438134090568,0.19167730870792482,2020,13.764459181109576,-10.00605615064593,0.44185634992750433,7.6825454886183735,0.5915368761100691,0.5733418753515824,0.02892031995388395,0.5922434133903849,34.5307430294423,0.49539481651718825,1.8356424563294593,0.06999931585941949,2.3602498201958846,0.09495594517787087,20.14614393545171,2.846651288363014
GR,2020-08-17,14.945276160754474,59.06021548150178,41.11422943819777,116.38586818531924,2.2503990346928915,11.509071246390144,5.87129713933957,22.687483646250467,2.7043952740365365,0.15057594188873696,4.095347650319341,0.1916255403701453,3.716354276624899,0.14280450392886987,4.765466526940036,0.19327269966120042,2020,13.186440881238818,-9.71586717685194,0.44185634992750433,7.359928244919811,0.6163853227484973,0.5921877030317061,0.02892031995388395,0.6170634092263162,36.06701380804783,0.5174349035155796,1.9229714165551164,0.07389203471202499,2.4658187125739417,0.10000604070138884,21.273937342471267,3.0380140688054693
GR,2020-08-18,15.202512127557808,58.85450297050725,41.59087119076721,116.6612368325063,2.3123910791545637,11.592618366671196,6.0014679800645565,22.97022557834689,2.7214606857462487,0.1521058532795287,4.091916666776236,0.1936799704507337,3.727880700656548,0.14429772227028578,4.767809621301052,0.1952233904445997,2020,10.893498843745991,-9.554158006015651,0.44185634992750433,6.080137206708899,0.5141709425457258,0.5831872377969085,0.02892031995388395,0.5149836337832446,35.783047691714366,0.5133609876436226,1.9137485183066454,0.07407682121939907,2.4476074560878742,0.10022007252977624,21.351130711450946,3.0809195295575176
GR,2020-08-19,15.460197852545358,58.66430765914939,42.09353562614809,117.0705038113808,2.3761784735109335,11.6845503629925,6.137787025264839,23.34816010251166,2.7382688407840714,0.15369651127199002,4.088733979952223,0.19583819575589595,3.7398941808261315,0.14581305499678926,4.771281935966583,0.1977476113747313,2020,10.49290636772036,-10.18677239540624,0.44185634992750433,5.8565490599483745,0.4682699511861993,0.5906339126198826,0.02892031995388395,0.4691621596955156,32.13993775654566,0.4610951624817945,1.7244471149727427,0.06723369428571138,2.2000150195109622,0.09118046699721848,19.40912564897196,2.830103905693141
GR,2020-08-20,15.715407782857204,58.481161181817626,42.619111811751985,117.59786108278834,2.4427068087682167,11.789331161886322,6.28248661775473,23.840292229092828,2.754641618551573,0.15543388008250017,4.0856596436242905,0.19820277425064994,3.7523027867478307,0.14741007849962676,4.775738451685891,0.20101789367390774,2020,10.138927570956666,-8.406264256037376,0.44185634992750433,5.658978042274415,0.5115208423702776,0.5618736994795946,0.02892031995388395,0.5123377373231777,32.86793288718001,0.47153933432769163,1.7693583582590142,0.06950965028890677,2.2519485304311258,0.09478784377094915,20.09658761335099,2.962439557658696
GR,2020-08-21,15.965250855746175,58.29651380756493,43.16440801629724,118.22726198911992,2.512701623656723,11.90939049600151,6.437481797628066,24.449842207982773,2.770414538899308,0.15738566505219412,4.082550515195685,0.200844699481846,3.765016267155755,0.14913865597780276,4.781031436443985,0.2050692249413053,2020,10.216377725919926,-8.961153905505975,0.44185634992750433,5.70220635446429,0.5786011491918701,0.6068483363619342,0.02892031995388395,0.5793234629741728,37.16039102105855,0.5331210242388345,2.0072093286219492,0.07950895302848938,2.5488683763150832,0.10932671524057262,23.01185341231134,3.4319568894703276
GR,2020-08-22,16.206679699349884,58.1019242313641,43.72607105404144,118.94258269876369,2.586281203032823,12.043753346407184,6.603650837793953,25.160967588581705,2.7854234843752343,0.15958118818974187,4.0792634827883525,0.20377937779588956,3.777944515837171,0.1510231923108857,4.787013150764852,0.20977510257365045,2020,10.467172716439803,-8.513499468585106,0.44185634992750433,5.842185985892951,0.5174997455683349,0.5499679208794817,0.02892031995388395,0.5183072173619873,37.924857523721705,0.5440884321077426,2.055535908211891,0.08216997191633589,2.604558479678793,0.11413620665453836,23.790849442025156,3.592970030522293
GR,2020-08-23,16.43650279485416,57.88906784672759,44.300571372699785,119.72748772872856,2.662794719580423,12.187722614436067,6.780519343683905,25.940112641146143,2.7995046416249476,0.16200494428863996,4.075655468112026,0.20696069848069987,3.790997574771521,0.15305715329582403,4.793535838121976,0.21486500820287824,2020,10.85801408771952,-9.389495571541325,0.44185634992750433,6.0603316154583515,0.5241421185826018,0.5775167981159032,0.02892031995388395,0.5249393730503488,38.572342571473406,0.5533775671881862,2.0978530151433783,0.08469839513159239,2.652635200329322,0.11890147551317844,24.514942411271214,3.7521872986802367
GR,2020-08-24,16.651402319716297,57.64975706266492,44.88419078097877,120.56531829216166,2.7407762695371356,12.333150122618465,6.966136811101427,26.74007256330177,2.812494436286245,0.164597324412244,4.071583432936855,0.210284760590585,3.804085634327825,0.1552024597055578,4.8004517174384125,0.2199646489555231,2020,5.750531590696388,-7.39803307470384,0.44185634992750433,3.2096226918884767,NA,NA,0.02892031995388395,NA,32.680361574226616,0.46884834513915297,1.7835392544222257,0.07276641639447684,2.2506838436414043,0.10313006165191171,21.043878570571923,3.2660617158978402
GR,2020-08-25,16.84835800093778,57.37670284477888,45.47337679494426,121.44023677752978,2.818265533543894,12.470386057908614,7.157576144343922,27.512683167486745,2.8242532040344424,0.16727241511529073,4.0669168863521055,0.21361922565354247,3.8171270293183994,0.1574014654029323,4.807623047900315,0.22470295624694406,2020,5.020545879166168,-6.009559658417099,0.44185634992750433,2.8021858023542316,NA,NA,0.02892031995388395,NA,34.487993595895915,0.49478151237340345,1.8886438844875544,0.07787933510185278,2.3787230025613493,0.11117886852663769,22.49938614332815,3.54143634962628
GR,2020-08-26,17.02590933445777,57.06571466378407,46.065864290438206,122.34093387707688,2.8937738069232712,12.593185536790562,7.352545892118855,28.2385553714027,2.8347362623248022,0.16996295176238999,4.061575380617915,0.2168781631244609,3.8300722047953517,0.15960942023712357,4.814952341101708,0.22894715066407392,2020,9.023118235513182,-8.303531847764665,0.44185634992750433,5.0361961470050245,0.5649685209938038,0.628750585541778,0.02892031995388395,0.5657082416053005,38.83749536055618,0.5571815779268108,2.1340456746414933,0.08893142861970396,2.682802743057441,0.127565134668856,25.667050953908685,4.096703121950075
GR,2020-08-27,17.183034021148064,56.71349431547605,46.65964563160641,123.25701934652676,2.9657389184092704,12.696259580206442,7.548395778396793,28.91279108959977,2.843922502893281,0.17259692989952644,4.055491016456209,0.2199877122463871,3.842879671871054,0.16177567738070528,4.822352157115649,0.2326853745700117,2020,8.643433282128989,-8.576386607607311,0.44185634992750433,4.824277401245565,0.40666524167311163,0.5321278722675162,0.02892031995388395,0.4076922904486732,37.04817694582577,0.5315111465955069,2.042533380624749,0.08598557577588348,2.5631339243158546,0.12367487023371193,24.800121749395156,4.012056495132364
GR,2020-08-28,17.318765501855513,56.31692490002706,47.25261514280684,124.1777885230853,3.032325832417983,12.774166176341362,7.741718769774287,29.53566615327809,2.85179062471965,0.17508902883944605,4.04859595357996,0.22286900769052478,3.8555079993458774,0.16383683202246618,4.8297350349647665,0.23594973598555882,2020,9.63828265792158,-8.007058625025564,0.44185634992750433,5.379546263122786,0.5020266399293425,0.5492428752569664,0.02892031995388395,0.5028589584614961,37.98755385588206,0.5449879041503916,2.101205223998579,0.0892890917065636,2.6321471743071663,0.12858975209960793,25.752103692303354,4.2191430868610365
GR,2020-08-29,17.432201061599955,55.87309723136911,47.84256909292347,125.0922135450122,3.091495481675434,12.821376372070985,7.928427698390902,30.109813767131257,2.858319131628117,0.17734395506058326,4.040822421438843,0.22543833545606842,3.867915809975644,0.1657191043188276,4.837013492809116,0.2387920151499498,2020,10.047399487546594,-8.041606586624638,0.44185634992750433,5.607892223715778,0.5180545989274384,0.5717098893285796,0.02892031995388395,0.5188612072376428,40.305847965538526,0.578247277807857,2.236611787908388,0.09582662095311835,2.7969898849367456,0.13808083272271102,27.66483534131731,4.584591733890952
GR,2020-08-30,17.522509800049153,55.379337293082926,48.42720663924733,125.9889441512624,3.1411124113904956,12.832463172514396,8.103915286171283,30.63806370291649,2.8634863286759162,0.17926155826043164,4.032102731326053,0.22760932974089404,3.880061776437563,0.16734219973785455,4.84410002874211,0.24126559920383364,2020,11.237877430273064,-8.377053050814261,0.44185634992750433,6.272349927999926,0.5055215215246867,0.5178066735305463,0.02892031995388395,0.5063480953167191,39.86140285291696,0.571871052285244,2.2188950110231027,0.09569815985581437,2.7702005808117316,0.13797281209692627,27.694117620021327,4.634394562333246
GR,2020-08-31,17.58894038386603,54.83323436297957,49.004131801061014,126.85631855762055,3.179087411543723,12.802395603335462,8.263295470987085,31.121799622904096,2.8672703172457306,0.18074354350872857,4.022369289992089,0.22929704412438873,3.89190461702632,0.16862446424993438,4.85090712216339,0.24341229259528965,2020,9.958490919014942,-8.539643904069656,0.44185634992750433,5.558268470752801,0.47527101787760123,0.5514007938489952,0.02892031995388395,0.47615010799184554,22.383947371240502,0.3211309843941456,1.2498111608337825,0.05415054019751684,1.5577765793449014,0.07816722913476117,15.73674508465518,2.653600208937768
GR,2020-09-02,17.64775887937314,53.57660371043564,50.12508567478473,128.45493362130134,3.213372258562519,12.6045854269537,8.515471686895149,31.947287071850912,2.8706087996443026,0.18208387141544288,3.999605287445137,0.23095217675744753,3.9145215948479106,0.16988443156275404,4.8633328176482085,0.2467830786990887,2020,7.919931251263008,-7.041510577702862,0.44185634992750433,4.420459336903163,0.46602136757150514,0.5320586033392569,0.02892031995388395,0.4669178727993296,39.72311734569656,0.569887141211624,2.230835520899043,0.09681495303965969,2.77155083621021,0.14063850321922688,28.565641778190795,4.852857815713201
GR,2020-09-03,17.640149662655848,52.86730738613561,50.66582330961587,129.16154136541607,3.2093554153210566,12.44102678145609,8.60460063829768,32.27592567154244,2.8701775348201966,0.18193470444954637,3.9865237518927423,0.23095690846909062,3.925251586834684,0.1698304710399251,4.868776304922842,0.24796821959053839,2020,8.41644640227238,-7.099449568708294,0.44185634992750433,4.69758611560383,0.4876802585943528,0.5684044246185017,0.02892031995388395,0.4885370196094559,41.28868939153241,0.5923475984259389,2.3251133506791306,0.10059867166004559,2.884007951494162,0.14688337936041126,30.011778759723914,5.096914523509931
GR,2020-09-04,17.6091250241457,52.10794136550941,51.19330065803065,129.78962633161146,3.1938903705405357,12.243056263525084,8.672595687293816,32.533526029114405,2.868417234967389,0.18137700573771046,3.972326471971688,0.23053155420323357,3.93560867696147,0.16940880107001566,4.873590126486593,0.2487469911920006,2020,8.968613319364866,-7.442254365678939,0.44185634992750433,5.0057745741591075,0.48710772098138505,0.5516598464072758,0.02892031995388395,0.487965487248754,41.42083944326709,0.5942434872742044,2.338709824744202,0.10067007672278808,2.8960991923085238,0.14781627949490025,30.42128550810496,5.153633504936702
GR,2020-09-05,17.55600705570597,51.30175831146589,51.70802949024762,130.32651555464773,3.1694117365192565,12.016338888756408,8.723284340809865,32.704692511066916,2.8653961737230342,0.18053146860003963,3.957029990227848,0.22975018960542515,3.9456130787442665,0.16870270298068732,4.8776867072618995,0.24903342918176952,2020,9.328097986848682,-7.649303634304491,0.44185634992750433,5.2064186586136225,0.48455636033292737,0.5338677139778608,0.02892031995388395,0.4854186350412691,36.795621094229375,0.5278878576423771,2.0828412352240546,0.08905610845495329,2.574871586147185,0.13146172341209894,27.29604091051567,4.6049158822754155
GR,2020-09-06,17.48218682237841,50.452082088794675,52.210570140062096,130.7595239055328,3.1378503460628644,11.765024908332798,8.759715653654563,32.77166576934532,2.8611824666575623,0.17948843459596248,3.9406509296593906,0.22865984097648412,3.9552849674942694,0.1677766710870119,4.88097847251687,0.24872331652352897,2020,10.177159663895935,-8.113686219165881,0.44185634992750433,5.6803170421774505,0.5025802766734564,0.535386937299338,0.02892031995388395,0.5034116798480176,41.23167989322279,0.5915297124647029,2.3396685795378467,0.09924488600638519,2.8872437923943086,0.14712723190643037,30.884103542569132,5.18163208187884
GR,2020-09-07,17.389109176041924,49.56228768038486,52.70152978331428,131.0760446754828,3.100462733778738,11.491646536608531,8.78378691578731,32.715608908984215,2.855844100834528,0.17829911253018307,3.9232059956580496,0.22727702926041857,3.964644483272389,0.16667043541055476,4.883377852733145,0.24770282142661104,2020,4.151312095085114,-4.590859997883304,0.44185634992750433,2.317028485340905,0.3416865872896983,0.5309870679350268,0.02892031995388395,0.3429083096688029,17.05782796660721,0.2447198876807842,0.9702273526406597,0.04078757023337836,1.1950596796236843,0.0606178066377336,12.897112449178174,2.1495673474434125
GR,2020-09-08,17.278258244017533,48.63578167060134,53.181560737556595,131.26365131543358,3.0577711674765644,11.197269727469962,8.796051654239227,32.518325087132,2.8494489622318446,0.1769721880696681,3.904711978292846,0.22558866508396233,3.9737117335895,0.16539664372857513,4.884797288968378,0.24585987732623182,2020,6.563259131820007,-5.295269480713513,0.44185634992750433,3.6632414082056575,0.42415595511166143,0.5040231527301715,0.02892031995388395,0.42514075217852354,42.76686454424737,0.61355421734911475,2.4380875926734995,0.10147980829505628,2.9970879775420705,0.15084836461044554,32.62977087573594,5.396854588479135
GR,2020-09-09,17.151092690138952,47.675809292526544,53.65129415744263,131.30926899938362,3.0098321228419884,10.88267691168528,8.796241231451651,32.16921061578124,2.8420618852930426,0.17548923425575655,3.885182177571541,0.2235746476506176,3.9825055910121017,0.16395207924786687,4.885142129130763,0.2431364851387026,2020,8.351897100041,-6.654466873445022,0.44185634992750433,4.661558332446775,0.45881079070365355,0.5065807685643079,0.02892031995388395,0.45972135753339416,42.59193317658844,0.6110445669569814,2.433488404263747,0.1001820272657095,2.985039556818013,0.14856722827302107,32.783331805116156,5.374895414121519
GR,2020-09-10,17.008883069529578,46.68494295692737,54.111140179681854,131.19648068892258,2.9571001445736007,10.55118522226036,8.785193203319784,31.68016344663914,2.833735741084865,0.17385622162757255,3.864615686782438,0.22126869758009324,3.991040082947739,0.16235461263886894,4.8842893059507,0.23964452972985825,2020,8.604727283664113,-6.762056861968554,0.44185634992750433,4.8026738939826785,0.4472367362570382,0.48792580964759225,0.02892031995388395,0.44817081917956525,42.54141987499832,0.6103198785901085,2.4358110988729207,0.09908824747429859,2.9809788562067965,0.14625982028951073,33.025104504835774,5.361778049240777
GR,2020-09-11,16.85285993639307,45.665640888309326,54.561473040173944,130.90852307043528,2.900015371860548,10.206305025684792,8.763800077166138,31.068797915746803,2.8245203715587994,0.17207853045749713,3.8430081527348094,0.2187113437510225,3.9993280117076653,0.1606224976864774,4.882108675303835,0.23553290714320996,2020,9.8287811766133,-7.592472584866113,0.44185634992750433,5.485871801678786,0.4523766176703275,0.496498731287643,0.02892031995388395,0.45330010933274734,42.730194217472075,0.613028127024647,2.4517005603743556,0.09846610891476194,2.9928699371522907,0.1443882969186721,33.44771762552361,5.372455946923615
GR,2020-09-12,16.684256981470355,44.62041741441522,55.00269374659117,130.42944108305085,2.83883240401232,9.850900181164508,8.732541081116507,30.352316604655197,2.8144655790853133,0.17015036433238506,3.8203553666262025,0.2159318292000503,4.007382161243875,0.15876569830105297,4.878470137902137,0.23094001126791244,2020,11.043388731556638,-8.30055672218126,0.44185634992750433,6.16379729580049,0.4813011128780475,0.5102175222652473,0.02892031995388395,0.48216920905827454,42.62782190385997,0.6115594440752222,2.4507524067272666,0.09709466219120641,2.9834744854730038,0.1412335449057301,33.637416810305,5.340467968931651
GR,2020-09-13,16.504303101875202,43.551832017226026,55.435229232203405,129.74431903473533,2.77368106687397,9.487287156658198,8.691560291466907,29.546908103966743,2.80362114095872,0.1680580542997194,3.7966532757924254,0.21294942827468746,4.015215298368709,0.15678766755090479,4.873243652935972,0.22598999575742107,2020,10.518624661732826,-8.09644622417281,0.44185634992750433,5.8709035624421295,0.49323093419501596,0.5309485650973295,0.02892031995388395,0.49407807009937527,42.992035419186,0.6167846281219188,2.4765230746337834,0.09670422322448785,3.005741774223615,0.13938715549251496,34.1915972468379,5.360820782171652
GR,2020-09-14,16.314215159423483,42.46247823706408,55.859531524572674,128.83952350040389,2.704677240394078,9.1174772568640865,8.640874197412968,28.667734407290464,2.7920368234283868,0.1657865373212141,3.771897996604814,0.20977812648264618,4.022840173882734,0.15468934238397322,4.866299253301295,0.2207935891508512,2020,7.952857883214363,-6.6228575314972895,0.44185634992750433,4.438837127445086,0.42729006310841183,0.5019076095478759,0.02892031995388395,0.4282676533867875,42.68284509211153,0.612348833467302,2.4633814877024904,0.09472383835865007,2.979872671061851,0.13520269675358249,34.20551896710206,5.29122923492354
GR,2020-09-15,16.115158270419496,41.35446000462065,56.27595150819067,127.7029462451742,2.6323470855106597,8.744163858140348,8.58135654482773,27.7327209624628,2.7797603365297214,0.1633460274692131,3.7460737285310963,0.20645202080693287,4.030267294836272,0.1524870982159894,4.857507006687951,0.21547852455244518,2020,11.921741134738172,-8.23038008406446,0.44185634992750433,6.65404411216218,0.5087803500273193,0.5198380981973932,0.02892031995388395,0.5096016380273483,39.304786005932726,0.5638855565619977,2.272609516642368,0.0859852722460472,2.7390780419700382,0.12150522774441364,31.73319623725209,4.838903011337125
GR,2020-09-16,15.908143725829088,40.22795448718438,56.68435474982645,126.32423530009989,2.558505183290869,8.372681884997919,8.51695420027709,26.771869794541782,2.7668311621191317,0.16082990117425072,3.71911653324419,0.2030826411143087,4.037498242319768,0.1502522916220223,4.8467368668629796,0.2102653099108837,2020,10.593852686590916,-6.94338956919376,0.44185634992750433,5.912891606824168,0.478267434262927,0.48867518125806647,0.02892031995388395,0.4791410268205784,42.01600010733505,0.6027819513241324,2.4337310689732643,0.09056936953484519,2.9215255061622782,0.1267441338038559,34.168305965649736,5.133866272181289
GR,2020-09-17,15.694129512496454,39.08293886552836,57.08448502499592,124.69506594898424,2.485262507488596,8.008515834072947,8.45253416964472,25.81485867871664,2.753286726028594,0.1583561869748625,3.6909507790766964,0.1997986190818042,4.044532363891066,0.1480706038767549,4.833858862232197,0.20537686570126865,2020,11.146735709058497,-8.080002176523816,0.44185634992750433,6.221479755047338,0.4702039312871958,0.500160678132322,0.02892031995388395,0.47109247701928864,42.69933654456564,0.6125854278567028,2.47762158861449,0.09070589422884226,2.961151499319425,0.12581087514748024,34.96912368301667,5.17789926078521
GR,2020-09-18,15.474050562914398,37.91972966298911,57.476088162484274,122.80938619076876,2.4145136966207774,7.656080907119907,8.3926945645934925,24.88467680269245,2.739164463726577,0.15603630651223785,3.661501311327317,0.19671464764567703,4.0513690032666165,0.14602062932444945,4.818743174749434,0.20099184373912884,2020,10.286140750654996,-7.893767728609989,0.44185634992750433,5.74114414373002,0.6046971641768532,0.5805012230560529,0.02892031995388395,0.6053883425287963,40.773903087424976,0.5849622239944816,2.3698978223731464,0.08541655207870377,2.8187827243596577,0.11757263591839213,33.6213403580297,4.909409277811007
GR,2020-09-19,15.248815518909076,36.738980138868946,57.85891229125786,120.66363722399024,2.3477508470393587,7.318362762207037,8.34128001854613,23.99537408296251,2.7245018291456726,0.15396283364619787,3.630693516227862,0.19392052289906875,4.058007500395445,0.1441658629280255,4.801260165075536,0.1972271636001277,2020,6.596917161358433,-7.306946024472868,0.44185634992750433,3.6820274236664825,0.33728227703064173,0.5039441721727586,0.02892031995388395,0.3385198949917265,24.78460691249083,0.35557201255111054,1.4429138938631099,0.05126134602248556,1.7071937396773857,0.07012845949104454,20.573009887420742,2.9659257234468117
GR,2020-09-20,15.019303946791371,35.541675156055824,58.232708088739535,118.25694889124742,2.2859483896803408,6.996793545655475,8.301029321626471,23.15119424816111,2.7093363035039455,0.15220068771354056,3.5984533943450083,0.1914743512927305,4.064447191529421,0.1425492578668455,4.781280399695442,0.19412868150159623,2020,10.287725501946875,-7.514853538104981,0.44185634992750433,5.742028662600527,0.4463329922989773,0.48981863610513426,0.02892031995388395,0.4472689626173428,40.78996734835836,0.585192689686772,2.3784847841009484,0.08341878362395255,2.79797033724442,0.1136026852732658,34.07735507419413,4.857701675891355
GR,2020-09-21,14.786363991491754,34.32912324414398,58.59722903014096,115.5913026195108,2.229530025812178,6.691369724723215,8.273400410427177,22.347418710289613,2.6937054041382615,0.1507828447274175,3.5647076448769957,0.189400956216267,4.070687409289872,0.14119098372674835,4.7586746795349075,0.19167311976279366,2020,9.829181076427115,-7.161605616683729,0.44185634992750433,5.486095003220532,0.4912576877660367,0.5220379522252854,0.02892031995388395,0.4921082205119803,39.1048923918196,0.5610177856541403,2.283728036449993,0.07921065304471012,2.6697011313610997,0.10753202921874333,32.87408767595819,4.64152477808791
GR,2020-09-22,14.5508713188786,33.1028758886426,58.95238558357706,112.67395104247034,2.178563873523468,6.401367100943838,8.259027526054929,21.57581151009973,2.677650876283509,0.14972050991179847,3.529381717643654,0.18770754471987822,4.07673009407937,0.140096578693089,4.733334271979652,0.18980435985759547,2020,7.436675912338641,-7.146762685270434,0.44185634992750433,4.150733438118896,0.5775708696820199,0.6375254126823946,0.02892031995388395,0.5782944703276003,37.588429991820064,0.5392618792792778,2.1984251318476278,0.0755487443066324,2.5525067347647594,0.10235425579220725,31.79077423779637,4.4537787047196655
GR,2020-09-23,14.313902617540716,31.864524997812996,59.298714349252926,109.5238689909838,2.1332540197694194,6.126730896932684,8.25912066762332,20.835898367765346,2.6612312759916503,0.14903371056578668,3.4923938084789756,0.18642383838927823,4.0825876253176085,0.139279928043286,4.705231506599409,0.1885194443334686,2020,9.76186882565313,-7.5520589882344975,0.44185634992750433,5.448525097878945,0.43851982665303063,0.4935832966898427,0.02892031995388395,0.43947243744521575,38.09412069007345,0.5465167637299856,2.231202576632666,0.07611881552676193,2.5714878955870732,0.10302903661730242,32.40774145950257,4.513747898524935
GR,2020-09-24,14.076538532552558,30.615931675585102,59.63692819530957,106.16386381391033,2.0935069419539705,5.866856117089284,8.274177893473208,20.126442443855023,2.644509477647104,0.14872313510261434,3.453661160492307,0.1855664472358368,4.088274982790552,0.13874252319595445,4.674359100520512,0.1878099736941598,2020,4.103335985119325,-5.021424001605326,0.44185634992750433,2.29025092420832,NA,NA,0.02892031995388395,NA,28.659211489594224,0.4111589723195171,1.680930940483755,0.057045233254265394,1.921904684022396,0.07721975577544628,24.520258109076316,3.402002479469311
GR,2020-09-25,13.839800184718223,29.359281152042307,59.967763051527506,102.6178815641528,2.0588247815661833,5.620269179556774,8.303544219430082,19.442497921469243,2.627548512564942,0.14876116375144766,3.413102274778151,0.18512523901372716,4.09380713535961,0.13846679944181398,4.640709916901963,0.1876365124240823,2020,6.221436291156654,-5.682010889000819,0.44185634992750433,3.4724551602396647,0.3833495455710817,0.4906660316588222,0.02892031995388395,0.38443888850607955,24.251089914006496,0.34791791847767595,1.4243088571833729,0.04817508064006174,1.6145861345472396,0.06528210483299729,20.863859296649935,2.8889518208114526
GR,2020-09-26,13.60464915264511,28.09705883035508,60.29197689334517,98.91071216389996,2.0284206786749204,5.384891708383413,8.345610874490228,18.776441769985723,2.610411583783992,0.14909761037685715,3.3706370979475984,0.18506652991214712,4.099199041702425,0.13841992425050817,4.604276908773771,0.18793221831092186,2020,7.291172919385933,-6.791984227192547,0.44185634992750433,4.069521866535799,0.4356269472595983,0.5412679682470546,0.02892031995388395,0.436585870230533,29.830551407764613,0.4279635838897492,1.7543079129643953,0.05923868686399508,1.970462847099639,0.08042814567669286,25.80277051107395,3.571617539596102
GR,2020-09-27,13.371988117238113,26.832022320734502,60.61034881256053,95.06768762490616,2.0014001687908394,5.158442017587188,8.39825162210238,18.119869687592903,2.593162079927343,0.14967109985767876,3.3261872398302947,0.1853419761647796,4.104465650979805,0.13856134780009674,4.565053022442222,0.18861565356232446,2020,8.53325085963195,-6.873718130837532,0.44185634992750433,4.762779781779238,0.4272818164002433,0.49980599184837904,0.02892031995388395,0.4282594255034281,41.52933407085123,0.5958000039144433,2.445440650920466,0.08255485156168818,2.7198586086407173,0.1123772071307582,36.11164605977934,5.003678349323078
GR,2020-09-28,13.14266210379962,25.567169556914916,60.923678180716976,91.11437748835289,1.976991342542718,4.93890735038437,8.459485252121455,17.46598370825277,2.5758635879553244,0.15042548662733696,3.279676226318346,0.1859026547710977,4.10962190343212,0.13885381685308318,4.523031038443169,0.1896119171023134,2020,7.869110117165466,-6.68955174537064,0.44185634992750433,4.392093843617137,0.38883522101340423,0.47155946385908026,0.02892031995388395,0.3899092381654709,40.973033034346045,0.5878190389617683,2.415713997771702,0.08162091717875275,2.658723758211913,0.11145749488678035,35.81209795820511,4.972646491013286
GR,2020-09-29,12.917494515629537,24.3060246603152,61.23301480443223,87.07816067198968,1.9549480843474167,4.725345461757768,8.528847285940536,16.8139158894064,2.558582556610081,0.15134111974903686,3.2310424962515096,0.18672808254897635,4.114686501652106,0.13928511135994553,4.4782246097257845,0.1908976727162004,2020,8.130904756126851,-7.256016009010358,0.44185634992750433,4.538212858976456,0.4232016046636706,0.5324238254707429,0.02892031995388395,0.4241886173580578,41.55002328209213,0.5960968213909116,2.4527515446549106,0.08302741214874268,2.6694554553320957,0.1137934959170496,36.500805489104685,5.084018757277657
GR,2020-09-30,12.69740619633055,23.053756880730415,61.540550188510196,82.9943937414182,1.9361818119799448,4.519149341922843,8.609868973707588,16.175408579739383,2.541397736096024,0.15248640407672287,3.180291195609044,0.187877069030458,4.119696310193714,0.1399056223471183,4.430750055442429,0.19257724068509088,2020,8.38051524861667,-7.387611662235743,0.44185634992750433,4.677531370351116,0.38346059529424237,0.48392872471654136,0.02892031995388395,0.38454962365038114,41.19457475835016,0.590997384172016,2.434729742907591,0.08268385683810486,2.6185616926864905,0.11381264549595344,36.37030418191619,5.088410041524984
GR,2020-10-01,12.483361016624391,21.816784718062053,61.84951802200355,78.90327198738566,1.9222681561273929,4.322897148628864,8.708943738694726,15.567459963572738,2.5243966389127714,0.15398642669770282,3.127496436963645,0.189461276075713,4.124704306116194,0.14080859507419988,4.380816802964868,0.19482881709813302,2020,8.672433518974067,-7.648271833850969,0.44185634992750433,4.840463699291244,0.40701361457369656,0.4818393466679216,0.02892031995388395,0.40803978648482386,38.287360514400326,0.5492890761367764,2.2656550176439474,0.07734462310042468,2.4063348144250387,0.10701734094865446,33.97326461381123,4.783727660354789
GR,2020-10-02,12.276275175410415,20.601172703362792,62.16340807692779,74.84180289317194,1.9143682543289136,4.138119242016976,8.831765087725993,14.999811922442245,2.507668552228843,0.15594048088490434,3.0727476050387232,0.19156919389717988,4.129766532048823,0.14207337340315387,4.328649629989789,0.19777762856680034,2020,9.618107983362496,-8.252805352278887,0.44185634992750433,5.368285896625354,0.3973425618566164,0.48782968169243623,0.02892031995388395,0.3983936449907479,40.96604285408642,0.5877187544395329,2.4271412423418037,0.08349918605552425,2.5440285689427435,0.11623762151728448,36.5346007666884,5.190593976860873
GR,2020-10-03,12.07700326901466,19.412262582447102,62.48577964355319,70.84195420359768,1.9128504814610632,3.96480317346619,8.98184047034577,14.472508268212597,2.49130308797422,0.15838784165677625,3.016135827240436,0.19423633991831954,4.134939005151307,0.14374215255986564,4.274468625789864,0.2014492566167952,2020,11.221859358385965,-8.88972372312161,0.44185634992750433,6.263409542889737,0.4404562695709531,0.49699706021826634,0.02892031995388395,0.44140470127831116,40.90238401312447,0.5868054737779742,2.426404841960838,0.08434868193475781,2.5082815871057074,0.11821152647123921,36.66699752812132,5.270593152599432
GR,2020-10-04,11.88634402544352,18.254677578792364,62.82026524584041,66.93061491031199,1.9172580170681472,3.801638225677919,9.160072821512852,13.977879248059054,2.4753901802782163,0.16129921975706973,2.957754022322333,0.19743972393830936,4.140277716416779,0.1458139787481935,4.218486815279302,0.2057670060327569,2020,14.41430929579016,-10.369564487847722,0.44185634992750433,8.045255203626224,0.47173487553773086,0.4827153601109855,0.02892031995388395,0.4726205430414906,41.263310232346974,0.5919834966776125,2.450976079780806,0.08631946900383067,2.497274575597447,0.12181067173215483,37.1885602824477,5.422611938700742
GR,2020-10-05,11.705046543054056,17.13233586175566,63.17057639111379,63.12963934754461,1.9264476169134677,3.6465067567474705,9.364913702629348,13.504090443567778,2.4600200772744865,0.16458265328783758,2.8976968560570437,0.20110518493310095,4.145838629312765,0.14824803314517027,4.160906649373628,0.2105748696072282,2020,9.26734186750886,-7.265198955253808,0.44185634992750433,5.1725080164010535,0.4260787595561892,0.48304892623354834,0.02892031995388395,0.42705912266473817,40.46874278987496,0.5805842461014423,2.4070085950577886,0.08607047255961031,2.4157568501250664,0.12225645191882212,36.67584146982837,5.437121361846127
GR,2020-10-06,11.53372499416752,16.048642472263236,63.540264823229954,59.45540221890079,1.938960299603164,3.4974096957647243,9.593498053772274,13.04093506222634,2.4452753518508397,0.16811223612351392,2.836070580164536,0.2051430019401678,4.151673796651853,0.15098297245788228,4.101905939799029,0.21571165824034863,2020,9.848380157484128,-8.030319227670413,0.44185634992750433,5.496810848399731,0.4374094160304103,0.500391016393755,0.02892031995388395,0.43836443986516466,39.75579941301464,0.5703560140281932,2.3679321182036466,0.08611404635720622,2.3395467217423445,0.12303244157337712,36.24057217487326,5.4717093105367836
GR,2020-10-07,11.372599444332533,15.006938288362868,63.93198083666693,55.91754492827553,1.9536839513603137,3.3539481058621416,9.84418433156972,12.58834986704425,2.431206904704515,0.1717886892019151,2.773022271266498,0.20953089500572888,4.157819718760803,0.15397902900458516,4.041603640321581,0.2211681807939436,2020,11.251342692264794,-8.97899235647687,0.44185634992750433,6.279865478477173,0.431692806498193,0.4945695191349063,0.02892031995388395,0.43266044895335803,40.4037180095931,0.5796513690107484,2.4100858920795845,0.08925415496145353,2.342721083111229,0.12820043877882611,37.05826021554292,5.706194924588547
GR,2020-10-08,11.221678365005037,14.009858051134652,64.347823779179,52.52106703459592,1.9699881265420125,3.2166961305954773,10.11701216294377,12.152826610842745,2.4178474758063904,0.1755520041178019,2.708707188647599,0.21430556635759224,4.1643031149649,0.15722384330606262,3.980075352739989,0.2270662242773893,2020,8.671932257958085,-6.941143503960906,0.44185634992750433,4.840183923638144,0.40609551633747976,0.48055585876690926,0.02892031995388395,0.40712400235756097,40.58457831221948,0.5822460787845417,2.4246491595585655,0.09154296625639018,2.3173832673998604,0.13220841870992123,37.46626807374566,5.890590660889525
GR,2020-10-09,11.080520094528527,13.059165351206026,64.78843922084792,49.266843139865614,1.9882483606946748,3.087734555112178,10.415951215906937,11.745908654811537,2.405188620156891,0.17943637516405533,2.6432745212638324,0.21962431467151822,4.171127180356112,0.16076867016971208,3.9173456776396156,0.2336711024825845,2020,8.49079578082257,-7.143425746950679,0.44185634992750433,4.739083749128455,0.3777680288963104,0.47579117420024086,0.02892031995388395,0.3788734202374701,38.64169010043709,0.5543724605317089,2.3123580381647066,0.08912572325839403,2.171668562066328,0.12954082403842745,35.91692646487053,5.774316504340573
GR,2020-10-10,10.948598959806922,12.155745062472796,65.2541227070985,46.1514142690678,2.0094400600078326,2.973549008442009,10.747348426277682,11.383914204781735,2.393211499200274,0.18353399073110893,2.5768585500965484,0.22602665180280496,4.178289227457377,0.16469991443327703,3.853364003731803,0.24143314429170354,2020,6.45147107412798,-6.789600819449248,0.44185634992750433,3.600847613650915,0.5256857748275389,0.6419309841554065,0.02892031995388395,0.526480691727878,34.04967753236757,0.48849321716692556,2.041065946974562,0.08045479106862885,1.8823421790981734,0.11793845338578081,31.87619633459588,5.25000680876628
GR,2020-10-11,10.825421044136135,11.299510522000126,65.74519345501969,43.16662242805139,2.0349165472101016,2.8940288897191966,11.119049271907173,11.086250102150045,2.3818971686643486,0.18797574144355023,2.509559466627192,0.23529626520849337,4.185786565039986,0.16912337902715877,3.7879693551286406,0.25100968769368415,2020,6.195493763741603,-6.032914832173071,0.44185634992750433,3.4579755032961224,0.33396747631244267,0.46429925588400106,0.02892031995388395,0.3352173326973666,21.591633868489236,0.30976406993230254,1.2966062822547386,0.05238834620815612,1.1733768042234871,0.0777537824524318,20.365498703113477,3.444281956243771
GR,2020-10-12,10.710521547533238,10.489132760173597,66.2619945651255,40.299069607989615,2.0663353515798897,2.906992093641082,11.540090512444085,10.87048879088319,2.371226580522653,0.1929257452505468,2.4414016112203925,0.2530210203260945,4.193616498518382,0.1741585140649807,3.7208399720616527,0.26321389062915385,2020,7.484491748063462,-6.626130438708088,0.44185634992750433,4.177421543201614,0.3549532387754355,0.4661635475303999,0.02892031995388395,0.35612945205838614,26.550438054737864,0.3809054840599029,1.5973715223297391,0.06633793310307488,1.4172883506675793,0.10025961442138819,25.239557114603784,4.395683762737606
GR,2020-10-13,10.603351922650797,9.72139228040414,66.80443876392117,37.52840633051064,2.105703558198475,3.1565366092151783,12.020897354514988,10.74293702402393,2.3611701702492933,0.19858848160083112,2.3722410241127525,0.29441480422132205,4.201769526896686,0.17994159635103574,3.651395795999894,0.27883159588453055,2020,4.829817195811867,-6.064581613866859,0.44185634992750433,2.695731798853341,0.33625580689995754,0.520853721127359,0.02892031995388395,0.33749718899596265,18.472409974667308,0.2650141684535419,1.1135284572039574,0.04768707252717263,0.9676716205716707,0.0738943235219129,17.70412278802613,3.1857081164721714
GR,2020-10-14,10.50295415229416,8.989786951196612,67.37061491643055,34.824138936308884,2.1554558397769825,3.899892412132053,12.573715364045675,10.68242760311571,2.351656565430136,0.20522376928648844,2.30156326622651,0.39038794632801554,4.210208942382755,0.1866350096350265,3.578621938151382,0.2981907708126025,2020,5.543132343426019,-6.3035827914880525,0.44185634992750433,3.0938641189947047,0.36214384727227367,0.5091841722928606,0.02892031995388395,0.3632967809152717,30.815707243198855,0.44209710815013537,1.8613211981352558,0.08251079803921786,1.5820984100193585,0.13182927745331136,29.78435402885032,5.558803201147519
GR,2020-10-15,10.408301995230472,8.281862204918198,67.95809455305925,32.14930904057523,2.217587879036948,5.387500874924998,13.20900802876691,10.615577046305026,2.342603756472431,0.21305952498814326,2.2280621953002786,0.5804331885114943,4.218891258639318,0.19436989979837924,3.501021872993083,0.320235243314164,2020,6.677651146460426,-6.193734263337121,0.44185634992750433,3.7270885847962076,0.33921693012320225,0.46111217245217523,0.02892031995388395,0.3404475151744311,28.731680311213644,0.4121986452439821,1.7390212612428053,0.08011900937310047,1.4431164730172974,0.13200053345347537,28.012234508133464,5.444735214474602
GR,2020-10-16,10.318408339376385,7.574135705549734,68.56437043653139,29.462344802487763,2.293268916947148,7.580108618392269,13.933766999208595,10.412216482911418,2.3339295174780594,0.22225025813290758,2.1487501956163966,0.8840667886193979,4.227773018414934,0.20322168657709463,3.4164913242313384,0.34180613969221063,2020,3.686559630257345,-6.583144176360156,0.44185634992750433,2.0576298482417443,0.2953521841113946,0.5216342705485922,0.02892031995388395,0.2967647175214839,20.83948302701273,0.2989733485224331,1.263991456108307,0.06075786812833038,1.021439851403285,0.10219092612930675,20.49891941874231,4.165824977284768
GR,2020-10-17,10.232320859707352,6.824084027216575,69.18684856713176,26.72018157566705,2.3827348769847,9.624045878807216,14.7509735670055,9.93122678447621,2.325551422239464,0.2328635809660143,2.0572066723497664,1.2300540031688514,4.236810794953986,0.21320487740806235,3.322160724648988,0.35826701774543585,2020,3.8527774382719926,-5.9382114503500825,0.44185634992750433,2.1504032623140894,0.28420313935841507,0.525831510002957,0.02892031995388395,0.2856708058717476,18.46836417939479,0.2649561255088828,1.122568972745218,0.05648993825763654,0.8802268339207784,0.09492504091945285,18.33147933251703,3.908360803797722
GR,2020-10-18,10.149118526054728,5.963192890663377,69.82284112170409,23.885538834809875,2.485308559777001,8.855818416136305,15.659556327506484,9.1910913053992,2.317386856992903,0.24487925265595614,1.940638117811864,1.271804264967392,4.245961192938707,0.2242755533280468,3.214286865072272,0.3693346311048209,2020,4.014931656812364,-5.657535626240385,0.44185634992750433,2.2409086097248654,0.3092585109187946,0.5131138352143031,0.02892031995388395,0.31060780975684626,17.60086494334821,0.25251055998764077,1.0721500385147442,0.056631945562403085,0.8116413762603177,0.09326089452310705,17.63100471156957,3.954203337416666
GR,2021-06-22,15.067316604774303,0.06070642184654351,25.236432899083063,0.6110543894291239,3.904408838287984,0.5843567296026784,6.307103497846299,5.113541053358213,2.7125279347247013,0.25913100127270267,0.058935121858601766,0.550912785637136,3.2282887003907206,0.249920562191476,0.4768888649093103,3.174033779933521,2021,11.169412724372444,-9.368320713073096,0.25736593206946695,8.294786407895765,0.6073023434988353,0.6284842478446114,0.02668164697510136,0.6078881860214765,52.04915735879687,0.7467224999372358,2.410635808874889,0.18662130698533838,0.35610364539731093,2.370122439037193,18.84461226390161,4.709656091274673
GR,2021-06-23,15.103299677565966,0.06424000794073334,25.432352175405473,0.6320748299461685,3.730679744801604,0.5885651656224314,6.05381767358267,5.016352704825815,2.7149132416416015,0.24701090652018612,0.06226093685492534,0.5530380001042098,3.2360220712401104,0.23803609008831889,0.4898521071734603,3.0736045999749115,2021,7.202272832826459,-7.788725834975496,0.25736593206946695,5.348653172187477,0.515619520797449,0.6760679060581575,0.02668164697510136,0.516309403858476,51.71324681418168,0.7419033640595646,2.400815660824038,0.17659977600410937,0.36342292620365657,2.280317592510339,18.868347634880905,4.49134769743423
GR,2021-06-24,15.13936059760528,0.06797438193714435,25.630047551978485,0.6537887821938481,3.570111131943199,0.5923043771311421,5.818525839428287,4.91760640574003,2.7172980144626098,0.23581650684163724,0.06576375330007221,0.5546054167112056,3.243765395699209,0.22701970519672843,0.5030688872340962,2.9735395829789923,2021,7.223173139306665,-8.50953951111218,0.25736593206946695,5.364174451809867,0.505386556402408,0.6490818943264048,0.02668164697510136,0.5060903888413495,52.52415112060784,0.7535369912234071,2.4442972165097867,0.17106774560236762,0.3790810156644883,2.2406720706416947,19.31318891723072,4.384474454398441
GR,2021-06-25,15.175495214819511,0.07191621482769289,25.829875780314183,0.6761944042662653,3.4246557851043855,0.5955452427171399,5.604804683466948,4.817626746187094,2.7196819700091117,0.22567011729278294,0.06944790178414144,0.5555893590180199,3.251531797971686,0.21698922329849368,0.5165259883321885,2.87414558473959,2021,5.933728547761965,-8.339926863583713,0.25736593206946695,4.406588969420002,0.5161948506590855,0.7546278792007279,0.02668164697510136,0.5168839658301073,45.73108672131643,0.6560803888906086,2.1332662465034438,0.14236237400674684,0.3388825712970882,1.885670552964176,16.94647494694464,3.6772024363848996
GR,2021-06-26,15.211699340113638,0.07607174106941271,26.032203846017687,0.6992872148660976,3.295906195716988,0.5982593969228597,5.415808075355127,4.716716105732162,2.722064825218681,0.21666916509620984,0.07331713337332144,0.5559660885883896,3.2593343810398188,0.20804262702420478,0.5302088777645968,2.7757026972652383,2021,5.960742859723982,-7.797106388349667,0.25736593206946695,4.4266507178047,0.4957402597992117,0.6591265678372898,0.02668164697510136,0.4964577680640055,51.77279484404,0.7427576690277626,2.4208956074431813,0.15452525670691056,0.39381671014625785,2.061674465334802,19.335619048323654,4.0226329819525075
GR,2021-06-27,15.247968745176236,0.08044664686934747,26.23740926377433,0.723059845227991,3.1849512195762957,0.6004193242596005,5.254035964142267,4.615148329891426,2.7244462971442833,0.20887708210864936,0.0773745175590319,0.5557139966136672,3.2671862268758582,0.2002498002497697,0.5441016900987283,2.6784608454970757,2021,5.61717227239873,-7.484772802470823,0.25736593206946695,4.171503494918065,0.5032946751192009,0.7044099011157736,0.02668164697510136,0.5040014288557583,50.91562939262628,0.7304603570016093,2.3865500176744803,0.14627454057994774,0.39744471479469606,1.9565094654166262,19.16538733761393,3.837864986066655
GR,2021-06-28,15.28429916229625,0.0850459483744886,26.44588042294399,0.7475017843591915,3.092242525459918,0.6019985182158083,5.1210989484532154,4.513163805769034,2.7268261029534346,0.2023149699325404,0.08162233482798813,0.554813848314594,3.275100396568937,0.1936444870260488,0.5581872162178343,2.582637595087784,2021,6.43722149693424,-8.404412670108064,0.25736593206946695,4.78049998643815,0.5174463939721881,0.6933467091102036,0.02668164697510136,0.5181338446001427,52.39960759635278,0.751750229314052,2.462057474147241,0.14557228752723417,0.41961736779192926,1.9414984043423333,19.88069667236014,3.8497873088396553
GR,2021-06-29,15.320686284190964,0.08987385987101296,26.65801698623512,0.7725991189264743,3.017496667435578,0.6029717312398609,5.017516743427165,4.4109663898450995,2.729203959927316,0.1969557114780986,0.08606196465543176,0.5532490992225677,3.2830899303725274,0.18821792881360838,0.5724468982705162,2.4884173430687926,2021,6.503739891479044,-8.852105634051304,0.25736593206946695,4.829898812371166,0.50382985135189,0.7137398806215037,0.02668164697510136,0.5045358554142326,53.366453149235134,0.7656210653647626,2.5136028101801386,0.1441036111790239,0.4382774041186265,1.9051847372724808,20.40993936551327,3.84151651458824
GR,2021-06-30,15.357125763845632,0.0949336522830577,26.87423034406369,0.7983342693340356,2.959658051478123,0.6033153433131594,4.942593850911553,4.308722612643325,2.7315795854598726,0.19272213414087355,0.09069376991040198,0.5510063025784075,3.2911678476773205,0.1839157359162598,0.586860830524171,2.395952012991969,2021,6.2165738699400475,-8.27421317715355,0.25736593206946695,4.616639541624234,0.5035111719135111,0.675862093479207,0.02668164697510136,0.504217622190083,53.18353972602318,0.7629969005255248,2.5111508668870584,0.14032713646197717,0.44777299472977783,1.8281039597207644,20.504954456529603,3.771183788802033
GR,2021-07-01,15.393613214364906,0.10022750247422174,27.094944127359096,0.8246857237598437,2.9169388792731743,0.6030078767164994,4.894407796531194,4.206563523400766,2.733952697056889,0.18949020211519704,0.0955169788510385,0.5480756255960143,3.2993471469144233,0.18063915443136383,0.601407766046282,2.305363311953228,2021,5.741272301009219,-8.037226784513104,0.25736593206946695,4.263664403995367,0.5484775992413713,0.7797628741865972,0.02668164697510136,0.5491262033038327,49.4439762968571,0.7093473066761672,2.340383012453443,0.12813589767614816,0.4266069790590606,1.6353032562440708,19.219725641283407,3.4718349882442365
GR,2021-07-02,15.430144208835973,0.10575633409503936,27.320594781758547,0.8516277721459472,2.8869364665556296,0.6020306825796378,4.8699243457801265,4.104589444301736,2.7363230123350233,0.18709717987615723,0.10052956607459443,0.5444514890094163,3.3076408053938104,0.1782510367977671,0.61606512906117,2.2167465329949736,2021,6.853905242976391,-7.832113857121982,0.25736593206946695,5.089943531801966,0.5257329570351514,0.6599195996159491,0.02668164697510136,0.526409586157232,52.13079200138935,0.7478936701826623,2.473763621591914,0.13331282212454684,0.4607512104451139,1.6578907004263028,20.43289990290269,3.642185592477399
GR,2021-07-03,15.466714280204036,0.11151965098606692,27.551632206331025,0.8791302423679793,2.8668122929597613,0.6003688205495781,4.86522744520104,4.0028777841602174,2.7386902490208294,0.18535367247515627,0.1057281339653956,0.5401333390884906,3.3160617790828693,0.17658581563393078,0.6308090327540165,2.1301758089508502,2021,7.25458761182075,-7.961390693610999,0.25736593206946695,5.387503909324894,0.5527383735250069,0.6887491041397409,0.02668164697510136,0.5533819836716533,57.422879098214914,0.8238165228733656,2.731826484477316,0.14547431262430205,0.5196709039605248,1.7548740280388482,22.69748984370546,4.008054756893588
GR,2021-07-04,15.503318921159712,0.11751536443755237,27.788520460203575,0.907158241038,2.8535075265655494,0.5980121463686421,4.875830448698314,3.901493926002688,2.741054124949729,0.18405784858563015,0.11110779634847813,0.5351265543177769,3.3246230023300445,0.17546203856664752,0.6456143022202843,2.0457106505641818,2021,7.451327489738062,-8.429727262077716,0.25736593206946695,5.533609645186783,0.5855261077832238,0.7499001564485411,0.02668164697510136,0.5861337161271951,50.96859331927737,0.7312202032262611,2.4310315074144775,0.12830138749919806,0.47208622127529704,1.495864957647668,20.319527578267174,3.565305731593973
GR,2021-07-05,15.539953584039514,0.12373961592040168,28.03173854071799,0.935671901618366,2.8439699401080554,0.5949566135080309,4.897027895932358,3.8005050659512496,2.7434143580649963,0.1830101952832721,0.1166620662007332,0.5294434805706572,3.333337387538607,0.1746958323265999,0.6604545021877686,1.9634035410514272,2021,7.745396989262924,-7.876459136294998,0.25736593206946695,5.751995673873228,0.6473878645878054,0.7456424302170676,0.02668164697510136,0.647937464189919,46.70969059620231,0.6701199155416495,2.233735768609194,0.11706715640417929,0.44258371522516965,1.315715815103558,18.78462626339154,3.2815959200272933
GR,2021-07-06,15.57661368073818,0.13018659723575318,28.28178123703117,0.9646261427389184,2.835375603998518,0.5912057847419804,4.924254766193146,3.6999967585551152,2.7457706664166666,0.182027728369787,0.12238274938886916,0.5231045795340084,3.3422178247956014,0.17411402502984855,0.675301969071714,1.883308319106905,2021,8.478553510682696,-8.41242188991016,0.25736593206946695,6.296462683804992,0.6746030198460418,0.7548251936279234,0.02668164697510136,0.6751304649256341,58.139261500541565,0.8340940928768306,2.787724144769661,0.14522747976440528,0.5632653833108088,1.5708563440328625,23.58966666584248,4.1072918123022815
GR,2021-07-07,15.613294582635008,0.13684837037721784,28.539160063392757,0.9939704398103092,2.8253410511652524,0.5867725384721496,4.953437303293099,3.6000918327203193,2.7481227681604836,0.18095739090887172,0.12825984648845362,0.5161396662577372,3.3512771814611915,0.1735663310444404,0.6901278468612104,1.8054890688664393,2021,6.337325647401716,-7.038273866626971,0.25736593206946695,4.706313925330435,0.511600181155891,0.6474361415362486,0.02668164697510136,0.5122954768920417,40.22275710317401,0.5770552159260659,1.9338719775761855,0.10015735663834459,0.39824187368708674,1.0418668844868748,16.468671172729664,2.8584068326280287
GR,2021-07-08,15.649353497229294,0.14371718072079526,28.80386895375381,1.023623160416461,2.812331030981458,0.5816937147872999,4.981696156456873,3.5009169537750213,2.750429606051682,0.17970908711847933,0.1342836427441367,0.5085992626435006,3.360509716791276,0.17295232680218267,0.7048895485255456,1.730024157785649,2021,8.32318162986613,-7.654115148257755,0.25736593206946695,6.181078231912169,0.6576899301934346,0.6949312324470328,0.02668164697510136,0.6582309279904347,58.85880668907723,0.8444170377479131,2.8376716603759675,0.1460438914699081,0.5952207445054051,1.460861874549686,24.322477697607873,4.206629111395476
GR,2021-07-09,15.681584332015872,0.15079373713947933,29.0737408952388,1.0533890724333397,2.7963082674846778,0.5760690835168283,5.008552090660881,3.4024661301597043,2.75248705140055,0.17831796891693352,0.1404519105006412,0.500584131565366,3.36983539205821,0.1722706447962153,0.7194916341744692,1.6570002128859391,2021,8.633873629439252,-7.862039947130014,0.25736593206946695,6.411808695428627,0.6659908903015126,0.7065935887800742,0.02668164697510136,0.6665251505006434,50.06456922824159,0.7182506343894732,2.4203864081339086,0.12373349991156524,0.5167753226837313,1.190141454088818,20.882232842080438,3.5973957164899004
GR,2021-07-10,15.70611727870672,0.1580813802449365,29.345985001101287,1.0830251103786817,2.777879790422194,0.570020980300016,5.034529652687926,3.3047728190223378,2.7540502720524445,0.17686610516962414,0.14676465323155402,0.4922115060510302,3.3791557396797565,0.1715576986936711,0.7338212171167279,1.5865256748736696,2021,8.510834692999575,-8.198193721503397,0.25736593206946695,6.3204357895465835,0.7242133272163593,0.7619174727476548,0.02668164697510136,0.7247046664697927,59.03028103495019,0.8468770920258855,2.8617295863225722,0.14528828498434923,0.6214563784187104,1.3435922499614188,24.85244244036791,4.263627831986442
GR,2021-07-11,15.719067676106702,0.1655838680042625,29.6177090861126,1.1122644185908663,2.757870711030896,0.5636795074319169,5.060493875905633,3.2079442581342317,2.7548744771065574,0.1754474735943096,0.15322213572437915,0.4836027015345201,3.3883724623681606,0.17086040858840223,0.747760556203808,1.5187228596476168,2021,9.38752889737686,-8.845743000250204,0.25736593206946695,6.9714987728744084,0.7572537044711566,0.7823952203003157,0.02668164697510136,0.7577236192838347,58.68808620132193,0.8419677986847645,2.852900503264195,0.14385896210155646,0.6295903094502153,1.2787157429497344,24.937157321319972,4.260772888953997
GR,2021-07-12,15.71655873441984,0.1733054165237124,29.885918813437943,1.1408169932274406,2.73713280905312,0.5571805502063313,5.0873995287370795,3.1121391833488095,2.7547148530125805,0.17415598766278897,0.15982490792337206,0.47488108582772465,3.397387426773918,0.17022730873676786,0.7611875287133553,1.4537156577111379,2021,10.504656819375615,-8.985496527779958,0.25736593206946695,7.8011160259871275,NA,NA,0.02668164697510136,NA,58.8785964387346,0.8447009511114939,2.8697763906901597,0.14379116959509772,0.6429758294783787,1.227954998714269,25.244664046551918,4.297331220608377
GR,2021-07-13,15.694753341762544,0.18125073895636423,30.147519656188337,1.1683709876369868,2.7163739259801973,0.5506636968223773,5.11607636361033,3.017546788465068,2.7533264744496555,0.17307528616917686,0.16657382539714508,0.466170033729578,3.4061026529960063,0.16970140236927123,0.7739761886968416,1.3916192412044228,2021,11.860723029862235,-9.162990632468931,0.25736593206946695,8.808176992263949,NA,NA,0.02668164697510136,NA,56.353984027282195,0.8084816348551915,2.753771441378816,0.13720046722472706,0.6257455343766127,1.125098599224893,24.37371597846417,4.136253782495682
GR,2021-07-14,15.64989471123462,0.1894250819276291,30.399321838808152,1.194594753924878,2.6960158619511234,0.5442700546799927,5.147056424614455,2.9243670023676236,2.7504641892468933,0.1722705431376308,0.17347006595066433,0.4575908671758689,3.414420300229408,0.1693148436635076,0.7859974071246427,1.3325316654191393,2021,10.729465228729834,-7.151843674186006,0.25736593206946695,7.968066409530843,NA,NA,0.02668164697510136,NA,58.69293742041007,0.8420373966308035,2.8750695806085367,0.14256943016937143,0.6618392104537959,1.122041494477641,25.597365820491945,4.3340139920942065
GR,2021-07-15,15.57841355881875,0.197837430987987,30.637886205416404,1.2191677558599934,2.6761755977278576,0.5381495724635766,5.1805598697333375,2.8328671765736257,2.7458862097650147,0.17178742800886213,0.18051779014121544,0.4492676205816228,3.422237354418727,0.169089989922917,0.7971322408495835,1.2765448529490757,2021,11.40901386144628,-5.816717273942146,0.25736593206946695,8.47272237500169,NA,NA,0.02668164697510136,NA,58.18524160685805,0.8347537458218215,2.8567254506923927,0.141148502469129,0.6654091239645322,1.0656005977088072,25.575090274034057,4.324491756714111
GR,2021-07-16,15.47715631297054,0.2065111702834051,30.859039969819687,1.2418726525665544,2.656735642808492,0.532486326472473,5.216562529371809,2.743565971852561,2.739365150574041,0.17165528273317435,0.18773286445982112,0.4413438844063034,3.429429737242419,0.16904487419160275,0.8073115222189683,1.2237831478570627,2021,8.833359453702803,-8.77645570755499,0.25736593206946695,6.559953664595943,0.6351129318970367,0.7123378119671759,0.02668164697510136,0.6356731444289225,58.71163072000601,0.8423055797890847,2.8886278031739043,0.14238744076633084,0.6800029997930567,1.0307993738918544,25.99274155351351,4.393939725808536
GR,2021-07-17,15.343265456792048,0.2154766577297952,31.058365217237924,1.2625215648972723,2.636866314904922,0.5274650463311152,5.254094903592337,2.6569488263813144,2.7306766453054188,0.17185822159764907,0.19513631074743615,0.43395736394994805,3.435868183277998,0.16916843068984921,0.8164799279928285,1.1743308296387223,2021,10.06916111646741,-9.510951736448352,0.25736593206946695,7.47770208057014,0.5762248089776943,0.6537594033744554,0.02668164697510136,0.5768422147924719,58.99123061542368,0.8463168557344231,2.9078331575897796,0.14317009435095987,0.6910007254291588,0.9938559753318399,26.285217994904173,4.446629078538524
GR,2021-07-18,15.17418143968857,0.2247686215722103,31.23138435731481,1.2809311401126284,2.6149873135366297,0.5232587232123177,5.2911052911939205,2.573372158212652,2.7195953941192452,0.1723313592848603,0.20275194580733452,0.4272306736113318,3.4414234981164076,0.16941629069845163,0.8245837543821372,1.1282112436264005,2021,12.44904596465996,-9.456637572158252,0.25736593206946695,9.245085646589613,0.6814964720790035,0.6479412467935867,0.02668164697510136,0.6820185860674415,58.55370309152118,0.8400398733005353,2.890932959331192,0.14231643937337396,0.6926832325568503,0.9477424301521609,26.235608158519053,4.444739418434333
GR,2021-07-19,14.96770537001182,0.2344265020932203,31.373591761348845,1.2969245966877994,2.588960846802119,0.520026503897115,5.324620136546085,2.493055056660345,2.7058949047863288,0.1729697894768271,0.2106064914517213,0.4212697175694986,3.4459665123441914,0.16971662591421327,0.8315710963017131,1.085388288433747,2021,7.734254893983046,-7.983477613858256,0.25736593206946695,5.743721174330262,0.6160312541510907,0.7256886970618754,0.02668164697510136,0.6166088033561228,41.058639984587465,0.5890471978627014,2.029836918025052,0.09997110292547967,0.4898346241001387,0.6393449298948922,18.48052631391087,3.136452571115786
GR,2021-07-20,14.72206202555804,0.2444948408973638,31.480491278470243,1.310333824002868,2.556383496156327,0.5179120958658636,5.351049085683911,2.416078733011279,2.6893471867480057,0.17364303259409936,0.21872969729450933,0.41616250935392746,3.449368029477945,0.1699798468311559,0.8373920266481227,1.045770402488935,2021,9.49173790598244,-7.624900092893427,0.25736593206946695,7.048887932850178,NA,NA,0.02668164697510136,NA,42.06906308858526,0.6035432186341896,2.081842682764991,0.1025901838594224,0.505402279021815,0.6311676346705437,18.999837030393465,3.229589388243205
GR,2021-07-21,14.436481653386076,0.25502525802466114,31.547909455842404,1.321056516250367,2.51514396401999,0.5170473428002341,5.366863048476951,2.342505016956715,2.6697584509639127,0.17422139440949333,0.22715569829728824,0.4119816230742937,3.4515073254873254,0.17011786647825103,0.8420224769529178,1.0092408351783686,2021,12.751965343298751,-9.780122146967352,0.25736593206946695,9.470043897003128,0.7275706912826007,0.6630197424615186,0.02668164697510136,0.7280597647849696,48.27186617528535,0.6925316453937301,2.3902780472082505,0.11781200598305407,0.5831272114227084,0.698931216184618,21.847925644186958,3.7167224975645534
GR,2021-07-22,14.113256605754238,0.2660830567692575,31.573173881027575,1.3292776105562685,2.4645705288809867,0.5175700398339179,5.3701012171319,2.272803271431829,2.647114540492483,0.17462805344842489,0.23592792723294756,0.40879627688457776,3.4523078322340006,0.17008430122886098,0.8455581811179043,0.9757545691984081,2021,13.365271579396868,-8.715158285191583,0.25736593206946695,9.925506002003836,0.6354766573701295,0.5543076548418161,0.02668164697510136,0.6360365495375379,58.24198989539707,0.8355678843407779,2.8846375514728613,0.14211697973737894,0.7065212604837235,0.815309181020961,26.38153010169372,4.487084112694738
GR,2021-07-23,13.758027283965358,0.2777477775539086,31.555656435871928,1.3355100914385458,2.405781482287304,0.519626395672961,5.36106538820908,2.207872693194944,2.621622456236422,0.1748638400427642,0.24509897932129066,0.40667368380614366,3.451752857731311,0.16989237410110453,0.8482303218406696,0.9453492413877843,2021,10.452451944057556,-7.85476201054108,0.25736593206946695,7.76234690706387,0.6039903237794655,0.5998445301153443,0.02668164697510136,0.6045793756857138,59.48564257827413,0.8534099299671832,2.9457601645805025,0.14498783908358212,0.7238881795580872,0.8067704298872788,26.929910549005957,4.575186437501001
GR,2021-07-24,13.378840909973826,0.29011151721311546,31.496626472911355,1.3405205517420715,2.3412715261480663,0.5233667999738613,5.342044226974988,2.148850067190504,2.5936744223955817,0.17499808405694292,0.2547286620892426,0.4056756280297632,3.4498804439983384,0.1696068698522176,0.8503733626389283,0.9181077541024346,2021,11.282353468210957,-8.516228628473165,0.25736593206946695,8.37866005192766,0.5440888872428313,0.5402101834484482,0.02668164697510136,0.5447427167998177,59.28060051612428,0.8504682969223797,2.93401394579309,0.1442452657495512,0.7232155854716865,0.7808215380227285,26.78688227521726,4.543239255799448
GR,2021-07-25,12.983774859263368,0.3032787095079656,31.39785694797631,1.3451367026112144,2.2737212517214593,0.5289382922274122,5.315834098003148,2.09672568016818,2.5637004902023848,0.175120200124177,0.26488317358742647,0.4058520164325444,3.4467396405206174,0.16930563467471846,0.8523436955557292,0.8940739692630971,2021,12.187825496357474,-8.843670230319072,0.25736593206946695,9.051094427587419,0.5955720559956011,0.5709993367882075,0.02668164697510136,0.5961694257240399,58.74309757835552,0.8427570186273725,2.9047640234299372,0.14268351191528084,0.7183186317123832,0.7534871127685088,26.46076431276525,4.479956495950861
GR,2021-07-26,12.580299856670177,0.3173674848735949,31.26124987150868,1.3501973506388538,2.205525549186369,0.5364828303669195,5.285068377713885,2.052276531900428,2.5321320869715427,0.17531581713586752,0.27563541563369404,0.4072385545620146,3.4423793072877156,0.16906132670436397,0.854499303625286,0.8732358290432751,2021,12.311880703132545,-9.579334067143058,0.25736593206946695,9.143222050442752,0.5679861929799922,0.5819434840571678,0.02668164697510136,0.5686125444458721,57.731402338815016,0.8282427471813123,2.8511256943080805,0.14002381767173977,0.7077328506991252,0.723251241983953,25.891903473899795,4.37731955219883
GR,2021-07-27,12.175217198165647,0.33251161570443205,31.08881593678788,1.3565523569448683,2.138633563328009,0.5461380625634967,5.2519145528798665,2.016103967128492,2.4994025084945917,0.17565465391863577,0.28706559424645844,0.40985613643208724,3.4368481383273295,0.16893260147181077,0.8571996852315279,0.8555311581289256,2021,12.50938461800815,-10.42446424072471,0.25736593206946695,9.289895186179029,0.6926783223945646,0.6742937391987541,0.02668164697510136,0.6931920142360646,55.13848927236073,0.7910435565439746,2.718696574643989,0.13363304588448707,0.6780822876739234,0.6767624100604908,24.592607527377684,4.154493166575148
GR,2021-07-28,11.77463196164027,0.34886284606521023,30.8826545081376,1.365067871485625,2.0744783611108257,0.558038802283964,5.2178753261323845,1.9886806330140256,2.465947383502351,0.17618201298088298,0.2992619012378214,0.413710559166062,3.4301946835131383,0.1689581225848792,0.8608067198346977,0.8408556291303512,2021,12.221786082403185,-9.789621069080503,0.25736593206946695,9.076314715751849,0.7229571261951224,0.6862028325590586,0.02668164697510136,0.7234493186130001,55.61962206359694,0.7979461213289732,2.7371105431125735,0.13481947858362955,0.6868773833060132,0.6709574878621973,24.642694381111127,4.163583378065487
GR,2021-07-29,11.384059868229018,0.36658849676401895,30.645266832032195,1.3766102479346307,2.0140717236678456,0.572313270760387,5.183914872580161,1.970379149726887,2.4322141197537843,0.1769203383486043,0.3123174859165714,0.41878976159654696,3.4224782240961393,0.16915874483956636,0.8656752068794002,0.8290712166368993,2021,12.384682452085112,-9.57226062428604,0.25736593206946695,9.197287109419856,0.5985163691041622,0.5893881752185868,0.02668164697510136,0.5991108030831472,32.38314505143933,0.4645843324984014,1.5900297612320191,0.07858850255755734,0.4021791381484817,0.3851734977748914,14.237310835395078,2.40836563080619
GR,2021-07-30,11.008739724946432,0.38585710397382145,30.38051324169132,1.391979896292084,1.9582866126053071,0.5890678235371493,5.151053893830507,1.9614587408397937,2.398689477783758,0.17788472264156796,0.32631879586659646,0.42505668286293724,3.4138013910898124,0.16955124664456594,0.8721214314929013,0.8200147266623516,2021,14.375977694770311,-10.462587691775122,0.25736593206946695,10.676090795945882,0.6823518576337392,0.6047352808633968,0.02668164697510136,0.6828733176084116,57.03858982583859,0.8183033222620706,2.7935250198716717,0.13874434842292407,0.7136598648065939,0.6710207751316261,24.860474917702838,4.215124514472478
GR,2021-07-31,10.65333572738434,0.4068535538602453,30.0925517194722,1.412007649378218,1.9075979769857712,0.6084066790336184,5.119670015369257,1.9621951771746076,2.365873056953125,0.1790610965241902,0.3413556887494297,0.4324591407287703,3.4042776899534095,0.17013080389777765,0.8804594502439143,0.8135111750911878,2021,14.610854444206934,-10.849265481019849,0.25736593206946695,10.850518271842303,0.7651935313442494,0.6623841558336651,0.02668164697510136,0.7656585731880671,56.53641312620742,0.8110988513428994,2.7612057239734695,0.1379928996195315,0.7141396487468396,0.6598379796710747,24.408034133640694,4.152558468720689
GR,2021-08-01,10.321906660792092,0.4297869409450467,29.785470188606553,1.4376041854459332,1.862086139369992,0.6304393331221013,5.089357723460075,1.9729455011369952,2.334268496941229,0.180401373560483,0.3575254408252326,0.4409323620660569,3.3940206970432283,0.17086712720106195,0.8910156657234695,0.8093789438485339,2021,16.130506667012334,-10.825323977669612,0.25736593206946695,11.979063783903953,1.0029090742872067,0.7652293553819539,0.02668164697510136,1.003263934153384,49.43317597765682,0.709192360049505,2.4070135481929533,0.1211776611946001,0.6319015028155082,0.5740053633623176,21.123627898242056,3.6093336150368267
GR,2021-08-02,10.018000207768257,0.45489424528278666,29.463261090950713,1.4697889573136318,1.8215722358168476,0.6552827504626013,5.0591249124899935,1.9941903512182984,2.3043834956749194,0.18182992593714922,0.3749332143274289,0.4503988881578362,3.3831441004598033,0.1717096046114136,0.9041327046063324,0.8074335037060665,2021,10.491279440396696,-9.39406465116545,0.25736593206946695,7.791181528617764,0.7404947321765112,0.7789804579322446,0.02668164697510136,0.7409752753408625,30.12972570358087,0.43225568369357287,1.4623832661781297,0.07422245253805966,0.3908165003793294,0.34901772118156277,12.735662066711145,2.186835497939549
GR,2021-08-03,9.74475915441711,0.4824446314063543,29.12980092678736,1.5097263765004083,1.7857729597963234,0.6830647589749256,5.027685145949157,2.0265833537377964,2.2767296178687944,0.18325470455438267,0.3936925030684093,0.4607691542090991,3.371761736989439,0.172595932206518,0.9201737338548549,0.8074917539670949,2021,12.831813053737005,-9.846297244391245,0.25736593206946695,9.529341527020827,0.6642009831039466,0.640796743935413,0.02668164697510136,0.6647366818835508,53.61303922928795,0.7691587090748705,2.59341990493084,0.13275366440753925,0.7077596412564037,0.6210893150699337,22.405440076455733,3.867087816493155
GR,2021-08-04,9.504755387533365,0.5127343917264242,28.788912398285945,1.5586855101585004,1.7544851637772922,0.7139186677655067,4.9940112965744055,2.0709119929696365,2.251792240473348,0.1845902490114066,0.4139188686527691,0.47193920602990946,3.3599903268450717,0.17346995355308187,0.939493654024939,0.8093655843001009,2021,11.68163478143864,-8.489900780237294,0.25736593206946695,8.67517995781858,0.6559258409951237,0.613360998527119,0.02668164697510136,0.656468292585761,54.36126917818389,0.7798931794547844,2.620433538940523,0.1352880336163868,0.7327046929151029,0.6312186988810851,22.45227642334449,3.8947953483185236
GR,2021-08-05,9.299004091138652,0.5460469888217041,28.444614395478418,1.6177258892055228,1.7278068030472329,0.7479451973767307,4.958427551125643,2.127746642189871,2.2299073074506524,0.1858055751038674,0.4357013435078137,0.4837790848431881,3.347958841966532,0.17431867706787543,0.9623059596399223,0.8128225537149882,2021,8.533971511200786,-8.621814629943403,0.25736593206946695,6.337617978966318,NA,NA,0.02668164697510136,NA,49.78970027124048,0.7143072307852202,2.391471209188006,0.12451709149049717,0.6873821051985067,0.5806050274639242,20.3181937395876,3.541840653093699
GR,2021-08-06,9.126777880656944,0.58263223539836,28.100965659013255,1.6875799013271755,1.7061600871907077,0.7851990911409099,4.9228296457606024,2.197316053076111,2.211212716726818,0.1869400252203682,0.4590894326183754,0.4961349033455455,3.3358039408386735,0.1751836469072239,0.9886411237382228,0.8175816659408104,2021,10.028669483732164,-7.974537506862138,0.25736593206946695,7.447631614634815,0.5981364642627695,0.6185732710216492,0.02668164697510136,0.5987312754200095,53.01427865396135,0.7605685989489824,2.5371077296521642,0.1332391808870005,0.7519293943449277,0.6218269421909771,21.37271208038918,3.7441496465406567
GR,2021-08-07,8.986012529871191,0.6227017553234423,27.76185902124159,1.7686762903546245,1.6901571263710795,0.8256902448312042,4.89018983547567,2.279528861297496,2.195669205023937,0.1880875550476566,0.48409251029287437,0.5088367237679021,3.3236631010203492,0.17614778000760004,1.018369332463122,0.8233280536402194,2021,9.75953631655693,-8.352486544296193,0.25736593206946695,7.247764155880444,0.5993218266727419,0.6268541081678973,0.02668164697510136,0.5999154625542302,51.978705190817706,0.7457117589057001,2.4784946570718582,0.13135547085680174,0.7594099861266984,0.6139654110364546,20.702344721222143,3.646672063595338
GR,2021-08-08,8.874657961616213,0.6664577711399929,27.431005007983703,1.861424564789654,1.680414883939464,0.86941154333945,4.86347123181526,2.374270514503444,2.183199795082611,0.18934981958825084,0.5107002785946088,0.5217123160250869,3.311673943286111,0.17729832466582113,1.051319600398147,0.8297512168306904,2021,5.417949290345051,-5.927967261048454,0.25736593206946695,4.023553721330289,NA,NA,0.02668164697510136,NA,41.58161714427403,0.5965500822878846,1.9755793633779728,0.10576733016889968,0.6271647941283807,0.4949881566788208,16.363968294752055,2.901304163544153
GR,2021-08-09,8.79097289921156,0.7140977628785692,27.111945203959703,1.9662726768243743,1.6774405924073903,0.9163397340576775,4.845159866347188,2.481434726543996,2.1737253880763885,0.19081398744362363,0.5388868564011323,0.5345901230970764,3.2999744132035524,0.1787094149791787,1.087306173685727,0.83654977033351,2021,10.541245921683233,-7.207325442007605,0.25736593206946695,7.82828833987576,0.5841901492942603,0.532125933353096,0.02668164697510136,0.58479914570539,51.757626615086,0.7425400582455923,2.4503631929891303,0.13269889940767507,0.8073683895393918,0.6211717151887813,20.131705370899546,3.5977252893666476
GR,2021-08-10,8.733487856017364,0.765809079264443,26.808065011735223,2.083680886664666,1.6815687312157035,0.9664271909352058,4.837085958066293,2.600868240783308,2.1671648153795173,0.19254263118452777,0.5686089872007724,0.5472999330923002,3.288702775519178,0.18043398342807881,1.1261239765031534,0.8434297634462521,2021,11.341745009226612,-5.833142633912676,0.25736593206946695,8.42276623363278,NA,NA,0.02668164697510136,NA,51.655947804775934,0.7410813246314825,2.4371962092009856,0.1337162554474156,0.8345494482062293,0.6250500463283664,19.866956329703637,3.584674069160112
GR,2021-08-11,8.700973578453343,0.8217626986258876,26.522610562516302,2.214092446085804,1.692935433230403,1.019594430090751,4.840360241337087,2.7323243715524055,2.163434924968927,0.19456850638217127,0.5998045481084655,0.559674666113104,3.2779975979736236,0.18249938971610277,1.167545030462891,0.8501075863203292,2021,9.907308985494206,-8.11540966715659,0.25736593206946695,7.357505174142284,0.5639623096790146,0.5993061448605339,0.02668164697510136,0.5645931252006109,54.08505964713627,0.7759305433239324,2.543498457210219,0.1416068506187017,0.9059338498422281,0.6596244413373298,20.579703624142343,3.7557833519442463
GR,2021-08-12,8.692193827344662,0.8821015010274809,26.258549983049047,2.357875617770166,1.7114860319578975,1.075724117353136,4.855485620314362,2.8754276389181763,2.162425361655983,0.1968992024284773,0.6323889722420803,0.5715547842482854,3.2679916496444243,0.18491065285207195,1.2113085174005889,0.856323451560018,2021,10.321181284888082,-8.13081245555293,0.25736593206946695,7.664860843444922,0.546461634086095,0.5816652891558048,0.02668164697510136,0.5471126280879918,54.515851894956896,0.7821108982147659,2.555931884461755,0.14462063679161274,0.9473775925593709,0.6697399038619742,20.537098113059816,3.7975282197729454
GR,2021-08-13,8.705218935915132,0.9469158519541764,26.018130345512397,2.515198845756709,1.736985497131043,1.1346572911823278,4.882635648359891,3.0296477782014226,2.163922723497234,0.19953380953634145,0.666246506120783,0.5827972945227392,3.258793615987419,0.1876628175629863,1.2570960942903684,0.8618709527225158,2021,10.325036216621465,-8.333131358636123,0.25736593206946695,7.667723647079678,0.5906882686817075,0.5906240988833289,0.02668164697510136,0.5912905724290698,54.74911657579854,0.7854574266594899,2.559643647627852,0.14740115376269255,0.9873954632850083,0.6769629406379901,20.436133707677353,3.83510243167665
GR,2021-08-14,8.73804867594778,1.0162438056021583,25.803399227462755,2.686037095456014,1.7690125672136248,1.1961884463773294,4.9214795646974006,3.1942658726963233,2.167686901118876,0.20244938347425115,0.7012362782155671,0.5932756956543176,3.2505062362513395,0.1907298926514857,1.3045519230754539,0.8665853842420835,2021,9.598101988218025,-7.509017405067381,0.25736593206946695,7.127877523922488,0.5539716258613999,0.5797775733077715,0.02668164697510136,0.554613804863192,54.81949668397174,0.7864671338860386,2.5564163233032855,0.1500027920200058,1.0259872119466722,0.6815409234124029,20.293525434939856,3.8705819277262736
GR,2021-08-15,8.788788156558525,1.090064783310977,25.616388576788182,2.8701398279076664,1.8069742326295848,1.260059744524368,4.971221175065214,3.368325849761005,2.1734768360446113,0.20559993032499624,0.7371950622958392,0.6028807119213998,3.243232325439282,0.19406409143753364,1.353290637631264,0.8703369902740802,2021,9.112324410598648,-7.695509141536864,0.25736593206946695,6.76712254534557,0.5091007071577267,0.5721812946761605,0.02668164697510136,0.5097994118413647,54.27236353904086,0.7786176959601764,2.5252380806970987,0.15110173574369745,1.0536960382369327,0.6776597820761188,19.945373452479398,3.8706807774377174
GR,2021-08-16,8.855607871331864,1.1682889490827255,25.45913763284263,3.066974048995908,1.850148059820812,1.3259567557400291,5.030771780238721,3.550589939703558,2.181050916121129,0.20892389169695177,0.7739383537937282,0.6115221664995169,3.2370747211040243,0.19760181404373092,1.402899246033303,0.8730298981327802,2021,8.793387019676521,-7.541585087751105,0.25736593206946695,6.5302687733099205,0.51568898408945,0.568367261315073,0.02668164697510136,0.5163787743473902,50.97496444765747,0.7313116065294619,2.367310314746494,0.14450850008145685,1.0259565014155856,0.6384568973517359,18.618562843128824,3.67906179268946
GR,2021-08-17,8.936708350243261,1.2507466940322711,25.33371767514866,3.2756662528717384,1.89775039901778,1.3935066072533462,5.098965570371374,3.739504328965368,2.1901673279004648,0.21235451853658427,0.8112620251759896,0.6191308026568032,3.2321362228905843,0.2012719031511609,1.4529399388705564,0.8746015492798908,2021,6.954025383547974,-7.916158265909252,0.25736593206946695,5.164296159076417,0.5082465151387944,0.6651101108507835,0.02668164697510136,0.5089463924973167,46.042460230455134,0.6605475045358341,2.134979516350252,0.1329496533596774,0.9597358508613933,0.5777158708400062,16.734123990934798,3.368108983222947
GR,2021-08-18,9.030324403984311,1.3371873460783168,25.24207905485933,3.495023936460417,1.9490746259902776,1.462297007185414,5.1748658959149845,3.9332992074481625,2.2005882919202917,0.21583661215208585,0.8489482175461945,0.625665293644121,3.228512405709331,0.20500949563894086,1.5029709930396424,0.8750340961577657,2021,3.937682611957769,-5.537256161508794,0.25736593206946695,2.9242572563375244,0.3427656195257957,0.5377014468598611,0.02668164697510136,0.3438025308432247,37.148593932749584,0.5329517774782514,1.7206414252333735,0.10926017510069336,0.8010110622387301,0.4663509769013564,13.452810899533821,2.757953977439475
GR,2021-08-19,9.13487889714067,1.4273117668916402,25.18536972434269,3.7238466065167697,2.0037583926892917,1.5319582538138654,5.258192072447673,4.130494632083374,2.2120999327241058,0.21935248570361374,0.8867843762166204,0.6311336988967247,3.2262632594290563,0.2087796260288931,1.5526234267064722,0.874392201132264,2021,8.183405297320965,-7.402492447175251,0.25736593206946695,6.077275565473741,0.4826385745417143,0.532315924714168,0.02668164697510136,0.48337553094975944,35.89304348569289,0.5149390407463084,1.6613289080054565,0.1075087803546912,0.799506417988477,0.45025868128710117,12.96893012669414,2.707648381846048
GR,2021-08-20,9.24918250291864,1.52079830076643,25.16381515868522,3.9611234937906383,2.06184184748492,1.6022072358178605,5.349322344568148,4.3301147434628655,2.224535169555913,0.22292152272206678,0.9245756373756602,0.6355951744852896,3.225407056214473,0.21257994111126843,1.6016322259320146,0.872809303957552,2021,9.57175703988698,-8.013469395454829,0.25736593206946695,7.108312867773986,0.4802991455832318,0.5402087539289473,0.02668164697510136,0.4810396860273447,44.03577658391932,0.631758645980545,2.037678794570151,0.13429921575907894,1.0118450064136157,0.551404824067445,15.897457792355688,3.3794806413178478
GR,2021-08-21,9.372494821161576,1.617313257107982,25.176933786572217,4.206082290083068,2.123625647918485,1.6728445713364473,5.4489740005949026,4.531630064239492,2.237779317070997,0.2265806157741141,0.9621483172281419,0.6391457219701963,3.2259282494211226,0.2164272284618328,1.6498276132248333,0.8704491807345568,2021,7.647112178764529,-7.661290111157735,0.25736593206946695,5.679006025237023,0.4294047359080419,0.548896350065993,0.02668164697510136,0.4302328875220479,37.2176351324124,0.5339422760727914,1.7224594719434299,0.11555964696903703,0.8809127109330085,0.4647696167671059,13.443029330536334,2.909437580139106
GR,2021-08-22,9.504154621645377,1.7164745749755437,25.224212330782045,4.457912771908201,2.189297090299236,1.7436643725490863,5.557653904589355,4.734417221768977,2.2517290316004672,0.23035158595938549,0.9993349274867315,0.6418850331278306,3.2278043400150547,0.2203301269315412,1.6970664404633484,0.8674409833255223,2021,10.356090617707546,-7.733624204392663,0.25736593206946695,7.690785703285381,0.5051013812664376,0.5333833878100306,0.02668164697510136,0.5058056105289531,53.824455130037514,0.7721917843050022,2.4924839927036553,0.17013711385141442,1.3104607627455318,0.6698308006934208,19.477929527394828,4.291574685134517
GR,2021-08-23,9.64347284708619,1.8178429013331103,25.30526662677225,4.7156923438171905,2.258771116100694,1.8144107965789364,5.675423149515473,4.937533222880412,2.266281297593733,0.2342279749129163,1.0359716636375802,0.6439006218978872,3.231012541135814,0.2242783383088735,1.7432154349341882,0.8638556671479121,2021,10.622546121716429,-7.2783660645901875,0.25736593206946695,7.8886646381499785,0.6147760360802867,0.5901633833337849,0.02668164697510136,0.6153547633876689,54.269972131839374,0.778583387670581,2.5156126898836546,0.17461938842165137,1.3572385787707055,0.6725836717864512,19.702260216179635,4.418790182213796
GR,2021-08-24,9.789725966111549,1.9209253128997583,25.419835562733063,4.978395996353211,2.331635579759635,1.884755182384385,5.801818183302005,5.139633707201959,2.2813334649465262,0.23817169018120676,1.0719004540611685,0.6452596285364408,3.2355297969257926,0.2282397999382735,1.788152303948387,0.8597011155395372,2021,9.372104092981488,-7.150448827038824,0.25736593206946695,6.960043787639241,0.5194463718091371,0.5511259643614896,0.02668164697510136,0.5201311790990617,54.66582395198001,0.7842624702098522,2.5375045909746037,0.17899990929979284,1.4023807430060005,0.674231320515203,19.93582303075728,4.5501482601448675
GR,2021-08-25,9.94214981038411,2.025180584466532,25.567775851775696,5.244909293930203,2.4071379485471716,1.954277184093805,5.93584410784157,5.338929366350646,2.296783275994289,0.24211443143142225,1.1069707870452974,0.6460034796363825,3.2413328027969888,0.23216114464760226,1.8317666188812178,0.8549250461555731,2021,9.567981246835064,-7.94103623042294,0.25736593206946695,7.105508835220177,0.5345320279692813,0.5737859575214324,0.02668164697510136,0.5351975328887985,49.83286914490792,0.7149265524207697,2.317314885952002,0.16597816674896992,1.3095785936761992,0.6112086158261714,18.279081842777007,4.243692563726313
GR,2021-08-26,10.1000903984875,2.1300434478180073,25.74895200304176,5.514084764996509,2.4843416021893603,2.0224894470310346,6.0761941833817055,5.533403985875927,2.312544374152457,0.24597221452209905,1.1410468855477354,0.6461537933094627,3.2483939273705222,0.23597831021099094,1.8739667195106278,0.8494522539236397,2021,8.247706902961076,-6.934821706843933,0.25736593206946695,6.125028128444721,0.4960081626346166,0.5634482250010141,0.02668164697510136,0.49672528392006804,44.3043772130793,0.6356121211080756,2.06471855437057,0.1499906742887074,1.1911159614740923,0.5399221488964403,16.366345998963407,3.8621026731637973
GR,2021-08-27,10.263487145292142,2.2349915542613306,25.962909205804092,5.784896444817789,2.5626015414663894,2.088963371919034,6.221857675685725,5.7216440951330725,2.328592659706065,0.24968137097943888,1.1740263172110728,0.6457399770232236,3.2566689504956075,0.23964408712313368,1.9146990308001017,0.8432912928985359,2021,6.476994942877481,-5.937283749323758,0.25736593206946695,4.8100371023945945,0.4051622106610881,0.5085439749836697,0.02668164697510136,0.40603980991164385,39.09442482134425,0.5608676128023544,1.8265601399520204,0.13440860706695143,1.0738926746398347,0.4729747743450129,14.561754907663612,3.489638461757858
GR,2021-08-28,10.432433892145363,2.339512424215784,26.209171739232968,6.056361879017297,2.641251967175386,2.15325514845807,6.371697377527321,5.9025077742084084,2.344919596741266,0.2531769666102556,1.2058248155586615,0.6447812958694765,3.266109415891049,0.24310945194767125,1.9539296040981724,0.8364803103083511,2021,8.91715545165865,-7.195667595956205,0.25736593206946695,6.622183427434192,0.44800480992243935,0.5267894046732594,0.02668164697510136,0.44879864081673077,49.34419780739391,0.7079158359882114,2.3121305775794805,0.1721010309121716,1.3832177091472726,0.5921576581596149,18.55388772233771,4.5106254756761475
GR,2021-08-29,10.607026840386313,2.4430960185497206,26.487337009067257,6.327523606708211,2.7194818454895366,2.214875315339203,6.524277998727737,6.074945530435005,2.361516690961002,0.2563849310850327,1.2363710720156549,0.6432801476945562,3.2766667700716527,0.24631687196392443,1.9916376152569786,0.829058472752446,2021,9.286244801265156,-7.471405934391331,0.25736593206946695,6.896281752562306,0.44906078974169134,0.5044618375708837,0.02668164697510136,0.4498527572092178,52.61344233691012,0.7548180063952773,2.4732870790071373,0.18592441023733022,1.5033239342101168,0.6257882635881147,19.993118915903995,4.92464251216824
GR,2021-08-30,10.787364443292123,2.5452430496797804,26.7970658236684,6.597466840283119,2.796346538756332,2.2732943470093048,6.677877767320922,6.237988547696337,2.37837549023948,0.2592242575521008,1.2656067188975646,0.6412238357577874,3.2882923973315017,0.24920182721731846,2.027814881242935,0.8210616352573483,2021,8.77491068959494,-7.083882740972289,0.25736593206946695,6.516547621141008,0.4819386375350763,0.5361895194512639,0.02668164697510136,0.4826766626163623,52.733853891062,0.756545489053984,2.4877427798916583,0.18853251824527262,1.5341342010408827,0.6211704763892344,20.27319926877901,5.052118301320534
GR,2021-08-31,10.973547292148623,2.6454727529226316,27.138073083821116,6.865335580271661,2.8707966317802516,2.327953593280499,6.83052950340837,6.390737421549847,2.3954875850201116,0.2616106310339825,1.2934860560689856,0.638587571780407,3.3009376527638787,0.2516954495004482,2.0624652031488515,0.8125193586882046,2021,8.227858117443247,-6.626878307016445,0.25736593206946695,6.110287744112136,0.4679699881082896,0.5388236955510114,0.02668164697510136,0.4687300076327274,52.91701387895404,0.7591731912299176,2.5059833718997475,0.19108043761530383,1.5657682900751737,0.6168429144714103,20.602497546875206,5.185554880892637
GR,2021-09-01,11.165677995925224,2.7433298347813446,27.51011879235717,7.130346585622404,2.941724970877988,2.378281454858173,6.980092338264877,6.532350880810669,2.4128446085648814,0.263461383352765,1.3199755454730817,0.6353384713150968,3.314553893079002,0.2537281787457813,2.0956035531089277,0.8034529416448728,2021,7.348956800003797,-6.432181672423199,0.25736593206946695,5.457585683432572,0.4262463813653311,0.5323068678960614,0.02668164697510136,0.4270806573849291,54.5405597809854,0.7824653695522399,2.5935236368488765,0.19853351314813453,1.6397372086183641,0.6286741029019897,21.525715267287772,5.461680530969185
GR,2021-09-02,11.363861054032016,2.8383903615620154,27.91299929960766,7.391800731344467,3.00803454559678,2.423714492757402,7.124358286231039,6.66203422394379,2.4304382370632696,0.26470180612860433,1.345053102043975,0.6314403342163152,3.3290925050352227,0.25523442356591103,2.12725512573873,0.7938742157044107,2021,7.256598498851605,-6.462390218317387,0.25736593206946695,5.388997262540767,0.432948276293899,0.5178873738312543,0.02668164697510136,0.4337696626450059,53.26445229428849,0.7641577115418285,2.543951710158769,0.19503935301882433,1.6255584087501327,0.6066451039247465,21.329933667056853,5.444133324210374
GR,2021-09-03,11.56820094619508,2.9302907814056196,28.346520780906346,7.649112291921718,3.068881255098169,2.463781311742674,7.261481992053848,6.779051026152253,2.448260036133023,0.26528595668175703,1.3687134133235785,0.6268699820885856,3.344504298865028,0.25616836888656325,2.1574566904660983,0.7837857571214442,2021,7.324007249596783,-6.575669592354892,0.25736593206946695,5.439057297320773,0.4057045102287526,0.5095771945807407,0.02668164697510136,0.40658093893498737,53.2069053507004,0.7633321151295058,2.5529675405123666,0.1955415428514558,1.6468559788337904,0.5982888397918931,21.637809664251733,5.542922407969281
GR,2021-09-04,11.778775923222591,3.018817349734685,28.810426536182774,7.901900918108705,3.124325211070434,2.498315704281238,7.391207629608315,6.882812299785951,2.4662992613830665,0.26525041578477027,1.390987667739802,0.6216544537527122,3.360737354130291,0.2565462757146535,2.1862648402361358,0.7731845549734866,2021,7.206064838297611,-6.434134293798401,0.25736593206946695,5.351469244636133,0.38927109196804827,0.5098547266769687,0.02668164697510136,0.39018443501413613,50.638559109340186,0.7264853721009413,2.4415265272488775,0.18637711657367073,1.588289425970154,0.5617072691226142,20.930353442525576,5.369604225071313
GR,2021-09-05,11.995578390486466,3.103867899841115,29.304412302017777,8.15000209902338,3.175204812519267,2.5273201803690406,7.51472201504532,6.972884096691819,2.4845381144277248,0.2646979336183972,1.4119299192025423,0.6158385801031482,3.3777380951979605,0.2564365371875377,2.213754108688866,0.7620636608855057,2021,7.368938825916568,-6.734238390085385,0.25736593206946695,5.472425016621667,0.3807097428931653,0.5008301458365259,0.02668164697510136,0.3816435753672318,52.28789877305534,0.7501476002604691,2.533802126421118,0.19236525299033597,1.6606423321997066,0.5716602264589701,21.982634565402005,5.637150686210763
GR,2021-09-06,12.218572628113796,3.185402033713323,29.828156558735,8.393380288857502,3.2224012897328924,2.550865895954334,7.633299409802197,7.048887097342251,2.5029571407110724,0.26372976515427404,1.4316027647308758,0.6094673523372819,3.3954527983849188,0.2559091908603661,2.240005216603717,0.7504100633191327,2021,7.246635432875794,-6.773428981166476,0.25736593206946695,5.38159835032609,0.3886957209697559,0.5042446528562748,0.02668164697510136,0.38961041282992204,50.150355198519115,0.7194813615988226,2.4429650026265137,0.18412189308586918,1.6116420032305079,0.5399060541143083,21.460802694861506,5.492016652855973
GR,2021-09-07,12.447713751950303,3.263429435704916,30.381318376645535,8.632101354466643,3.2665666303052157,2.569064105002135,7.747823648853844,7.110468934583867,2.5215369716663574,0.2624230196322928,1.4500738682725514,0.6025815939363297,3.4138278924289858,0.25501933631720486,2.2651014111924397,0.738205368996306,2021,7.51672341295426,-7.0086433263396195,0.25736593206946695,5.582174885670901,0.4122506372633493,0.5254817213491015,0.02668164697510136,0.4131131784503389,50.91662278831874,0.7304746087388619,2.493714594023877,0.18628514991715447,1.6545990670946413,0.5392402780865038,22.19278165415094,5.659588448474214
GR,2021-09-08,12.682946843784444,3.3380057728170724,30.963527257157875,8.866325108291306,3.308029333912335,2.582049201795462,7.858646147102387,7.157315378003819,2.54025832293754,0.26082497818978934,1.467414743159231,0.5952157136293289,3.432809971726818,0.25380332420899154,2.2891274546598006,0.7254286980660173,2021,7.570025547785795,-7.250952332383811,0.25736593206946695,5.621758866890226,0.39775362685493737,0.5080860013563858,0.02668164697510136,0.39864753600337316,52.08935212798643,0.7472991536249551,2.5653359864267573,0.18966700936857947,1.7106630094069168,0.5421122520799878,23.139017712517308,5.872759614367629
GR,2021-09-09,12.92420606678811,3.409227988491112,31.57437288102997,9.096296559229478,3.34674283400422,2.589966721856693,7.96550978748468,7.189182154363323,2.5591019923405645,0.258951522183207,1.4836996148350197,0.5873968705217734,3.452345806789277,0.25227768790525673,2.312168679300641,0.7120613100247505,2021,7.456561185795441,-7.276198805148833,0.25736593206946695,5.5374963661801875,0.39997148183878123,0.5152923052578889,0.02668164697510136,0.4008604452544731,49.955321169791446,0.7166833086639706,2.474238615461924,0.18080320807003594,1.6570926992703863,0.5103224556401394,22.628826025366504,5.7087479096897615
GR,2021-09-10,13.17136121643176,3.4772596888161713,32.21343716770201,9.322490791800329,3.382412728846197,2.593024442662363,8.06782420984071,7.206289043549695,2.5780448677742283,0.2568005442464452,1.499011182672906,0.5791543539767251,3.4723836688483205,0.25044903367001486,2.3343250867263983,0.6981153278697049,2021,7.684979615692601,-8.042914946099037,0.25736593206946695,5.7071276739650205,0.46357547350860756,0.5810038299780191,0.02668164697510136,0.46434268587330374,44.56135542414939,0.639298855378851,2.2198909049309465,0.16011178055597983,1.4923313560263236,0.4463043300295336,20.59401350913043,5.157750782748949
GR,2021-09-11,13.424051490379204,3.542420386194939,32.88041778730525,9.546091987006,3.4149940551013778,2.591668062943022,8.165670133463214,7.210385013959778,2.597047985413204,0.25439369459725686,1.5134599947053071,0.5705478230987756,3.492877276533812,0.24834447622547806,2.3557553635248176,0.6837020787267741,2021,7.479142437989045,-7.044179603472446,0.25736593206946695,5.5542659733556885,0.40641463508312786,0.5121442912565781,0.02668164697510136,0.40728953570532095,47.606238059354546,0.6829822210422453,2.3855730801550514,0.16961486195605008,1.6089390304123619,0.46695636426001225,22.456740769170686,5.577007524051034
GR,2021-09-12,13.68182825392981,3.605093473303306,33.575003037430974,9.768563261285296,3.4444556214713784,2.586416437938531,8.259209923926917,7.203706924266886,2.616068547557916,0.25175404613649005,1.5271629677213088,0.5616425492625786,3.51378183287634,0.2459928273042646,2.3766310803460984,0.6689571068561544,2021,8.508250533317746,-7.361403483336454,0.25736593206946695,6.318516704529884,0.428273641929153,0.5011492764987362,0.02668164697510136,0.42910397650984816,46.67841263221797,0.6696711866737002,2.353078449734788,0.16473430857406549,1.5915613558609698,0.44798129958216615,22.48421212664949,5.53095491074334
GR,2021-09-13,13.944203654861653,3.665690417749197,34.29682237000963,9.991487774808023,3.4706734895743176,2.577792351854536,8.34843671214985,7.188567216423346,2.635063913307684,0.24889721747317323,1.5402358228659716,0.5524996562241058,3.535052707606562,0.2434172070544361,2.3971211345768686,0.6540122105125028,2021,8.184502272643561,-6.654624751742454,0.25736593206946695,6.07809021671998,0.40736186674762626,0.5094353650665865,0.02668164697510136,0.40823473733308724,48.3722667304794,0.693972040538896,2.4532277409102754,0.16892473588184598,1.6635350451812232,0.4538661882667156,23.80103580411564,5.793581660440464
GR,2021-09-14,14.210648686411202,3.724645245390662,35.045437610937135,10.216560422329426,3.493460063569242,2.5663133586192948,8.433209109760465,7.167297474684128,2.653991591060831,0.24583396160583648,1.5527924777864357,0.5431758841836805,3.556645436989095,0.24063643328935325,2.4173912953714756,0.6389924544440373,2021,8.57106369578085,-7.024216327198851,0.25736593206946695,6.365163898889441,0.40418112947100565,0.49093461576583064,0.02668164697510136,0.4050608543240901,50.33009574155528,0.7220600067574912,2.568111428266346,0.17375394464700897,1.745501575071428,0.4613908959738474,25.304908918172504,6.089283026780977
GR,2021-09-15,14.480591426211888,3.7824096966248337,35.820334047436724,10.445582327234426,3.512629768262029,2.55249062647294,8.513345546358885,7.142222503111558,2.6728092304751123,0.2425750209279215,1.564944540110058,0.5337247932301471,3.5785157223131665,0.23766795516436826,2.4376038326024663,0.62401565065998,2021,7.051067115111296,-6.4939470478525205,0.25736593206946695,5.236362654946309,0.4309700574730417,0.5225016942690567,0.02668164697510136,0.43179520692525153,48.73073927711159,0.6991148618594186,2.501793524866727,0.16615719964314782,1.7041650666978625,0.43625861540926714,25.042527889331954,5.951806395604188
GR,2021-09-16,14.753456001921682,3.839454524919618,36.62099208896054,10.680560592750563,3.5282888440579594,2.536872385026277,8.589107615169944,7.1158681383292866,2.691477360555678,0.2391499892363111,1.5768020129143645,0.5242062658019115,3.6006216303310783,0.23454054970179644,2.4579259722029834,0.6092060463900755,2021,8.803526502144733,-6.541167682518557,0.25736593206946695,6.537798698421999,0.42709040219250294,0.4838196687490347,0.02668164697510136,0.42792303271763465,51.75294572702036,0.7424729039511587,2.673363997901271,0.17414000303139388,1.824943434278524,0.4523189823678437,27.190094341862945,6.37717967338424
GR,2021-09-17,15.028788610819593,3.896282097754838,37.447134227300815,10.924031750768416,3.5414839294735523,2.5201606630135096,8.662329746251274,7.091568617690761,2.7099676024341544,0.23564666595443037,1.588476161555653,0.5147090410025833,3.62293018439973,0.23132156638934487,2.4785558385738042,0.5947290954868316,2021,9.101743125634608,-6.458449507392927,0.25736593206946695,6.759264522648793,0.4876621194661441,0.5011968150764022,0.02668164697510136,0.48839149567484863,47.08227862215742,0.6754652443866487,2.4471634224013297,0.1562496783730812,1.6741783252282096,0.40171883382686324,25.29423767242338,5.851102679009353
GR,2021-09-18,15.306145137812427,3.9534072246658383,38.29849979925411,11.178790491499043,3.553603009791877,2.503093831608864,8.735403713857803,7.072808705422246,2.7282543907557093,0.2321683858212625,1.6000756680067068,0.505327690229976,3.6454107256871775,0.2280873600701177,2.4996959545183075,0.5807480398286808,2021,9.422438025264125,-7.594730843807416,0.25736593206946695,6.997423480525235,0.6116184109523728,0.6011603582933788,0.02668164697510136,0.6122001232450133,45.67672570570264,0.6553004993489118,2.388839468874686,0.14946576094912317,1.6380520072163016,0.38056448049563624,25.097026042765414,5.724314415705357
GR,2021-09-19,15.585051493948017,4.011350463507635,39.1747615992564,11.447807956437083,3.5660351742112466,2.486389079742116,8.810716930789683,7.062919385448366,2.7463122172849372,0.2288112538862004,1.6117054323680688,0.4961515060357199,3.6680327026908657,0.2249079910407655,2.521544539652912,0.5674026631970931,2021,8.809905727105953,-7.354636609784639,0.25736593206946695,6.542536128205194,0.4048208666954053,0.5008277486879654,0.02668164697510136,0.4056992043341015,35.67872646824997,0.5118643446865646,1.8775351556517483,0.11512238144885317,1.290688743387423,0.29043319237079157,20.052163674255773,4.509891847997481
GR,2021-09-20,15.865003185962918,4.0706377307743145,40.0755197261925,11.734255367269824,3.5800185663378006,2.4707267499654253,8.89041651682475,7.064995767473633,2.7641156258522153,0.22565508020227437,1.6234665948553881,0.4872615400958908,3.690765667249763,0.22184157754076897,2.5442956353649997,0.55480242571799,2021,9.31078042269122,-6.723166406601913,0.25736593206946695,6.914502740911148,0.37907236803857763,0.47236023231757585,0.02668164697510136,0.3800102241988744,26.08909272413021,0.3742867997989656,1.3814048704028077,0.0830323741200885,0.9522962711032417,0.2076552244426898,14.99973802859691,3.3275655469622025
GR,2021-09-21,16.14546503373269,4.1318006071925035,41.00029534701876,12.041534898503476,3.596514248223094,2.4567438591400177,8.976213985521099,7.081855400063261,2.78163920737131,0.2227569314794528,1.6354565931522431,0.4787294065355452,3.7135792702641854,0.2189304713429042,2.568139256512039,0.5430231529630694,2021,10.618781111126443,-7.422759991839215,0.25736593206946695,7.885868613019736,0.45729635025144466,0.4857773050503439,0.02668164697510136,0.45807407942230904,49.375397371223826,0.7083634400894542,2.630563786929223,0.15508234182086528,1.8191759583716411,0.38465774868114166,29.04311025669785,6.358421817762796
GR,2021-09-22,16.42587105016662,4.195377282844043,41.9485244039537,12.373318420329612,3.616120223510911,2.44503869973645,9.069252578662717,7.116050824015948,2.7988575949381436,0.22014785167050427,1.6477692461382494,0.470618121962067,3.7364432571802224,0.21619956142743196,2.593261559295114,0.532108082702824,2021,12.064262659024749,-8.232883737337835,0.25736593206946695,8.959332455053978,0.5136152828432283,0.503962008703044,0.02668164697510136,0.5143078543590729,47.89069667812664,0.6870632025934728,2.5671726705870306,0.14854276307363565,1.781734592091844,0.3655918834276747,28.821287521050877,6.231149721825117
GR,2021-09-23,16.705776969594304,4.261861427545789,42.91965389934445,12.733343062743524,3.639174757650815,2.436182966393591,9.170279862059402,7.169916821756227,2.815754585927006,0.21783929979876845,1.6604848477114371,0.4629888110774258,3.759329853875009,0.21366155196790781,2.6198266761393185,0.5220809521031426,2021,11.625194871185942,-8.162703754521525,0.25736593206946695,8.633265757673984,0.43327239398908757,0.47280690873816655,0.02668164697510136,0.4340931670486637,44.676218445972225,0.6409467360969698,2.409530199753086,0.13694567436324362,1.6791693572112694,0.3346260822289077,27.509212081196413,5.877660946682744
GR,2021-09-24,16.98533746976818,4.331539387494817,43.91346178671212,13.124650746505088,3.6661902128953527,2.4307384772507934,9.280372782703566,7.245644529835303,2.832350470109202,0.21584441400830112,1.6736400121436066,0.4559168188745106,3.7822209196968033,0.21133320865884767,2.64792155081567,0.5129786682780896,2021,12.360168562823858,-8.618582871798377,0.25736593206946695,9.17908226011697,0.46036567982661586,0.4696526544333225,0.02668164697510136,0.46113823247213637,47.77852335723249,0.685453909631688,2.5925381164969323,0.14485917411021643,1.8150281794046035,0.3516232337288732,30.10065406716355,6.361267806743666
GR,2021-09-25,17.264883209864696,4.404637914803164,44.92977645280322,13.55028567159012,3.6974604030042206,2.4293039083656667,9.4003246754252,7.345543646726973,2.848674566258676,0.21416075382957644,1.6872574580614652,0.44948504352379753,3.80510074761461,0.20922260063545683,2.6776106272110236,0.5048384487095928,2021,13.873962596862984,-9.274834986228518,0.25736593206946695,10.30327728162442,0.5081343601703344,0.4991571153445142,0.02668164697510136,0.5088343917926726,47.44228736927532,0.6806301047857137,2.5898661205691296,0.1424032005940505,1.8224624017739797,0.3436082462450673,30.580558455070147,6.398143968854384
GR,2021-09-26,17.54477334406594,4.4813762317557755,45.96837534575267,14.01356896590957,3.732905921993142,2.432539226854046,9.53038532459923,7.472143630833896,2.8647560904031977,0.21276455664533844,1.7013562066119718,0.44378256919519343,3.8279536675741306,0.20732482392331944,2.7089543899275665,0.49769269703962155,2021,14.76811510179932,-8.013839171143482,0.25736593206946695,10.967305393715566,0.4974021669380587,0.4576620963373471,0.02668164697510136,0.49811728133039146,47.601514582465654,0.682914455747861,2.614164895519416,0.1415851192926148,1.849984112843163,0.33988153732849824,31.392468030858076,6.508437907016085
DL,2020-07-23,5.883952042629667,9.631709736193368,15.489974353029496,52.24349408983523,1.0532858335233932,3.1470081787327127,2.7192412394228556,17.909549155565596,1.772228652235151,0.17900992834276344,2.3638410200782745,0.2960020783881449,2.7401929987159472,0.17554846621750747,3.974875620408642,0.33637065826949036,2020,7.185840102753937,-7.73774615893595,0.5385795711640009,3.3156934217596414,0.5073915893008083,0.6881838129883328,0.05701606079518402,0.5105850135695331,33.54253407817242,0.4812174907736452,1.3186287990775984,0.08447699242235096,1.912779672190383,0.16186744414232343,7.454046590312972,1.3085464460432834
DL,2020-07-24,5.562615087685468,8.857703240110016,14.909031081830245,47.08465303043131,0.9662150398421244,2.841280575105008,2.512150813076261,15.240772255199966,1.7160683371993082,0.17369798639872347,2.2882532043719643,0.288229469471562,2.7019671422137077,0.16849859654111524,3.8729630623836293,0.31695710158404483,2020,8.737319131888896,-9.857853414802692,0.5385795711640009,4.031577540713154,0.5398525789398537,0.7211048144549795,0.05701606079518402,0.5428550802715317,48.257491587762885,0.6923254205771332,1.8706405381187,0.11665586171698429,2.681350781044448,0.21943745865908296,10.321901214125676,1.7392258682162096
DL,2020-07-25,5.2512064497611455,8.206222936978762,14.344561073142971,42.55561101798732,0.8889735598144766,2.6122909551217375,2.330952876865406,13.185014484760035,1.6584578501580711,0.16928939441238539,2.2198796615887746,0.2837527369263363,2.6633708510664906,0.1624973301713359,3.77403853582559,0.30271678382183576,2020,9.76712352458875,-9.23118073938038,0.5385795711640009,4.506750325209916,0.5480986533271707,0.69155551149303,0.05701606079518402,0.5510562266844085,49.13548734740952,0.7049215743257553,1.8774675733471173,0.11454787380811017,2.6604011862402435,0.2133915918265178,10.11179057469189,1.6431389716391105
DL,2020-07-26,4.952407747144883,7.667260368628203,13.797623975986378,38.56485482626678,0.8211718852566928,2.432864082104195,2.1738380285279053,11.541166555049845,1.5998738718844914,0.16581265662749747,2.1595527510795605,0.2806958575872635,2.6244964016860686,0.15755162137417938,3.67794121980804,0.2917024871120659,2020,12.369114699366673,-10.706241193644484,0.5385795711640009,5.70736220890343,0.5641625728609668,0.6842512390464245,0.05701606079518402,0.5670363655055166,48.92183855902033,0.7018564650046805,1.842019766904888,0.1105786240334374,2.581386823029473,0.20473327643754796,9.683951589249624,1.5257222741953393
DL,2020-07-27,4.668340131091074,7.228953489410101,13.269087193159576,35.03387726494568,0.7621967384351144,2.279228436211539,2.03867714632985,10.17067821715561,1.5408035761852241,0.16326932422059304,2.107658848573346,0.2769767065939423,2.5854370587256836,0.15364109954608032,3.5844595310975063,0.28225322915915585,2020,11.130290776670426,-9.802059852748464,0.5385795711640009,5.1357435432406335,0.5345584689743565,0.6393426312188687,0.05701606079518402,0.5375905392962271,48.25281586019668,0.6922583403177316,1.7897903672693993,0.10635933257636095,2.481372005933634,0.1953921519670376,9.185636277867916,1.4112912577619912
DL,2020-07-28,4.400661971941998,6.878399042195971,12.759750356514097,31.89647750461313,0.7112676587147737,2.1354801572428466,1.923064781942705,8.987474267202037,1.4817549777766608,0.16162742406704178,2.0641247159945157,0.2710550894674684,2.546295713188743,0.15071335474529432,3.493365585310191,0.2732047607815064,2020,10.499446290237389,-9.5888608629097,0.5385795711640009,4.844659009781876,0.5434939255409592,0.6624889956263694,0.05701606079518402,0.5464764206153105,36.63798667058179,0.5256263576128787,1.338400141128686,0.07921891169838671,1.8362050284167777,0.14360362329208107,6.706861103944135,1.0108135367861488
DL,2020-07-29,4.150729234114051,6.602014111141917,12.270657007410064,29.09859975125025,0.6675635363999224,1.9944059821959697,1.8245607382517084,7.94511048124398,1.4232840378694473,0.16083042249861668,2.0284132268060495,0.2623523125631748,2.507210803125484,0.1486929947719901,3.404478650780728,0.26396943867509826,2020,9.334818972237612,-9.567290188086652,0.5385795711640009,4.307276173276299,0.5791047190945652,0.7065811239332059,0.05701606079518402,0.5819047231860173,42.66780490991494,0.612133059706126,1.534746620245456,0.0910198978466453,2.0839939332065907,0.16158442016509647,7.511274818550337,1.1168739473256863
DL,2020-07-30,3.919537252570049,6.38631164924891,11.80273706810774,26.596067920732825,0.6301801429295012,1.855497782926792,1.7405665971238575,7.020416178309818,1.3659735990204165,0.1607792201786807,1.9996285101311755,0.25120762175198386,2.4683314594986197,0.14747143709801475,3.3176732959336537,0.2543991484031464,2020,12.015238460885632,-10.183898297077237,0.5385795711640009,5.544076483188638,0.554729979187954,0.653601549289708,0.05701606079518402,0.5576523836571202,47.76612464822255,0.685276031728227,1.691488387555157,0.10105864120778639,2.273521990808122,0.1743336388927485,8.088132821564521,1.1927685706357407
DL,2020-07-31,3.707758516703119,6.218285152370924,11.35671594715248,24.35303319835787,0.5981607337706502,1.7223726499740015,1.6683651935174808,6.201853646583492,1.310427520637666,0.16132677764098977,1.9766174111718986,0.23861244237604962,2.4298092823395665,0.14690560204913794,3.2328983756745497,0.2446197895952422,2020,11.612512172510945,-10.868679020983569,0.5385795711640009,5.35825034650326,0.5546199854312492,0.6868301368195987,0.05701606079518402,0.5575429664414746,43.954398357971975,0.6305911544128916,1.532216240353667,0.09263737318588675,2.0386371188161765,0.1542550755131024,7.161444619454178,1.0520563333624755
DL,2020-08-01,3.515818138365752,6.0856963186551445,10.933139991872292,22.34072869682568,0.570566055241375,1.6000382328372167,1.6052708438773664,5.482292700174878,1.2572722544709063,0.16228542910543992,1.9580781489986845,0.22581241996282755,2.391798542895413,0.1468261492188636,3.1501998473147346,0.23488095729078357,2020,10.92556220454516,-10.65898398931866,0.5385795711640009,5.041277597695611,0.536250703674346,0.6650241608449342,0.05701606079518402,0.53927325947040194,42.81594803348612,0.6142583929333101,1.4691823291791692,0.09018919445976555,1.9350366956303076,0.14427759935607415,6.715773001122376,0.9860510887828096
DL,2020-08-02,3.3439662503223104,5.977461212075469,10.532401532823313,20.536219116924713,0.5465441401220946,1.4922478641666657,1.5488006962564875,4.85503778321958,1.2071576025645598,0.16344188284478517,1.9426851274125978,0.21386688063333448,2.3544563659380207,0.14705104922460324,3.069736127859142,0.22543593918972257,2020,11.708879165447367,-10.90380515301034,0.5385795711640009,5.402716045709619,0.5150469493216102,0.6506222802982903,0.05701606079518402,0.5181931987146275,45.96106050074858,0.6593797044648033,1.552480742747487,0.09696247737895813,2.024121700772691,0.14864788295866463,6.944851810017678,1.0212477453724844
DL,2020-08-03,3.1922273819368865,5.884024455035666,10.154770709249986,18.92082702986369,0.5254073563973463,1.3997723541829026,1.496921032424243,4.312603178257364,1.1607189119931078,0.16458957760037599,1.9292034307886057,0.2033363424731835,2.3179436156784687,0.14741061864259494,2.9917657688580603,0.21648715546760475,2020,8.543337476620396,-8.934843562441552,0.5385795711640009,3.9420704421528456,0.5010392743946406,0.6723115526188954,0.05701606079518402,0.5042729277628416,43.89952011045816,0.6298038444110561,1.459849800282363,0.0928397743281184,1.8842255828042054,0.13634444277911145,6.395513631798428,0.9427666210005554
DL,2020-08-04,3.060011898428858,5.79749502045588,9.800430834182707,17.477794677983574,0.5067325290082845,1.3205218581339453,1.448474749977666,3.8475451049218594,1.1184188043321734,0.16559822178092276,1.9165541649689986,0.19426595446705944,2.282426347381901,0.14779704836297225,2.916569723485529,0.2082253413880736,2020,7.740731881059871,-8.654467269819056,0.5385795711640009,3.5717318240631353,0.4842520144587,0.6605935303855061,0.05701606079518402,0.48759701054857696,46.33289561973019,0.6647142317405553,1.5171612760043622,0.0982428014561148,1.9386854030644471,0.1384103478296882,6.514485852670208,0.9628217806269972
DL,2020-08-05,2.946092939069026,5.712099760823887,9.469428182090406,16.191391312759478,0.4903600922045351,1.2511821793405544,1.4032195525805884,3.452665853988811,1.0804798650883194,0.16644420333850377,1.9039118321092612,0.1864069700875507,2.24806852333589,0.1481841908083222,2.8444087534528117,0.20083690675031268,2020,6.409372464491175,-8.640268222669803,0.5385795711640009,2.957415391135162,0.4703923707651587,0.6848941291252915,0.05701606079518402,0.47383521783703103,44.36897584578123,0.6365388844785408,1.430983030075548,0.09432499951448466,1.8105767749238495,0.12784050058496477,6.027659251677483,0.8932038086781249
DL,2020-08-06,2.8488164406005256,5.624509954467505,9.16164984923099,15.046946392792435,0.4763100847141382,1.1892341242817823,1.3615547936583958,3.1208782050758663,1.0469036240264624,0.16719577924569015,1.890776399999454,0.17952031659032747,2.2150262770122295,0.1486145853710707,2.775518575574292,0.19448424196628614,2020,5.510083817103526,-7.713976571537535,0.5385795711640009,2.542465237810208,0.4578179747039682,0.6820010819340248,0.05701606079518402,0.4613546674204601,41.86360670421912,0.6005956415215696,1.330335127829294,0.08925727224040028,1.666964359452075,0.1168063880695778,5.502446968594878,0.8177438747640327
DL,2020-08-07,2.766656273796935,5.5339836863115845,8.876932941011397,14.032191565130873,0.46465401046790417,1.1338699785774518,1.3240147848112769,2.844813829844586,1.0176394696684479,0.16794786358849595,1.877016816437406,0.17353425307027637,2.183456107817635,0.14915227969046985,2.710194005851867,0.18924810913423312,2020,5.677918158954216,-7.066350489698548,0.5385795711640009,2.619907431800361,0.4544946690901036,0.6353788831876012,0.05701606079518402,0.4580570220179174,45.867495660221415,0.6580373778034311,1.4367957317372022,0.09814777502092073,1.7834089569493392,0.12453232948894832,5.841353675440039,0.8712512171701867
DL,2020-08-08,2.698315173794967,5.4417671183642335,8.615106527899488,13.136861963325158,0.45544607818970273,1.0856376489543018,1.291047776757414,2.616947951904886,0.9926275685296273,0.16878905867365887,1.862802899737746,0.1685310302291678,2.153517235300945,0.14985859693974019,2.648785709624532,0.1851151944960598,2020,6.345416417052,-7.33534438603061,0.5385795711640009,2.927904764299123,0.45724208475435285,0.6386664564185313,0.05701606079518402,0.46078319767446696,45.73861306427821,0.6561883654634677,1.413112954629533,0.09833546777653673,1.738102365261513,0.12147043689882138,5.6531326708360154,0.8471705303656915
DL,2020-08-09,2.6426919718711943,5.35028407318085,8.376007615969261,12.352072075593458,0.4486889424617923,1.0454213460607724,1.2629289474222536,2.4298620425697055,0.9717980839461204,0.16978480550803352,1.8484995478379704,0.16462591815000838,2.125371382828718,0.15077934564128367,2.5916715844571168,0.1819838919991529,2020,8.802061707457847,-8.74399391690726,0.5385795711640009,4.061451087696126,0.5077663331424687,0.6427225719915649,0.05701606079518402,0.5109574153112455,37.129278749278235,0.5326746724717467,1.1321315052291108,0.08031633855497507,1.3805178124050275,0.0969382100657825,4.461687113457282,0.6727302634232367
DL,2020-08-10,2.5988542150890415,5.262416658567629,8.159496561005083,11.669959260505207,0.4443181128951018,1.0135985349169916,1.2397256108110548,2.2765245234962967,0.9550706613923868,0.17096692469911348,1.8345661583092778,0.1618542154218188,2.0991824711174827,0.15193653205711333,2.539233778898139,0.17967891424818375,2020,5.00131807112151,-6.173971763623428,0.5385795711640009,2.307710329122119,0.45901027838745984,0.6654709980204042,0.05701606079518402,0.46253785450915635,46.18646600262353,0.662613481309631,1.3909466050913093,0.10067519444447622,1.6825305340947059,0.1190576708879237,5.40659242202154,0.8214589028482218
DL,2020-08-11,2.5659368476206086,5.1809023920028325,7.965387818170239,11.083040662531005,0.44221157654642806,0.9898047595936804,1.221340328872505,2.1508121845040664,0.9423236546749207,0.17233922844067287,1.8214642789334266,0.16013919923316383,2.075105632467982,0.15333093086647276,2.4918028713073235,0.17800256115777574,2020,5.344912704324262,-6.693935490768257,0.5385795711640009,2.4662519121202804,0.4500385467240597,0.6316905797736506,0.05701606079518402,0.4536358944419012,45.86987618525682,0.6580715299721848,1.3655679384121031,0.10090272026735903,1.6397845279102934,0.11713841776006487,5.241794948325092,0.8037292988378607
DL,2020-08-12,2.5428921844193444,5.107806580593503,7.793224295916931,10.582918933422716,0.4422223235732967,0.9732209668319154,1.2076337648119513,2.048390953301071,0.9333020885374073,0.1739052588555876,1.8095677202854912,0.15934050202639952,2.0532546761637698,0.15495945182081586,2.44953150717088,0.1768458335135544,2020,4.508973261250848,-5.638963060431997,0.5385795711640009,2.0805323758164196,0.4613590620678986,0.6664153852194811,0.05701606079518402,0.4648688151949658,37.86272236081564,0.5431970108718638,1.1153218026508365,0.08417351103540976,1.3305781927316733,0.09606212814970602,4.233256142596062,0.6559830512737873
DL,2020-08-13,2.5287103182510604,5.044661547089747,7.642561508153808,10.16194581877237,0.44414980626989736,0.9627976927171694,1.1983290189555993,1.9660496121539213,0.9277094171378644,0.17564281802633924,1.7991754935977056,0.15928066198854696,2.0337328229223743,0.15679677784432727,2.412510298275655,0.1761386091703995,2020,4.476919822674705,-5.5123646467310214,0.5385795711640009,2.0657422644429473,0.4309459791256887,0.6272633842533336,0.05701606079518402,0.43470135508553304,43.31486431730862,0.621416088343193,1.2637942955555814,0.09743604035283848,1.4991727126421273,0.10945536551688011,4.749210677319192,0.7446609315075244
DL,2020-08-14,2.5224730403498237,4.992539284049161,7.513059143772383,9.813611842934511,0.44773739612833574,0.9574707809004626,1.1930105552894656,1.9012952849649891,0.9252397855174822,0.1774993781762053,1.7905152428408617,0.15977713879140384,2.016642725547224,0.15879158309013963,2.3808056963757647,0.1758242585900911,2020,4.533465277263816,-5.567964191534671,0.5385795711640009,2.0918334923481816,0.4457418550543425,0.6305487001539724,0.05701606079518402,0.44937360017683126,46.6812725384058,0.6697122162773773,1.3505702691658823,0.10634466303749072,1.594454659445618,0.11775165389569661,5.031587490198817,0.7989737430252126
DL,2020-08-15,2.5233313597917686,4.9521134580832555,7.404485371271347,9.532450912402387,0.4526913754428842,0.9563019333448284,1.1911830050901286,1.8522539175889137,0.9255799966640734,0.17940227060794797,1.7837463595270762,0.1606659449755825,2.002085947839657,0.16087316610980124,2.3544610542764937,0.17586162356643975,2020,5.066322893905475,-6.009632655667015,0.5385795711640009,2.3377048823275044,0.4501038262721574,0.6510945428503864,0.05701606079518402,0.45370065639520135,46.41035646438403,0.6658255226528834,1.3330399226163332,0.10711345990588254,1.5676602620295053,0.11709315742570939,4.930095342302375,0.7931200469393672
DL,2020-08-16,2.530486162974239,4.923751212884337,7.316722011497937,9.313973302020418,0.4587114643958918,0.9585427744700876,1.1923486008341997,1.81766922960748,0.9284114435575548,0.18127404571805264,1.7789698990490534,0.1618134759584819,1.9901624150383033,0.16296212962040532,2.333499607106939,0.17623365665018875,2020,5.389135209482788,-6.253245729093181,0.5385795711640009,2.48665707941473,0.45518405953540525,0.6312383106361311,0.05701606079518402,0.4587410590341042,43.16851828875784,0.6193165371143033,1.2325404951765608,0.10092514179728167,1.4451748960310569,0.10914441795958602,4.531366939188903,0.7384412065017213
DL,2020-08-17,2.543186754664881,4.907574722476927,7.249684522636713,9.154404469700111,0.4655541147215339,0.9637071809421636,1.1961310704164585,1.7970815586407531,0.9334179224634608,0.18305935019030112,1.7762353787466123,0.1631307645209269,1.9809579538007425,0.16499077534775614,2.3179075492654624,0.17697557390028074,2020,5.6233556065616535,-6.118606472441067,0.5385795711640009,2.594731155476998,0.4552667712528568,0.6228338825019293,0.05701606079518402,0.4588231295342478,44.726671692234795,0.6416705628809354,1.2711224052587884,0.10586972368755664,1.4873330418431387,0.11356001612076971,4.651909148349505,0.7675220972335047
DL,2020-08-18,2.560789783410193,4.9034239286371735,7.202992879756728,9.04987408144714,0.4731556036463726,0.9717141869430784,1.2024728063493062,1.791100956428729,0.9403157200569171,0.18476940462339447,1.7755325094748011,0.16460179697232113,1.9744966173959402,0.1669407184517331,2.3075601052173536,0.17822123361080142,2020,5.096409687396195,-6.376515982653381,0.5385795711640009,2.3515875434822924,0.43945414597650995,0.6664578553278595,0.05701606079518402,0.44313742519058785,44.02423521558457,0.6315930679029554,1.2470783761451099,0.10543860052485364,1.457438966224695,0.11256329570169539,4.549360371008696,0.7594734888320347
DL,2020-08-19,2.582821389417169,4.910930649198694,7.1759216362699,8.996455458255868,0.48164769600316715,0.982828563890812,1.2116389216635108,1.8008483182871955,0.9488823632199974,0.18648122474773765,1.776803289274454,0.16627306632738917,1.970731204444625,0.16884784743738232,2.302230575985903,0.18014868628258746,2020,5.362128047053475,-6.664670271983251,0.5385795711640009,2.4741954229449528,0.43159912879145323,0.6129899981690187,0.05701606079518402,0.4353488706338189,39.36561983365783,0.564758308211107,1.1129868209609837,0.09535822466382313,1.300203845205681,0.10174046729140754,4.052661363155267,0.6842831475614143
DL,2020-08-20,2.608986059028147,4.929616214835253,7.16750252685771,8.990453982928301,0.4912824928979752,0.9974733045764318,1.2240739150502231,1.8272264874513673,0.9589616627245034,0.18830399311561635,1.7799594916631876,0.16821886416204515,1.969557271319129,0.17078109292092106,2.3016300353644934,0.18289724276531716,2020,5.592528226846754,-5.99138147891454,0.5385795711640009,2.580506772709059,0.4583928377851195,0.6681093886732106,0.05701606079518402,0.46192512912948896,40.020346496964905,0.5741513350267005,1.1308239367394233,0.0980541924978658,1.3214839575420756,0.10501069610640938,4.115231144602603,0.7028036724974456
DL,2020-08-21,2.639029610721523,4.958979844889152,7.176819629785562,9.028748115185568,0.502270605199447,1.0159518650045938,1.240149687877952,1.8702190863918664,0.9704112778907974,0.19032397482729413,1.7848992994616142,0.17049090472691344,1.9708563364316354,0.1727993389622092,2.3054557801445985,0.1864857971215743,2020,6.0020414894958964,-6.735028011330358,0.5385795711640009,2.7694645579746555,0.43117114812087276,0.5989457273669823,0.05701606079518402,0.43492457985318755,44.74092069611152,0.6418749860135348,1.2650433833817423,0.11091557327951608,1.4798143966351371,0.11970056841913337,4.60662099949027,0.79602106356135
DL,2020-08-22,2.672699690801486,4.998524689243039,7.20306686981122,9.108761215639207,0.5147096133016804,1.0383236350936842,1.2600505063416263,1.928652387838427,0.9830890817248646,0.19258041413075103,1.791513553867191,0.1730965010372761,1.974506889469745,0.17493250154633785,2.3134024949254077,0.19079018157582156,2020,6.5294951931740055,-6.498002485763585,0.5385795711640009,3.0128424721169442,0.44947741099202065,0.6278716827392783,0.05701606079518402,0.4530792140240931,45.340180007129064,0.6504722512439594,1.2843619414900926,0.11378873809658378,1.5048041289075222,0.12410371892486843,4.6853951226668835,0.8196278895411285
DL,2020-08-27,2.887542701617486,5.332788095536854,7.564989567294811,10.073796367494444,0.5935946338167398,1.1940575076433972,1.4088653647255494,2.36170880905372,1.0604058641775203,0.20557085908521172,1.845740596613967,0.18855162838701814,2.023530968163996,0.18623493822336493,2.4045816298891434,0.21327002327640598,2020,6.2248704785177225,-6.681108298684765,0.5385795711640009,2.872282405646198,0.42643729561522065,0.6299125476290512,0.05701606079518402,0.43023202842213315,42.58927166648913,0.6110063836399824,1.2363903390413955,0.11379073611127373,1.4692147258457,0.1303093456609317,4.622256917786998,0.8608257315365827
DL,2020-08-28,2.939072914565762,5.424312032932204,7.679055623231147,10.37443994479988,0.6110468562129864,1.230416392636049,1.4454762090637814,2.4659723036115087,1.078094196440284,0.20790462638225035,1.8600895484617492,0.1915250047520588,2.038496573873565,0.18823619465534783,2.4313687280029126,0.21679944819954777,2020,7.209789178766074,-6.699579744217058,0.5385795711640009,3.3267440146833875,0.4552370585090629,0.6198914404047642,0.05701606079518402,0.4587936471100968,43.65086150899942,0.626236467301909,1.2765808930296263,0.1178803695593195,1.52261176293288,0.13576772055348801,4.808904665707132,0.905209914733058
DL,2020-08-29,2.99341294535014,5.523290582689127,7.805530858234063,10.710659714621372,0.6283709926178106,1.267349372794635,1.4829758754144815,2.57629611525312,1.0964141897344597,0.20991791112345506,1.8753789392215885,0.19428068652311814,2.0548325668029728,0.1899903930108852,2.4604995137358996,0.21999581390248063,2020,7.602514276337351,-7.109596507580306,0.5385795711640009,3.5079553976193862,0.4533865137041872,0.5971277338830882,0.05701606079518402,0.45695750568016413,45.96462965762251,0.659430909323418,1.3550201080342574,0.12528553762588157,1.622529431732692,0.14507203960905823,5.147208311597287,0.9779201300292634
DL,2020-08-30,3.0505540963104605,5.629372314759239,7.943779340703232,11.08246644973845,0.6451822727814651,1.3042423270975714,1.5205317565183425,2.6931423980543236,1.1153232450406192,0.21149674859455556,1.8915101262256426,0.19673692548446617,2.0723891495070412,0.1914116305732802,2.4917553479683763,0.22289674126201464,2020,7.24991724921541,-6.585869159621372,0.5385795711640009,3.3452599261584814,0.4457010405298735,0.5942904686475963,0.05701606079518402,0.4493331155368054,45.20389993276424,0.6485171110844399,1.3439798242810457,0.12413371768734573,1.6159459797936546,0.1445523507133776,5.151676829125116,0.9860908620494244
DL,2020-08-31,3.1104869890160423,5.7421799104395195,8.093146646698667,11.48982674584783,0.6610752300480667,1.3404279411824265,1.5572308283887746,2.8168276897166296,1.1347793020405568,0.2125311028088204,1.908383301480974,0.19881224752055668,2.0910176105395193,0.19241351928597458,2.5249144526119602,0.22552976490671237,2020,6.785671766388281,-6.55039283844299,0.5385795711640009,3.131047576387212,0.45254310788789665,0.6264449103119725,0.05701606079518402,0.45612070297831975,25.357626400336287,0.36379282852949635,0.7606972110431606,0.06999865842835949,0.91854577051071,0.08204611109300523,2.9442287103065166,0.566509407732883
DL,2020-09-01,3.1732010276972615,5.861303416146602,8.25294870474643,11.93260656306449,0.6756529087123918,1.3752153560106524,1.592130083717454,2.9473912650740615,1.1547408663134453,0.21292471003726535,1.9258974260433648,0.2004306284975503,2.1105705552448644,0.19291651271281854,2.559751762804712,0.2279038839310095,2020,6.4451314958319665,-6.080522996177052,0.5385795711640009,2.9739153387111905,0.4463608808030854,0.5949708488650074,0.05701606079518402,0.4499876299409866,45.46936552712909,0.6523256094796198,1.3767792237998457,0.12584438173407217,1.6697916287881152,0.1486675399880683,5.383609793827754,1.0385872272318262
DL,2020-09-02,3.238669235445842,5.986320441418634,8.422485012649679,12.410511538018682,0.688620573541314,1.4080940318883202,1.6244408272945046,3.084474783625953,1.1751625156309837,0.21262454529306604,1.9439540144163725,0.2015501641665887,2.1309049168549787,0.19286954204783585,2.5960388425778795,0.23000426008221195,2020,7.371763866247251,-6.580001342270792,0.5385795711640009,3.4014824444415295,0.43630767657395825,0.583525452712661,0.05701606079518402,0.44001729491687697,44.25058539770798,0.6348403975896074,1.352784524641864,0.12244137675657361,1.6480703309802054,0.1460159959178949,5.346933734123032,1.031260660660434
DL,2020-09-03,3.306782532895798,6.116874899824323,8.601130717945365,12.923023950184668,0.7000243782024673,1.4392279964326875,1.6540362742548185,3.227215614447461,1.19597567220504,0.2116935030467352,1.9624687105069367,0.2022275249587729,2.1518936734477343,0.1923045153591078,2.633543869114182,0.2317898486703858,2020,7.301059107862169,-6.30631345969708,0.5385795711640009,3.368857824506739,0.43718769650483713,0.6030651633898881,0.05701606079518402,0.440889910480843,45.756731615271114,0.6564483029990439,1.4126069501691438,0.1262379727665399,1.7287854037535408,0.15215805281207995,5.6461976636681825,1.0857893053334366
DL,2020-09-04,3.3773286447476094,6.2525991416343105,8.788347400394548,13.46933625085487,0.7102008606583582,1.4689172948788598,1.681397440474428,3.3741595721866027,1.217085055219549,0.21028479468909728,1.9813599069143781,0.20253667219057855,2.173426684964802,0.1913212307013424,2.6720316688832737,0.2331938047253033,2020,7.339551903217688,-6.493546744497708,0.5385795711640009,3.386619186646779,0.4342753631019672,0.5979129418166464,0.05701606079518402,0.4380021942706972,45.66041851696037,0.655066548496247,1.4237391169295328,0.12532813824958258,1.750358562808033,0.15275746079211225,5.756952398562421,1.1014272179820075
DL,2020-09-05,3.4500578785772555,6.3930836462316805,8.983578334414908,14.048281667487954,0.719499630040337,1.4973631790497672,1.707061468975711,3.5232018174365143,1.2383910073017508,0.2085471187332794,2.0005449207584456,0.202535673975904,2.1953982811626696,0.1900202130409642,2.7112638097586887,0.23412651991014008,2020,7.797571085695577,-6.575472674854278,0.5385795711640009,3.5979585942408403,0.4150360804736927,0.5750573375825427,0.05701606079518402,0.41893409897448747,40.41509678649358,0.5798146144726256,1.272924008006198,0.11017649656635284,1.5720303805888163,0.13574997787951537,5.208810008553412,0.9897791875152259
DL,2020-09-06,3.524700032506294,6.53787264468929,9.186215987730575,14.658262834408667,0.7281736090690132,1.524607931256622,1.7314121936417772,3.6715679391624834,1.259795335481928,0.20659165385805436,2.0199399995959966,0.20225970948590713,2.2177040983346257,0.18847936908454044,2.750998754295068,0.2344811795529641,2020,7.533094621249229,-6.564774254540801,0.5385795711640009,3.4759237505989775,0.4212063654721816,0.5935417851567301,0.05701606079518402,0.4250478014328331,45.007401138157825,0.645698043906624,1.431967198258371,0.12170075993464238,1.7763145144378847,0.1514040389702668,5.931521694181388,1.1179694666305724
DL,2020-09-07,3.60096282245859,6.68645999892023,9.395595995924674,15.297179504863823,0.7363344093645052,1.550494554634683,1.7546043774046227,3.815851595641955,1.2812012603864478,0.2044826469110187,2.0394603392875332,0.20171763787913966,2.240241068418511,0.18674753343648234,2.7909920563287502,0.2341418399731764,2020,3.6849273254762016,-4.040532517937677,0.5385795711640009,1.70030074675072,0.38438419723202377,0.6234999322143115,0.05701606079518402,0.38858981236042134,18.572447273744228,0.2664493521499608,0.5969107813398482,0.04975875929975386,0.7436580252644824,0.06238694157205264,2.5034504661768953,0.46751319963894705
DL,2020-09-08,3.678530495599568,6.838285413377386,9.610991486736296,15.962356916009965,0.7439254991323033,1.574651758444282,1.7765173236371259,3.952131785811085,1.3025133505826956,0.2022344248667293,2.0590201131712877,0.20089237319131903,2.2629073900574124,0.18484225338133103,2.830996589812807,0.23299425931079512,2020,5.109444533762663,-4.84973527357906,0.5385795711640009,2.3576020878825195,0.3964228511222896,0.5603358201687382,0.05701606079518402,0.4005020700077905,46.27559023368091,0.6638921008300468,1.5023263411690537,0.12271531191949168,1.8794762734535226,0.15468304829518445,6.380661329189055,1.1794158181504237
DL,2020-09-09,3.757054213321456,6.992717821463569,9.831646120030888,16.650571712923334,0.7507720678906802,1.5966307631086434,1.7968579748279034,4.076862260975492,1.3236351964375364,0.19982997988920517,2.0785308548133488,0.1997606820074476,2.28560637894215,0.18276267807961524,2.8707681745217513,0.2309762158010162,2020,5.922691709937201,-5.675447137285704,0.5385795711640009,2.73285094866264,0.4135710081155292,0.5838258314541325,0.05701606079518402,0.4174827061595429,45.86202686207573,0.6579589197681771,1.5038351041040319,0.12025033424320275,1.8888475270131933,0.15197286144057798,6.468819260678512,1.1822587320946016
DL,2020-09-10,3.836124589255407,7.149010428584714,10.05689034898574,17.358305033883113,0.7567909938917998,1.6163361536895575,1.8155775747992895,4.189175196665683,1.344462635444598,0.19728008730777255,2.097896500075233,0.19834753775990396,2.308258006448321,0.1805307119593279,2.9100820625147845,0.22818964980339457,2020,6.382933254771477,-5.937213455303723,0.5385795711640009,2.9452157996482144,0.4108616005940908,0.6109414842892468,0.05701606079518402,0.4147988500843973,45.63746854271647,0.6547372970153293,1.5113026079559664,0.11820019037650334,1.9053392637037248,0.14940427451914914,6.584621203474476,1.1887263538457338
DL,2020-09-11,3.9152942864135927,7.306333990311411,10.28603348412496,18.081461281503294,0.7618927486345534,1.6337253053367964,1.8326393032114785,4.289017343382202,1.3648904955611694,0.19459399291603358,2.117018355128691,0.19668427819569853,2.3307870026580386,0.17816773647877954,2.9487172501683854,0.22477405058803235,2020,6.911798808440291,-6.245579839521798,0.5385795711640009,3.1892451702186664,0.42518271069048347,0.5924541376690831,0.05701606079518402,0.4289885414072356,45.66661250471804,0.6551554104540133,1.5270277154073066,0.11672755652241729,1.9318680603468978,0.14726193537241347,6.738950489235613,1.2006635549096731
DL,2020-09-12,3.994085889769294,7.463787918030373,10.518324050290175,18.815240590878524,0.7659351196237361,1.6486797617463371,1.8479115388968024,4.376406737173378,1.3848147394617734,0.19176731316310724,2.1357968178585316,0.19479218734133935,2.3531188838093304,0.1756849789055342,2.9864513684247815,0.22086064093453162,2020,7.583046009140448,-6.7258779296133175,0.5385795711640009,3.498972341420697,0.4268044699555737,0.5620699076439194,0.05701606079518402,0.430595966960512,45.38448629774376,0.6511078908156568,1.5321342732755856,0.11438987606317552,1.9445020515185916,0.14380410608307698,6.848563787300033,1.2031897845050115
DL,2020-09-13,4.071992097523225,7.620399763941555,10.752947400957057,19.554109860927692,0.7687345806594401,1.6610074289031709,1.8611794329792335,4.451368222344681,1.4041323385595077,0.1887858724301111,2.1541314599275796,0.19268334118923722,2.3751798938272874,0.17308551447146303,3.023060914178754,0.21656828013780852,2020,7.249969035959435,-6.4784499647453595,0.5385795711640009,3.3452838216201175,0.43163000167277016,0.5966303325150013,0.05701606079518402,0.43537947761996737,45.600472351320626,0.6542065316786915,1.5538582004537125,0.11323367410619779,1.977706195718297,0.14168038342057496,7.034648424503516,1.2175957416810579
DL,2020-09-14,4.14847643152085,7.775125890750129,10.989023856669466,20.291788325554137,0.770094009560905,1.6704723354149549,1.8721851494989863,4.513936013974247,1.4227411419010147,0.1856329720736982,2.1719211157732503,0.1903644866423856,2.3968969434215226,0.1703686491100589,3.0583214737597855,0.21200361120238442,2020,5.545396264960423,-5.529108003237221,0.5385795711640009,2.5587591226435857,0.3872489868639807,0.5971622620293892,0.05701606079518402,0.39142382274943305,45.13640995267467,0.647548867039569,1.552107900123213,0.11032202571028052,1.980412605375934,0.13728269824240133,7.115929948257108,1.2123313724463747
DL,2020-09-15,4.223024509805442,7.926834840051785,11.225677800372768,21.021371555228757,0.7699360642232207,1.6769930124404095,1.880855702240628,4.564803434260199,1.440551579819748,0.18231863500567091,2.1890618908556703,0.1878597557239763,2.418203814912037,0.16754941088529826,3.0920134161499218,0.2072896968661487,2020,7.100502273861652,-6.21921746393239,0.5385795711640009,3.27631680415623,0.4012968916103762,0.563314458876238,0.05701606079518402,0.4053270610318908,41.42428855633605,0.5942929699260687,1.437121527050624,0.09957343700438709,1.8375618361349866,0.12319080958565802,6.671341399416671,1.1177793212869644
DL,2020-09-16,4.295301785115576,8.07425213535941,11.462258682177726,21.73575056110138,0.768610956467224,1.6811204345906376,1.8878472587339696,4.60713736931579,1.4575218172554771,0.1789422478138035,2.2054409674282924,0.18526269818312166,2.439059784552047,0.1647011562973464,3.1239386001959244,0.2026384551033097,2020,7.074797476686022,-6.304182912380665,0.5385795711640009,3.2644560856203086,0.40915604596643007,0.5891175155934459,0.05701606079518402,0.41310955101459895,44.15911584451548,0.6335281309383491,1.545212986554151,0.10434281571244279,1.9791029825482866,0.12837716171783436,7.2616633192519195,1.1960043453228177
DL,2020-09-17,4.36501557570599,8.216016710802677,11.698148372734058,22.42735191890663,0.7666155276576646,1.683597802771265,1.894055763813611,4.644765757289808,1.4736217576027226,0.17562721469411333,2.2209429171900292,0.182681722006625,2.459430570538796,0.16191073180677548,3.15390422517233,0.19826251696596287,2020,7.361928307139866,-6.6537401612698694,0.5385795711640009,3.3969441165403578,0.4203793259059861,0.5648026508515129,0.05701606079518402,0.42422825087182886,44.73418493644422,0.641778351532729,1.5784092972695876,0.10391080255441017,2.024107454523207,0.12724059130914536,7.50761837863854,1.2155639858113632
DL,2020-09-18,4.431867795719466,8.350706535660377,11.932693788084546,23.08808956577255,0.7644363761537881,1.6851045708414416,1.9003413670250795,4.681007988852068,1.4888211195143946,0.17248627698058175,2.2354519057569515,0.18021147005469937,2.4792820101251065,0.15925501825268285,3.18171750944604,0.1943287356214187,2020,7.078653950057404,-7.088106463053555,0.5385795711640009,3.2662355412171267,0.43316651748698437,0.5992967678021479,0.05701606079518402,0.43690280733865977,42.59246642798946,0.6110522172406645,1.514970769451838,0.09731313201000434,1.9441955387804475,0.1187450047750428,7.291498996862965,1.1612078058348303
DL,2020-09-19,4.495556275134502,8.476848512732042,12.16520753381175,23.709451464370673,0.7624825740502947,1.6861418498362433,1.90741020898211,4.718017464440454,1.5030894144678884,0.16960805902212447,2.2488518256322267,0.17792221196433922,2.4985800360005097,0.1567922457287054,3.207185820821325,0.19093978962841446,2020,5.190124601745455,-6.4875682545222855,0.5385795711640009,2.394829519449657,0.3544621435570171,0.5909844911156045,0.05701606079518402,0.35901844298536467,25.765293682127453,0.36964142142223544,0.9235786760444487,0.05795690857914309,1.1855087255736334,0.07057925524430973,4.496764604694662,0.7050578208834303
DL,2020-09-20,4.555776208156784,8.59293063485917,12.394968864328536,24.282609781507137,0.7610314182130857,1.6869452254305557,1.9157190647165137,4.75625880982003,1.5163959241319613,0.16704758606239584,2.261026435001701,0.17585295772914977,2.517290653529867,0.1545561820836645,3.23011679897826,0.1881237281642885,2020,6.5798205053158565,-6.4383092705043525,0.5385795711640009,3.036063599226743,0.39707199022240464,0.5770696315239899,0.05701606079518402,0.4011446081000984,42.39084032101002,0.6081595911484027,1.5309144546524194,0.09399482450545948,1.9644265118282058,0.11440924960570693,7.538119196827224,1.1650629231531953
DL,2020-09-21,4.612221726661172,8.697416430520484,12.621224977772911,24.798554700237453,0.7601948335956699,1.6874405474356322,1.92541579236115,4.794262601375048,1.5287096772835416,0.16482183178690796,2.271859502663555,0.17400928995116519,2.5353799187869717,0.15255379693745866,3.250318470987787,0.18583454217033799,2020,6.046911170572603,-6.231626082057142,0.5385795711640009,2.7901683454588038,0.3984084058603426,0.5619087219569529,0.05701606079518402,0.4024675006118874,40.56789384932662,0.5820067153736111,1.4756081387574185,0.08878733427334318,1.89170717721778,0.10815695149151724,7.34563769330499,1.1206049210405917
DL,2020-09-22,4.664679805041705,8.78881033491643,12.843324210183964,25.248829954626913,0.7599765592054171,1.6873764345007378,1.9364457852388277,4.829449953128757,1.5400191942248111,0.16292148463952769,2.281239930763816,0.17237809057163056,2.552824159628461,0.150774499930738,3.26762141488715,0.18398724672592362,2020,5.736509277402582,-6.356139438138414,0.5385795711640009,2.6469425708007863,0.40797143805002,0.5993668915157289,0.05701606079518402,0.41193631237510664,38.902534633421624,0.5581146629351499,1.4247685953837457,0.08414945920805962,1.8237074245694194,0.10268598019080512,7.168047562533673,1.08075878672076
DL,2020-09-23,4.713315350593281,8.865825963426314,13.06112872333302,25.627516271702657,0.7604783284604252,1.686744448378731,1.9489404955917815,4.860747027102036,1.5503915565016557,0.16134679559785897,2.2890768626221374,0.1709683968308052,2.5696405460963954,0.14921685076957414,3.2819451274213796,0.18254601659065,2020,6.527859840058666,-6.617350965987809,0.5385795711640009,3.012087886781166,0.4073019206853405,0.5931695297454113,0.05701606079518402,0.4112732495343789,39.35780836912309,0.5646462411456338,1.4509378754487434,0.08425473390262901,1.85313797984471,0.10307392210401903,7.37491723874926,1.1004619250524081
DL,2020-09-24,4.758406205612221,8.92726462184457,13.274649062049258,25.929761758999405,0.7617125573067711,1.685430149835251,1.962872656068987,4.886894819137254,1.5599127814212608,0.1600772452777113,2.2952849740312424,0.1697779009664481,2.5858561307747427,0.14786625596608963,3.2932320601077847,0.1814681786965363,2020,4.568650832014218,-5.260415291774669,0.5385795711640009,2.1080688261099447,0.3590368801610273,0.562566649874541,0.05701606079518402,0.36353584761941155,29.494922040751913,0.42314848192257554,1.0942010962075173,0.0625693817396258,1.393526146853365,0.076787984332694,5.617147598661085,0.8305865846229256
DL,2020-09-25,4.8002505714180685,8.971984719116971,13.483916490953046,26.151316069897177,0.7635358749136282,1.6830690772314865,1.977923989759268,4.905688268242789,1.5686681189301128,0.15906167054276665,2.2997796332811733,0.1687797489305142,2.601497604157223,0.14668764754560326,3.3014255192344786,0.18067957573819984,2020,4.1207832343478685,-4.9440772020970645,0.5385795711640009,1.9014135671329888,0.3532028233750218,0.5610720846480065,0.05701606079518402,0.35777516072065,24.915899005060627,0.35745559270035077,0.9299198680025627,0.05243431999523377,1.1801130157340238,0.06458492483434614,4.819901361195655,0.7070199920756417
DL,2020-09-26,4.839164882785873,8.998919411645538,13.68898268828295,26.288614679340256,0.7656739860299792,1.679071874010728,1.9935197968434804,4.914090524875809,1.5767421609620083,0.15822440536251908,2.302477028319823,0.16792533321702213,2.616591325968186,0.14562950675288885,3.306469570490771,0.18007841668108507,2020,5.287616505257739,-5.913142533962393,0.5385795711640009,2.4398142753763326,0.38591539029748406,0.5854545131107518,0.05701606079518402,0.3901044983809589,30.622635370396832,0.43932720525752067,1.1495397545386734,0.0639790042047779,1.452622035672745,0.0791133475277004,6.01394250726193,0.8758074809727866
DL,2020-09-27,4.8754818257409855,9.007094612678543,13.889919393135775,26.338854009440745,0.767778093586844,1.6727091858887326,2.0089246335721365,4.908625854384283,1.584218935615283,0.1574773778323244,2.3032943027132236,0.16715233048456288,2.631163353519448,0.14463184246878508,3.3083089141568953,0.1795476084216705,2020,5.2124669400240515,-5.85453570579573,0.5385795711640009,2.405138730759366,0.3721994811309123,0.5711891427685646,0.05701606079518402,0.3765412128077356,42.64080310528096,0.6117456786978205,1.609602811463588,0.08847790463238318,2.0238436820329593,0.10983747357248533,8.497098166211863,1.228950963417357
DL,2020-09-28,4.909548525894771,8.995647029432071,14.086818012987242,26.30005481765288,0.7695119468667942,1.6632543667481603,2.023402549476634,4.8860313617561655,1.5911819876591777,0.15673782279737214,2.302149701167986,0.1663978691775256,2.645239467403442,0.14363801304248924,3.306888710161531,0.17897514837943615,2020,5.281941114760329,-5.9642704306578,0.5385795711640009,2.437195534259206,0.37482720409862397,0.5750916417346588,0.05701606079518402,0.37913884543922904,42.01524708988275,0.6027711481699025,1.594474030951114,0.08658085004246467,1.993297104694154,0.1078810556825514,8.491127467748784,1.2196486779579385
DL,2020-09-29,4.941762837989742,8.963958473608939,14.279886438834044,26.171791476093,0.7707426768849044,1.6503196960757651,2.036599548759422,4.844796678737464,1.5977221173395806,0.1559651286702448,2.29897442974863,0.16562892152219302,2.6588520044172155,0.14262015020097812,3.3021793570795657,0.17830243850502608,2020,5.844924074113577,-6.774685211682945,0.5385795711640009,2.6969673727913417,0.37356993427488616,0.5658706257466675,0.05701606079518402,0.3778959208336905,42.54604859744648,0.6103862844912488,1.6229267959883336,0.08705338357475886,2.015604988491497,0.10883336295481225,8.716246826356882,1.2431124315638176
DL,2020-09-30,4.972711170994985,8.912135776735411,14.46982721333163,25.957825001247247,0.7719124022382643,1.6345454901859535,2.049340423085243,4.788244381898599,1.6039651986160015,0.1552296877286386,2.29375984245088,0.16490346046533833,2.6720655995445672,0.14162853452715066,3.29427360776178,0.17761983326462957,2020,5.809446525948157,-6.6899047153424505,0.5385795711640009,2.6805973073028038,0.3803292176253197,0.5885720188408875,0.05701606079518402,0.38457917906211186,42.14129031580154,0.6045794255279667,1.6154758851456965,0.08562569804279255,1.9916500453125594,0.10738529675750298,8.748159824124977,1.2389890557001164
DL,2020-10-01,5.003128904563528,8.841007841968809,14.657801111523067,25.66569715276494,0.7739105446786085,1.6173941286799078,2.063455975242033,4.723204381421913,1.610063497627578,0.15468530982135953,2.2865581287835983,0.16435248855124673,2.684972692815825,0.14077527451371066,3.2833779885735335,0.1771266040547591,2020,6.054497484694323,-6.874158487871479,0.5385795711640009,2.7936688257741324,0.3852883434595075,0.586983746801429,0.05701606079518402,0.389484195821052,39.11655452630758,0.5611850963016393,1.5067666591851203,0.07900098598486642,1.842582792712321,0.09940081035405232,8.225739528340348,1.1579807401803934
DL,2020-10-02,5.033792095631167,8.751630264058756,14.845111023000925,25.303953035258452,0.7775872850113019,1.6002723198971835,2.0808347199770765,4.655768917843573,1.6161735958267158,0.1544734606115677,2.2774344776024242,0.16410305523941485,2.697670587002235,0.1401696974009183,3.2697192334121103,0.17699883023676585,2020,5.734201105548667,-6.40782983379941,0.5385795711640009,2.645877533154126,0.3773338685459056,0.571222729014481,0.05701606079518402,0.381617189786334,41.82095895051109,0.5999837961261477,1.618558639487454,0.08409954714845638,1.9617785579292757,0.10619643007534235,8.906826065494215,1.248467114402936
DL,2020-10-03,5.0654937028594285,8.645146684455252,15.033125250699603,24.88128787284458,0.7835354291253023,1.5841701368256509,2.1029905304199716,4.5896195736663135,1.6224516063678807,0.15468096005785242,2.2664548545837007,0.16424531307323742,2.710256116327852,0.13989044163136363,3.253520231642023,0.17733350813975063,2020,5.580189269140052,-6.507897929210091,0.5385795711640009,2.5748133255526433,0.37860580782964776,0.5647985399421603,0.05701606079518402,0.3828748998183875,41.714289833220306,0.5984534691435148,1.6219621750838324,0.08371792009430794,1.9470804695547805,0.10612585314162348,8.99662595835015,1.2585419785057923
DL,2020-10-04,5.0990444756778155,8.522768670047302,15.223277557330247,24.406315233792625,0.7920112548909588,1.569562590526144,2.1308917861467185,4.525697824335164,1.6290531644663995,0.15532542590456164,2.253685633207032,0.16482208535244694,2.7228256746725292,0.13997588746062511,3.2349977743725415,0.1781327903196127,2020,5.801690446276116,-6.551255661379322,0.5385795711640009,2.677018493694445,0.36356374131681507,0.5588379057957384,0.05701606079518402,0.3680073711067214,42.056163990290585,0.6033581619029319,1.6428390942525277,0.08445559416897443,1.9518623109054922,0.10747787294188191,9.185088765128933,1.2856909513035395
DL,2020-10-05,5.13527496621174,8.385753787561965,15.417068418431418,23.887341871499068,0.8029326139260857,1.5564396499424749,2.1649286797200182,4.462569808971244,1.636133389407811,0.15635630403612139,2.2391929851468477,0.1658300105853058,2.7354752345247095,0.1404241468586727,3.214359315638299,0.17931082523850286,2020,5.490253520560508,-6.499596617301355,0.5385795711640009,2.533315133875383,0.3483403555177731,0.5717560671300106,0.05701606079518402,0.3529756853819377,41.21536320355804,0.591295625307188,1.617474539310615,0.08303218372502727,1.900636601502333,0.10602570653374846,9.116045110880107,1.2801128574205132
DL,2020-10-06,5.174976479864362,8.235463341116057,15.615979274503614,23.332030054607703,0.8160007070858782,1.5446022642698003,2.205143838495837,4.39797399843685,1.643834794187358,0.1576820127126966,2.223050784684555,0.1672468621464035,2.7482947024736224,0.14121073035081444,3.1917935916462423,0.18074833824249759,2020,5.750177814442778,-6.667205316006204,0.5385795711640009,2.6532495130234346,0.37830116431192634,0.5702643853050748,0.05701606079518402,0.38257365579501057,40.45587488644149,0.5803996369068197,1.5951092474286266,0.08195865662295954,1.852515841672993,0.10490626988745663,9.06350870086632,1.2798646831902944
DL,2020-10-07,5.218715062049794,8.073566601555457,15.82120305710738,22.746847817712325,0.8309967398771388,1.5343556206270017,2.2518629060366067,4.3320540563448855,1.6522512148975737,0.15923397426314784,2.2053654174336383,0.1691017091739836,2.761351006041499,0.14233196413119792,3.1674497982073677,0.18242648833221933,2020,5.875451018398352,-6.950003295280591,0.5385795711640009,2.7110531285142754,0.36912446784375813,0.5728935767917828,0.05701606079518402,0.3735019463798519,41.090697273369486,0.5895071073028391,1.6278360438193087,0.08390570445171393,1.8672341680681868,0.10754171143214174,9.326711648246206,1.3274891877802049
DL,2020-10-08,5.266934876573126,7.901722103871626,16.033762981141773,22.137197734132492,0.8478932233543586,1.526231554534273,2.305865576558247,4.266543629393171,1.6614485759997364,0.1609841859115659,2.1862447528374234,0.1714535161539663,2.774696685245178,0.14381312604348134,3.1414416139194143,0.1844019175709889,2020,6.300254889024148,-6.704805872307786,0.5385795711640009,2.9070663126696226,0.37310210497474067,0.5708373652796775,0.05701606079518402,0.3774334536380983,41.24933722539579,0.5917830331310021,1.642018420412929,0.0851061679340625,1.8590518466891814,0.10912592609533284,9.488508889483658,1.3645721248880065
DL,2020-10-09,5.319774055044609,7.721417886918381,16.25418247739046,21.507242052777876,0.867147999660846,1.5208513300860476,2.368988030727145,4.204323701176875,1.671430831595364,0.16300466724494647,2.1657818264134865,0.17438120152082565,2.7883502588823954,0.1457463661443695,3.1138371264340066,0.1867987064482639,2020,5.393769955581906,-6.009707501971356,0.5385795711640009,2.488795645947331,0.3646224226917174,0.5703526631682764,0.05701606079518402,0.3690533055239819,39.252399090952046,0.5631339884271148,1.5702148024162215,0.08207473246563741,1.7535075203212083,0.10519270059523667,9.153282607115013,1.3340576782794737
DL,2020-10-10,5.377299957883584,7.53385199732146,16.48287106320432,20.85953421515436,0.8895896991338325,1.5189278069838612,2.4438039673967484,4.149479827519098,1.6821863816321283,0.16543427112144218,2.1440408419064294,0.1779885340712038,2.802321724307917,0.14826324601010774,3.0846371748889188,0.18982471386066527,2020,4.632460950649279,-6.15684836317844,0.5385795711640009,2.1375121184146106,0.36515181524272655,0.5950926665881797,0.05701606079518402,0.36957635119641846,34.540539442328104,0.49553536061610765,1.3886495062172761,0.07346968107773343,1.528546794828432,0.09406485803679421,8.167845456293758,1.2109912802590224
DL,2020-10-11,5.439589064950667,7.339723906449711,16.72025791527372,20.19454526099291,0.9163409670923308,1.5212825471911475,2.533394684852607,4.107268506173753,1.6937035184834697,0.16845775593540013,2.1210301110804406,0.18241401804856272,2.816621033092231,0.15151648363859188,3.0537438495611293,0.19378894218282172,2020,4.356014560366007,-5.551107614473666,0.5385795711640009,2.009954106459939,0.3391046181503224,0.5769039451227372,0.05701606079518402,0.3438644692891024,21.84965620045852,0.3134657836687916,0.8829143194362575,0.04749523328251084,0.9572442089264318,0.060746202627684355,5.241228750555592,0.7941325502296737
DL,2020-10-12,5.506727048846088,7.13885551249489,16.966793174067618,19.51005471720943,0.948789310607922,1.5288980515407875,2.641224001223141,4.083853921066193,1.705970444651424,0.17229641167828302,2.0966495696986787,0.18785172549059276,2.831258091092453,0.15567019495823406,3.020915239911517,0.19911472579541883,2020,4.521803081732007,-5.744456647581152,0.5385795711640009,2.086452317084725,0.34367917629050726,0.563670714413379,0.05701606079518402,0.34837653107567634,26.88404541876837,0.3856915773898889,1.091992399151334,0.06004068304603283,1.1651415640426277,0.0767968726735903,6.543949222554139,1.018697851271787
DL,2020-10-13,5.578725279351036,6.929494525678184,17.222781962205016,18.79988442423504,0.9885933256833704,1.5431425257784712,2.7710975680414536,4.086030871497727,1.71896030573504,0.17720774481269524,2.070589291582131,0.194607931285064,2.846233040086139,0.1608972101094098,2.9856761005236065,0.20636640012385274,2020,3.021239929394292,-5.327207685286088,0.5385795711640009,1.394061823837558,0.3278749044237878,0.5827932623527516,0.05701606079518402,0.3327954088317748,18.668844175634597,0.2678323089396275,0.762313166906526,0.0430934712855476,0.7996605237491009,0.055271589432730514,4.612817459301138,0.7421894599455291
DL,2020-10-14,5.655261973210225,6.707037391943826,17.487864662971166,18.051639348610397,1.0376484444068592,1.5660059012828318,2.9270714931469906,4.120020229213103,1.7325864344385231,0.18348370938823816,2.042133858470064,0.20319168334641521,2.861507192553092,0.16737729560229136,2.947153152915352,0.21625541791045988,2020,3.995424916638842,-5.735321065137922,0.5385795711640009,1.8435706784175305,0.3378828802757472,0.5707213142797266,0.05701606079518402,0.3426597028715735,31.204206146580724,0.44767070217311633,1.2810129341636656,0.07492991145011503,1.3193541213773294,0.0968112147847163,7.82880465318073,1.3103641506480252
DL,2020-10-15,5.735917125984847,6.461750095986155,17.761484959034217,17.24762938463471,1.0975824748360767,1.5991829801389732,3.1124274009534743,4.186892931724902,1.7467476551428835,0.1913525685132042,2.009789984019201,0.2143174134174247,2.8770323466269216,0.17523463877778792,2.9040351748588447,0.2294485954022305,2020,3.9741350708982632,-5.751789201527179,0.5385795711640009,1.8337471086660604,0.34864587443714984,0.5798527906775072,0.05701606079518402,0.35327719562780296,29.067923839107607,0.417022558261553,1.199787389391598,0.07307679735915225,1.2110481779011717,0.09568524024415817,7.4069398961405435,1.2979524371489741
DL,2020-10-16,5.82025084499011,6.175047431469167,18.043049279110605,16.36501167199145,1.1694856654090768,1.64212900321599,3.3291837070174446,4.283124611414374,1.7613433613283105,0.20093389383994226,1.970609372281558,0.22886664079929947,2.892760529126256,0.18451336331890514,2.854457358351956,0.24665256161749402,2020,3.0610351158123663,-6.257801668035991,0.5385795711640009,1.4124241358201943,0.32952706233058604,0.6075720818178734,0.05701606079518402,0.33442325875576606,21.055435473830343,0.30207150724657156,0.873820533136558,0.055736229764875946,0.8622502366084425,0.07450671105402429,5.450291091065107,1.0056515402794879
DL,2020-10-17,5.907800230490315,5.81449724272954,18.331923533866917,15.376604279597393,1.2538106955812114,1.68719865206069,3.577971123634941,4.408871490151501,1.776273550707183,0.21222970423242493,1.9190522902671874,0.24758960081182518,2.908643995454833,0.19517707004531715,2.7958537479955674,0.2692176848679334,2020,3.153284967015355,-5.943420406629,0.5385795711640009,1.4549901017223343,0.32163540412171165,0.612660592246596,0.05701606079518402,0.3266499110257599,18.64614511233581,0.2675066571490354,0.7780816320607364,0.05221116555996592,0.7479094900038958,0.07201752292442332,4.903911583656471,0.9571310946593611
DL,2020-10-18,5.998076569527108,5.330702510789396,18.627430034150244,14.254152629658646,1.3503754306780928,1.722745303394672,3.858099989963994,4.586637897554493,1.7914388460884672,0.2251347436174122,1.845411211165492,0.27212545534379523,2.924635227387168,0.2071192849948071,2.7248517695697023,0.3006812642372998,2020,3.276778076925716,-5.820937297265441,0.5385795711640009,1.5119723454554643,0.32028301545614773,0.5896492901819538,0.05701606079518402,0.3253183689530659,17.749714843899973,0.2546460329807811,0.744746758569987,0.05274210427774345,0.6938726935815861,0.07656729112967439,4.743401162823416,0.9824498572875224
DL,2021-06-22,14.220204975166729,4.5546411415950206e-10,27.572730289076503,5.0802045420870485e-9,3.6945710123919926,2.3794433933267474e-6,6.859839982383438,2.6728455459771978e-6,2.654663838839893,0.2598113753524621,4.554641107674383e-10,2.3794433922429963e-6,3.3168272512922736,0.2487907403606346,5.080204466408772e-9,2.672845532398596e-6,2021,17.99383476952936,-13.28923361649096,0.4864771858877612,9.240244667519365,0.623209727383416,0.658511125285496,0.0461775677103757,0.6249181802963952,63.030532811221256,0.904266647560172,2.9992962590622847,0.22497316872992423,4.593859461759673e-9,2.416965069028262e-6,24.933100382584023,6.203124503669101
DL,2021-06-23,14.013097105004691,4.5596815675789826e-10,27.07966515870829,5.399299371604763e-9,3.4732298614759936,2.3314012520410096e-06,6.425169431124661,2.8246775928972432e-6,2.6399923998011716,0.24785597612361873,4.5596815202038845e-10,2.331401250977965e-6,3.2987830830750244,0.23726916095409886,5.399299437404038e-9,2.824677577645963e-6,2021,11.799060794930996,-9.4031014482619,0.4864771858877612,6.059086903294355,0.5442814241651125,0.6342570968271014,0.0461775677103757,0.5462367952187489,62.38479359111954,0.8950025589714184,2.952419300843772,0.21235650621891985,4.832386813129554e-9,2.5280936602623247e-6,24.236369613133082,5.750543082681505
DL,2021-06-24,13.809410823608408,4.5647260950762753e-10,26.59695945162959,5.7384359881544236e-9,3.2702471514542646,2.2841159610321716e-6,6.026492862142303,2.985070857105971e-6,2.625350303484925,0.23681293816413138,4.5647263736254796e-10,2.284115959989535e-6,3.2807969029244726,0.22658578222455653,5.7384359321786045e-9,2.985070839976333e-6,2021,12.336318510601387,-11.239264206126531,0.4864771858877612,6.334980997348927,0.6927214006909347,0.7607907017083623,0.0461775677103757,0.6942588182622219,63.00214819095575,0.9038594280069655,2.9653792120843376,0.2048016955159985,5.186739419313571e-9,2.6980844219812807e-6,24.039912556674377,5.447102391264002
DL,2021-06-25,13.60962170624414,4.5697732472169336e-10,26.126311860852745,6.0988720441116895e-9,3.086753627761841,2.2376687960078093e-6,5.665770995900276,3.154504172945178e-6,2.6107770209974417,0.22680671765811303,4.569773447493121e-10,2.2376687949852453e-6,3.2629429237937386,0.216860727456514,6.098872055435914e-9,3.154504153706261e-6,2021,14.99628467208505,-12.04835953305117,0.4864771858877612,7.700934306037347,0.651910519251174,0.6719721427834525,0.0461775677103757,0.6535439486905082,54.822576523052874,0.7865113187538592,2.5663415420115863,0.17056341673774406,4.79683190323196e-9,2.481053221946038e-6,20.548639995853886,4.456193017742892
DL,2021-06-26,13.41417703735745,4.5748215405937776e-10,25.669297658514548,6.481943972503209e-9,2.923448562076412,2.192141582457926e-6,5.34421951882576,3.333482828177164e-6,2.5963121355446392,0.21793722819781142,4.574820521360759e-10,2.1921415814550605e-6,3.2452956341080665,0.20819500361565496,6.4819438495321095e-9,3.3334828065697157e-6,2021,8.336873799160863,-12.409553935948358,0.4864771858877612,4.281174894243677,NA,NA,0.0461775677103757,NA,61.602769796216215,0.8837832656576926,2.868137973536679,0.18399926018905866,5.728633503149283e-9,2.946076320803954e-6,22.68609571178135,4.723131778739413
DL,2021-07-01,12.515991515834031,4.600027748811722e-10,23.636362740327765,8.789778096845034e-9,2.3952036640784975,1.9811622625318764e-6,4.300812869349094,4.3912789627648304e-6,2.5270071479407963,0.1913714675380145,4.600027024900285e-10,1.9811622616205363e-6,3.1627863203079465,0.18195747444724883,8.789777977919022e-9,4.391278924166463e-6,2021,8.016382303379917,-8.931986914418859,0.4864771858877612,4.116595199431205,0.5589839834029806,0.7125427651506577,0.0461775677103757,0.5608881006588659,57.79495632108659,0.8291545234891524,2.622438584312945,0.15087086302059824,7.288084170856893e-9,3.6410487838752014e-6,19.598197084973226,3.566038445301162
DL,2021-07-02,12.35462337731654,4.605051371821631e-10,23.288486751279983,9.341802477498166e-9,2.336306291084356,1.942856260080791e-6,4.186762732987719,4.63981128263475e-6,2.5140303555535684,0.18910380508837563,4.605051894307426e-10,1.9428562591860956e-6,3.147959107602424,0.1797782216466944,9.341802399084791e-9,4.63981123929055e-6,2021,11.543551217989814,-9.397265376321991,0.4864771858877612,5.927876906310891,0.5752211376064091,0.6718170492339096,0.0461775677103757,0.5770716809104894,60.44671828239335,0.8671979889642143,2.729903807454405,0.15590331227157617,8.101192253787404e-9,4.023634975886324e-6,20.19572887672975,3.630752222317268
DL,2021-07-03,12.20007701555026,4.6100655692809044e-10,22.96262102442839,9.928478163076664e-9,2.287356320309426,1.906023841389862e-6,4.094653334345017,4.90229609765581e-6,2.501442264469307,0.18748703941737038,4.610065661484323e-10,1.9060238405111724e-6,3.133867721052271,0.17831820374464177,9.928478212468573e-9,4.902296048983471e-6,2021,11.071307722996192,-9.271660760332356,0.4864771858877612,5.685369097815567,0.5550599996382929,0.6483241009247155,0.0461775677103757,0.5569775318252147,66.06414942380745,0.9477883853893944,2.970243427360073,0.16900792241267107,9.41009633436937e-9,4.646339256966852e-6,21.763705505051544,3.8808648724881634
DL,2021-07-04,12.052635613405004,4.615068805677208e-10,22.65971610824745,1.0551977306273892e-8,2.245621919187057,1.8707343853520212e-6,4.0197381997188835,5.179508249765075e-6,2.489283359124403,0.1863179134603111,4.6150683264309764e-10,1.8707343844886645e-6,3.1205887272004382,0.1773957882135964,1.055197723626724e-8,5.179508195111022e-6,2021,8.846706664280763,-8.635224993162412,0.4864771858877612,4.542985701866955,0.5393681606124437,0.6809268580298928,0.0461775677103757,0.5413412790856589,58.88243552830921,0.8447560285557814,2.636136139945783,0.14985616153384018,8.913846383520122e-9,4.37542077277411e-6,19.141931787804584,3.39569807742849
DL,2021-07-05,11.91257089382017,4.6200595390836604e-10,22.38069746076107,1.1214607920822289e-8,2.2085292954415827,1.8370525851315275e-6,3.957486785333949,5.472264803992405e-6,2.4775942201752184,0.18539485012318302,4.6200598891473864e-10,1.8370525842827982e-6,3.108198866864713,0.17682589169852314,1.1214607846098829e-8,5.472264742623102e-6,2021,9.080666670440989,-8.590810827386287,0.4864771858877612,4.66312950262007,0.5745782758207519,0.6941323912028138,0.0461775677103757,0.5764308829380973,53.85864633724155,0.7726823079756022,2.4016502740961783,0.13663023810745875,8.665329073564941e-9,4.228322151183534e-6,17.293168968084565,3.0578800230747825
DL,2021-07-06,11.780145343731563,4.6250362211974503e-10,22.12647859312752,1.1918822352774534e-8,2.173818401594841,1.805037554022522e-6,3.90384783295281,5.781427266562143e-6,2.466415516324878,0.18453239227235602,4.625035908741456e-10,1.8050375531876856e-6,3.096775017728941,0.17643330892089376,1.1918822302473118e-8,5.7814271976543394e-06,2021,11.106727089283885,-9.427882006648048,0.4864771858877612,5.703557750465695,0.55919980934173,0.6703329017178005,0.0461775677103757,0.5611031941875518,66.11648220597124,0.9485391769085852,2.937412426387679,0.16735390562308272,1.1305469896507541e-8,5.4839101954199555e-6,20.98783179261061,3.702952610245423
DL,2021-07-07,11.655614492507182,4.6299972973838815e-10,21.89797465221206,1.2667226277868974e-8,2.13967815758602,1.7747419033296311e-6,3.8554712689736306,6.107903911848029e-6,2.4557879946077246,0.183574890792889,4.6299963852131855e-10,1.7747419025079264e-6,3.0863941509116124,0.17606519918882835,1.2667226298708046e-8,6.107903834477829e-6,2021,5.923543026672606,-6.79416507764942,0.4864771858877612,3.041874484571845,0.4908202247796586,0.6703310733295216,0.0461775677103757,0.49298768829698064,46.3902285785425,0.6655367582233186,2.0541087577971266,0.11717786190407568,8.43050472652332e-9,4.065034517538151e-6,14.573907061689617,2.5659578497758546
DL,2021-07-08,11.53878581325294,4.6349411371542924e-10,21.69592052534392,1.3462588128947414e-8,2.1050237837399868,1.7462113228135428e-6,3.8102077239859136,6.45265215790752e-6,2.4457140400550688,0.18243026760426123,4.6349413185625757e-10,1.7462113220041842e-6,3.0771242486495023,0.17561862468730235,1.3462588064756736e-8,6.452652071038122e-6,2021,8.523679388247814,-7.848054486756251,0.4864771858877612,4.377103826043503,0.5009987710062923,0.6418548205954501,0.0461775677103757,0.5031223870088287,66.43881470952488,0.9531635156121958,2.933002566818296,0.16739326571392787,1.2832047769042318e-8,6.150432533053012e-6,20.679759882379606,3.6317509894071565
DL,2021-07-09,11.427722577399347,4.6398658249155205e-10,21.520309436725423,1.4307848794828824e-8,2.0699469800496386,1.7194847638948671e-6,3.768006765996959,6.8166808811615985e-6,2.4360422083825255,0.18113381437377393,4.639866267897529e-10,1.7194847630970491e-6,3.068997114220198,0.1750907335731278,1.4307848803301901e-8,6.8166807836295595e-6,2021,7.218863303745885,-7.08368531007225,0.4864771858877612,3.70705099843116,0.5110507974353862,0.6560311509149388,0.0461775677103757,0.5131328145022402,56.86330663760205,0.8157886244809962,2.5036529343458422,0.1428370287009905,1.1672180294527725e-8,5.5609706400031976e-6,17.556023633791636,3.073897056667746
DL,2021-07-10,11.320126265945506,4.6447693677166327e-10,21.371010715271137,1.5206132658047624e-8,2.0350054846719177,1.6945912551507843e-6,3.729607757063185,7.201053194462586e-6,2.4265822269482977,0.17976879734935935,4.644769012771997e-10,1.6945912543636858e-6,3.062035364200991,0.17451714412356314,1.52061324597162e-8,7.2010530849624175e-6,2021,7.858917367256848,-7.677922033718444,0.4864771858877612,4.0357333623092835,0.5176075526438985,0.657554246241052,0.0461775677103757,0.5196633009109383,66.22438834849125,0.9500872508561744,2.9092007611981043,0.1658065136876269,1.4447152584806602e-8,6.841628728761317e-6,20.3043248184898,3.5434527806800244
DL,2021-07-11,11.213780248597892,4.6496497647564916e-10,21.247971379092757,1.61607591237358e-8,2.000884853195432,1.671548437381689e-6,3.695965633438614,7.606889280780752e-6,2.417143401343778,0.1784308956335765,4.6496495531859814e-10,1.6715484366044776e-6,3.056261426300117,0.17394440003224554,1.6160759044735937e-8,7.606889157847648e-6,2021,7.516223006239626,-7.8539253794354575,0.4864771858877612,3.859751989659324,0.5413862655607097,0.6908620380974724,0.0461775677103757,0.5433520555748524,65.64612284618616,0.9417911730055358,2.8783600336867594,0.1638193005441127,1.522006021740168e-8,7.164101062892429e-6,20.01115188910382,3.4808278093043006
DL,2021-07-12,11.10654548679812,4.6545050074777565e-10,21.15121848536308,1.7175254740511058e-8,1.968257714390018,1.6503618520013618e-6,3.6680638670108903,8.03536930311739e-6,2.4075346180186217,0.17721601345167157,4.654505668693433e-10,1.6503618512332e-6,3.0516975154338937,0.17342092464078315,1.7175254626465404e-8,8.035369165107878e-6,2021,7.928747184786605,-8.122039179076666,0.4864771858877612,4.071592566716109,0.5253645710334963,0.6708135347933262,0.0461775677103757,0.527390083578423,65.6366432598187,0.9416551742537811,2.873646755665734,0.1633027110118685,1.617316738813734e-8,7.566546951363119e-6,19.917154328514368,3.454051319864138
DL,2021-07-13,10.996360185003097,4.659333079669166e-10,21.080861909563563,1.8253366070517484e-8,1.9376669204034365,1.6310244072538e-6,3.646772019599036,8.487736450222123e-6,2.3975643257689976,0.1762098446944325,4.659332918402255e-10,1.6310244064938513e-6,3.048365610387742,0.17298970199812552,1.8253365985317513e-8,8.487736295292365e-6,2021,7.622052025214124,-8.003749789214016,0.4864771858877612,3.9140976052978456,0.5268117357581612,0.7017119949703833,0.0461775677103757,0.528831705452853,62.63022777314355,0.8985236769927469,2.7390286770638332,0.15543534312123528,1.6401081522621828e-8,7.626432025390892e-6,18.941653557157395,3.2767110042043917
DL,2021-07-14,10.881243144920582,4.664131957576758e-10,21.03709759450522,1.939907335460132e-8,1.9094347411991188,1.6135160548318546e-6,3.6327447021316273,8.965300123849787e-6,2.3870404945440966,0.17547946643306583,4.664131302312448e-10,1.6135160540792896e-6,3.046287431324723,0.1726827898103435,1.9399073270552588e-8,8.965299949931275e-6,2021,9.218156081223176,-9.043162300042786,0.4864771858877612,4.7337334517555725,0.5745834862582538,0.6975257067106988,0.0461775677103757,0.5764360766297815,65.06723430667587,0.9334861567604442,2.8436671466549615,0.16119699379872915,1.8108766352042396e-8,8.368983394465948e-6,19.637839382889062,3.3911168904847173
DL,2021-07-15,10.759313773621864,4.668899594356716e-10,21.019985935381357,2.0616604941769696e-8,1.8836569144069228,1.5978038998353871e-6,3.626418378048343,9.469439234386296e-6,2.3757717770141826,0.17507221687548527,4.668898599977964e-10,1.5978038990893887e-6,3.0454736963420808,0.17252239793102175,2.0616604655218113e-8,9.469439039158614e-6,2021,9.468389277843382,-9.15697527504122,0.4864771858877612,4.862233907068282,0.6036916151489519,0.7097163160441765,0.0461775677103757,0.605455146118023,64.25121860525344,0.9217791990405761,2.807254304513346,0.15902755778141678,1.9003957326023166e-8,8.72873193287919e-6,19.375785799360003,3.342757027903427
DL,2021-07-16,10.628840468213053,4.673633873075424e-10,21.0287792026984,2.1910452415064528e-8,1.860248060157459,1.5838429548687851e-6,3.6280248007418128,1.0001605553493449e-5,2.363571105332875,0.17501890876251044,4.673634811398802e-10,1.5838429541285548e-6,3.0458919377537534,0.17252664863570716,2.1910452101310965e-8,1.0001605334353752e-5,2021,9.605516237849915,-9.060666936541098,0.4864771858877612,4.932651729461493,0.6152167097666233,0.7129183044456114,0.0461775677103757,0.6169472973728923,64.69532544479767,0.9281505715332693,2.8270463428547234,0.16013070753595113,2.0336198640384094e-8,9.28299570733063e-6,19.517873435631447,3.367353292345389
DL,2021-07-17,10.488211414540794,4.678332653629286e-10,21.062594130949073,2.3285387107382474e-8,1.8386280532495387,1.5715759444989004e-6,3.637173412159571,1.056332744392385e-5,2.35025190401384,0.1753042516572917,4.678333275236819e-10,1.5715759437636648e-6,3.0474986772277726,0.1726840193352613,2.328538690289446e-8,1.0563327197952687e-5,2021,9.253998595825506,-9.1155208773414,0.4864771858877612,4.752139400719019,0.5567134923087605,0.6866635837867847,0.0461775677103757,0.5586253487609228,64.84193920315765,0.93025396374408,2.834947723995976,0.16063999346188618,2.1661323463732058e-8,9.826576996221132e-6,19.59356167704817,3.3834949834860213
DL,2021-07-18,10.3359356177045,4.682993788533393e-10,21.120627713752032,2.47464775161495e-8,1.8177073848303904,1.5609337343646171e-6,3.6527899168139624,1.1156213699976271e-5,2.335626718083588,0.17586287802691283,4.682993991492014e-10,1.5609337336336328e-6,3.050250179691469,0.17294892776484871,2.4746477227616138e-8,1.1156213423899287e-5,2021,10.144673487029385,-9.45131197746954,0.4864771858877612,5.209521277309148,0.6230233316336518,0.7084390092164448,0.0461775677103757,0.6247322942825523,64.20120751092564,0.9210617155830896,2.809468663464252,0.1592966361153474,2.279303276990598e-8,1.027556107562777e-5,19.453401596220193,3.3644449474452793
DL,2021-07-19,10.1706592697249,4.687615123085294e-10,21.20214779064309,2.629910771556489e-8,1.7960204575160978,1.551836192340896e-6,3.673223353129437,1.1781957525897802e-5,2.31950703290779,0.17658840099602285,4.687614739718339e-10,1.551836191613455e-6,3.0541024874257574,0.1732477006292023,2.629910743458159e-8,1.178195721604284e-5,2021,6.800235823256299,-7.802040194023595,0.4864771858877612,3.4920762365854316,0.55569655605392,0.7469600135583122,0.0461775677103757,0.5576118992362284,45.321427157066,0.6502032137457437,1.9857872524330975,0.11264621172316786,1.709976417260953e-8,7.66066644608591e-6,13.785704631788358,2.388341629010677
DL,2021-07-20,9.991183511423204,4.692194495538522e-10,21.306484308854664,2.7948996902172764e-8,1.771917268572092,1.5441932629572005e-6,3.696430639384804,1.2442340694983188e-5,2.301703055255424,0.17734808559428508,4.692195519915794e-10,1.5441932622326347e-6,3.059011454032445,0.17348852986734284,2.7948996504049064e-8,1.2442340347232257e-5,2021,6.933729386788775,-6.486231230563659,0.4864771858877612,3.5606282269964993,0.603050592862378,0.71795794740851,0.0461775677103757,0.604815992936126,45.98655526415578,0.6597454647274624,2.018168933347266,0.11445827076221435,1.8439223687230072e-8,8.208777614682002e-6,14.056856392053707,2.4387033500137587
DL,2021-07-21,9.796783017578964,4.696729754851145e-10,21.432888171738927,2.970222013320452e-8,1.743922002838432,1.5379066503369289e-6,3.720349733162871,1.313923792714212e-5,2.282054068273915,0.17800965885528,4.696729670746234e-10,1.5379066496146156e-6,3.064926572767499,0.17358135326196802,2.9702219797792074e-8,1.3139237536877594e-5,2021,7.851783090417519,-7.356972176703753,0.4864771858877612,4.032069748390096,0.5872044858853058,0.7025130992064028,0.0461775677103757,0.5890173817498705,52.62377626178012,0.7549662619022761,2.3139161576472334,0.13104806540812647,2.2424173850938863e-8,9.919681047462547e-6,16.181107464787246,2.808738531015103
DL,2021-07-22,9.588381398892068,4.70121883571738e-10,21.580011538712068,3.156523032150726e-8,1.711471084125362,1.5328731579291637e-6,3.743688791145477,1.387462159937019e-5,2.2605520945557087,0.17849426435238813,4.701219412655709e-10,1.5328731572085265e-6,3.071767494524566,0.17347946197478756,3.1565229931282585e-8,1.3874621161414576e-5,2021,8.97295628723103,-8.218569750978189,0.4864771858877612,4.607817763524984,0.5803073317447368,0.6912878420487598,0.0461775677103757,0.5821417070064147,63.204038623802035,0.9067558462465378,2.78534313397023,0.15730351634934256,2.8621956778306685e-8,1.2580893852568595e-5,19.56780162479491,3.394611697898795
DL,2021-07-23,9.368730010027166,4.705659798645573e-10,21.74588334604855,3.3544881671681244e-8,1.6751456642682956,1.5289873165246736e-6,3.7663397898557514,1.465056670832902e-5,2.237377549180268,0.17880178663227783,4.705660304752121e-10,1.5289873158051842e-6,3.079424468174549,0.1731978292130466,3.354488119858653e-8,1.465056621687751e-5,2021,8.363545761468904,-9.124973359760611,0.4864771858877612,4.294871555385998,0.5532318728051119,0.6874922469531551,0.0461775677103757,0.5551557194581515,64.3804939200619,0.9236338455161858,2.844260663516694,0.1599713770311018,3.0983187618834076e-8,1.3531758813884093e-5,20.085233859057205,3.4787189036250905
DL,2021-07-24,9.141905188177873,4.710050825534478e-10,21.928099184561873,3.5648454563388786e-8,1.636416401522964,1.5261429959857463e-6,3.78927629318474,1.546925600526703e-5,2.2128688088404456,0.17900168157936538,4.710050126589422e-10,1.5261429952669254e-6,3.087768882182606,0.1728045947481175,3.564845399725794e-8,1.546925545381198e-5,2021,7.13685634687403,-7.62078036941771,0.4864771858877612,3.6649385551615437,0.5665735247928841,0.7341956669493215,0.0461775677103757,0.5684522202928574,64.00180945920607,0.9182010542541029,2.835192642913082,0.1586693610776745,3.2732448042811125e-8,1.4203886666216192e-5,20.134403789053245,3.4793174872623074
DL,2021-07-25,8.9119881340016,4.71439011978779e-10,22.124128436589967,3.788368184076764e-8,1.5968841809006171,1.5242328200114949e-6,3.813782746331625,1.633298507964984e-5,2.1873973517210255,0.1791838315861396,4.714391098613661e-10,1.524232819292912e-6,3.096668797421582,0.17238115197452047,3.7883681029588394e-8,1.633298446089625e-5,2021,6.503367211852764,-7.258689495357932,0.4864771858877612,3.339627431835895,0.5327039433502334,0.7028274626180484,0.0461775677103757,0.5347016542152596,63.280588418061384,0.907854066787266,2.8113233612324153,0.15649692985754216,3.4392853887583424e-8,1.4827966365597883e-5,20.085479975282,3.462358176100274
DL,2021-08-03,7.232321763418331,4.750827103383505e-10,24.078242438711783,6.546420866107743e-8,1.355996198575292,1.5318833405616038e-6,4.196396231577359,2.6575464552075785e-5,1.9785601137232625,0.18749113257571456,4.750826397818566e-10,1.5318833398338327e-6,3.181308629351245,0.1742816670385628,6.54642065777747e-8,2.657546281233414e-5,2021,7.909227734508166,-7.849916523802145,0.4864771858877612,4.0615688836792,0.5526735745014941,0.6828893173214763,0.0461775677103757,0.5545993578358209,56.61059834199659,0.8121631484920464,2.583741632738824,0.14154514742648167,5.316761612773924e-8,2.158361155029859e-5,19.55546118917897,3.4081583757580267
DL,2021-08-04,7.135802537358221,4.754555198101454e-10,24.27068813700847,6.956324085279883e-8,1.3469842766330498,1.5337771488702011e-6,4.247134863676296,2.8044940268562864e-5,1.9651247235605198,0.18876423073384582,4.754554526733485e-10,1.5337771481409585e-6,3.189269372736167,0.1749902944531751,6.956323852579183e-8,2.8044938317666063e-5,2021,6.427687327328725,-5.587833564415813,0.4864771858877612,3.3007640845634216,0.5101704819937456,0.6197438100835307,0.0461775677103757,0.5122560770331349,57.24067079480813,0.8212024740254406,2.6190358992245053,0.14370246273538773,5.712550357860209e-8,2.3030572730358248e-5,19.931149144411265,3.4877576575706764
DL,2021-08-05,7.0639098695269915,4.758213846943572e-10,24.450403500667164,7.3918233169514e-8,1.341382936496851,1.5355912451822358e-6,4.295319640957569,2.9593921478641905e-5,1.9549987040932775,0.18989241953432112,4.758213821820909e-10,1.5355912444515687e-6,3.196646718879478,0.17567479574888673,7.391823035804545e-8,2.959391929111168e-5,2021,5.169447844099018,-5.951995123072046,0.4864771858877612,2.6546294043081735,NA,NA,0.0461775677103757,NA,52.33802311232671,0.7508667083849371,2.400255599674543,0.1319083556301627,5.550273831858511e-8,2.222108876632652e-5,18.358993995229497,3.2252125202669797
DL,2021-08-06,7.01627173076451,4.761802153957994e-10,24.617446446000407,7.854511075013527e-8,1.3395292763663718,1.5372701131735704e-6,4.341973992937837,3.122657050297783e-5,1.9482319844744656,0.19091753110029755,4.76180206263479e-10,1.5372701124415529e-6,3.2034553966931725,0.17637791971893482,7.85451077751397e-8,3.122656805028358e-5,2021,6.193298228802741,-5.942043607038586,0.4864771858877612,3.1803999350911276,0.5134710014512698,0.6684587200685611,0.0461775677103757,0.5155432446371654,55.58510058381217,0.7974508594074647,2.5545982591664513,0.1406527236603654,6.26358636975371e-8,2.490165352804432e-5,19.631203824780265,3.4625108921931393
DL,2021-08-07,6.9915354973457315,4.76531950437065e-10,24.77298703560409,8.346078710559473e-8,1.3419415533241572,1.5387670187508365e-6,4.389365478022337,3.2947259592889477e-5,1.9447002027004585,0.19193803047036123,4.765319249175127e-10,1.538767018017565e-6,3.209753827090851,0.1771835375247191,8.346078368740177e-8,3.2947256843085484e-5,2021,7.129909548999199,-6.25432326327337,0.4864771858877612,3.6613712159677916,0.5130326472090663,0.6171958241344966,0.0461775677103757,0.515106653870816,54.32983834327815,0.7794422574263231,2.501817768770473,0.1381043364670487,6.505286164387848e-8,2.568048424977942e-5,19.30911293822429,3.421256936858902
DL,2021-08-08,6.988327913784281,4.768765341443695e-10,24.91846115584207,8.868322375138886e-8,1.3491687729911936,1.5400400085811105e-6,4.439960887222143,3.476057925668702e-5,1.9442413164404995,0.1930603128010058,4.768765381441921e-10,1.5400400078467016e-6,3.2156089406418547,0.17817957776181556,8.868321972116159e-8,3.476057617400707e-5,2021,4.364928489421875,-5.2565743573928545,0.4864771858877612,2.241490361286605,NA,NA,0.0461775677103757,NA,43.47586641873108,0.6237259027142609,2.005658589277889,0.11113521798473425,5.5314021276188656e-08,2.168107175300039e-5,15.54228967867784,2.7693186123986417
DL,2021-08-09,7.0054653980391945,4.772139110501285e-10,25.055354132375033,9.423149441671322e-8,1.3616929883546258,1.5410505727582044e-6,4.49594779194919,3.6671347905099405e-5,1.9466906155605372,0.1943758067430836,4.772138238989123e-10,1.5410505720227937e-6,3.221087542511563,0.17944060052776484,9.423148994546815e-8,3.667134444950381e-5,2021,6.861138593555052,-6.028843598287666,0.4864771858877612,3.5233511985764783,0.5030174790164349,0.6306923955956295,0.0461775677103757,0.5051326082878592,53.858190659802375,0.7726757706056655,2.488856299098431,0.13864940429073408,7.281038910893463e-8,2.8335059331666152e-5,19.359665062030725,3.4739099247471805
DL,2021-08-10,7.0419221080672525,4.775440259001071e-10,25.185195188533708,1.0012585355736229e-7,1.3798691859589194,1.541763213918923e-6,4.559018238573961,3.868462227242251e-5,1.9518811596190389,0.19595064597180592,4.775440042262781e-10,1.5417632131826631e-6,3.226256329357524,0.18101976992616622,1.0012584859559765e-7,3.868461839909207e-5,2021,7.383722885753332,-6.121127876396719,0.4864771858877612,3.7917101549169914,0.5108182370578955,0.6490403562691548,0.0461775677103757,0.5129011981567041,53.67552663619062,0.7700551837742647,2.484395410606293,0.13939521219726905,7.710242874083715e-8,2.9789290930550147e-5,19.393990109297054,3.510695627535296
DL,2021-08-11,7.096801747676004,4.778668236606533e-10,25.309552743983556,1.0638780906346645e-7,1.4038922473435849,1.5421450496886715e-6,4.630245735206603,4.080570824131267e-5,1.9596442244867511,0.1978204122446169,4.77866857081685e-10,1.5421450489517315e-6,3.2311819032821116,0.1829445894221611,1.0638780334766453e-7,4.0805703900083234e-5,2021,8.355979215346329,-7.050019275479494,0.4864771858877612,4.2909859613280235,0.572922682403202,0.6741075911529236,0.0461775677103757,0.57478062577972,56.02137366978547,0.8037098450653422,2.5969327068648034,0.14703436762002772,8.550492494539355e-8,3.279594595931813e-5,20.34153671454013,3.72137408245736
DL,2021-08-12,7.169152928260367,4.781822551300488e-10,25.43006488006933,1.1304020010346001e-7,1.4337946552691772,1.5421661687822562e-6,4.710161559556927,4.304017271672707e-5,1.969787506524978,0.19999498819689637,4.781821604205278e-10,1.5421661680448198e-6,3.2359321307508417,0.18522019435540213,1.1304019370024423e-7,4.3040167851457886e-5,2021,8.962760171889732,-7.089608441987453,0.4864771858877612,4.602581825681908,0.5361823955225141,0.6280170395783499,0.0461775677103757,0.5381671943066654,56.330589414516794,0.8081460043740135,2.6151056218917805,0.14968495999769643,9.13529808725169e-8,3.478273967674256e-5,20.55120532379996,3.806498244312003
DL,2021-08-13,7.257453625025104,4.784902937869812e-10,25.548540499571217,1.2010728140432333e-7,1.469457261227538,1.5418013387263483e-6,4.799078874468399,4.539385746568068e-5,1.9820290269582512,0.20247559779928392,4.784903583320163e-10,1.5418013379886112e-6,3.240580191713662,0.18784160584628865,1.201072742409617e-7,4.539385201354852e-5,2021,9.00188377731815,-7.228137065089424,0.4864771858877612,4.622672689639726,0.51658150457506,0.6138529863937111,0.0461775677103757,0.518641319823902,56.43720127365272,0.8096755099033376,2.6238184191084146,0.15209074799465552,9.724791851415067e-8,3.675429027554654e-5,20.686027556276397,3.885696634751536
DL,2021-08-14,7.360034888993075,4.787909190337108e-10,25.66685671855924,1.27614808750442e-7,1.5105809799882015,1.5410272874182362e-6,4.896797352285002,4.787288980624116e-5,1.9960646730818694,0.20524100806196907,4.787910067269408e-10,1.5410272866804061e-6,3.245200537777351,0.19078289975196755,1.2761480057759755e-7,4.787288369695226e-5,2021,8.495263912523743,-7.107835107479494,0.4864771858877612,4.362511830985341,0.5336368565101335,0.6364938138044139,0.0461775677103757,0.535631087956686,56.37565495451866,0.8087925365063061,2.6246939744205724,0.15430378541242215,1.0321389825490154e-7,3.871923103512941e-5,20.759162149547453,3.960493151311951
DL,2021-08-15,7.475200969517917,4.79084110601557e-10,25.786924140689532,1.3559013074213454e-7,1.5566850167288662,1.5398215855142554e-6,5.002575105023599,5.0483694626955454e-5,2.0115910044695764,0.20824657732636964,4.790841056053016e-10,1.5398215847765513e-6,3.2498675472004606,0.19399658050453442,1.3559012148642341e-7,5.048368778186563e-5,2021,8.38710639399181,-7.150781085832481,0.4864771858877612,4.306970477701425,0.5006971883284838,0.6168607582772633,0.0461775677103757,0.5028220780352584,55.68135281091538,0.7988317406223435,2.59609734952221,0.15497062607921983,1.0831369275819463e-7,4.032797218382266e-5,20.599413496603347,3.9962157787400043
DL,2021-08-16,7.601196553708788,4.793698485529434e-10,25.910687422224328,1.440622868166199e-7,1.6071356448702596,1.538162317755215e-6,5.115277737650463,5.323300742329195e-5,2.0283056761771805,0.21143192831740462,4.793698770117031e-10,1.5381623170178662e-6,3.2546555253770073,0.19741960737262976,1.4406227638958505e-7,5.3232999754424274e-5,2021,8.361583977906763,-7.227283765021521,0.4864771858877612,4.293864134770489,0.4988645023807685,0.6409448819942835,0.0461775677103757,0.500997165156908,52.164633759282246,0.748379180483662,2.4357164348382674,0.14774472397693497,1.0781320834304848e-7,3.983846873090302e-5,19.39101901881257,3.8281673612491742
DL,2021-08-17,7.7361778960097185,4.79648113283428e-10,26.040127208869375,1.5306211126747694e-7,1.661200990362453,1.5360277993891444e-6,5.233587779415938,5.612788778922531e-5,2.045907753751344,0.2147314879120466,4.796480989015408e-10,1.5360277986523916e-6,3.2596387024616686,0.20098165179597727,1.530620994937986e-7,5.612787919817363e-5,2021,6.187986822406748,-6.7561869359342355,0.4864771858877612,3.177672406731763,0.49688831656433585,0.681983440820809,0.0461775677103757,0.49902942488172575,47.01691413881496,0.6745274937508003,2.19871592450458,0.13556764987583658,1.0324459435978761e-7,3.785979768509174e-5,17.564781743150682,3.530198848174249
DL,2021-08-18,7.878243570868077,4.799188906071217e-10,26.177120391119757,1.6262234473418565e-7,1.7181766556332418,1.5333969424974816e-6,5.3563330338976405,5.917573428264467e-5,2.0641049819265778,0.21809133472169634,4.799189933194193e-10,1.5333969417615754e-6,3.2648857617323332,0.20461887915351856,1.6262233147853417e-7,5.917572465934958e-5,2021,3.681876092629064,-5.442059436986443,0.4864771858877612,1.8907273722994509,0.39950961802828483,0.6024350326277538,0.0461775677103757,0.402169494935596,37.85292864527206,0.5430565054703265,1.773017452526186,0.11111961346636483,8.831311504416984e-8,3.2135762242180605e-5,14.21565552287752,2.9087914995237245
DL,2021-08-19,8.025675483552549,4.801821919918396e-10,26.3228530948339,1.7277775640112926e-7,1.777647730695756,1.5302514322172383e-6,5.482980637092269,6.238430297074641e-5,2.0826458378790833,0.22149509213757593,4.801821161761291e-10,1.530251431482439e-6,3.2704375008418793,0.20829735353301632,1.72777741398219e-7,6.238429219212838e-5,2021,6.407209714462717,-6.882400321619787,0.4864771858877612,3.2902483631781685,0.47769574193850267,0.6357423129940905,0.0461775677103757,0.4799224829342994,36.503574500704865,0.5236980153186778,1.7127216284146687,0.10908491064137361,9.048336026149103e-8,3.267053000807812e-5,13.785225923289628,2.871426077675961
DL,2021-08-20,8.17715733051303,4.804380590811666e-10,26.477604566690633,1.8356527151236024e-7,1.8395601224619935,1.5265760275335455e-6,5.613666185547743,6.57617248004541e-5,2.1013445756102525,0.224963278570865,4.804381336054848e-10,1.5265760268001202e-6,3.2762992649938933,0.21201563651304958,1.835652545796079e-7,6.576171272888745e-5,2021,7.47128447707152,-7.403681453787869,0.4864771858877612,3.836675029698853,0.4889144471556938,0.6392104965576857,0.0461775677103757,0.4910903220357779,44.621116096289654,0.6401562110165396,2.0973433236347643,0.13572312654645374,1.1751043784596829e-7,4.209776885048273e-5,16.949803016206904,3.593623275251914
DL,2021-08-21,8.331828214586881,4.806865582772681e-10,26.64085118396001,1.950241046363298e-7,1.904102397661938,1.522357699937792e-6,5.7488638278548185,6.931652188220057e-5,2.120082905637799,0.2285335641376218,4.806866015182764e-10,1.5223576992060151e-6,3.282445796511605,0.2157912969130697,1.950240856261394e-7,6.931650836381059e-5,2021,6.870007573354527,-7.233895625770117,0.4864771858877612,3.527905622041409,0.4587724586079283,0.6295171544864124,0.0461775677103757,0.46109059471736097,37.629993496178834,0.5398581695067446,1.7720551792098633,0.11649669454697623,1.0528534587585424e-7,3.7421083321885734e-5,14.38228115427424,3.103571102849239
DL,2021-08-22,8.488880169576342,4.809277613208831e-10,26.811896811014854,2.0719589656166193e-7,1.9713574746172489,1.5175829952667897e-6,5.888796369825011,7.305762065951016e-5,2.1387570916915797,0.23222821329042675,4.809277419591091e-10,1.5175829945369418e-6,3.2888456998762976,0.21963371004045404,2.0719587519700445e-7,7.305760552227407e-5,2021,7.709906717751085,-7.045318892425437,0.4864771858877612,3.9592129942423915,0.4574077260768274,0.5948704534191221,0.0461775677103757,0.45973274370488376,54.28943724812593,0.7788626436860986,2.56155905648131,0.17106449204469404,1.6137712711679384e-7,5.69018397784545e-5,20.882784832465905,4.586563508731008
DL,2021-08-23,8.647445656022635,4.81161740454595e-10,26.990031990936437,2.2012486264476285e-7,2.0411509872354983,1.5122372308225038e-6,6.033171637680289,7.699436788594232e-5,2.157263977452416,0.2360409152515356,4.811617769725875e-10,1.512237230094873e-6,3.295467612317704,0.22353332666320283,2.201248383324821e-7,7.69943509375714e-5,2021,8.787369784431638,-6.8831428998655255,0.4864771858877612,4.512514860346192,0.5287027401538427,0.623434143372554,0.0461775677103757,0.530715512497824,54.60539204594848,0.7833954847246355,2.581654447545965,0.17511499879343007,1.7244480442540685e-7,6.031702687379744e-5,21.14386919427307,4.726359419527473
DL,2021-08-24,8.806595689908901,4.813885684110993e-10,27.174531891867783,2.3385795148019818e-7,2.112997136190073,1.5063043443901916e-6,6.181088255133722,8.113654806508063e-5,2.1755009509585697,0.239933478337295,4.813884845141069e-10,1.506304343665074e-6,3.302280207168671,0.2274588677269347,2.3385792410349103e-7,8.113652909065814e-5,2021,8.80709758384398,-7.104142011845502,0.4864771858877612,4.522645535416659,0.5367166430205152,0.6757833841672466,0.0461775677103757,0.5386994734124562,54.868196095869166,0.7871657993100885,2.5994420388218114,0.17904784142444022,1.840849597519225e-7,6.386790077489416e-5,21.390862117539594,4.8655412769585364
DL,2021-08-25,8.965338850426392,4.81608318401553e-10,27.36465443712234,2.484450133188294e-7,2.186084179532611,1.499766794460947e-6,6.331025670155624,8.549440144404301e-5,2.193365903378656,0.24383731792007404,4.816083086728768e-10,1.4997667937386468e-6,3.309252196601745,0.23135777887138534,2.484449823665023e-7,8.549438020339059e-5,2021,8.869938291609934,-7.69690584490143,0.4864771858877612,4.554915672509437,0.5189803763551327,0.6250277312084163,0.0461775677103757,0.5210307081174406,49.89036433855456,0.7157514064032895,2.368601913860874,0.16559465560953532,1.7782484554266448e-7,6.119272287015437e-5,19.58628989911033,4.531440527389216
DL,2021-08-26,9.122779189542609,4.818210680279112e-10,27.55954011104381,2.6393898078725876e-7,2.259420898451307,1.4926062621760378e-6,6.481088070564416,9.0078644208575e-5,2.21077449335921,0.24766804627270478,4.818210274042925e-10,1.4926062614568687e-6,3.3163487591790837,0.23516677145012588,2.6393894606149894e-7,9.007862043331571e-5,2021,7.692454494572438,-6.796893561611519,0.4864771858877612,3.9502508794831774,0.5178135724005094,0.6215835147758283,0.0461775677103757,0.51986850599149,44.24404587789397,0.6347465784610815,2.1050410278725766,0.14927130354570656,1.675343429351604e-7,5.717709611254161e-5,17.49332378944599,4.113848477495695
DL,2021-08-27,9.278611047820837,4.820269110565587e-10,27.75790953023905,2.8039606547451756e-7,2.332285900970291,1.4848060540051524e-6,6.629677287184341,9.490049344174114e-5,2.227711864025171,0.2513615334180916,4.820268627529588e-10,1.484806053289436e-6,3.3235208276963695,0.23883921373697362,2.803960261663924e-7,9.490046683202363e-5,2021,6.6973088642039755,-5.6524110553998135,0.4864771858877612,3.4392208949248673,0.4477956057372146,0.5855905847613708,0.0461775677103757,0.4501702703169161,38.92960914116361,0.5585030869775662,1.8561966419026583,0.1333924381633945,1.566020461901726e-7,5.300220368129733e-5,15.502878160682515,3.7026952305575116
DL,2021-08-28,9.432681355631624,4.82225945657192e-10,27.958348007963927,2.978759553661672e-7,2.403940619054615,1.4763491403928737e-6,6.775049428568883,9.99716837483256e-5,2.2441803993485854,0.2548523085240638,4.822260367634805e-10,1.4763491396809397e-6,3.3307158314986123,0.24232652897227733,2.9787591109223824e-7,9.997165396917365e-5,2021,8.394438372332374,-6.8925272147065755,0.4864771858877612,4.310735615851882,0.4828066038244422,0.6211867942779155,0.0461775677103757,0.4850098807819674,49.039208670372176,0.7035403136472704,2.343292860762463,0.17048648219821036,2.0956771191779974e-7,7.033408878930881e-5,19.66982492658248,4.766520399951112
DL,2021-08-29,9.584837052585105,4.824182704678301e-10,28.159401387425618,3.164420273483875e-7,2.473517376189777,1.467217493535046e-6,6.915146648487644,1.0530448662690324e-4,2.260182376101157,0.2580656679523467,4.824183273912529e-10,1.4672174928272334e-6,3.3378812735150905,0.2455715074815317,3.1644197718057484e-7,1.0530445330414855e-4,2021,8.816369809545922,-7.01910984885325,0.4864771858877612,4.527407034852204,0.5049298902946623,0.6128000113878047,0.0461775677103757,0.5070370419137304,52.16167779360749,0.7483367727639142,2.497859300091387,0.18377018939149883,2.3680516797034356e-7,7.880319474329482e-5,21.072715557229774,5.174858526118441
DL,2021-08-30,9.73492534114919,4.826039845804126e-10,28.35957537472228,3.361615746253595e-7,2.5400354033289445,1.4573921865026902e-6,7.047632273230826,1.1091173195625808e-4,2.2757199696780823,0.2609198647463996,4.826039566808806e-10,1.4573921857993468e-6,3.3449647288692637,0.24850979537276804,3.3616151807443155e-7,1.1091169467200816e-4,2021,8.751971379637135,-7.061357722912625,0.4864771858877612,4.494336971901035,0.5287977148133434,0.6489397346612555,0.0461775677103757,0.5308101270242123,52.16001121435105,0.7483128632081815,2.503080133590537,0.18596307651067534,2.515539880906867e-7,8.299664780328203e-5,21.221835048026666,5.2738338852197435
DL,2021-08-31,9.882793942986304,4.82783187526563e-10,28.557335611528416,3.5710604812557444e-7,2.602433497756593,1.4468535463373418e-6,7.169961528524695,1.1680683020728754e-4,2.290795259534507,0.26332973375444174,4.827831466769686e-10,1.4468535456388253e-6,3.351913842206645,0.2510724959099555,3.5710598430325335e-7,1.1680678849487691e-4,2021,8.453825437456606,-6.544754302600808,0.4864771858877612,4.341232228656344,0.48496441690536624,0.6069143754410958,0.0461775677103757,0.4871579347850225,52.2155140733702,0.7491091341901446,2.510949276215381,0.18808070003006538,2.6751135471552947e-07,8.750103219692858e-5,21.392560954729433,5.37108367280978
DL,2021-09-01,10.028291357405534,4.829559792635302e-10,28.751108522580125,3.79351312755868e-7,2.6596197241142474,1.4355813648652776e-6,7.279487102720442,1.230037954252893e-4,2.3054102342622427,0.2652116526461124,4.829558973795169e-10,1.4355813641719551e-6,3.35867632380718,0.2531897890825109,3.793512408532837e-7,1.2300374876365573e-4,2021,7.388475733228583,-6.116757235184451,0.4864771858877612,3.794150850527529,0.4793915272403106,0.621008597408643,0.0461775677103757,0.4816104277831241,53.69413945952011,0.7703222123809275,2.5872629764265875,0.19503771847830018,2.9222268712355157e-7,9.475251987876706e-5,22.14761752551806,5.607550609966039
DL,2021-09-02,10.171267121313342,4.831224601603445e-10,28.939282972346764,4.029779194146346e-7,2.7105397027644433,1.423555172053611e-6,7.373600868971289,1.2951726903816002e-4,2.3195667963320536,0.2664898749030643,4.831224308331303e-10,1.4235551713658597e-6,3.3651999445434884,0.25479556200536174,4.0297783828249583e-7,1.2951721684558145e-4,2021,7.599703883423514,-6.358261911985327,0.4864771858877612,3.9026213246353523,0.45108805934133905,0.5927375452864785,0.0461775677103757,0.45344548188286293,52.30762105276233,0.750430545667361,2.525348830663543,0.19120637262930554,3.024068790741869e-7,9.719367571074761e-5,21.716921912160352,5.533375323635452
DL,2021-09-03,10.311573759130162,4.83282733564503e-10,29.12025407711027,4.280713969780494e-7,2.7544013956151603,1.4107558477053548e-6,7.450217893627936,1.3636254784926355e-4,2.3332669303305154,0.2671174604338484,4.832827470378086e-10,1.4107558470235608e-6,3.3714339484659113,0.2558431624222715,4.2807130537365367e-7,1.3636248947638218e-4,2021,7.040623347866893,-5.998484371047804,0.4864771858877612,3.6155207147009385,0.45744318336093576,0.598615958054996,0.0461775677103757,0.45976802168379766,52.13282603508881,0.747922851418365,2.5215724921053013,0.1913509475547572,3.201643113254447e-7,1.0198862195568255e-4,21.779703463379583,5.5721882106903315
DL,2021-09-04,10.44905573440742,4.834369159515744e-10,29.292600233332585,4.547225735915504e-7,2.7912605680452516,1.3971714808068694e-6,7.509087923236097,1.435556251275312e-4,2.3465116139842905,0.26713041244999614,4.834368459935521e-10,1.3971714801314252e-6,3.3773349323630617,0.25634760531403317,4.5472247020885625e-7,1.4355555984957758e-4,2021,7.375404268953199,-6.269213667668913,0.4864771858877612,3.787438355408266,0.43818389271271796,0.5713634488047464,0.0461775677103757,0.4406103625568934,49.51144510476964,0.7103152469746997,2.398972496597749,0.18208761258001033,3.2299630373134927e-7,1.0196970294914399e-4,20.80698056927078,5.333819642748184
DL,2021-09-05,10.58349369223627,4.835851364335585e-10,29.45511191204282,4.830279074746798e-7,2.821890786313938,1.3827988311705205e-6,7.551578046265117,1.511132241366802e-4,2.359295588578125,0.26663130988437134,4.835851717895703e-10,1.3827988305018195e-6,3.382867474390735,0.2563758056263785,4.830277907917535e-7,1.51113151144811e-4,2021,8.0424463160608,-6.569270322768173,0.4864771858877612,4.12997966457015,0.471090686238985,0.605933751358942,0.0461775677103757,0.4733484999667414,50.99292120520608,0.7315692228976778,2.47480172940586,0.18755664889185583,3.533682655475052e-7,1.1054973055262871e-4,21.5484533318573,5.524502082957335
DL,2021-09-06,10.714650013072522,4.837275269287181e-10,29.60661455662501,5.130898232098687e-7,2.8471101269902426,1.3676389795455378e-6,7.579185161936279,1.5905281732588508e-4,2.371611965123071,0.2657212436725974,4.837275023812585e-10,1.3676389788839733e-6,3.3879978011163314,0.2559963466083055,5.130896916646935e-7,1.59052735717545e-4,2021,8.567788194411325,-6.699582647399601,0.4864771858877612,4.399754704311721,0.48594358496225215,0.6032994228090551,0.0461775677103757,0.4881327027823601,48.77936035948118,0.6998124035300052,2.370962884353592,0.17914941861485856,3.5906653035033845e-7,1.1130707727051788e-4,20.719076093258188,5.304007784973579
DL,2021-09-07,10.842285472327822,4.838642197313291e-10,29.74592497539496,5.450170769977805e-7,2.8675354364496908,1.3516964374523823e-6,7.593032715206177,1.673926541078611e-4,2.383453810719129,0.26447702781561566,4.838642818578261e-10,1.3516964367983448e-6,3.392692146992646,0.2552629552278819,5.450169285031698e-7,1.6739256287605576e-4,2021,8.577756742311529,-6.233124907048758,0.4864771858877612,4.4048737810820455,0.5341125711994662,0.6182852559326717,0.0461775677103757,0.5361050330606412,49.4317742075752,0.7091722495748538,2.406003121997715,0.18102540419208218,3.865108812429702e-7,1.1871016037691262e-4,21.09498453048567,5.384768091738224
DL,2021-09-08,10.966159794795042,4.839953474955998e-10,29.871855457524944,5.789251477057621e-7,2.8835020427003384,1.3349796066221049e-6,7.593744619030679,1.7615179320692792e-4,2.39481414871547,0.26294547012427805,4.839952881746685e-10,1.334979605975981e-6,3.39691674805992,0.2542106776670867,5.789249800213983e-7,1.7615169122828407e-4,2021,9.06509486123254,-6.94822616169695,0.4864771858877612,4.655133023334528,0.54572959125104,0.6204435154764099,0.0461775677103757,0.547679791964861,50.46342492508796,0.7239728120034206,2.459275370234455,0.18404161915193593,4.191259457251158e-7,1.275290352376991e-4,21.62641119534406,5.497664645475484
DL,2021-09-09,11.086032236020673,4.841210432199755e-10,29.983218303378717,6.149366520640091e-7,2.89502601055492,1.3175013305220982e-6,7.581399944371097,1.853501366270679e-4,2.405685958806904,0.2611417637004895,4.841209654209952e-10,1.3175013298842682e-6,3.4006378352578843,0.25285477588364064,6.149364629701306e-7,1.853500226485455e-4,2021,8.573045392788671,-7.120516543074931,0.4864771858877612,4.402454395616802,0.46812079978749677,0.5728252214746796,0.0461775677103757,0.47039286873137437,48.27888915675861,0.6926324004981129,2.3553919470593745,0.17513541039769837,4.259249185008205e-7,1.2837943111944169e-4,20.76734846812816,5.251123242606012
DL,2021-09-10,11.20161341249378,4.842414417134178e-10,30.07886585135951,6.531817902564285e-7,2.901923464941232,1.2992813401580852e-6,7.555829124441037,1.950084712048718e-4,2.4160578226131135,0.2590629901318105,4.842415356414111e-10,1.2992813395289193e-6,3.4038227939612193,0.25120059917749615,6.531815768879888e-7,1.9500834382897266e-4,2021,7.894197950382023,-7.248102805394341,0.4864771858877612,4.0538507466392435,0.500841917148149,0.6402639723750738,0.0461775677103757,0.5029661954170276,42.94607057955625,0.6161251942002332,2.0971809799525363,0.15477101795144974,4.0244162590812664e-7,1.2014955371229161e-4,18.53234706399164,4.655336686640012
DL,2021-09-11,11.312415962206066,4.843566840282111e-10,30.15780178117967,6.93798830610896e-7,2.9042395543662316,1.2803526363038216e-6,7.5175591996084385,2.0514852685258597e-4,2.4259008802431863,0.25673026558332707,4.843567767913114e-10,1.280352635683674e-6,3.406443655244096,0.24927411003476585,6.937985899305299e-7,2.051483845208767e-4,2021,8.237305471183614,-6.950688378694398,0.4864771858877612,4.23004428626435,0.548012981330926,0.660248302274302,0.0461775677103757,0.5499550849540862,45.83530904895088,0.657575613040041,2.2399942748834945,0.16391657572112178,4.562250330998842e-7,1.3490057471548955e-4,19.83103499419926,4.943363599247319
DL,2021-09-12,11.417895715780103,4.844669130048448e-10,30.219082234872776,7.369345969353491e-7,2.902043177726527,1.2607573464285025e-6,7.467227962347903,2.1579300501175011e-4,2.4351819241827988,0.25416620102036475,4.844669109153009e-10,1.2607573458177072e-6,3.408473586921909,0.24710306899164308,7.369343253648843e-7,2.1579284598653614e-4,2021,7.824385200692006,-6.034689269142135,0.4864771858877612,4.0180003069575125,0.532636414071968,0.6228487056403091,0.0461775677103757,0.5346343772664561,44.820972746638176,0.6430234516242708,2.191728450632685,0.15889306832995664,4.738660535165313e-7,1.3875986066208714e-4,19.431578563585575,4.801602698414219
DL,2021-09-13,11.517501516049425,4.84572271775913e-10,30.2617857462924,7.827449931312215e-7,2.8953378497786044,1.2405458140339232e-6,7.405350213248175,2.2696561686780416e-4,2.4438677494580046,0.25138593172694657,4.845723821025892e-10,1.240545813432789e-6,3.4098857200457013,0.24470962405632193,7.827446866995021e-7,2.2696543921174302e-4,2021,7.501803606928989,-6.663654343350605,0.4864771858877612,3.8523472991475174,0.4866370403333985,0.6444211557869324,0.0461775677103757,0.4888230526316205,46.37659907048892,0.6653412226787847,2.268737534170135,0.16281540047089899,5.207923068939689e-7,1.5100946283096847e-4,20.134413528881606,4.92708476524714
DL,2021-09-14,11.610677439536571,4.846729037513423e-10,30.285018219006616,8.313955647557596e-7,2.8840890472894274,1.2197775432495985e-6,7.332357105559399,2.386911292923194e-4,2.4519251436661444,0.24839972192049312,4.846729683085714e-10,1.2197775426584053e-6,3.410653142017891,0.24211169537806895,8.313952192284771e-7,2.3869093084573814e-4,2021,7.517213954427358,-5.700050045349944,0.4864771858877612,3.8602608641613276,0.5265272993202124,0.6167356709091104,0.0461775677103757,0.5285483560556052,48.1530502367207,0.6908270542114795,2.3561714630373465,0.16725730930817845,5.74350310185116e-7,1.6489415262315726e-4,20.92170992297733,5.06539065966021
DL,2021-09-15,11.69686522886798,4.84768952604038e-10,30.28791806572931,8.830620953489828e-7,2.8682803110089683,1.198522294963805e-6,7.248683807657748,2.5099541376721906e-4,2.4593208767476984,0.24521786434967413,4.847688915778525e-10,1.1985222943827986e-6,3.4107488892906095,0.23932591840505577,8.83061705547871e-7,2.5099519212287875e-4,2021,5.287296591018944,-5.441452216438208,0.4864771858877612,2.7151474244660947,0.4168862280169065,0.5774383635210055,0.0461775677103757,0.4194359246295082,46.541250388188104,0.6677033904795573,2.2773685974537243,0.15979872714868962,5.89623294796974e-7,1.67590340774514e-4,20.223345583054495,4.839970754887345
DL,2021-09-16,11.775542940058656,4.84860562914377e-10,30.269710485295093,9.37931245823354e-7,2.848147587322035,1.176863358059358e-6,7.155167518845305,2.639055069181194e-4,2.4660247483985898,0.24186974662824742,4.848605959996421e-10,1.1768633574887432e-6,3.410147558577419,0.23638044117803034,9.379308059241068e-7,2.6390525939313066e-4,2021,5.8060069415702955,-5.40871878462169,0.4864771858877612,2.9815170233903707,0.4302764672357417,0.5853950777161006,0.0461775677103757,0.4327472773068788,49.338434685091094,0.7078331554355997,2.4138155068888607,0.16731791356230438,6.638985219375156e-7,1.868008924922901e-4,21.425904686928483,5.064664802534582
DL,2021-09-17,11.846337438461228,4.849478821329671e-10,30.229859354669895,9.962012484009184e-7,2.824684352157086,1.15490504972354e-6,7.053909865295295,2.7744969499227665e-4,2.472018742883921,0.23844368496428686,4.849478595293353e-10,1.1549050491634712e-6,3.408830156272105,0.2333424639041733,9.96200752174044e-7,2.7744941859681946e-4,2021,5.565796212915875,-5.500901951004185,0.4864771858877612,2.858163334031801,0.43042658847869625,0.5987568608369116,0.0461775677103757,0.4328965417152871,44.803568893114615,0.6427737674858308,2.1911066022663346,0.14998641463811196,6.403317106471287e-7,1.7833720807823098e-4,19.430960587967956,4.534068219621326
DL,2021-09-18,11.908921596546785,4.8503105859374e-10,30.1679238409047,1.0580826082721346e-6,2.799119512542437,1.1327681566127357e-6,6.947327571926404,2.916575556851279e-4,2.4772878332178596,0.23504391139447037,4.850311262561419e-10,1.132768156063308e-6,3.4067792354535555,0.23028855444492072,1.0580820484272788e-6,2.9165724708766724e-4,2021,5.865969832052412,-6.346649735883927,0.4864771858877612,3.0123093356530513,0.4477944314876191,0.6355777368933762,0.0461775677103757,0.45016910226154605,43.445987754829616,0.6232972488851607,2.1234361250172924,0.14353822243525963,6.594996298794983e-7,1.8178915972716253e-4,18.80358393461295,4.330250162685751
DL,2021-09-19,11.962980426360184,4.851102408427541e-10,30.08351269825891,1.123798857991322e-6,2.772631042314842,1.1105892584799018e-6,6.837658698731439,3.06560015551179e-4,2.4818169170058844,0.23176758161414407,4.851101741354568e-10,1.1105892579411437e-6,3.4039772707961005,0.22728923870406828,1.123798226510073e-6,3.0655967103977076e-4,2021,5.480412798126255,-6.062668994248094,0.4864771858877612,2.8143170025905233,0.40604533911735147,0.5973184977840679,0.0461775677103757,0.4086626789646582,33.890712377899874,0.4862126258265364,1.655056727087619,0.11051089757241947,5.464048866106673e-7,1.4905318262876615e-4,14.626983703106417,3.3245559904158712
DL,2021-09-20,12.008212759940998,4.851855776256498e-10,29.976287484796032,1.193587364476861e-6,2.7462252367448334,1.0885220884183903e-6,6.72677701789105,3.2218941959792196e-4,2.485590812357157,0.22869558456743458,4.851856693010947e-10,1.088522087890255e-6,3.4004066519443312,0.22440327279696895,1.193586652175983e-6,3.2218903503716074e-4,2021,5.320814938585425,-5.7882124786628095,0.4864771858877612,2.732359860632826,0.39767355827346507,0.6003232380456703,0.0461775677103757,0.4003456340582789,24.779283300740985,0.35549563743043117,1.2088297302556283,0.07977438450443342,4.2431484774375536e-7,1.1453679638363097e-4,10.656439427205422,2.3913398838275537
DL,2021-09-21,12.044332935079993,4.852572178755608e-10,29.845965642685872,1.2677001861082754e-6,2.720645861363544,1.066738882327576e-6,6.616066407462518,3.385796062323198e-4,2.488594253468904,0.22588597276645064,4.852571676638459e-10,1.0667388818099333e-6,3.396049676355557,0.22167372591222786,1.2676993826270918e-6,3.385791770154341e-4,2021,5.962303549004809,-5.3447447538282615,0.4864771858877612,3.061778897076338,0.4382716592859241,0.5923239265067818,0.0461775677103757,0.4406976458898816,46.70230730526768,0.6700139912626749,2.2754007981813023,0.14852449785652003,8.493763230752066e-7,2.2685278575054272e-4,19.997214563344627,4.432857060122869
DL,2021-09-22,12.071072476012874,4.853253107014612e-10,29.692323415755983,1.346404983040186e-6,2.696322472079512,1.0454316229584795e-6,6.506365804779774,3.557659881730194e-4,2.4908118858441908,0.22337058098503923,4.853253353575247e-10,1.045431622451105e-6,3.39088854154934,0.21912619344996173,1.3464040766578919e-6,3.557655091685651e-4,2021,6.07696818886897,-5.723435319478586,0.4864771858877612,3.1206618056185484,0.4809129637445828,0.6224694370552266,0.0461775677103757,0.48312487666983656,45.23109649761819,0.6489072862174867,2.2003722813627538,0.14219258353078268,8.736914155362336e-7,2.3085883108435595e-4,19.267565009210152,4.222028177517897
DL,2021-09-23,12.08831332947364,4.853900051771873e-10,29.515349553823697,1.4299859911028791e-6,2.6734688121236476,1.0248147784529792e-6,6.398161462072889,3.7378564980376376e-4,2.4922391453388077,0.22116144239951283,4.853899503375266e-10,1.0248147779555445e-6,3.3849104518826842,0.21677403651972033,1.4299849687458385e-6,3.737851152962852e-4,2021,6.128512738514875,-5.987737839956729,0.4864771858877612,3.1471311078048614,0.4189620562048551,0.5853206821152981,0.0461775677103757,0.42149919608351155,42.15008352097351,0.6047055771216076,2.04687422831068,0.13108446885863792,8.647198858006762e-7,2.2602994386470676e-4,17.84809648589094,3.869003919440015
DL,2021-09-24,12.096484850966853,4.85451449731213e-10,29.315692938354083,1.518745073369674e-6,2.6524225698623805,1.005130686359627e-6,6.292165470344555,3.9267747407070616e-4,2.492914902212461,0.21927217721025596,4.85451456693061e-10,1.0051306858716847e-6,3.3781229678087925,0.21463471743874207,1.5187439199668669e-6,3.926768776946328e-4,2021,6.112820226413367,-5.911657392279269,0.4864771858877612,3.139072644830005,0.4502834066451104,0.6067372926263864,0.0461775677103757,0.45264501992132,45.02980043432096,0.646019395092244,2.1823329562110523,0.1386581903255709,9.811380284770188e-7,2.5367687899499776e-4,18.938506218745474,4.064860930972294
DL,2021-09-25,12.096169221743043,4.855097927353488e-10,29.094195253728124,1.613002796553348e-6,2.6333432298785477,9.866432722691317e-7,6.188828489131638,4.124822198726842e-4,2.4928888092320975,0.21770059442828182,4.855098544241279e-10,9.866432717901066e-7,3.370538678462597,0.21271695041431343,1.6130014957755977e-6,4.124815545387832e-4,2021,6.345766952751788,-6.381997220333518,0.4864771858877612,3.2586961032775443,0.416127689937786,0.5942904310670549,0.0461775677103757,0.4186820059336256,44.66494788015438,0.6407850430838592,2.159790772294469,0.13630584023590298,1.0335872329648957e-6,2.643120106964314e-4,18.643125159150387,3.965708730046832
DL,2021-09-26,12.087966277238497,4.855651826947166e-10,28.851733881471993,1.713099584953212e-6,2.6161120360834573,9.696345186631265e-7,6.088187188156844,4.332426227697462e-4,2.4922104351947483,0.2164228436845962,4.855651435307274e-10,9.696345181923058e-7,3.362170091025895,0.21101633659759203,1.7130981175012423e-6,4.3324188058326045e-4,2021,6.472755202014915,-6.346697024576781,0.4864771858877612,3.3239074663983317,0.4254623398710817,0.5985908885631646,0.0461775677103757,0.42796094495668896,44.7508182789564,0.6420169815458412,2.1585702932841513,0.13547607147924726,1.0998380824900104e-6,2.7814864445130865e-4,18.523303098946524,3.9087195616265196
DL,2021-09-27,12.072489670843146,4.856177682384658e-10,28.58921738908066,1.819396952871112e-6,2.600382740150051,9.544014334524271e-7,5.989956603981841,4.550035138910267e-4,2.4909292831713357,0.21539738786692536,4.85617768102069e-10,9.54401432988953e-7,3.353029632370213,0.2095180334061764,1.819395297772847e-6,4.5500268606052613e-4,2021,6.2133118310615325,-6.051151928408865,0.4864771858877612,3.190677376443585,0.44191267003173584,0.6030559666962862,0.0461775677103757,0.44431877711191115,44.36631688133602,0.6365007376827323,2.134205834475701,0.13335838282086662,1.1580464491689115e-6,2.8960954532514954e-4,18.19705795792184,3.8126117971219955
DL,2021-09-28,12.050363280129032,4.856676981109255e-10,28.30758105048673,1.932278813756654e-6,2.5856841097120893,9.412514606817832e-7,5.893702629542912,4.7781194892012815e-4,2.4890948072107806,0.21457312527464337,4.856677281381529e-10,9.412514602246477e-7,3.3431296504179517,0.20820226988068888,1.9322769469948666e-6,4.7781102565600626e-4,2021,3.3361534922200473,-4.996712360729014,0.4864771858877612,1.7131909296352115,0.35173420211549083,0.5897271850359426,0.0461775677103757,0.3547524724331986,26.571606062631748,0.3812091705857817,1.2744316811965617,0.07936861461529449,7.366016923059396e-7,1.821459447870678e-4,10.791109493545836,2.2467334910872943
DL,2021-09-29,12.022217876656107,4.857151211632216e-10,28.0077824231856,2.052152870879531e-6,2.571571210101096,9.304961692904832e-7,5.7990888401184355,5.017173482000755e-4,2.486756427614959,0.21390156429408846,4.85715023638979e-10,9.304961688385273e-7,3.3324824152412136,0.20705276670950545,2.052150765305449e-6,5.017163186014919e-4,2021,4.750396056067282,-5.317573527250098,0.4864771858877612,2.439436750859351,0.4019227863808251,0.586881467957701,0.0461775677103757,0.40456679791076866,44.42657232919782,0.6373651916133125,2.1240082931382105,0.13196822632787045,1.3079694657483135e-6,3.197765175409656e-4,17.851185610817655,3.696137369764709
DL,2021-09-30,11.98876002315112,4.857601852645956e-10,27.69094259347835,2.179452099464462e-6,2.557965703427397,9.224440839117028e-7,5.706438109038649,5.26771656005416e-4,2.483969546106061,0.21336365883442404,4.857600986937569e-10,9.224440834636163e-7,3.321105377538065,0.20607597916809822,2.1794497244577457e-6,5.267705079343265e-4,2021,4.9947742353333195,-5.670572227880127,0.4864771858877612,2.5649305211836717,0.40851577362421504,0.6002808849348075,0.0461775677103757,0.4111173859853621,43.647293992546174,0.6261852859775665,2.079627320595307,0.1290417459484826,1.364739348983302e-6,3.298559411554042e-4,17.339660806885618,3.57328757922165
DL,2021-10-01,11.951034532684524,4.85803032831397e-10,27.35889029767594,2.3146363369305105e-6,2.5458656936207222,9.17393755727474e-7,5.617927562932659,5.530295321981129e-4,2.4808178464031636,0.21302471235089404,4.858029533024866e-10,9.173937552818014e-7,3.3090415326363294,0.20534193828065772,2.3146336580532785e-6,5.530282521388251e-4,2021,4.753144173857414,-5.6791584933950725,0.4864771858877612,2.4408479720404515,0.41008220822644975,0.6253193544249428,0.0461775677103757,0.41267394546242875,40.4339217015258,0.580084685849902,1.9195243179236234,0.11911571375934531,1.3426835383894457e-6,3.208032199080708e-4,15.87047328352928,3.258873745471297
DL,2021-10-02,11.910354567846046,4.858438003985748e-10,27.01405854273419,2.4581939541751003e-6,2.537160544993997,9.156206841931268e-7,5.537271207133821,5.805485248489406e-4,2.477408153524077,0.21302141179268314,4.858438095097729e-10,9.156206837482781e-7,3.2963574172619436,0.20497738976815638,2.458190932815212e-6,5.805470977515748e-4,2021,5.381383958089168,-5.952424312861289,0.4864771858877612,2.7634634339764075,0.4122080939924728,0.5941300955131498,0.0461775677103757,0.4147865481335595,44.050645628138845,0.6319719645131533,2.0832054727245346,0.12953996369256013,1.5535077529596504e-6,3.668894898584724e-4,17.072127646725058,3.4994001628144806
DL,2021-10-03,11.868070403600552,4.85882623354286e-10,26.65893107206153,2.610643615474766e-6,2.5337687190775133,9.173617021443767e-7,5.468239466582279,6.093892312806987e-4,2.473851634632125,0.21349458108276936,4.85882667315616e-10,9.173617016986466e-7,3.283124219125346,0.20511848175011696,2.610640207784111e-6,6.09387640386746e-4,2021,5.4796454473346685,-6.260171025491261,0.4864771858877612,2.8139229504526164,0.41988158951030335,0.6012770657221688,0.0461775677103757,0.42241320643339886,42.691612421216206,0.6124746138303093,2.010830238265732,0.12562986289936223,1.5989508531124519e-6,3.7323445971883566e-4,16.32791851348972,3.349157855626638
DL,2021-10-04,11.825515618528405,4.859196371545915e-10,26.29590541487799,2.7725361587878806e-6,2.5372832606639113,9.228038740603596e-7,5.414063255798988,6.396154929709871e-4,2.4702595375312475,0.21456005323678706,4.859195267200155e-10,9.228038736119512e-7,3.2694132394159143,0.20588997299692746,2.772532315408019e-6,6.396137196188218e-4,2021,5.556078107065336,-6.3784377076358645,0.4864771858877612,2.8531728649675916,0.4031300003990034,0.6122852343220785,0.0461775677103757,0.40576614568165587,42.763896450331515,0.6135116356317275,2.0058230640700825,0.12631589409351718,1.7009808356677944e-6,3.9241045929583654e-4,16.132843941498994,3.321590803478873
DL,2021-10-05,11.784006102065558,4.859549773182322e-10,25.927285658057613,2.9444565972371103e-6,2.548866095622312,9.320766682197812e-7,5.377250599919661,6.712946125203598e-4,2.466743196986532,0.21629877594645291,4.859550538567863e-10,9.320766677668339e-7,3.2552959144745834,0.2073973600953686,2.9444522623053937e-6,6.712926359283292e-4,2021,5.7096381332289665,-6.692743868909622,0.4864771858877612,2.9320294417382886,0.39434721220826285,0.6031168085414607,0.0461775677103757,0.39704167481018293,42.57518964585647,0.6108043561301323,1.988348925053698,0.12667921099614082,1.7984842682333573e-6,4.100284662631024e-4,15.836499022571894,3.284448090434296
DL,2021-10-06,11.744840458590112,4.859887794217583e-10,25.555277121069047,3.127026245624127e-6,2.569257876047047,9.452474719642856e-7,5.359574821951596,7.04497587736659e-4,2.463414034245956,0.2187563028298018,4.859888046367186e-10,9.45247471504906e-7,3.2408438362651064,0.2097247780394013,3.127021356583099e-6,7.044953847611009e-4,2021,5.029820452955,-6.53254869079051,0.4864771858877612,2.5829275534807468,0.39517675668742724,0.6244465341071705,0.0461775677103757,0.3978656014103763,38.27486938505183,0.5491098723262352,1.7795793451607989,0.11516194609286366,1.7170782978747563e-6,3.8684537078059007e-4,14.032654957211784,2.942995446204746
DL,2021-10-07,11.70921468814246,4.860211768787532e-10,25.18192746055069,3.3209049733980313e-6,2.598949561714788,9.623212108411826e-7,5.36232671879127,7.392993640343947e-4,2.4603761120082988,0.22195763173995434,4.860212231490218e-10,9.623212103734741e-7,3.2261265729682074,0.2129434582476557,3.3208994592656694e-6,7.39296908899613e-4,2021,4.188359966730165,-6.018778420971034,0.4864771858877612,2.150818396630317,0.3542984908179027,0.604438809593184,0.0461775677103757,0.35729509982014845,25.68192225110524,0.3684453343661646,1.18865128388484,0.07845802367514491,1.223569911665555e-6,2.7239049679538983e-4,9.2781636831871,1.975724260885668
DL,2021-10-08,11.677965764868004,4.860522942857641e-10,24.80896492736713,3.5267935828053963e-6,2.638538624020485,9.832440582262045e-7,5.386856185384408,7.75779104982714e-4,2.457703798264996,0.22594163034441028,4.860523093936962e-10,9.832440577482964e-7,3.211205076856266,0.2171334516032988,3.5267873636091372e-6,7.757763689795943e-4,2021,4.452306352795733,-6.591510755498564,0.4864771858877612,2.2863608875774633,0.3712322536728114,0.5931840160835449,0.0461775677103757,0.3740932422894604,33.275132392051724,0.47738121626547136,1.5329689852675006,0.10365543121830265,1.6836220411494252e-6,3.7034106657348983e-4,11.843333851313941,2.5715839576259865
DL,2021-10-09,11.651720561901216,4.860822514320104e-10,24.4378699329086,3.745436359787842e-6,2.688824892408538,1.0079089588270197e-6,5.434537260611793,8.140204813239666e-4,2.455453856823795,0.23076633859555942,4.860822854153465e-10,1.007908958337093e-6,3.196133975550541,0.2223817900468289,3.745429345596325e-6,8.140174324734776e-4,2021,4.727786673006877,-6.23661086102311,0.4864771858877612,2.4278263168448304,0.38105561309778296,0.6193335379644036,0.0461775677103757,0.3838433899821301,41.122458300338245,0.5899627664270627,1.8856000420873231,0.1311969760590294,2.2096638581851108e-6,4.8023997638190754e-4,14.417433351203496,3.2061746365214843
DL,2021-10-10,11.630631780247494,4.861111576104277e-10,24.06962968389255,3.977623743323216e-6,2.7510264803388957,1.0361649201042085e-6,5.507001595215531,8.541119824224325e-4,2.453642288378201,0.23653284983288803,4.861111512139728e-10,1.0361649196005172e-6,3.180950866711635,0.22879461244477844,3.977615832543255e-6,8.541085850998451e-4,2021,4.521577929347829,-6.100411293346053,0.4864771858877612,2.3219334225064867,0.3722187958916152,0.6093886902229807,0.0461775677103757,0.37507225940430494,30.016436568942726,0.4306303827256904,1.3698140891636479,0.09852591152267094,1.7128822283038676e-6,3.678051068908442e-4,10.365113842840287,2.3714822046186517
DL,2021-10-11,11.614738790334211,4.861391195134576e-10,23.70507499148983,4.224195229711109e-6,2.826606457540865,1.0678257982959348e-6,5.605730003108414,8.961472604064199e-4,2.45227487697545,0.2433637560487514,4.861391288341797e-10,1.0678257977768229e-6,3.165689159879549,0.23647805396611835,4.224186307719831e-6,8.961434749214281e-4,2021,3.3082121375198845,-5.051018173359998,0.4864771858877612,1.6988424065394758,0.346187326214059,0.6118983169377898,0.0461775677103757,0.34925353626110306,33.53794076451874,0.481151592864274,1.5231763817892103,0.1137817923432416,2.032473970514853e-6,4.3118086039337073e-4,11.405734591122398,2.697205920162665
DL,2021-10-12,11.604087140079116,4.861662438640776e-10,23.34498929216708,4.486042439022458e-6,2.917134478212773,1.10267979963189e-6,5.731818523724493,9.402254959403134e-4,2.4513573757172695,0.25138853603893946,4.861662182759674e-10,1.1026797990958042e-6,3.150382369745009,0.24552671461912742,4.48603237681973e-6,9.402212780677578e-4,2021,3.198912720121733,-4.881296984339005,0.4864771858877612,1.6427146621363486,0.3435074825560745,0.5746004100459328,0.0461775677103757,0.3465974009303274,17.752547300193434,0.2546866687749369,0.8023603911176479,0.06253238104160017,1.1425326420687294e-6,2.3946182522239089e-4,5.945657555408606,1.4598177658298677
DL,2021-10-13,11.598728790707002,4.861926374138404e-10,22.990109955485956,4.764112361095239e-6,3.0242074342391274,1.1404986220890482e-6,5.885902711112697,9.864517896432147e-4,2.450895505099207,0.26073611072466385,4.861926415839407e-10,1.140498621534546e-6,3.135064121516413,0.2560189021500608,4.764101012708088e-6,9.864470900984392e-4,2021,3.226437590761007,-5.066390981083136,0.4864771858877612,1.6568493111651041,0.3532126767166533,0.5738964324052921,0.0461775677103757,0.35621842000799087,37.7821892771663,0.5420416441262363,1.6993353108679312,0.13877290664881298,2.5823411457117596e-6,5.346954025604995e-4,12.461596998914562,3.1904043826985986
BG,2020-08-08,11.774233224452118,4.0812880065648605,33.42479134770217,7.553379444436381,2.121772489573182,2.9170408530953735,5.744072677070546,5.428506538568621,2.4659135188396557,0.1802047274863551,1.6255647740527726,0.5740750867352236,3.5092978805661943,0.17185066668981405,2.1463264615145587,0.634662190989275,2020,9.63528417323909,-7.568758635350784,0.5747322078964202,4.097576026643954,0.5896350201216372,0.667086476420779,0.02323283460240468,0.5900925533825233,58.79066317209587,0.843439417745267,2.9598801610794503,0.1449456262519927,1.8102963409910986,0.5352991088329295,28.191786552562956,4.844777314234879
BG,2020-08-09,12.121083977537142,3.806891771423482,34.63301413933147,6.882017718929954,2.182844251771719,2.7950162405017864,5.945443551365482,5.093846702600794,2.4949464137324333,0.18008655461978298,1.570050673872317,0.5814601978596428,3.5448073930134116,0.17166982716105714,2.0645839267948922,0.6462617675125353,2020,10.345574302473343,-8.266736812241849,0.5747322078964202,4.399639541656371,0.5908827825989882,0.6539385459235111,0.02323283460240468,0.5913393504372814,43.47613038187975,0.6237296896578401,2.2110016151410727,0.10707556801878122,1.2877422919323431,0.40309265168832087,21.601639161040808,3.708349661171399
BG,2020-08-10,12.493188792485627,3.550886499651078,35.83070550563958,6.284136479115977,2.25034989758841,2.673995359514942,6.15026003012693,4.782378676006719,2.525183599197002,0.18012614192958848,1.5153220490731172,0.5875768072264514,3.578805221484148,0.17164775137232252,1.9856988985261796,0.6565470992640051,2020,10.449459543374497,-8.577559984385625,0.5747322078964202,4.443818588686553,0.5762392980957204,0.6539085192762013,0.02323283460240468,0.5767074590063069,59.467358913511305,0.8531476236292421,3.0532491701411244,0.14644087118459995,1.6940942965208137,0.5601315975377581,30.568881255095608,5.247079729404701
BG,2020-08-11,12.889318484786394,3.3123151054455255,37.00996509569744,5.751831234037459,2.3241280127899535,2.554716478275628,6.357387489357602,4.493349627658004,2.556398943930875,0.1803142668507403,1.4614749073387694,0.5924234235688322,3.6111872032929844,0.17177501986070973,1.9098137620223696,0.6655008799695771,2020,10.427975176125642,-8.72476204197328,0.5747322078964202,4.434681979261891,0.5819620530699007,0.651056336492863,0.02323283460240468,0.5824256139774389,58.668173384391466,0.8416821197382907,3.0394717000394285,0.14457996283444913,1.6074560955243475,0.5601401913404914,31.15062587318677,5.350899378040196
BG,2020-08-12,13.307037578004786,3.090169008552503,38.16361659752771,5.277600266051911,2.4038134968181204,2.438003178911138,6.565769684138388,4.226071906315617,2.588293036485234,0.18064227163462632,1.4085862915854392,0.5960641660071497,3.6418826166575964,0.17204264871908728,1.8369877842122762,0.6731986311982023,2020,8.181593274868533,-7.063823367518643,0.5747322078964202,3.479368107892838,0.5178109967880133,0.6619410325362344,0.02323283460240468,0.5183319332225815,45.09367629973023,0.6469357892919668,2.3560642051160756,0.11130054674096332,1.18841314209907,0.4355162878244807,24.689409425757592,4.247631392917336
BG,2020-08-13,13.743277448921477,2.8834935027053765,39.284450479484626,4.854806454509099,2.4886803442349392,2.3247105392533047,6.773716098329115,3.979989382550029,2.6205497917500336,0.18108346815265974,1.3567351358248911,0.5986132171030621,3.6708287784806863,0.1724274112442155,1.7672629400573776,0.679781545892918,2020,7.630001108812351,-6.310479882522217,0.5747322078964202,3.244793725292494,0.5320855918373935,0.647680870617725,0.02323283460240468,0.5325925662686365,56.078926275238736,0.8045355227055336,2.9533121500574744,0.13872397743412693,1.4218258132371804,0.5469084013505344,31.605735900711814,5.449695221828103
BG,2020-08-14,14.194508549216115,2.6914060253557115,40.36498136825413,4.477692405980348,2.5775703709363356,2.2156774422133143,6.978634318449362,3.754639568765703,2.6528551679248333,0.18158926474975992,1.3060074221581595,0.6002258833068376,3.6979626112651585,0.1728883324578431,1.7006839184758265,0.685441841288226,2020,7.730093114481834,-6.809267487071717,0.5747322078964202,3.2873596315507743,0.533581472948944,0.6606942268389295,0.02323283460240468,0.5340870274384385,59.26556467900288,0.8502525854977634,3.1442022713022615,0.146998751674678,1.446010898798539,0.5827986977636618,34.32042977192712,5.933601872504992
BG,2020-08-15,14.656692244570316,2.513083146018688,41.39750634299139,4.141251160416618,2.668917610224801,2.1116873881164766,7.177127783549333,3.5496027319717585,2.684897039660929,0.18209549369596145,1.2564940410988763,0.6010923454828027,3.7232206457560957,0.17337101718360923,1.6372964662695695,0.6904161304743802,2020,8.187123246155606,-7.363037204425252,0.5747322078964202,3.4817198265724874,0.5441454159266707,0.6574854267315182,0.02323283460240468,0.5446411646925635,58.64596681683959,0.8413635335309664,3.1325820786287952,0.14586805162945934,1.3775615402983297,0.5808909551427013,34.83035221610983,6.038573592570339
BG,2020-08-16,15.125242433458425,2.3477501246371633,42.37417185341706,3.841118480445828,2.7608423284343298,2.0134381813545135,7.36525455302304,3.3644737366643236,2.716365032446856,0.18253210423438193,1.2082885156236665,0.6014302461037873,3.7465390222274486,0.1738147137955005,1.577145785032332,0.694978598490009,2020,8.37406309441737,-7.731676466906341,0.5747322078964202,3.5612193230989457,0.5334397805826941,0.6509112039473862,0.02323283460240468,0.5339454692304969,53.65628720474273,0.7697791655430934,2.884007682204883,0.13379894534461198,1.2140539663419956,0.5349800456159477,32.618754649903025,5.669619503838545
BG,2020-08-17,15.595158168810393,2.1946666430416006,43.28753535271536,3.5734361353069395,2.851468495670707,1.9215275602749964,7.539291746323487,3.1988404366841645,2.746960492285371,0.18284319176534639,1.1614827453098253,0.6014798334155876,3.7678647264239125,0.17416772946049836,1.5202648119426476,0.6994391835908907,2020,8.623833854050284,-7.790898910976975,0.5747322078964202,3.6674387825800694,0.5159104376821136,0.6416146074491728,0.02323283460240468,0.5164332912516512,55.86155620490514,0.801417026065672,3.019630943668399,0.13958098378084313,1.2183661044193648,0.5605424704272133,34.69136784808578,6.042116769980035
BG,2020-08-18,16.061745118168243,2.0531024103241986,44.13265534552649,3.334628276595978,2.9397432136939248,1.8364587491766495,7.6976321542536414,3.052217746394007,2.776440365016794,0.18302763442364892,1.116158257351366,0.6015057807974552,3.787199992455313,0.17442032649036862,1.4666358572123317,0.7041475189173407,2020,6.22726912054444,-7.098555076983249,0.5747322078964202,2.648256989728735,0.4359347526386885,0.6453490668869004,0.02323283460240468,0.43655340241695206,54.98814884526059,0.7888866997327879,2.987671703276111,0.13759787573130228,1.1570095211060047,0.5554926123237318,34.815664825976974,6.072559625926146
BG,2020-08-19,16.521189438447106,1.922347719011024,44.90776304869283,3.1214108571642525,3.02577533693309,1.7586095658559415,7.841439278581792,2.923980972525226,2.8046437654069623,0.18314512694174973,1.0723873065945324,0.6017797110232614,3.80461067621076,0.17461211038455499,1.4161955458011621,0.70946117091007,2020,8.317203323206181,-8.206016734202814,0.5747322078964202,3.537038693736449,0.4630991119640339,0.6333563732776745,0.02323283460240468,0.46368152012511726,49.08503181293993,0.70419771471406,2.679198143564332,0.12296144909420281,0.9972816669414093,0.49960093523323246,31.623944111809998,5.5219236200463655
BG,2020-08-20,16.97072075124254,1.801726523665926,45.6139026464422,2.9308461469616947,3.110653354786657,1.68818869654604,7.974138775338961,2.8133251721271537,2.83148955042687,0.18329530020455412,1.0302358427468485,0.6025529909097356,3.8202125526505024,0.17481816535513936,1.3688547072768729,0.7157047279252289,2020,8.5620234509194,-7.361052497965117,0.5747322078964202,3.641152808911566,0.513264399574015,0.638115816609587,0.02323283460240468,0.5137899458667294,53.202994260962704,0.7632760047358969,2.9158765744289976,0.13343451080753016,1.044813952034217,0.5462802453013608,34.81599737238855,6.08646878565032
BG,2020-08-21,17.40770446797408,1.6905996812577002,46.25320306159757,2.76038885195338,3.1956071691525785,1.62518458692056,8.099640404200093,2.7192291257212324,2.8569128937356565,0.18357430039277803,0.9897640986041607,0.6040231842147843,3.834130716946284,0.17511523241781593,1.3245223701272304,0.7231244514270633,2020,9.42776175089772,-8.273153923818278,0.5747322078964202,4.009323424282853,0.5221619351428096,0.6420717259016735,0.02323283460240468,0.5226785351587976,54.77286140551196,0.7857980815231598,3.012852561685407,0.13760521367940198,1.0408071373804861,0.5682298066338737,36.34567823010451,6.364681890647903
BG,2020-08-22,17.829399850614088,1.5883628466794597,46.828393553395244,2.6078446522959404,3.2815963661241274,1.5693771986728469,8.221495234763228,2.640480243046885,2.8808487717804607,0.1840553464288985,0.9510255703193529,0.6063204008225346,3.8464897188145195,0.17556645895590706,1.2831105448144247,0.731871933944426,2020,9.90649849685207,-8.19631731576473,0.5747322078964202,4.2129147432337115,0.5187795388284531,0.6291973889599617,0.02323283460240468,0.5192995036688608,50.62201052019229,0.7262479580007712,2.7935053037600057,0.12750478231015372,0.931856413060733,0.5315204975452147,34.00902519460978,5.970844125959866
BG,2020-08-23,18.232978306639392,1.494444378816009,47.342747878394,2.4713161833215103,3.3691075301483893,1.520375655525203,8.342503796184417,2.5757271478070685,2.9032319492707725,0.1847809761788372,0.914066010542203,0.6095047331730248,3.857413647994709,0.17621503123589746,1.2445338255922287,0.7420030362496388,2020,10.272085861410892,-8.668580046287898,0.5747322078964202,4.368387274580608,0.5695836447452939,0.6689411333583268,0.02323283460240468,0.570057271653468,50.77945406280716,0.7285067195582334,2.8101517626797836,0.12837383434251529,0.9066512546614531,0.5405541978404733,34.48950995176133,6.077570073460419
BG,2020-08-24,18.615544635833785,1.4083040573367345,47.800027174282015,2.349158624131799,3.4580362398419218,1.4776637518360425,8.46449786165804,2.523542143139667,2.9239969647980346,0.18576068052209513,0.8789227891333448,0.6135702621662079,3.8670262079968722,0.17708144455223696,1.2087091573161977,0.7534854052467711,2020,6.799044072284908,-7.742694281183627,0.5747322078964202,2.891414461035535,0.5850503013763433,0.7766024343795344,0.02323283460240468,0.5855114172620486,45.07999117062888,0.6467394557808578,2.5009584252502113,0.11452555707860188,0.7817199026000169,0.4873087409281158,30.914163561005363,5.4743247405069555
BG,2020-08-25,18.974496667919936,1.3294368172711983,48.20446082372937,2.2399606335415,3.547869603613233,1.440665105493535,8.588584036013911,2.4825653950261684,2.943095796865046,0.1869809600594884,0.8456265290355363,0.6184606917912423,3.875451564984386,0.17816990148318496,1.175561179588912,0.7662331971955331,2020,4.048898329805011,-5.5305507499690325,0.5747322078964202,1.721866053168049,0.448080291191802,0.659950445196083,0.02323283460240468,0.4486821948308098,45.04577363343398,0.6462485543674164,2.504504971392101,0.11514204126529327,0.7597047128797891,0.4951770959959367,31.152063121395862,5.55036001733706
BG,2020-08-26,19.30860409179682,1.257383608329086,48.56080660157898,2.142560270216143,3.638403878357051,1.408837880926215,8.716116605018758,2.4518002464601016,2.960550804433158,0.18843433015972458,0.8142064472075793,0.6241021134945851,3.8828167570247203,0.17948871147324288,1.1450378403647434,0.7801919567612521,2020,9.482976778851128,-8.017855769853766,0.5747322078964202,4.032804597311537,0.5406918426479063,0.6481565589143724,0.02323283460240468,0.5411907550112538,53.96587722551665,0.7742206943977166,3.006157085842769,0.1389638748333655,0.8865119918788534,0.6040407585272098,37.5967814075877,6.748197850389091
BG,2020-08-27,19.617098356026965,1.1917148241997386,48.87418700321257,2.0559581417717507,3.729286977259893,1.3816544063017484,8.848007892644944,2.430402089286366,2.9764015510506026,0.19010390372611571,0.7846842621732075,0.6303988051028637,3.8892493839618103,0.18103642096518868,1.1170931741462506,0.7952995350509917,2020,10.14788610733554,-8.4690859378036,0.5747322078964202,4.3155691193851755,0.48831310091655006,0.6118231557960688,0.02323283460240468,0.4888654714033294,53.59098021580969,0.7688422397499765,2.9902192073114144,0.13918844737119526,0.8588684180200138,0.6114598758007194,37.576539401509145,6.8027222055066074
BG,2020-08-28,19.899351670397852,1.1320265995405412,49.150000823754986,1.9792818105930077,3.819823329042132,1.3586081186423185,8.984431548654122,2.417596419865913,2.990687151822735,0.19195717490256112,0.7570729825581058,0.6372378838683828,3.8948768633531956,0.18279616272787125,1.0916822683146765,0.8114695331170115,2020,10.52810418561688,-8.454125824016353,0.5747322078964202,4.477263622053748,0.5304135208639543,0.6357691460606716,0.02323283460240468,0.5309220919484884,52.637123143293486,0.7551577427491479,2.9412464204156805,0.1380399376287852,0.8243923175397808,0.6127875009383473,37.11600367818558,6.7846630481658785
BG,2020-08-29,20.15487753031604,1.0779419653865592,49.39387682216133,1.9117722762946616,3.909010003351919,1.3392320173323218,9.124880543414497,2.412677362674979,3.003446320158509,0.1939485862651443,0.7313779641766245,0.6444992399406038,3.8998264655429264,0.1847370793806668,1.0687619254546294,0.8285941116745573,2020,10.789985957094258,-8.445759850796087,0.5747322078964202,4.5886335048021065,0.5418130627420173,0.628880070382115,0.02323283460240468,0.5423109436121937,54.42977360754161,0.7808759772817339,3.045280802510003,0.14425674740155142,0.8345705130208914,0.6470292367237601,38.57049183523881,7.125400011917874
BG,2020-08-30,20.383329983070375,1.0291117781205412,49.61163301379045,1.8527726212801696,3.9956305414481217,1.3231112353539431,9.268331832873548,2.415007585203247,3.0147174091021984,0.1960244250947584,0.7075981495778876,0.6520642428971907,3.9042253427998364,0.18681771330319336,1.0482913709410933,0.8465475191357952,2020,11.002602278022486,-8.33053215365393,0.5747322078964202,4.67905237816844,0.5319503440570217,0.6020258018348558,0.02323283460240468,0.5324574472632029,55.01663106199454,0.7892953194523488,3.081586789159153,0.1474543467010013,0.8274114725060908,0.6681759945478808,39.15822972817243,7.3154509348183
BG,2020-08-31,20.584501699565333,0.9852154398306172,49.80924218977515,1.801718501972969,4.07840190638822,1.3098903634839767,9.41350356354537,2.4240172216413916,3.024538447960953,0.19812973692116825,0.68572744216948045,0.6598227765122254,3.908200552951693,0.1889911018457088,1.0302329796178555,0.8651894256808453,2020,8.681542951217263,-7.18733965974629,0.5747322078964202,3.6919806029165616,0.5029254966445214,0.6181252254312927,0.02323283460240468,0.5034618354739524,21.106047101580018,0.30279760624830193,1.1833937721720627,0.057226053241109666,0.3119520801063423,0.2619772870475031,15.082119304105843,2.8503863454513985
BG,2020-09-01,20.75832092733008,0.9459614449443584,49.99280413862056,1.7581302352394508,4.156168809028817,1.2992766167611658,9.559189978316008,2.439200801756155,3.032947174840297,0.2002170032720166,0.6657561711031853,0.6676784990456563,3.9118790778434795,0.19121131816911463,1.0145529991552416,0.8843675220957768,2020,9.596389042547935,-7.697163319417724,0.5747322078964202,4.081035180291346,0.5280841662590866,0.612535215348616,0.02323283460240468,0.5285949784638683,52.0055804188915,0.7460973239851749,2.918642511732614,0.1426622528016543,0.7569552777108591,0.6598242416550592,37.29949738633978,7.132086062287476
BG,2020-09-02,20.904814257288702,0.911084671035952,50.16799631935497,1.7215941469325988,4.228280541870531,1.2910506628893883,9.704827595792237,2.460106063959849,3.0399794796836073,0.20226348293892604,0.6476709714644361,0.6755591117737036,3.9153772998743275,0.19344658562829795,1.0012177920591903,0.9039209856960256,2020,11.33505327939663,-8.853982255602526,0.5747322078964202,4.820433081505446,0.5293600802464216,0.6174216649639387,0.02323283460240468,0.5298696624285641,49.56703154498303,0.7111127170530839,2.7842745900016004,0.137562327110781,0.7119787044731003,0.6427897081396026,35.67510017176562,6.9012263201755655
BG,2020-09-03,21.02392868675265,0.8803312444618636,50.33790781258137,1.6917095669026343,4.295212620594503,1.2850876145001198,9.85127554413888,2.4863028489502605,3.0456612503040885,0.20430114107554748,0.6314479551842357,0.6834368243813882,3.9187584277108116,0.1957029199707158,0.9901765184817607,0.9236891228986727,2020,12.640499340546862,-9.344965260875302,0.5747322078964202,5.375597245641121,0.5634194331232388,0.6113174812623451,0.02323283460240468,0.5638982374724845,51.99554619080134,0.7459533680737896,2.923211047818428,0.14598525229403075,0.7386255089490484,0.6890290122793895,37.549731874583,7.348592171973353
BG,2020-09-04,21.115405368097026,0.8534503632130266,50.502921862947616,1.6680854554055928,4.358098678674595,1.2812994933840527,10.000104776270872,2.5173731084981794,3.050002886311833,0.20639427009339759,0.6170489632193202,0.6913049946278957,3.9220311932797958,0.19801042013784217,0.9813611573026516,0.9435129236201685,2020,13.555539514005714,-10.02620090838466,0.5747322078964202,5.764734359894043,0.578789451785233,0.6369588734145671,0.02323283460240468,0.5792555516363337,53.20698678152358,0.7633332833756589,2.99381694826802,0.15114794414641275,0.7491056343811695,0.7202148178943505,38.55056116570815,7.633412812971454
BG,2020-09-05,21.17902231889553,0.8302196903398197,50.662872577664,1.6503865498695178,4.417678328083397,1.2796241885913329,10.15214550734991,2.5529242958969265,3.0530111785268805,0.20858745326227957,0.6044360090140027,0.699164256261358,3.9251933460386907,0.20038629850265813,0.9747054972357366,0.9632271549305177,2020,13.031094471024504,-9.761537224190644,0.5747322078964202,5.541704774385757,0.5614013859424097,0.6088063972662585,0.02323283460240468,0.5618819099612669,49.102662354795825,0.7044506510334538,2.7651050080491366,0.14116225843838154,0.686631922093601,0.6785459963839047,35.689493570560316,7.1516855120389975
BG,2020-09-06,21.214666134944867,0.810451045937212,50.817594093847255,1.6383397316385016,4.473886767731599,1.2800208143849618,10.306909863159534,2.5925850595618383,3.054692741313623,0.21088650367031694,0.5935760108837997,0.7070176336761078,3.928242635052498,0.20282168109189264,0.970149829793385,0.9826577784778884,2020,15.06431400255203,-10.82917693835035,0.5747322078964202,6.406367555420342,0.5766097760611345,0.6063232579933704,0.02323283460240468,0.5770776364172626,51.90237028060892,0.7446166211959643,2.925034758150723,0.1510243948799305,0.7223896883145902,0.7317033148021376,37.83962521146853,7.674696397277211
BG,2020-09-07,21.222331881299667,0.7939891484095101,50.96692071924228,1.631728329278077,4.525744110548861,1.28246390203036,10.462427019163286,2.635997482639062,3.0550540178787204,0.21325385616727535,0.5844417147941797,0.714867145750212,3.931176808935496,0.20527877437989409,0.9676407897762961,1.0016221861935712,2020,4.57655171323323,-6.316193540015678,0.5747322078964202,1.946260042534551,0.39979967791825566,0.6682634315224627,0.02323283460240468,0.40047415280789805,22.868211010392017,0.3280784658444828,1.289734456438967,0.06734754536899137,0.31746210579835094,0.32861067020218376,16.721149158386392,3.4324970054569564
BG,2020-09-08,21.202122282916104,0.780710666670885,51.11068707695822,1.6303873236580495,4.571392940577238,1.2869395938585102,10.61528715985773,2.6828127407069093,3.0541012843522486,0.21561015824631383,0.5770125355632445,0.7227112286941589,3.933993615792124,0.2076921240341401,0.9671311066991827,1.019930683431044,2020,11.891698979329712,-7.945554777788643,0.5747322078964202,5.0571565692999405,0.5459478003931515,0.5961792566731896,0.02323283460240468,0.5464419139833465,53.34902587410094,0.765371045208517,3.010964805562451,0.15896153805358676,0.7402141459880232,0.7806254132178552,39.118639989416955,8.12463342872886
BG,2020-09-09,21.154122448347053,0.7705131310387483,51.248309872371955,1.6341828771374465,4.608517566358819,1.2934417978945532,10.761283028299156,2.732715993059643,3.051834801314326,0.21785434860801428,0.5712694091132017,0.7305462892193855,3.9366826393746686,0.20998317905700498,0.9685730303481249,1.0374055714876078,2020,12.4630835964571,-9.024175382944962,0.5747322078964202,5.300148043867654,0.5563182918152759,0.5895157230961375,0.02323283460240468,0.5568032025877089,52.44801047808433,0.7524446405722707,2.96213575363137,0.15800071769177088,0.7287975856882899,0.7805902623656641,38.561516101853265,8.097269740325034
BG,2020-09-10,21.07802979509735,0.7632839583570247,51.3775245958656,1.642958754266601,4.635412760268302,1.3019652118628433,10.897107472948802,2.7854947317072782,3.0482312560745255,0.21991679513359816,0.567177955878321,0.7383752376877378,3.93920081216117,0.21209872524348328,0.9718990298502129,1.0539304585100229,2020,12.859853397881858,-9.355998899385032,0.5747322078964202,5.468881461292936,0.5365890300465787,0.593283760280133,0.02323283460240468,0.5370917535859128,52.119655019157534,0.7477338936245794,2.945473961046377,0.1585934056591196,0.7267218457998511,0.7880595253512377,38.41671651085918,8.148136599993508
BG,2020-09-11,20.973532829811877,0.7589322893205219,51.49562813207933,1.6565801308484438,4.6505180281415734,1.3125076009575718,11.019525228130592,2.840939112119774,3.043261301387658,0.2217326983430901,0.564706971166033,0.7461956375049521,3.94149691342704,0.21398952936095852,0.9770396305226129,1.0693971091368701,2020,13.24996386739446,-9.663758586047372,0.5747322078964202,5.634782879339051,0.5456607930847894,0.609600399479916,0.02323283460240468,0.5461551663342424,51.9685295242709,0.7455657738494967,2.938645196384634,0.15954326905369265,0.7284473082122183,0.7973058832260453,38.393377838159644,8.215780854165237
BG,2020-09-12,20.840441260372057,0.7573981150890289,51.59989984427588,1.6749449048975995,4.652259065875564,1.3250682498785011,11.125069662616154,2.898800072640262,3.0368953903832736,0.2232322726641014,0.5638343715224292,0.753994350228021,3.943519731483228,0.2156025437295551,0.9839287838359003,1.0836858984769377,2020,13.06227552505926,-9.71644621470518,0.5747322078964202,5.55496507239058,0.5629132806202826,0.6129231636180719,0.02323283460240468,0.563392515128087,51.10487434598042,0.7331753570484876,2.8912914871579716,0.15807447197947871,0.7213923373991704,0.7945317955442399,37.83177499199317,8.156626922077896
BG,2020-09-13,20.678691186412575,0.7586511036662749,51.68760789586684,1.697979036220463,4.639148741363997,1.3396457355288849,11.210178894526765,2.9587777631026624,3.0291037587792116,0.2243444084320124,0.5645470968299153,0.7617461659883044,3.9452180602471114,0.21688329854830016,0.9925029876369419,1.0966644749202892,2020,10.358063560199971,-8.238482954894254,0.5747322078964202,4.404950820714787,0.5365242187151645,0.6220946312029368,0.02323283460240468,0.5370270029259053,51.64079916027769,0.7408639948174297,2.922870012540546,0.1606810269716749,0.7353097282889388,0.8124792238638044,38.293487668288826,8.305217918417137
BG,2020-09-14,20.488349446606872,0.7626898793379463,51.75601696012567,1.7256321690531904,4.609923294260865,1.356236838590411,11.27140498364901,3.020513874360609,3.019856404911808,0.22500218020365353,0.5668409828592085,0.7694131874744773,3.946540695147556,0.21777960603755164,1.0027003898533757,1.1081883713640834,2020,8.057378826061127,-6.653918943221595,0.5747322078964202,3.426543703501149,0.4750453465964126,0.612707043446972,0.02323283460240468,0.47561312631861674,50.50132073374719,0.7245164836864048,2.8593337871736066,0.15778491438493744,0.726472960647555,0.8029007420828694,37.49808741756418,8.1663187049588
BG,2020-09-15,20.269672127347643,0.7695298441964604,51.80236110011043,1.7578610370682983,4.56413873322878,1.3748338267114628,11.306463976854513,3.083617942926335,3.009125785066568,0.22517082193307353,0.5707138865534735,0.7769486517678779,3.9474357293098645,0.21826155674650147,1.0144553927022664,1.1181194053940904,2020,9.219524587358505,-7.137660504379553,0.5747322078964202,3.9207668655106187,0.510693701807945,0.6330539027405548,0.02323283460240468,0.5112218908360292,45.9849754067348,0.6597227993253155,2.6042133494970723,0.14399212520190316,0.6692593514642015,0.7376488641065466,34.17519867662568,7.459132065281299
BG,2020-09-16,20.02326706079394,0.7791664376397874,51.82374547186799,1.794586081040912,4.503491896335872,1.3954148376860016,11.316684804315518,3.147754356209706,2.9968949504229068,0.22491294166244338,0.5761449611595735,0.784308206452644,3.9478484510219602,0.21836871691295778,1.0276840029894265,1.1263758799790657,2020,10.5562928469568,-7.793709828435191,0.5747322078964202,4.489251351824131,0.5019355691316535,0.5883124905980548,0.02323283460240468,0.5024729646092211,49.12374184444104,0.70475306763353,2.782258306410006,0.1538960231196049,0.7242634536647041,0.7938168567236633,36.522943597558225,7.975468331283115
BG,2020-09-17,19.749918898687586,0.7916081069926649,51.81726705688027,1.8357200195332992,4.430255044397291,1.4179455921330433,11.304390596292864,3.212541514952307,2.9831493849431343,0.22431763224565388,0.5831136003422577,0.7914373609936163,3.9477234345861287,0.21815875746368357,1.042295880077509,1.1328838858643826,2020,10.12446907501738,-7.764707367755364,0.5747322078964202,4.305610609753614,0.5437626930708268,0.6191410075153384,0.02323283460240468,0.5442587904474312,48.22662669696863,0.6918826178578634,2.7313612245002865,0.15094025222259208,0.7211464020904926,0.7838226686808379,35.851466381554346,7.82131135905092
BG,2020-09-18,19.450528988141873,0.806886350152936,51.780065116874965,1.881173816890137,4.3466077130661915,1.4423753278929596,11.271784660048546,3.2775031302630495,2.967874267028387,0.22346989717946109,0.591605115416858,0.7982656616841873,3.9470052318906768,0.2176857953848943,1.0581977864206753,1.1375582795628414,2020,9.71910003511468,-7.968271627173558,0.5747322078964202,4.133220213167045,0.5632937664869463,0.631901091749052,0.02323283460240468,0.5637726775631408,48.22100986293227,0.6918020360277974,2.730546255634339,0.15059547646160037,0.7320633831659316,0.7869651339018521,35.82155447350603,7.797843577488479
BG,2020-09-19,19.12611051363132,0.8250542830158425,51.70933695796752,1.9308505364102495,4.2544817803837045,1.4686309407323228,11.220714832674274,3.3420525989604704,2.9510544440990563,0.2224436472513062,0.6016097307103772,0.8047053473420299,3.945638364008529,0.2169959139448094,1.0752926663685514,1.1403012734500844,2020,3.920530537032382,-6.451049681717167,0.5747322078964202,1.6672753653584231,0.3832027514679973,0.6611651310656731,0.02323283460240468,0.3839063861624425,29.5257035748178,0.4235900887657207,1.6713333048478056,0.0919173184496805,0.45548331599618314,0.48302031764038555,21.903562632042025,4.752983591987334
BG,2020-09-20,18.777782775424512,0.8461853783748344,51.602355045502115,1.9846389624631848,4.155476245801093,1.4966120384855963,11.152541925801208,3.4054833146350725,2.932674403733686,0.22129749265390306,0.6131215526935834,0.8106510082985483,3.943567311862733,0.21612466942578643,1.093478788930854,1.1410034370872684,2020,7.924032613212214,-7.072658383739916,0.5747322078964202,3.3698358539775177,0.43925354687887935,0.596566475570829,0.02323283460240468,0.43986752897814424,42.54412314590668,0.610358661027964,2.406990464142185,0.13191356384583436,0.6674142494743156,0.6964213300888898,31.495944331462272,6.807050556890256
BG,2020-09-21,18.40676464762621,0.8703723047426265,51.45648535253694,2.042406938988082,4.050840508005167,1.5261871417408,11.068115821516132,3.46696690843835,2.912718240943212,0.2200734667690541,0.6261375044952802,0.8159804001967468,3.9407365058918544,0.21509661504641506,1.11264895839058,1.1395473971642591,2020,10.50018159424176,-7.905868169243491,0.5747322078964202,4.465389043269839,0.48170056655799587,0.5868539741471529,0.02323283460240468,0.4822605109543564,45.01627953620865,0.6458254177186965,2.5450278000369235,0.13891486126222866,0.718576978326869,0.735948673783861,33.231906147138154,7.14807052378957
BG,2020-09-22,18.014579420362185,0.897719766963158,51.26948457964658,2.1040150192813485,3.941748278048971,1.5571980791416151,10.968331718430672,3.5256453647051993,2.8911813978471654,0.21880878737549353,0.6406530427975409,0.8205627122878814,3.9370957326857163,0.21393489340411623,1.1326964409952673,1.135833861242549,2020,8.633224125400362,-6.442974113259866,0.5747322078964202,3.6714321625443707,0.4684215431915299,0.6132047660316792,0.02323283460240468,0.4689973419216755,42.54902190218799,0.6104289409656726,2.4033171785838103,0.13059205041627872,0.6914306889123275,0.6933458610312399,31.296377175809543,6.6953871150418305
BG,2020-09-23,17.603645895688274,0.9283237091488008,51.04034415273423,2.169376410947808,3.8299669046465983,1.5894801367422136,10.85556406408598,3.580910182293355,2.8681060337549584,0.21756668631835444,0.656651081031005,0.8242807621982933,3.9326163818181556,0.21268594960099713,1.1535348527487654,1.1298469219130955,2020,9.708003024098746,-7.33197063620418,0.5747322078964202,4.128501011793349,0.48800099876242925,0.5768339368633025,0.02323283460240468,0.4885537221194729,43.57907822359684,0.6252066294130836,2.4586978328512052,0.1329726656735604,0.7211976371975733,0.7063877858020339,31.910761531814757,6.786970618884991
BG,2020-09-24,17.176562620043313,0.9622848515479818,50.768454670406605,2.238397972425157,3.7170474738894894,1.6228418637045736,10.73206022715891,3.632178211951844,2.8435458162139318,0.21640228933535693,0.6741095348801746,0.8270164560585418,3.9272751906470686,0.21139229659110986,1.1750787545668668,1.121597235077255,2020,5.455451737214917,-5.9436358730514955,0.5747322078964202,2.3200279152130263,0.37733612009110307,0.6035914402405181,0.02323283460240468,0.37805067402276915,33.19275897007647,0.47619944713207824,1.8701662745216612,0.10066489476466682,0.559571853261393,0.5341039832486564,24.1759100457976,5.110601146761239
BG,2020-09-25,16.735867458888563,0.9997116506711896,50.45333352415773,2.3109553202688926,3.604083696916079,1.657056506219171,10.599400769144552,3.6788113817804526,2.817554168329676,0.21535087474667586,0.6930029955013741,0.8286477231169761,3.9210488204176546,0.21008325969322558,1.1972367641427077,1.111102695726406,2020,6.383949086495375,-5.460718645122336,0.5747322078964202,2.7148879329155533,0.4253786892810969,0.5957177632032611,0.02323283460240468,0.4260126687061861,26.344032623358167,0.37794429145772485,1.4819380182038981,0.07939976873188535,0.4524888005310549,0.4199349210730846,19.068549390468068,4.005983013570801
BG,2020-09-26,16.2840202568639,1.0407171944098434,50.09463161101401,2.386886966642202,3.491779551446358,1.6918624973053176,10.458568227514474,3.7201260886589314,2.7901842746134236,0.21442982116007459,0.7133013119584973,0.8290528947077297,3.9139138488767014,0.20877622793447215,1.219911200571993,1.0983909782932928,2020,6.800812275297924,-5.931974139590101,0.5747322078964202,2.8921664208268707,0.43743835130809006,0.5943647419532365,0.02323283460240468,0.4380548776110166,33.45833981967241,0.480009599034801,1.87871621725606,0.10021459345882419,0.585569086244625,0.5272382130740063,24.0459040333989,5.020213141367332
BG,2020-09-27,15.823387808763163,1.0854156263724388,49.69213952854609,2.465988088421785,3.380576602053662,1.7269677860229788,10.31014133985808,3.755415050710976,2.7614890866170083,0.2136442993694095,0.7349681765707725,0.828116833969938,3.9058467622148734,0.20748032662057803,1.2429977545944288,1.0835048923728356,2020,8.237671278982091,-6.290482259668986,0.5747322078964202,3.503216276887786,0.46445211253391916,0.5973967861589925,0.02323283460240468,0.46503282619712233,46.26863345929919,0.6637922955647664,2.592670988414821,0.137723842292001,0.825092332904086,0.7192221997638197,32.98525936917828,6.8437923875815905
BG,2020-09-28,15.356231131903447,1.133917992504536,49.24579317758461,2.548003964994601,3.2708294673402225,1.7620592779956754,10.154613668847889,3.783984186300189,2.7315213285949214,0.21299688961732852,0.7579597231367136,0.8257389853710276,3.896823946255779,0.20620266247371566,1.2663851819761904,1.0665106983063777,2020,9.969304362597423,-7.350982655610545,0.5747322078964202,4.239624055090392,0.4546465394758094,0.56549159317348,0.02323283460240468,0.4552397615114385,48.28432436229971,0.6927103765975403,2.699370383345154,0.14283872397758307,0.8772381563242715,0.7387830274691166,34.11307193788922,7.034206258750151
BG,2020-09-29,14.884805961121344,1.1863322170137371,48.755938623746864,2.6326637948068905,3.1631161998625834,1.79684156937332,9.99309318336802,3.805304776237559,2.7003409585158824,0.2125063778543399,0.782225353053514,0.8218520293441892,3.886827007947668,0.2049615588469222,1.2899662069273048,1.0475246241277458,2020,10.780005775359086,-8.288198641490789,0.5747322078964202,4.584389254950797,0.49487788442484665,0.5922760662911052,0.02323283460240468,0.49542293557774914,49.140661279613376,0.704995802070945,2.7401967239790777,0.14449703857299712,0.9094207606971298,0.7385004625760054,34.372732055770186,7.04508874397823
BG,2020-09-30,14.411743201560403,1.2427802273782589,48.224332609913304,2.7198449058259393,3.058690041202017,1.831153936410058,9.828552271941351,3.819459542215596,2.6680433743507725,0.2122359521970141,0.8077162691852957,0.8164660603195261,3.875863719606624,0.20380898480119,1.313681975433646,1.0267792445415245,2020,10.649413780520277,-8.250893339939072,0.5747322078964202,4.528852685639295,0.46649178683953635,0.5664141295661763,0.02323283460240468,0.4670699645582085,48.91236567943161,0.7017205624716321,2.719773269385752,0.14301695545146337,0.9218376547101428,0.720512109013876,33.84000580384743,6.896897228548522
BG,2020-10-01,13.939890387788218,1.3034026335528068,47.65401560950476,2.809589240355991,2.9590678361473524,1.8650026674060187,9.665119242764622,3.8271497799257967,2.6347545421585807,0.21227339339336476,0.8343874355848317,0.8096728901144857,3.863966899571575,0.20281856878472335,1.3375213723964074,1.0046095624651032,2020,9.297290470605097,-7.417032638940452,0.5747322078964202,3.953838190979882,0.47331554194971526,0.5763733291926707,0.02323283460240468,0.47388539421975795,46.168036265769295,0.6623490793504963,2.559294918572024,0.13433669230974682,0.8859060496183727,0.665402218805466,31.563593366309657,6.4016828322579125
BG,2020-10-02,13.471906448567545,1.3683352223236012,47.04827798231368,2.901966794807691,2.8652411597645937,1.8984887425055768,9.506170315080306,3.829320185397348,2.6006065133374654,0.21268267937454777,0.8621872704838458,0.8016131857562576,3.8511742656233166,0.20205139747418283,1.3614807323768308,0.981382053402655,2020,10.514482755664146,-8.30409803957972,0.5747322078964202,4.471470866612455,0.5006013194307952,0.5903674213847163,0.02323283460240468,0.5011401456873275,48.27418973882443,0.6925649803651823,2.6671884296543076,0.1399337221244651,0.9429138766861338,0.6796708425455521,32.583989717036715,6.583640657611671
BG,2020-10-03,13.01017554104673,1.4376982723085971,46.410396506679405,2.997038234409601,2.777422817040945,1.9318044722165528,9.35356048700812,3.8270646635062904,2.5657317852117676,0.21348081033021085,0.8910542630673229,0.7924707065518233,3.837523496777877,0.20154019769389284,1.3855536454601676,0.957475120092661,2020,10.94924148196188,-8.303839912319537,0.5747322078964202,4.656359750242857,0.471775030005783,0.6059976365778168,0.02323283460240468,0.4723467407960175,48.20721715986779,0.6916041592083476,2.6540472114313416,0.1393860389727689,0.9582546640065401,0.6621937753945965,32.097623254528045,6.468961336221674
BG,2020-10-04,12.55681312899092,1.511590768414556,45.743615956819234,3.0948528090115133,2.6950619522623582,1.9652613058577817,9.20743721855433,3.821641375713737,2.5302633970764625,0.21462945451024137,0.9209163246715736,0.7824767197636877,3.8230522400572013,0.2012835458230042,1.4097307725836965,0.9332793030566271,2020,9.668492990940829,-7.609536399849247,0.5747322078964202,4.111698667226342,0.46312067207436997,0.592855862901826,0.02323283460240468,0.4637030531560891,48.55893729523368,0.6966501071561351,2.6633297526993513,0.1402242037663627,0.9820890937817333,0.6501691264810023,31.86729495802721,6.41436212493926
BG,2020-10-05,12.113675613758137,1.5900838828928363,45.05113226173778,3.1954461566657986,2.6169940156721836,1.9993259065532496,9.066365999803958,3.814507527413505,2.4943350304024805,0.21603632944404805,0.951690262404303,0.7719155042655316,3.8077981171844066,0.201246129556306,1.4339996886538826,0.9092018786495325,2020,10.295232182107553,-8.244100645360364,0.5747322078964202,4.378230659278599,0.46689083000667775,0.57026387365153,0.02323283460240468,0.4674685141782141,47.695962796615234,0.6842694557164141,2.60555994512376,0.13770657953652846,0.9812421864526994,0.6221390746398567,30.82711375214749,6.203837328011657
BG,2020-10-06,11.682299180924607,1.6732246344001516,44.33616184300012,3.2988266152137133,2.541786932364226,2.034695383105801,8.928088003545424,3.807416754108392,2.4580748057100195,0.2175759148947813,0.9832854719348337,0.7611389469192024,3.7918006384883762,0.2013725959220579,1.4583421052780876,0.8856874433208815,2020,10.866662294857909,-8.871236557537522,0.5747322078964202,4.6212414816694425,0.47373893168601244,0.6006740027775215,0.02323283460240468,0.474308275279556,46.891012305022734,0.6727212448728802,2.5508248458336826,0.13546762341197027,0.981057716513212,0.595820759439102,29.82587798790853,6.006114476079706
BG,2020-10-07,11.263713489225443,1.7610655136586322,43.60217085137183,3.4049362304628827,2.4683548383019533,2.0724531359559943,8.791274992747075,3.802650479857983,2.4215863631214343,0.2191421897106237,1.0156166609021582,0.7505990443558249,3.775106939284578,0.2016247086117383,1.4827257826574491,0.8632702679235813,2020,10.633770735280848,-8.664034062620994,0.5747322078964202,4.522200202328547,0.4920908408165211,0.6047641072843704,0.02323283460240468,0.4926389755380439,47.91511983565501,0.6874135890775466,2.5950598102851634,0.13859956459350956,1.0192458518743714,0.5934237132172843,29.972724756513895,6.043241895331949
BG,2020-10-08,10.858609952389228,1.8536313407473963,42.85262764571638,3.513675991579917,2.396063859847709,2.114035426301224,8.65569498751323,3.8029805308502937,2.3849583092959055,0.22066027515064218,1.0485923378825939,0.7408228933130289,3.7577669651173826,0.20198749675455357,1.507111897259086,0.8425461947079503,2020,8.882178141170733,-7.0771997965766955,0.5747322078964202,3.7773042871663565,0.4472431022591482,0.5744563788275655,0.02323283460240468,0.44784613107857657,47.94064183429363,0.6877797400700678,2.584515986512321,0.13892290801525053,1.0365610289533609,0.5794862027932588,29.473169103490214,5.953211648637638
BG,2020-10-09,10.467154996748658,1.9508979364374908,42.09101235887432,3.624906370883695,2.325214585767293,2.161223569789948,8.523783037998381,3.81162431104662,2.3482422588980705,0.2221438954987825,1.0821095092689894,0.7323952289583803,3.7398342347354316,0.2025083874277796,1.531456126626218,0.8241516704084805,2020,8.346621124861946,-6.8937723824371675,0.5747322078964202,3.5495491372951373,0.4231380615094295,0.5646751252652608,0.02323283460240468,0.42377539298739425,45.6943881450031,0.655553893284543,2.451662892819632,0.13275516180105554,1.0039520262042834,0.5402758361932389,27.59292702414788,5.587799156072589
BG,2020-10-10,10.089353375078296,2.0527890319846285,41.32068426835005,3.7384534909835634,2.256620834949305,2.2161327984005603,8.399385976438117,3.832182810797608,2.311480746591256,0.2236635739732719,1.1160556094930454,0.7259370939759453,3.7213632043357623,0.20327315786664507,1.5557108147451042,0.8087412524127487,2020,5.333615476029077,-5.877095541005861,0.5747322078964202,2.268214877420369,0.4360991206582292,0.6330235172518948,0.02323283460240468,0.4367175375944312,34.20858040694315,0.49077291500972337,1.826344267601787,0.09976096022944508,0.7635007314646065,0.3969083019352192,20.27907266857457,4.122191139948326
BG,2020-10-11,9.725162545001284,2.159171125894446,40.54483487714816,3.8541115519759854,2.191389103576038,2.2811652457275824,8.28710610817593,3.8685310479202704,2.27471660350378,0.2253318742422879,1.1503096912595148,0.722077138218248,3.7024083958058664,0.204393633203491,1.5798260884939836,0.7969596509057336,2020,5.677504661583082,-5.170326482371497,0.5747322078964202,2.4144598720892194,0.39272581883389696,0.5820313150773074,0.02323283460240468,0.3934124214897358,26.708538431605845,0.383173668880688,1.4186654087155963,0.07831825833043525,0.6053477585216662,0.3053739533874223,15.53571313403854,3.1754008518733308
BG,2020-10-12,9.374497701717376,2.269847512885332,39.766482479529216,3.971643831077216,2.130849338744428,2.358919579070711,8.192087051433255,3.9246585328973738,2.2379929919376162,0.22730277467069662,1.1847433516766912,0.7214157754375485,3.6830244087283677,0.2060048196530919,1.6037505361423379,0.7894086274573313,2020,6.013538292736354,-5.695739113407198,0.5747322078964202,2.55736415248232,0.3908969729124585,0.5674522065756181,0.02323283460240468,0.39158678225367366,26.39915821994128,0.3787351500494849,1.3948908020756536,0.07802126628223083,0.6073966999478102,0.2989767949704103,15.06096470882471,3.102631318643016
BG,2020-10-13,9.03713316341921,2.384562486504571,38.988418668091754,4.090721411671347,2.0766131739879645,2.452089093190237,8.120200658292958,4.004483915953186,2.201341996168033,0.22978671846883306,1.2192246473473047,0.7244921915218199,3.663264644800701,0.20827212120143146,1.6274195516926702,0.78662405425923,2020,2.9226920827814795,-4.468899974803105,0.5747322078964202,1.242926809043093,0.3516282354026128,0.6021620704231414,0.02323283460240468,0.3523949212687634,18.864635813810587,0.2706412309077153,0.9914304526095762,0.056367023245716276,0.44044683067338647,0.21289290230633542,10.551873619477698,2.1976611013780465
BG,2020-10-14,8.712424239306573,2.503028026222112,38.21306411435696,4.210719554613325,2.030718236496518,2.563385504046366,8.078623046130154,4.111622253218516,2.1647500804168778,0.2330830295585037,1.2536277448176902,0.7317627734799723,3.64317744966885,0.21140997806284134,1.6507179565193928,0.789069956677726,2020,3.4846137881356536,-4.507488239209241,0.5747322078964202,1.4818940120141408,0.3632993491315667,0.5863776789438458,0.02323283460240468,0.3640414559951692,33.86109926045533,0.48578778165592496,1.7698110914535208,0.10270038426307546,0.8018986142371574,0.3833205438258093,18.5634396463891,3.924496368413999
BG,2020-10-15,8.399666560305787,2.6248985700629297,37.44263296303817,4.330884495767613,1.994856168958913,2.695236418177287,8.073396405192351,4.248961558463057,2.1281920098597005,0.23749230456194334,1.2878263072428766,0.7435342992591643,3.6228099740041864,0.2156204242677612,1.6735171710832253,0.7970462616168977,2020,5.073207427391769,-4.46093100256121,0.5747322078964202,2.1574717215303796,0.38835867999302853,0.5618112429018706,0.02323283460240468,0.38905298987360354,30.49131119471186,0.4374431648283223,1.5847734606000032,0.09432168079331504,0.7320686477131869,0.3486624391962787,16.37902386285668,3.5316520744009425
BG,2020-10-16,8.09820323249658,2.7497621182384804,36.67918652051814,4.45039935076294,1.9700296786778864,2.849543811940523,8.108292653652382,4.418319489581823,2.091642213923429,0.24326750294096405,1.3216924028338208,0.7599265558955374,3.6022094694029163,0.22105977320725606,1.6956888813599906,0.8106414237267501,2020,4.162353419204383,-5.230571420911146,0.5747322078964202,1.770114848539834,0.38197279750471413,0.6064215087222574,0.02323283460240468,0.3826786937330586,17.728080436470783,0.2543356552605651,0.9161703057864033,0.056223382270419384,0.43127414275874787,0.2061750176849004,9.328824938120468,2.062227925111105
BG,2020-10-17,7.8074215320343,2.8771421886142803,35.92463595288514,4.56839352889592,1.956451556268338,3.0275149185857173,8.184470761021625,4.620222215399446,2.05507475979277,0.2505886928534478,1.355098332923243,0.7808624938947039,3.5814232983823633,0.2278233458442137,1.7171065974196684,0.8297226464731429,2020,1.4122458222763858,-3.825201058411562,0.5747322078964202,0.6005826627469831,0.33503354572859745,0.6187117919445921,0.02323283460240468,0.33583811779954176,21.391928374347707,0.3068989978849573,1.0991352212753855,0.06991875653438723,0.526978294009745,0.2546410487250622,11.025234773322357,2.5118058747762704
BG,2020-10-18,7.526749862684615,3.006502396577458,35.18074599892712,4.6839554278809015,1.953548527396214,3.229554700098461,8.30048121349435,4.853809373930159,2.0184633234933727,0.25954742259754454,1.3879186404081438,0.8060783148057761,3.560498944284333,0.23593818089438703,1.7376473685223526,0.8539492322760457,2020,2.3146815306942794,-3.315765607865718,0.5747322078964202,0.9843595039812907,0.3324586268801742,0.5665921181074984,0.02323283460240468,0.33326941532446924,14.497087855470976,0.20798226589190758,0.7405206381380003,0.04907095747282939,0.36139983702638945,0.17760629628542687,7.316971268624524,1.7263528907757657
BG,2020-10-19,7.255654952444318,3.13725391146643,34.44913957212445,4.796148367286617,1.96006271178214,3.4552251744126123,8.452581503312993,5.11685941131091,1.9817811582703828,0.27014276790020525,1.4200322613431242,0.8351494127146583,3.539484021012039,0.24536408189865652,1.7571936223514104,0.882803387192501,2020,2.5344885344776236,-4.337494455935759,0.5747322078964202,1.0778363431691367,0.3261086576341652,0.5590399672221461,0.02323283460240468,0.32693519417098527,20.94385998538569,0.30047079107956853,1.0635115638069796,0.07372473979060137,0.5279853577879009,0.26525663211745343,10.350960219246703,2.539753850964984
BG,2020-10-20,6.993642724389877,3.2687699288218175,33.73117368586368,4.904034501199964,1.9742378136960632,3.7032774910054584,8.635290461830671,5.405931814542414,1.9450015541779562,0.2822903444596957,1.4513257128641195,0.8675280122270644,3.518422444965764,0.2560032610264497,1.775635930980278,0.9156335067899224,2020,2.718677413572585,-4.24268873803325,0.5747322078964202,1.156165941111884,0.34363464181174325,0.5773084701207916,0.02323283460240468,0.34441912208346936,31.4745948413777,0.4515498297590203,1.5887430560446067,0.1155982289342474,0.8017881023481441,0.41345415411264425,15.23130573542369,3.8992639379593315
BG,2021-06-22,11.754870531356303,64.16228238056793,20.641115936573957,107.80926708306202,3.0923855082516436,21.56632219892648,5.221344709314403,35.2021621807659,2.46426766801018,0.2630726982490072,4.17688081044649,0.33096327217288785,3.0272850058462857,0.2529584507619916,4.689596506190415,0.32352172865840123,2021,11.669565230063874,-11.760678079252152,0.6287032395839883,4.332871765386046,0.6103088565743743,0.743428036198149,0.03023326532516261,0.611057240154588,66.64837790068802,0.9561700109704481,2.894599137250716,0.24187128464016103,4.484051542771064,0.3093417748404818,19.736416051516212,4.992493227985643
BG,2021-06-23,11.98375261767908,65.48556877381658,20.946827885512263,111.36532149714192,3.003114240785154,20.96978723773898,5.044260199218893,34.42608984105293,2.483551783844767,0.25059881796581795,4.19698491319148,0.3154035924559515,3.0419872213245864,0.24081260545935565,4.721755362249659,0.30637646368438126,2021,10.263864418808105,-10.889731397974186,0.6287032395839883,3.8109396080526197,0.548591304489736,0.7282225698043154,0.03023326532516261,0.5494237614937781,65.02571350664536,0.9328904791900188,2.837840916591407,0.22465178690197524,4.404880622507124,0.2858156860190658,19.541096303626382,4.705742314408453
BG,2021-06-24,12.216492900255076,66.8276419245084,21.25566926221483,115.02762486186502,2.920829056407901,20.418956338262547,4.879465853936227,33.74831347846342,2.5027869158462095,0.2390889988031602,4.2169698098617,0.3010418136161755,3.0566236485987295,0.22956067831795898,4.753828308115165,0.2908644688593943,2021,10.594337628784247,-11.399018551191066,0.6287032395839883,3.9336432403210417,0.5710758080544261,0.7267158790578159,0.03023326532516261,0.5718755361765683,63.55386396009426,0.9117746104862122,2.7869518366040515,0.20930759805630772,4.334419953950034,0.26520283779855325,19.38037956217968,4.448973078353476
BG,2021-06-25,12.452793343156303,68.179864936774635,21.566531231058345,118.7875488740614,2.8474888801904417,19.92689756695178,4.729984557771794,33.20869540457241,2.5219449626568267,0.22866266240219424,4.236709851162142,0.2880447596300385,3.071142632960836,0.21932059945551463,4.785719747676153,0.2772299434850809,2021,9.23942463487412,-10.446795978105836,0.6287032395839883,3.430568435036652,0.5568156552216981,0.7247748520601409,0.03023326532516261,0.5576358347812581,56.78635842107692,0.8146846879808668,2.5020128776784363,0.1786771341351926,3.8988525993994196,0.22585499000709647,17.569922766804385,3.8534459936026324
BG,2021-06-26,12.69233064196784,69.53289894185318,21.878243500118877,122.63503943685646,2.7848700077734967,19.50582457920343,4.5985859983548325,32.845300727023755,2.540997924592451,0.21941360387864317,4.256079252627692,0.2765493106313962,3.0854926955432807,0.21018990845082447,4.817333995437179,0.2656633659570164,2021,9.871222938781209,-11.22201530437662,0.6287032395839883,3.6651530985136853,0.5617075752610359,0.7318806382672286,0.03023326532516261,0.5625206222334022,65.78950889296095,0.943848258897738,2.9122369085302138,0.19838737912918564,4.546832304122265,0.25074590541144254,20.649742035327957,4.340367387938725
BG,2021-06-27,12.934755293509117,70.87669681733486,22.189573635496924,126.55852543830694,2.734420876247607,19.165923261902464,4.4875645083152955,32.69028244428552,2.5599178972919847,0.2114010519874146,4.274952106732207,0.26665002859842224,3.099622522496586,0.20223752749969406,4.848575282325175,0.2562767351845566,2021,11.258173135045409,-11.351046666308989,0.6287032395839883,4.180123213244935,0.6243489299656609,0.7531394080627771,0.03023326532516261,0.6250805041604541,65.25816388868273,0.9362253253084637,2.9019451044578073,0.18933989497298045,4.539358970977463,0.23993276976715253,20.774440795349218,4.201371541640204
BG,2021-06-28,13.179690751301232,72.20051059686504,22.49922700214851,130.54483688371863,2.6971127460869835,18.91409386706173,4.398504010541846,32.76543234487022,2.5786770653166333,0.20464158051816939,4.293202396309947,0.25838745813163444,3.113480953160146,0.19549578348277571,4.879347758397698,0.24908185772303476,2021,12.833302115754062,-12.383912626350549,0.6287032395839883,4.764963501019432,0.624336199557343,0.7477866943286453,0.03023326532516261,0.6250677886517014,65.68757708639356,0.9423858956764003,2.9341005367152366,0.18423246901837523,4.59822850761425,0.23473122958706383,21.202954190446373,4.145088141610716
BG,2021-06-29,13.426732679730632,73.4929141725089,22.8058473854598,134.57913468604767,2.673309782208203,18.75280163428952,4.332065054715045,33.07830699948519,2.597247695734016,0.1991035232453764,4.310704009083698,0.2517394015605596,3.1270169673536072,0.18995413682707604,4.909555489669779,0.24397785895361118,2021,12.760551572715285,-13.12878299038158,0.6287032395839883,4.737951460070628,0.667502755068731,0.8074833947541704,0.03023326532516261,0.6681870833505897,66.31292373028803,0.951357422459001,2.97491080204709,0.18071427799723147,4.6707420560716795,0.23211014703117325,21.696512185624382,4.1213422443784165
BG,2021-06-30,13.675448320474612,74.74184282688202,23.10801834729308,138.64485422072426,2.6626843548949366,18.679262387730866,4.287835398916076,33.61989572327075,2.615602131717618,0.19470545261089672,4.327330753137281,0.2466174797255037,3.140179671898844,0.18555617078339223,4.939102444026824,0.24075284342472628,2021,12.625106883277605,-13.635727380201647,0.6287032395839883,4.687661285666865,0.6455967986501616,0.8088278252406934,0.03023326532516261,0.6463043220956819,65.89455399953833,0.9453552870336388,2.968585455065129,0.17541650709179665,4.669206608661526,0.2275969733999468,21.84528731748384,4.053527864295304
BG,2021-07-01,13.925375985283676,75.93465100103789,23.404265368649884,142.72366418044737,2.6641979627110266,18.685156923883103,4.264280362457938,34.364446730366716,2.633712786187339,0.19131964304062946,4.342956373215669,0.24287049698361574,3.152918286464079,0.18220099179741656,4.96789245719201,0.2391008253673633,2021,11.196290269129529,-14.891865009827796,0.6287032395839883,4.157146305605109,0.7142287905479715,1.00261270256205,0.03023326532516261,0.7148683903907347,57.170242625285944,0.8201920772874284,2.585998598892492,0.14943980994615277,4.0746260342048615,0.19610860263919636,19.19599303009917,3.497528968620364
BG,2021-07-02,14.17602468965013,77.05818949975807,23.693058828338465,146.79544107200806,2.6761557919126413,18.756968823705417,4.258811488100868,35.27144938934934,2.6515521355126004,0.1887804127391577,4.357454567783235,0.2402946948156356,3.1651821288029898,0.17974933160622755,4.995829162788093,0.2386504558835789,2021,11.947871135498316,-13.046010101847097,0.6287032395839883,4.4362058464785,0.642973163008651,0.7768767546972182,0.03023326532516261,0.6436835703057606,62.530063863192005,0.8970866768752058,2.839442717632664,0.1612507305611701,4.481691781881812,0.2140901444033527,21.25472740932291,3.8205230452983576
BG,2021-07-03,14.42687394220915,78.0989030524627,23.972817862995473,150.83825749235575,2.6963283043417428,18.87691103089316,4.2679678243171955,36.289221998897474,2.669092713295265,0.18689622680163662,4.370699006819835,0.23864946671097279,3.1769205994424303,0.1780336316201378,5.022815858849745,0.23899919953128046,2021,13.442857997310815,-13.722466751496354,0.6287032395839883,4.99128962513398,0.6895633292623418,0.7995440604337447,0.03023326532516261,0.6902257858089529,68.0123688442638,0.9757384877520711,3.09984370140836,0.17371426648604255,4.90095475037117,0.23320071752460708,23.39120104879504,4.1644204706737575
BG,2021-07-04,14.677373704902845,79.04294878142738,24.241915148415817,154.8283785313603,2.7221225874307393,19.02430145375897,4.287683356880473,37.35934823159299,2.686307104245557,0.18546387399820982,4.382563350384076,0.237676169398862,3.1880831658530937,0.17687065277764033,5.048755264034461,0.23974675590989647,2021,12.73088069086772,-13.963230624364558,0.6287032395839883,4.726934757761941,0.6724832247663032,0.8316700130905622,0.03023326532516261,0.6731624899861162,59.02476802613647,0.8467979997229077,2.6996624477946747,0.1497737149817908,4.275275858674882,0.20301707334455654,20.528005257130967,3.630801690051587
BG,2021-07-05,14.926944538976333,79.87633567813742,24.49868263531253,158.74025448400718,2.7507834943837692,19.177205659323786,4.313604897638745,38.42136293692666,2.703167938160602,0.1842830920421182,4.392921268024873,0.2371176376689849,3.19861934611778,0.1760749735751543,5.073549086601829,0.24052398727568897,2021,13.005949942784005,-14.870982306526516,0.6287032395839883,4.829067079888514,0.6644052355295264,0.8488452120237816,0.03023326532516261,0.6650927509237092,66.6630955953267,0.9563811581684353,3.0590992747800856,0.1683947871522827,4.852246751468664,0.2300326095180134,23.43007847236113,4.125450447884778
BG,2021-07-06,15.174977951739352,80.58508465463802,24.741418264306656,162.54648853970158,2.779609741545396,19.314188196871033,4.341428849455694,39.41743579742284,2.71964788401135,0.18317059506678213,4.401646459167525,0.23673675499180893,3.208478692091907,0.17547210928157989,5.097097283498334,0.24101670509332945,2021,14.23672490416108,-15.65119963625259,0.6287032395839883,5.286049835848964,0.6320717016850859,0.7886147989791692,0.03023326532516261,0.632794347638553,67.40035224495274,0.9669582002655648,3.1024647816956032,0.169674194987719,4.928680015830048,0.23305307939098222,23.92391727687154,4.197980226850679
BG,2021-07-07,15.42083695871649,81.15540812358353,24.968393675110907,166.21774426073307,2.80617994593431,19.41607667940793,4.3672384269559394,40.29714902895139,2.735719644140586,0.18197325822501106,4.408612674618112,0.23633351866746252,3.2176107720306124,0.17491066841473696,5.119296820980962,0.24098608199210214,2021,8.588743422360153,-15.157896862201364,0.6287032395839883,3.188972608766654,0.5369776407241177,0.9074319327966522,0.03023326532516261,0.5378280738022713,42.90462537501204,0.6155306011593829,1.9805378928049089,0.10766286887851252,3.151083849731729,0.14833430791964294,15.368810368825148,2.688168894350547
BG,2021-07-08,15.663286576789629,81.5750823085148,25.178041357464434,169.7160531366749,2.8288007677157627,19.46986114543689,4.3882595573634235,41.027496668209295,2.751319539346796,0.18060071581066342,4.413707968049167,0.23578373282988832,3.2259722399459605,0.17428915518333016,5.1400016683585665,0.24032594424709883,2021,14.019784128160714,-14.81891225185987,0.6287032395839883,5.205500428517891,0.6187974701254054,0.767553751839209,0.03023326532516261,0.6195355997566433,67.68354771404,0.9710210600577032,3.13248698414905,0.16923844022267878,4.991049868707898,0.23336155314218637,24.448408409101805,4.2610924471993785
BG,2021-07-09,15.898717734652246,81.83721442952667,25.36950992023567,172.97395944973653,2.8472499902146637,19.47577865430113,4.40426637185237,41.609350451970634,2.7662384603547974,0.17908676899199896,4.4168774100509465,0.23510904837185284,3.2335480561299965,0.17360470839601683,5.158905629679755,0.23916999178254691,2021,16.35527916777175,-16.331215050940568,0.6287032395839883,6.0726621706931345,0.6524488696774157,0.7583011996932911,0.03023326532516261,0.653148970661027,56.239366294881066,0.8068372731782922,2.608947096298894,0.1400707495331548,4.162397350834954,0.19297126399590472,20.469066205912583,3.5535262698162167
BG,2021-07-10,16.122750922456746,81.93692840904893,25.542153735388627,175.91183387663762,2.8619736554182853,19.439197072782076,4.416038260789143,42.05789673410405,2.7802313752768195,0.17751149721180365,4.4180804202410835,0.23438530273157715,3.2403301749812026,0.17289216510629354,5.175651494782679,0.23773365417392847,2021,21.10332263727629,-24.016946032216698,0.6287032395839883,7.83559532923457,0.7055453419225813,0.8557562133984062,0.03023326532516261,0.706192806421075,67.87690471068609,0.9737950534755143,3.155417496024143,0.16836153516518057,5.040023824132525,0.2315038564792301,24.872822962632576,4.300316214315081
BG,2021-07-11,16.33081297262157,81.87028253747832,25.69536052029295,178.44380569996724,2.8736761517807197,19.36691993476906,4.424660622241309,42.39310201321935,2.7930536897371643,0.17596650923615417,4.417276524261177,0.23370162791481153,3.246310451102445,0.1721968687205975,5.189862098747456,0.23624722986594063,2021,18.25821602403762,-18.03501243823617,0.6287032395839883,6.779216460700881,0.6261807477051613,0.7656607914424363,0.03023326532516261,0.6269101842599277,67.57656617898634,0.9694862509780535,3.147253348750183,0.16694249668609212,5.031499949207764,0.2290384411866812,24.9112987383483,4.289647638506948
BG,2021-07-12,16.518172372431216,81.63433557251396,25.82855438469637,180.47732874633977,2.883132896274965,19.26591522150783,4.43129501473219,42.63562243522575,2.8044611307639844,0.17454309298084975,4.414425279051164,0.2331466101594227,3.251480639018002,0.1715657387839626,5.201130735414455,0.23493635667747656,2021,21.08182644216505,-19.71876143742852,0.6287032395839883,7.827613861628496,0.7510759509447467,0.8019565803774861,0.03023326532516261,0.7516841985965763,66.80897132720796,0.9584739622928068,3.1164595313979317,0.16444129344595732,4.985148384375592,0.2251803806712971,24.75599686139518,4.247280890858724
BG,2021-07-13,16.67998694631148,81.22718838327252,25.94119880880556,181.9126438772633,2.891011274925112,19.142251809338372,4.436985067973156,42.80345777823698,2.8142096143350597,0.17332215452149463,4.409486006294052,0.23279710988187555,3.2558323925006776,0.17104009343111207,5.209008683008891,0.23401038261170531,2021,17.791984952684853,-19.74434119334653,0.6287032395839883,6.606106374302312,0.6663380099428236,0.8471851893433601,0.03023326532516261,0.6670235331881358,66.05154503378648,0.9476075566862174,3.085251378437409,0.16207888503163845,4.936095990863347,0.22175000690588498,24.58207602072365,4.204520579315273
BG,2021-07-14,16.811364174271908,80.64796902547218,26.032799533584605,182.6423767389428,2.897710605139685,19.000295341773334,4.4425050295890065,42.91017490931427,2.822055096672267,0.17236617891927758,4.402416944954899,0.23270995676384437,3.259357263495529,0.17065029920649846,5.212990261678792,0.23366161814771827,2021,20.24849637397017,-20.83123161916771,0.6287032395839883,7.5182011069504835,0.6676042441591855,0.7964728924602279,0.03023326532516261,0.6682884685160886,66.85849983580667,0.959184522340956,3.126325039924484,0.16368512573172644,5.000219574116427,0.224124607592434,24.97025838581921,4.261182064803625
BG,2021-07-15,16.907588199727535,79.89832274109332,26.103149301683104,182.55678606328283,2.9033412608304463,18.843034353234614,4.448412525034381,42.968167936349325,2.8277625270570796,0.17171823837519495,4.393193091353768,0.2329224354074656,3.2620559699492016,0.170416698522563,5.212524080456825,0.23408651272383724,2021,19.41104463142056,-19.404298047178816,0.6287032395839883,7.207257987937069,0.7286093799161507,0.8366632445640988,0.03023326532516261,0.7292363669168038,66.54261208749959,0.9546526432273446,3.1141303540675445,0.16268875169464228,4.976149891294292,0.22347130811568264,24.91944047740979,4.246688775189697
BG,2021-07-16,16.96467107010814,78.98670726904196,26.153059837561575,181.5602525406186,2.9078305519490706,18.673534000974097,4.455297800451666,42.99673113883876,2.831133009313077,0.17140506526369892,4.381860461730947,0.2334579661863578,3.2639661946622978,0.17035474350320085,5.207080269442227,0.2355207693924078,2021,17.410605211828223,-19.24258058413572,0.6287032395839883,6.464501312033947,0.7959459651498745,0.9587485084010482,0.03023326532516261,0.7965199493864462,66.47437209024038,0.9536736390717567,3.1127585186707876,0.16246282816983326,4.965855189497712,0.22460994922343755,24.941483748148755,4.248900066505134
BG,2021-07-17,16.978982364454975,77.92189370308202,26.183639591789102,179.5597998773237,2.910341447682623,18.491068810304572,4.463010941746229,43.01195191600274,2.8319762476652732,0.17140847344157334,4.368458676090584,0.23429580744566533,3.2651347726597972,0.170450365622424,5.196062024164203,0.2382144416709921,2021,17.96425191065853,-19.463985900234405,0.6287032395839883,6.67006853772466,0.7563217475115848,0.9041437148226226,0.03023326532516261,0.7569257797771186,66.89714984464018,0.9597390141460741,3.1336772277665794,0.1635878658633031,4.986863444513206,0.22862369340467542,25.12946044857979,4.283325721354668
BG,2021-07-18,16.947176648973006,76.70842517633317,26.19604482042761,176.4673250560133,2.9091789694936963,18.29132293955153,4.470505546339344,43.0237613624759,2.8301012505701153,0.1716615711130852,4.352963683623104,0.2353840384494412,3.2656084383189032,0.1706557450555763,5.178786507778422,0.24243201585923768,2021,17.910692072818822,-20.03597819034614,0.6287032395839883,6.65018194344637,0.7412275211067533,0.9052304512188967,0.03023326532516261,0.741843843661376,66.53939039317322,0.9546064232352545,3.1173707909904733,0.16290907039205116,4.943702864889353,0.23142715953709936,25.006912648938815,4.267573309644368
BG,2021-07-19,16.866276179581554,75.34123464938628,26.191471517516323,172.21206375321407,2.90196970786776,18.072292055845764,4.4759928306371215,43.03099538547795,2.825316135949104,0.17205752336611846,4.335213220219918,0.23673041363355854,3.2654338431770604,0.1708950498502411,5.1545166458575515,0.2484295519207419,2021,7.903985793967728,-15.625832099893406,0.6287032395839883,2.934724319674395,0.6486159978135354,1.2167678583522488,0.03023326532516261,0.6493202314358223,44.169264613034464,0.6336737301023767,2.0692196438085473,0.10829170369463388,3.2662817898553462,0.15742328083327858,16.596847453374725,2.8363190729013206
BG,2021-07-20,16.73375452890007,73.79679048735983,26.171147729187624,166.75830898679067,2.8859654316057313,17.856575310318135,4.4772044195241,43.00958926616497,2.8174279087625935,0.17246371258891827,4.314774976136864,0.23873451245659771,3.2646575722554885,0.1710740570437748,5.122524306588109,0.256378295214883,2021,12.42208119596152,-17.106971392452305,0.6287032395839883,4.612278505685168,0.9140427656450818,1.2676891999256241,0.03023326532516261,0.9145426331015584,47.62295768612895,0.6832220889313051,2.230486166161798,0.11688157461540107,3.499821757348513,0.17516331441335917,17.88070622126535,3.058924956079727
BG,2021-07-21,16.54825868804953,72.02223705233762,26.136484504691712,160.13445734826703,2.85867551903494,17.758697329101675,4.471939202101418,42.904299071561034,2.8062808810639686,0.17274781431229125,4.290764011917315,0.24319574483007675,3.2633322119556767,0.17109949126091034,5.082239155259196,0.26626396226866655,2021,10.021535494980032,-15.760680088955878,0.6287032395839883,3.7209636636801577,0.7236232212466863,1.1138651093832972,0.03023326532516261,0.724254524776789,51.28849479492465,0.7358096652223943,2.401191382388562,0.1258966593844124,3.7395606914114135,0.19591959693769578,19.231477913487506,3.2904960871931457
BG,2021-07-22,16.31217484837276,69.92820265595866,26.08967148471452,152.47955960994528,2.819229901534492,18.1207617474275,4.45924104058568,42.6442280713002,2.79191175221745,0.17282979907585577,4.261668135205342,0.2554803458833336,3.2615395074524405,0.1709197849884109,5.033567396010192,0.277849559769892,2021,12.201928065142766,-16.10008309717298,0.6287032395839883,4.530536361416723,0.7070491855930134,0.990809937165269,0.03023326532516261,0.7076952742388246,66.30728366912268,0.9512765074012575,3.102625911400575,0.1625919761095494,4.788314412245418,0.2643117588008798,24.818491569225408,4.241971242748694
BG,2021-07-23,16.032042400946224,67.38867312132753,26.033676183417995,144.04159064475408,2.768844770124871,19.58357854458788,4.439876190118741,42.15978982084622,2.774589369668557,0.17270692659604317,4.225207213274291,0.28635704789658495,3.259390937748353,0.1705435743626056,4.977020533324918,0.29067379662228676,2021,10.42195018852918,-15.62020348160255,0.6287032395839883,3.8696363422179267,0.5977866637708955,0.9197921604077665,0.03023326532516261,0.5985507043806392,67.26682103325717,0.9650424966254537,3.1454507680430495,0.16458179678631762,4.803036321236026,0.280512566395971,25.123603860384314,4.284669203220098
BG,2021-07-24,15.717475162624156,64.2653646191157,25.971974346925776,135.14274581442936,2.71039979032538,22.693456828560382,4.4160663533113595,41.40415577827748,2.75477316103678,0.17244498637864286,4.178461491573262,0.3477105653358083,3.257018046925353,0.17003198502828015,4.913703936866137,0.3041231137993485,2021,11.334488819859072,-14.920260248177009,0.6287032395839883,4.208458979785177,0.6665258952190061,0.9427044030597079,0.03023326532516261,0.6672112254224438,66.93199404386009,0.9602389059573947,3.127515446063091,0.16327132728131985,4.7183296925348825,0.2920308460710426,24.93930023244553,4.240478723738962
BG,2021-07-25,15.378355018158755,60.46888556268546,25.908113879966127,126.12367370500591,2.647075635163159,27.102657684854332,4.390378440247694,40.36473738490766,2.732961002450854,0.1721299600664371,4.118531120978835,0.4409166920264931,3.2545561968632,0.1694595932605741,4.84516042131533,0.31752337081270304,2021,11.05083374026681,-14.181972702172557,0.6287032395839883,4.103138767657024,0.6815961014155816,0.9208775944171202,0.03023326532516261,0.6822662939037377,66.27861402828671,0.9508651988044676,3.0946442251506387,0.16113322983504003,4.607094427253539,0.30192192311288557,24.635123855122778,4.174658068412972
BG,2021-07-26,15.024043364469884,56.04313370362416,25.84561140814224,117.30898509453752,2.581795450103857,31.4251745137146,4.36521937018309,39.07486158500737,2.709651808808246,0.17184424907941248,4.043807713300054,0.5509019661680692,3.252140815096461,0.16889596075904395,4.77329971987139,0.3302780558364498,2021,9.944170060170125,-13.86081897221262,0.6287032395839883,3.6922381283670633,0.6922123747419839,1.0183377360142103,0.03023326532516261,0.6928722985357103,63.30082294883297,0.9081443611968115,2.9534133430478535,0.15338191439224372,4.334845224903523,0.2999401540349176,23.471546261988358,3.96424935641887
BG,2021-07-27,14.663273393685731,51.21707607700949,25.78795175727719,108.98186089965937,2.517018606102761,34.040212408151184,4.342606787650682,37.607282327324825,2.685345958960981,0.17165461889202954,3.9554095693059828,0.651898094752545,3.249907396703534,0.16839673148625411,4.700315451282578,0.34194077113893695,2021,10.251862189211842,-13.99200221643297,0.6287032395839883,3.806483219085758,0.716217048042187,1.0429935599266749,0.03023326532516261,0.7168548739030001,62.29041264498932,0.8936485240625538,2.9042749484040895,0.15048749054964916,4.200429965667093,0.3055748654451225,23.045365026487104,3.8807641463680604
BG,2021-07-28,14.304092083753437,46.36810921690035,25.738591917264273,101.36670666048326,2.454634548643139,34.03177577728305,4.324019309954831,36.05214151618607,2.6605456560330207,0.17160365958711274,3.8579492009374308,0.7184533294637173,3.2479914966026713,0.16799750832734858,4.628561529470384,0.3521862008881382,2021,8.846817383508272,-12.436710558094664,0.6287032395839883,3.2847946344886783,0.6943501702121442,0.9959584971274497,0.03023326532516261,0.69500806413009,61.391274829751715,0.8807490561123996,2.860665444893903,0.14796364688854727,4.076601198239206,0.31018766400803965,22.669240536792746,3.808375925854507
BG,2021-07-29,13.953904791272318,41.90391862586746,25.700849692343805,94.61943890346028,2.3960467838508888,31.5534387162374,4.310452113242899,34.49453153721289,2.6357593824517953,0.1717115617235351,3.7589631650227435,0.7354442141145897,3.2465240533135424,0.16771632708030537,4.560376135197686,0.3607481065857269,2021,11.016874682645756,-12.899204415548455,0.6287032395839883,4.090529879575546,0.6299681756851966,0.8155063553974635,0.03023326532516261,0.6306932318555166,42.00649010683517,0.602645516236457,1.9565031640832147,0.1010734925145931,2.748290230228628,0.2174032289246798,15.48850183055812,2.5976746389977943
BG,2021-07-30,13.619664174697666,38.13732905811627,25.677558069594166,88.82221438010241,2.342482816189692,27.496488925443565,4.302757500825584,33.00242446405341,2.6115146436404126,0.17199270012409767,3.6670767189167965,0.702564267597647,3.245617383552458,0.16756879642385672,4.497832320886119,0.3674194038948585,2021,11.639693621620472,-12.89347274081604,0.6287032395839883,4.321780533942595,0.6654932609311787,0.8282607710055566,0.03023326532516261,0.6661796534547085,64.55395955581358,0.9261224678062411,3.0058391808104377,0.15518922727138382,4.165543568797726,0.3402753650550044,23.78056344665061,3.9848803950364045
BG,2021-07-31,13.307737052815895,35.24330978068071,25.671440849508297,84.00570072235928,2.2946923985626575,22.91729684536437,4.301232693392566,31.61833571054737,2.588345599380917,0.1724329530599723,3.5902548064934767,0.6323179914870882,3.245379123012094,0.1675493291789639,4.442718321563278,0.37195547406658475,2021,12.17156005634554,-13.127070509311425,0.6287032395839883,4.519260818130027,0.6825373589003733,0.8206065122443935,0.03023326532516261,0.6832066280613198,63.95539286993065,0.9175351393125146,2.9777493857548283,0.15373239708993902,4.076350174101824,0.34128221771573625,23.554449056206575,3.9465321385474907
BG,2021-08-01,13.02393521012699,33.27926332584104,25.685248774065453,80.16640359704023,2.2529361043653005,18.718593566802262,4.305531592088376,30.36208009753038,2.5667888345953993,0.172984283783406,3.5345406035873794,0.5460617221809273,3.245916849450113,0.16762662608258233,4.396501412745056,0.3740720144293488,2021,8.970305551731737,-12.875078952471316,0.6287032395839883,3.3306453912997585,0.677524607946058,1.0127859736994251,0.03023326532516261,0.6781988238744455,49.11111105541527,0.704571860197404,2.2869816726631633,0.11810500375761972,3.0976511787382988,0.2635606150542764,18.09710350837639,3.0335564029763975
BG,2021-08-02,12.77363294336126,32.22886260585302,25.721778406762613,77.27998402603619,2.217131990834587,15.64262477612572,4.314793670389868,29.23815160013723,2.547383120059355,0.1735709802109884,3.5034188538497184,0.47075414412079175,3.2473380418764783,0.16774865260698493,4.360291938465977,0.3735073782132163,2021,8.534550255286698,-11.127156665006346,0.6287032395839883,3.168850861395596,0.5660608445467717,0.8108620483602602,0.03023326532516261,0.5668676477461262,35.52244527108962,0.5096222587017272,1.6549157476691347,0.08548844723574303,2.2221018262799634,0.19034767372677955,13.108390809479676,2.1989148961360003
BG,2021-08-03,12.561906989727383,32.0381673208097,25.78389401798366,75.31230611309059,2.1870363404533424,14.280056950714508,4.327859401014754,28.24299423890122,2.5306689799072926,0.1741006633978274,3.4976634786158476,0.4322290886189668,3.249750034125526,0.1678512717278536,4.334834211171094,0.37009750690860627,2021,12.425382893933923,-12.63866331747003,0.6287032395839883,4.613504415446194,0.6184313890526251,0.7728866509438096,0.03023326532516261,0.6191699550993903,60.97852577356978,0.8748275576152329,2.842970885214054,0.14684091808828897,3.792232425625763,0.3237714980483428,22.55646102956266,3.786130669491862
BG,2021-08-04,12.39324495593392,32.62824598226704,25.874310337523948,74.22166717438553,2.162471444149444,14.733663850847664,4.343702244229787,27.370535886495155,2.5171515625562377,0.1744879127168423,3.5153663680514313,0.43813358147246423,3.2532505976080563,0.16787702503244611,4.3204393167740465,0.3638650526455676,2021,11.93056911258748,-11.737013521328516,0.6287032395839883,4.429781661423063,0.6143450732780424,0.7405169493191226,0.03023326532516261,0.6150885459779145,61.09617111284807,0.8765153548113772,2.8515241018527506,0.14714679016099297,3.7869314006832275,0.31893330572309014,22.679230305994487,3.807321713796047
BG,2021-08-05,12.26991460105407,33.88112099094851,25.99464280714906,73.94116330298729,2.143613846379407,16.362389614980415,4.362309732147841,26.61524452825531,2.507150298719306,0.17470487090393083,3.5519457370263123,0.4690901309974063,3.257890470912231,0.16781572128192954,4.316703316370056,0.35514853726849444,2021,9.678269004265855,-11.10998441430674,0.6287032395839883,3.5935099277186113,0.6895154714114278,0.8743380882155601,0.03023326532516261,0.690177973893651,57.94936604470978,0.8313697604053565,2.7085116202291957,0.13951691599440985,3.588776601871581,0.295259754337221,21.611159962402336,3.6266923968297053
BG,2021-08-06,12.191583520576376,35.62595659099411,26.14516905049348,74.37721012648935,2.1310736964671535,18.20542128244324,4.385009582560052,25.973724202925546,2.5007458383031107,0.1747987612003337,3.600757185521585,0.4970633664465091,3.2636644335015186,0.16771777509227032,4.3225049763619445,0.34458325214397606,2021,11.81580936390042,-11.005650716582103,0.6287032395839883,4.387171738509402,0.6266412364649647,0.7320132728598038,0.03023326532516261,0.6273701376145996,58.283863983691475,0.8361686303562847,2.728973819303485,0.14024034228530707,3.614343065792792,0.2881297059889428,21.861770195384658,3.6666074567484226
BG,2021-08-07,12.155847001444917,37.638625371659344,26.32506832278959,75.41619642316076,2.125772942742304,19.445309340000463,4.414218973411209,25.444864973664583,2.4978102887171056,0.17487657935227566,3.654252433443887,0.5032608989827886,3.2705216533743005,0.16768119722560507,4.336194668772245,0.3329773812970437,2021,11.357074791918455,-11.200195083436956,0.6287032395839883,4.216845078041672,0.6289882316498088,0.7453526968513642,0.03023326532516261,0.6297144161333574,59.74663846435813,0.8571543037557253,2.8033417107160723,0.14372865986083996,3.716787922260761,0.28541299543207216,22.564645609542612,3.7836667907795976
BG,2021-08-08,12.160244854807893,39.6706292032624,26.53334316128126,76.94470030754714,2.128730787687565,19.60250123585733,4.4526154303196925,25.02905632806079,2.498172012421468,0.17505657271744093,3.7055061907427196,0.4819817548897156,3.2784021745822063,0.1678120771760554,4.355999604835155,0.3211129971544365,2021,4.976678673359875,-7.809728693596243,0.6287032395839883,1.8478246690499764,0.4904419921621685,0.7613761538891429,0.03023326532516261,0.4913729724030598,37.912076123767434,0.5439050639340609,1.7831395443676992,0.09127383856534997,2.369250243564609,0.1746549852473417,14.43161970852106,2.4218000803018187
BG,2021-08-09,12.202703991395728,41.494277047774865,26.769039730227487,78.8532468397791,2.1409031407524375,18.633919077330617,4.50270450008776,24.726140103305916,2.5016575658199907,0.175444978609824,3.749369409163794,0.4385042027278435,3.2872459857729823,0.16820567885381876,4.3801905355723525,0.30964476814471276,2021,10.98429033874211,-9.855915020803968,0.6287032395839883,4.078431418243841,0.5749947323420488,0.7110023347157232,0.03023326532516261,0.575789017395544,46.70178960623467,0.6700065641008194,2.202476388281967,0.11269890895109295,2.9347564108457598,0.20746402719643384,17.935432333928045,3.0168415712650978
BG,2021-08-10,12.281474651507995,42.950121382648824,27.031235132775887,81.0362154819363,2.163073066130287,16.906665403954346,4.566580206906157,24.53388487597238,2.5080920011369816,0.17612486509221362,3.783055385962385,0.38467846895706115,3.296993054130647,0.16893716415381596,4.407160801983354,0.29906163676424763,2021,10.061893236973996,-9.819202190747228,0.6287032395839883,3.735948362540222,0.5632390205827328,0.7032838386547446,0.03023326532516261,0.5640498600648862,57.13310367880729,0.8196592639170138,2.7024108998882337,0.13847091161854452,3.612370178917592,0.24512864105600057,22.156402291698807,3.7430397710107055
BG,2021-08-11,12.395074483823713,43.9718099004372,27.31902529259605,83.39318545343801,2.19578337298499,14.994876287545956,4.645762364505785,24.448009023556168,2.517299174652133,0.17714967149657826,3.8060358468136766,0.33342834813059596,3.307583356635536,0.1700559340879878,4.435486657269166,0.28969174338187287,2021,11.436384638793474,-11.27274731284377,0.6287032395839883,4.246292567255456,0.6071719042933119,0.7189449096314824,0.03023326532516261,0.6079241496234448,60.174610095888696,0.8632941927148442,2.8554175037037295,0.1468083003348582,3.8291298730846477,0.2500891997390097,23.584355885728115,4.0106596700110275
BG,2021-08-12,12.54191769094212,44.576053022312,27.631424127722912,85.82991084820623,2.2393157063656814,13.396375828592458,4.741209279056755,24.46521112529829,2.529076449425249,0.1785465158954866,3.8193824255597244,0.29393453228681715,3.318953680412792,0.1715875829324283,4.463951157332493,0.28176017787312635,2021,12.121734994783491,-11.552420620687894,0.6287032395839883,4.500760934184511,0.6037587064844123,0.7199657101426542,0.03023326532516261,0.6045151991372528,60.733373787158534,0.871310488109272,2.8918391512925345,0.1495060606383443,3.8894874617913238,0.24550059811238903,24.075549643880567,4.131065371163151
BG,2021-08-13,12.719272116795112,44.82932569362175,27.96707650382627,88.25727492020316,2.293683263685943,12.33853889163096,4.853542552412683,24.589691645745624,2.543118332752251,0.18033133048999384,3.824924185203579,0.26922802604857365,3.3310279791849076,0.173544866291214,4.491522929048809,0.2754922964848416,2021,12.842981924530273,-11.950876687088511,0.6287032395839883,4.7685575826594855,0.6315203347316761,0.714962666143028,0.03023326532516261,0.6322436108904779,60.87185468000881,0.8732972022800678,2.9089774149388075,0.15155624620218563,3.9224344079151003,0.2405866517699231,24.4235696667441,4.238585132169256
BG,2021-08-14,12.924101325233712,44.81428088715789,28.324498699519474,90.59649173445328,2.3585845109762715,11.778015509120028,4.982738732340185,24.82991938810657,2.5590938880145977,0.18249504949108097,3.8245958522808507,0.25708175007984246,3.3437271085939773,0.17591621956665796,4.517392971104414,0.2710793712502746,2021,12.116480397623276,-11.706635465536085,0.6287032395839883,4.498809919281631,0.60097268392590375,0.7362638791250499,0.03023326532516261,0.6017326791502402,60.69225963272367,0.8707206444741336,2.911452222940579,0.1531738840745336,3.9333873191429563,0.23603440483868202,24.662725762052354,4.338573480269473
BG,2021-08-15,13.153300775028656,44.60569873237286,28.702151382230667,92.78039972306978,2.433392577600862,11.549289003702029,5.128067360215068,25.19472076185201,2.5766727366340403,0.18500242784842424,3.8200326809131244,0.25324223342079516,3.356972081009469,0.17866491232395298,4.540955876001149,0.26865657254875364,2021,12.211906813165934,-11.841658356172829,0.6287032395839883,4.534241438230732,0.6101667445440158,0.7107931481484377,0.03023326532516261,0.6109153022143609,60.10189995719917,0.8622510577384459,2.8945527276488465,0.15405400963207516,3.9154440072256023,0.23164941384854834,24.74846038869739,4.421681505499443
BG,2021-08-16,13.40362709252564,44.259993130324894,29.098426023780195,94.7523552772635,2.5171976600821333,11.500055906460046,5.288213953485396,25.689716201103415,2.595525348876727,0.187799738287692,3.8124234884228985,0.25408876827148325,3.3706840841847194,0.18173539521222534,4.561765225954188,0.2682933085741387,2021,12.577395335936057,-12.076950884573083,0.6287032395839883,4.669946142704513,0.6124343604067511,0.7350017475334707,0.03023326532516261,0.6131801498247053,59.501822865600744,0.8536420602304831,2.8773577060095428,0.1551369771857651,3.8941146657713084,0.22902645267728047,24.839640340404028,4.5142418541928615
BG,2021-08-17,13.671635100896095,43.81440280495844,29.511632142372953,96.46428870076464,2.608900855080537,11.53552388968694,5.461491818336477,26.31446327953653,2.615323255938108,0.19082581094557877,3.8025295789358307,0.2574066185795653,3.3847844955369983,0.1850623439594464,4.579486041174912,0.2699908205386624,2021,7.572342228313093,-11.726048865387613,0.6287032395839883,2.8115861381340146,0.5672892939185616,0.9063662449322937,0.03023326532516261,0.5680943524863118,50.637206758452606,0.7264659706180584,2.458930753883241,0.1344414953293522,3.326840771833982,0.1961391435005854,21.439196488832057,3.967587954830394
BG,2021-08-18,13.953741015131271,43.29112280764992,29.940072202178488,97.87739789983242,2.707432180541374,11.607687435234457,5.6462417080204395,27.06270819518037,2.6357476454430784,0.19402912649772322,3.7907842688815476,0.26207706419286325,3.399197790550982,0.18858477260484394,4.593880677625175,0.27369963985698936,2021,6.398436757878029,-10.050927769695274,0.6287032395839883,2.375718839926841,0.4292805896362495,0.6933008311248317,0.03023326532516261,0.43034390314104337,41.64689340177917,0.5974865671930056,2.030975019086356,0.11267686840854177,2.7447819961685442,0.16353185826011452,17.888790961590356,3.3735535756671053
BG,2021-08-19,14.246729855682412,42.70389295477874,30.382403282165107,98.97236849844296,2.8121931712585075,11.69582402577549,5.841544845501814,27.926522107344475,2.65652739656746,0.1973921875227278,3.777437181767214,0.26761515359460963,3.4138636014175097,0.19226737237507746,4.604893832790493,0.27934240757514334,2021,10.297418633952304,-10.54268297662856,0.6287032395839883,3.823398179433963,0.5503523168263772,0.7072362779485816,0.03023326532516261,0.5511821141586352,49.50152820590928,0.7101729743254503,2.4244336677600664,0.13654309170534767,3.2702711496857475,0.19838142844287177,21.57676170605052,4.1485072775855265
BG,2021-08-20,14.548202157404871,42.06249617639326,30.837815677681572,99.75172435750665,2.923176621677083,11.792308279946692,6.0473636861947035,28.8943266593268,2.6774674229179998,0.20093043731793478,3.7626524599818447,0.2738417260263515,3.428741718614804,0.19610220611609,4.612659315891313,0.2867874157349247,2021,10.003156229820478,-12.372111158403682,0.6287032395839883,3.7141395020675887,0.5767006755498987,0.7910838731668818,0.03023326532516261,0.5774926142488155,50.98524758957329,0.7314591334795268,2.5079844464230883,0.14344074975909876,3.3739717862381267,0.20977327460630085,22.55660193399833,4.423399401739535
BG,2021-08-21,14.856682106814397,41.37499510986574,31.30600333304555,100.23540186779717,3.0407569620652484,11.894526084952554,6.264184289647209,29.947775059302423,2.698449737563837,0.2046726813028144,3.7465584502992093,0.28069681315864675,3.443809878932695,0.20009530514024285,4.61744851650836,0.2958231459229162,2021,7.445289298211824,-12.299239451340611,0.6287032395839883,2.7644117967860513,0.5320266647817395,0.8865868227747303,0.03023326532516261,0.5328849991987044,43.175165417268246,0.6194119000494702,2.133136820518837,0.12394141314789635,2.8601025589910507,0.18323637689472522,19.39131100747679,3.8801102931104183
BG,2021-08-22,15.170802800564946,40.64731859872024,31.78674873028127,100.44718926517488,3.165086037995439,12.000046230531405,6.492185370184706,31.05665655056561,2.719372712234764,0.20863009555945017,3.729236987157943,0.28813490602250075,3.4590494963448823,0.20424188158633544,4.619538360271209,0.30613619534973985,2021,8.918073682064144,-11.660869891341113,0.6287032395839883,3.3112518673017095,0.5127395218438006,0.7364387232834319,0.03023326532516261,0.5136300882861429,58.20390391800484,0.8350214844047552,2.8883806450674245,0.17054635913984206,3.8574137788583736,0.2556303002709639,26.542618109160436,5.421114264842468
BG,2021-08-23,15.489077295677356,39.883866998616355,32.27981258643897,100.410405087981,3.295822375308818,12.105100287871409,6.730874436755003,32.18006716257527,2.7401350849126094,0.21278364826990734,3.7107355353213456,0.29608501290450545,3.474442037512495,0.20851652774411403,4.619175700172489,0.3173251022383422,2021,9.889101466480168,-10.74905349475132,0.6287032395839883,3.671791337929317,0.5469054322979435,0.7279439577209317,0.03023326532516261,0.5477404514998159,59.571944928612375,0.8546480654157708,2.969425165759283,0.17820824704372096,3.947769575967956,0.27120128473586086,27.587879378983715,5.752528815929129
BG,2021-08-24,15.809893833870492,39.088202986325975,32.78493205534719,100.1471042642418,3.432033114660188,12.20448469997364,6.978962725280786,33.27044912051486,2.760635936073628,0.21708135112884414,3.691082101163013,0.3044408028001797,3.4899690212823598,0.2128710443413142,4.616575935069921,0.32893130616569566,2021,10.407638816829532,-11.185837976755494,0.6287032395839883,3.864322576268738,0.5550086148078932,0.705728701896901,0.03023326532516261,0.55583146082531,59.89805160619003,0.8593265502536402,2.9990230395506434,0.1829257401827112,3.967146272267609,0.2826594045977912,28.17296256342149,5.997207963064281
BG,2021-08-25,16.13151258022639,38.26344353114551,33.3018189287863,99.67770831321523,3.572171536508149,12.2919701931035,7.234345218006229,34.278227675302475,2.7807746620881533,0.22144058213653375,3.670293895932795,0.31306398745573505,3.5056120179807193,0.21723573818824704,4.61192440792239,0.3404748503875413,2021,10.615666420266368,-12.038147438764094,0.6287032395839883,3.941562551501942,0.5606496045493629,0.7498880795411296,0.03023326532516261,0.5614641835536606,55.43430570066425,0.7952874827490157,2.7879693572745836,0.1727648633868552,3.6678057530053425,0.27077538670405543,26.48451974683798,5.753384197765554
BG,2021-08-26,16.452359642426217,37.41277256459776,33.83021015217181,99.0212699278936,3.714345694791272,12.361595537045051,7.494430280546283,35.16202484919561,2.800468910232958,0.22576370657574077,3.6483900231580217,0.3218095105282202,3.5213541947795837,0.221530704268036,4.605382862649742,0.3515454750229055,2021,7.806979789185817,-10.157892659848248,0.6287032395839883,2.8987063043579715,0.4932641986523835,0.7267219206104492,0.03023326532516261,0.4941898623043574,47.806586938884166,0.6858565234089616,2.4151437457230887,0.151938278657614,3.158631879144164,0.24110975731936193,23.202670321163115,5.140103897146322
BG,2021-08-27,16.771958066569592,36.540393053365015,34.37002937655254,98.19655857813764,3.857133620175469,12.410291286662336,7.757090115998037,35.90966859027403,2.819708329100859,0.22997515286325643,3.625417501358345,0.3305850119635312,3.537184945576319,0.22569343863552166,4.59710332193641,0.3620051855124369,2021,7.674113926506925,-10.350842194542112,0.6287032395839883,2.84937363997542,0.5068737439706341,0.7617110593179007,0.03023326532516261,0.5077745982806049,42.1871950680069,0.605237997406268,2.1408387329162104,0.13659824482749758,2.782341608438495,0.21909929353023186,20.802047750659263,4.694885687506607
BG,2021-08-28,17.09011914365755,35.65058437732744,34.92123991334536,97.2210592506564,3.999081613924688,12.436131462853512,8.020042919327063,36.52207063296793,2.8385004686454773,0.23399963337346416,3.60142937301666,0.33931604841058616,3.5530952375960556,0.2296608865901739,4.587220645023079,0.37183543846503425,2021,10.478463711873902,-11.64068162000624,0.6287032395839883,3.8906196303555163,0.5259340363576391,0.7103617633334377,0.03023326532516261,0.5268022977661166,52.08170648318522,0.7471894654899439,2.654835331414262,0.17160019509525865,3.42752294183923,0.27783152251690785,26.092782585098615,5.992491582098397
BG,2021-08-29,17.406658277384526,34.747407133328565,35.48379319478119,96.1107848116854,4.138507763271981,12.437629739608283,8.280609567207541,37.00476161963182,2.8568527926447636,0.23775429478321564,3.576477738770692,0.34793096162804615,3.5690760625154745,0.23336314473914302,4.575852438250935,0.3810571780610202,2021,10.805384115952169,-11.68252484638497,0.6287032395839883,4.012004117303671,0.5494109398572093,0.7034195430488017,0.03023326532516261,0.5502421568427884,56.58474362164657,0.811792224112198,2.8973481948150432,0.18944238629360569,3.714641428056951,0.3093392540920734,28.805467397528698,6.722134457568155
BG,2021-08-30,17.721395311028353,33.834706346877034,36.0576279801044,94.88043498979783,4.27353313161802,12.413729026691485,8.535748860453669,37.3654654354055,2.87477268423429,0.24115105253357344,3.550614198616697,0.35636094942434865,3.5851184358030546,0.23672519071868672,4.563101946370638,0.3897089686689612,2021,10.531889959865394,-12.731216153927832,0.6287032395839883,3.91045662315594,0.5271875233967133,0.7270095188986463,0.03023326532516261,0.5280537237416112,57.35508807809878,0.8228439599620112,2.949993050648997,0.19478789335372654,3.754720875261977,0.3206696710122794,29.66980139398612,7.023589393576922
BG,2021-08-31,18.034154840038077,32.91610881594922,36.642669549383704,93.54351578009693,4.402142753324866,12.36383350977812,8.78213686984487,37.612403307712746,2.8922674510471813,0.24410030813041259,3.523890087832329,0.3645416276045194,3.60121339603241,0.23966967957967944,4.549060212954742,0.3978316545282402,2021,10.321206357504982,-13.723636079083477,0.6287032395839883,3.832230484126744,0.5339714538053869,0.7949233991006835,0.03023326532516261,0.5348266670719217,57.69686927461387,0.827747319064138,2.9808947339436873,0.19838593473304064,3.765472395534624,0.32930408547460116,30.33087148285549,7.269390249668412
BG,2021-09-01,18.34476650971143,31.995018695155004,37.238828886099014,92.11240989752976,4.522277602565904,12.287868144438177,9.01629203102323,37.753171481496224,2.9093443299917925,0.24651595321051817,3.4963566014409224,0.372415856404486,3.6173520041726737,0.2421207191719433,4.533807471828733,0.4054579998846942,2021,8.989038909407636,-12.068222511278387,0.6287032395839883,3.337601026316534,0.5430700815277938,0.7943995760716822,0.03023326532516261,0.5439109888417647,58.980548884650275,0.8461636104349499,3.0608716320648517,0.20487374189563815,3.836342899379553,0.34308380506216635,31.510141898630845,7.629258217706484
BG,2021-09-02,18.65306529742558,31.07461340022777,37.84600184982942,90.59839030844972,4.631961151539854,12.1863542109397,9.234751494381705,37.794072327394254,2.926010491695637,0.24832171429642388,3.468064857435384,0.37993768027312097,3.633525342859663,0.24400864141540296,4.517413698473818,0.41260629362727835,2021,9.948074732945576,-10.94571000929761,0.6287032395839883,3.693687920719073,0.5289008325660768,0.69915278315137,0.03023326532516261,0.5297642315420237,57.877665953259104,0.8303411160573856,3.017065488412887,0.20261040764051208,3.7509943320836716,0.3426039703427757,31.425091414297242,7.667993862357514
BG,2021-09-03,18.958854435254462,30.157888169194333,38.46397311487296,89.01159808991298,4.72971039258381,12.061109269485083,9.43468294554082,37.739813890534585,2.942271074919993,0.24947237232798178,3.4390674449315504,0.38709649395974943,3.649722039943929,0.24528622972369665,4.499938529693241,0.41927723417193546,2021,9.824800739021896,-10.380255745459465,0.6287032395839883,3.6479166861316674,0.5326973455099079,0.7044375448277557,0.03023326532516261,0.5335546009974274,57.30923523702459,0.822186132826019,3.0007508499113884,0.20167093665200067,3.6997870576832876,0.34472392774581284,31.624545308441363,7.757065485433801
BG,2021-09-04,19.261718219759928,29.247785605995418,39.09202083507129,87.36103774995281,4.815599256426135,11.916717952005415,9.615549584629276,37.59352263984303,2.9581196142163826,0.25000881029844885,3.4094229786897827,0.39396992914560336,3.6659183754517692,0.24597217998008214,4.481431123050093,0.4254536116498146,2021,10.239075864009408,-10.472836277170249,0.6287032395839883,3.801735697960469,0.5353782521450563,0.6817980965125475,0.03023326532516261,0.5362312217710912,54.48345882877479,0.7816461715489067,2.865451063382663,0.19226321278896985,3.5028934803922227,0.3325541867177329,30.556128423843568,7.515957520164154
BG,2021-09-05,19.560905463126648,28.34703477213137,39.72887720498701,85.65436778491379,4.891031407950753,11.757814050289983,9.778910968640975,37.35694167839211,2.973532955106142,0.2500411556699463,3.379191511259895,0.4006474296836108,3.6820783087925597,0.24614113603526322,4.461927422103145,0.43110281262586075,2021,10.306324166295422,-10.596994778942708,0.6287032395839883,3.8267047747427427,0.5202775534427871,0.6700323766958433,0.03023326532516261,0.5211552388191392,56.06312590818694,0.8043088429630834,2.9615281442444106,0.19797349233014147,3.5887676822570334,0.346739804421237,31.954287256965518,7.865264566626627
BG,2021-09-06,19.855564185000787,27.458104369502635,40.373087155278135,83.89743357404924,4.9575313720559615,11.588218822487557,9.92662961848822,37.03075445468987,2.988484279440188,0.2496797031736303,3.348432983609312,0.40720276628495916,3.6981634034614417,0.24587244419307364,4.441443864050616,0.43618226011968786,2021,10.270886543178124,-10.66876537038433,0.6287032395839883,3.813546900082446,0.5551326633757961,0.706219215322933,0.03023326532516261,0.5559553257941925,54.67643477230565,0.7844146981935893,2.900893729996784,0.19286595910583,3.4839338481630335,0.3421477759291826,31.669242976050977,7.786594176265982
BG,2021-09-07,20.144811895896225,26.58320788976533,41.023099164362534,82.09367668048081,5.016306838846112,11.41092457160621,10.060259495328438,36.61506626367087,3.002946781091462,0.24901234445718515,3.3172071777756518,0.4136909897213298,3.714135302310095,0.24523401937579492,4.419968606071857,0.44064804599351615,2021,10.79717111806636,-10.95042560168223,0.6287032395839883,4.008954657795367,0.5293030185547637,0.676450614982105,0.03023326532516261,0.5301657625530021,53.97251857833411,0.7743159744719863,2.8759142959290465,0.1898886186866506,3.4224522983461165,0.3412008211326461,31.764841005314302,7.7898196345662925
BG,2021-09-08,20.427737562328847,25.724309769427254,41.677262784530924,80.24321322966038,5.068109847570673,11.228178666482972,10.1808951254011,36.11001452502432,3.016893661744232,0.24809942031548635,3.285573629427994,0.4201485001243349,3.729955723132433,0.24427936109997792,4.397447288239962,0.4444680741879031,2021,10.610933566493644,-11.16328849686488,0.6287032395839883,3.9398052582286067,0.5699672190008755,0.7324432861085985,0.03023326532516261,0.5707685004165994,55.76648686130285,0.8000531150722101,2.984162695373521,0.19543646379588658,3.5181914013222246,0.35559806730417803,33.34402391844706,8.14525685930063
BG,2021-09-09,20.70340390776176,24.883131212346065,42.33382678196792,78.34132013604004,5.113177028829446,11.041638565126917,10.289125961890369,35.5165439745919,3.0302981267410414,0.24697277083564517,3.2535914519719267,0.4265959351880941,3.7455864539895067,0.2430473865469922,4.373759053919778,0.44764246314145767,2021,8.959364080096279,-10.193441604167887,0.6287032395839883,3.326582858327329,0.5016284671623991,0.6901527418746328,0.03023326532516261,0.5025387242789552,53.093555286924946,0.7617059400426165,2.8530354509469675,0.1851306380446779,3.331518251685869,0.34097192319015635,32.24592732456017,7.837288363018594
BG,2021-09-10,20.970761631638528,24.061251436901888,42.990949769672454,76.37668571319837,5.151468777388543,10.852893836519698,10.38547679603792,34.84005125046135,3.043129164313333,0.24565005639168283,3.2213228858468543,0.4330547444466065,3.7609896230688107,0.24157356028836222,4.348685517044643,0.4502654892663434,2021,9.752533348810116,-11.501711900745184,0.6287032395839883,3.621084038262314,0.5834438746547006,0.7800584531526024,0.03023326532516261,0.5842266727943116,47.26272892974526,0.67805407217242,2.550154329320022,0.1637999362827136,2.948643923429346,0.3053043485557512,29.15018855788637,7.0419148330056895
BG,2021-09-11,21.228378704456272,23.26037002568188,43.64673660901411,74.32956239616438,5.183498726633792,10.664499361212297,10.471813906900111,34.098134098672624,3.0553389046621953,0.2441777960907429,3.1888441559008998,0.4395851897527912,3.7761285168106538,0.23992203588337524,4.321872652663215,0.45265275695281126,2021,9.491268420727886,-10.318935927430411,0.6287032395839883,3.5240772168550594,0.4882005931515128,0.6823959700673689,0.03023326532516261,0.48913583950239287,37.42931517419275,0.5369791407984859,2.0277022465016454,0.12883312868727834,2.3207554636675662,0.24306508850858644,23.437387122966218,5.623145634328857
BG,2021-09-12,21.47469544731207,22.48193223661338,44.29920578127069,72.16298722369777,5.20995822646509,10.478856344458936,10.550612172666405,33.3125086223061,3.0668752860380724,0.24260917875402077,3.156231284445121,0.4462518773527567,3.7909667487023575,0.2381670728987902,4.292689654068226,0.4553191427306299,2021,9.776247193338046,-10.21635042169657,0.6287032395839883,3.629888911912543,0.5482231410115438,0.7221901725897139,0.03023326532516261,0.5490561562106236,40.2516431398405,0.5774696290425778,2.1891681620858976,0.13753425123702095,2.47889790212969,0.2629329764486414,25.581445929391204,6.092658097521775
BG,2021-09-13,21.708117403479925,21.726913723620896,44.94627911542601,69.81150059356665,5.231562885026807,10.297848051054734,10.624689588211126,32.51043604123252,3.0776862644913026,0.240995697037651,3.123549848778435,0.45311247168381735,3.8054679791915618,0.23638641056195078,4.26002142527033,0.4591123725485088,2021,9.687001104644072,-9.886921959306838,0.6287032395839883,3.5967521283006705,0.5081378866110321,0.678639621247666,0.03023326532516261,0.5090365037418709,51.60121790419995,0.7402961428868925,2.8171732668750904,0.17499594796988954,3.153677429743148,0.3398791185493111,33.273557066267564,7.865416721523223
BG,2021-09-14,21.92702300015074,20.995472762269948,45.58578386424366,67.16452109113253,5.249119619582057,10.122765073282912,10.697325149234228,31.732746201438655,3.0877198031077917,0.2393904370669001,3.090836648648795,0.4602203909273117,3.8195959105508335,0.23466362191097345,4.221924210883676,0.4655317120032806,2021,9.518157701138673,-9.717826296281316,0.6287032395839883,3.5340611195615024,0.4883157908868052,0.6573934474329132,0.03023326532516261,0.4892508170270416,50.33225808075263,0.7220910287262048,2.7580959403680563,0.169448496150312,3.048613596641064,0.3361562728251202,32.91708556582213,7.724442521629245
BG,2021-09-15,22.12977221463775,20.285851324049233,46.21545572662848,64.0420866660204,5.2636450145768165,9.954020993429792,10.772446603975755,31.042599596599917,3.0969238609524945,0.23785355599345825,3.058042594912003,0.4676355595034865,3.833314281679232,0.23309186146938446,4.175034547535804,0.4772694295002891,2021,8.375318272591285,-9.362241326860683,0.6287032395839883,3.109728542066171,0.4838821343436071,0.6868888865841295,0.03023326532516261,0.4848257112294544,50.38611386454281,0.7228636699666894,2.7709636297903733,0.1684936384211264,3.017980795269448,0.3450007313714871,33.40747393573371,7.787010286670114
BG,2021-09-16,22.31484094270538,19.59079485457236,46.833132874445994,60.167391414359265,5.276810982206467,9.7907369282739225,10.855295198769278,30.515826026788364,3.1052519702362193,0.2364709206646365,3.0248441242077653,0.4754909656195136,3.8465909198355908,0.23178665471453772,4.113614227492438,0.49889042709159354,2021,8.455201558227362,-9.015590289545685,0.6287032395839883,3.1393889472342336,0.47855693175064407,0.6641941243766457,0.03023326532516261,0.47951098763095334,54.77430315525726,0.7858187655654906,3.022723328260629,0.18214230288233263,3.232555254260747,0.39203745956955643,36.80235466296175,8.530294672945871
BG,2021-09-17,22.481212946034415,18.88516571083487,47.437350048717775,55.15909532525462,5.291859317701272,9.63270061715294,10.953776238874267,30.151078899244975,3.11267998024401,0.23539029368229583,2.9899740120840645,0.4844164115717855,3.8594098941225052,0.23091037394847788,4.028188650707013,0.5368868341738778,2021,8.224257713921828,-9.038165601162197,0.6287032395839883,3.053640246005569,0.47497063220105584,0.6437132172248795,0.03023326532516261,0.47593187725313413,47.8445807035265,0.686401600416072,2.6491051279873106,0.15849725023090888,2.764955136623151,0.368519982219268,32.56107299293731,7.518689540962839
BG,2021-09-18,22.628026904310943,18.08078139491343,48.026806317548456,48.59504030909776,5.312539452970659,9.511661045511438,11.076872087198604,29.61936625836944,3.1191892664633625,0.23477696378196145,2.9486816187933793,0.49849431470595146,3.8717593199733016,0.23063936448239822,3.9038908349629815,0.5972243610201489,2021,7.880897115342279,-9.33169271558798,0.6287032395839883,2.9261515680984798,0.51227997559231,0.7168909353664138,0.03023326532516261,0.5131713395398065,46.81567916519201,0.6716404790477056,2.6004302844242875,0.15490673324821633,2.6220111105444843,0.40112005593453265,32.25674720224962,7.439675674996229
BG,2021-09-19,22.75445923269945,16.866237470121483,48.60018308852447,40.25858434553394,5.342500031366962,9.728787898675026,11.233696198619716,28.043260237490017,3.124761136418012,0.2347891451399331,2.882912756925416,0.5445347916675192,3.883627298152942,0.2311451415349139,3.7198591964760537,0.6796951636205515,2021,7.273298913856941,-8.849610852409125,0.6287032395839883,2.7005523242523783,0.44675176248873555,0.6706896946071519,0.03023326532516261,0.4477735896845785,37.666047101662166,0.5403754120479193,2.0986167014799437,0.12490515109980371,2.0101204460559896,0.3672905541084334,26.262343962065728,6.070413212150274
BG,2021-09-20,22.859729530815457,14.279089587733324,49.156147448168866,30.576988341284174,5.3849924558642,11.02590443648186,11.43296460677644,24.465218205210547,3.129376826748791,0.23556676156667133,2.726485200008674,0.7216336008222574,3.8950019140144194,0.23258463488888273,3.452428638266068,0.7747799739731479,2021,6.396733481452457,-8.26044901483145,0.6287032395839883,2.3750864189079333,0.41776847558279423,0.6495150314467331,0.03023326532516261,0.41886101456568314,26.050884324976757,0.37373864354087694,1.4557127319328684,0.08692586595182115,1.2903059961872372,0.2895652165153602,18.37155186897397,4.272940683787483
BG,2021-09-21,22.943106016912765,8.955789453209876,49.69335573544497,20.85449122670763,5.442638549220923,9.603707391313089,11.682526119565932,19.084791177741973,3.1330174999600913,0.2372232663358144,2.2981542365527092,0.9646354451797621,3.9058712367500297,0.23509231660185695,3.0844064485525484,0.8732663222294144,2021,7.698392151066494,-8.908249579346446,0.6287032395839883,2.8583880661030405,0.44694760628041075,0.6385003761502421,0.03023326532516261,0.4479689867524433,51.822047483929524,0.743464271329377,2.9038757129367334,0.17478273785753476,2.293145992756752,0.6492423099327764,36.945234511764106,8.6855407687695
BG,2021-09-22,23.00391090435869,3.2591561621128826,50.21045734417593,12.694824635852022,5.517290066611883,3.8099702669103825,11.989009793280204,13.417222283505025,3.1356642407940463,0.23984139434162427,1.4490710566489897,0.8945364109449165,3.9162233186324147,0.23877515616118655,2.617017997656936,0.9797293970730917,2021,7.748564468405453,-9.36674313502054,0.6287032395839883,2.8770168849935605,0.45753636151076815,0.6746305146407862,0.03023326532516261,0.45853415623782484,49.785767507577454,0.7142508094469482,2.7971656753082157,0.17054534856394896,1.869207223163698,0.6997725148984263,35.86285980077912,8.563159949317773
BG,2021-09-23,23.041821458948835,0.7515913229121228,50.706332489783414,6.97239175353909,5.610135467917831,1.6014544687157597,12.35777980139997,8.739096801100821,3.1373108890808874,0.24347621466960906,0.560524702126101,0.9142854544707656,3.9260508039767945,0.24371275133909323,2.075984542329699,1.0961700166353938,2021,7.779522648661981,-9.245799628402953,0.6287032395839883,2.888511557031184,0.4486504177437988,0.639132225045386,0.03023326532516261,0.4496679304485776,46.16819932964455,0.6623514187440764,2.600425320075352,0.1614234866154707,1.3750313069028484,0.7260497657031709,33.5854112639169,8.18519298398416
BG,2021-09-24,23.05776396004897,0.13891527389552902,51.180814664734015,3.5253181090837225,5.722115386999505,0.5225199135873908,12.793197445660695,5.350166264174097,3.138002543966318,0.24816436654108903,0.13007629530274306,0.45878734403145843,3.935364748243372,0.24996080131713513,1.5096878750309295,1.1822740711718471,2021,8.308280651872082,-9.544802367030758,0.6287032395839883,3.0848376906671335,0.4571531859614815,0.6508463355529631,0.03023326532516261,0.4581518151955251,49.95324962361079,0.7166535892559868,2.8202932718600953,0.17913530543722747,1.0819232342971592,0.8472809565895922,36.678914530527074,9.168290867493258
BG,2021-09-25,23.053026324007337,0.02286961153628964,51.63402083564047,1.673340062500615,5.8534704692700075,0.12811855276204573,13.297966874603414,3.084007290223997,3.1377970547075518,0.2539133208369361,0.02261202189238807,0.12525404148982316,3.944180773752714,0.25754273363550395,0.9833286503520139,1.1536157832981593,2021,8.334013449857487,-9.779225581624448,0.6287032395839883,3.0943921951955544,0.4474858098470691,0.6515987425382035,0.03023326532516261,0.44850596467238757,49.63291460351005,0.7120579074204837,2.8084851082464617,0.18338533998384796,0.7001869410762634,0.8214412406225294,36.76641282793181,9.468922465677016
BG,2021-09-26,23.028951797276235,0.00344778933801226,52.06612060547259,0.7564314802738044,6.003671779606181,0.02615144314910756,13.87304331733016,1.677456559942622,3.136752198132256,0.260701044166338,0.0034418593387025346,0.026061588282894132,3.952514460951479,0.26645048941618255,0.5632841827250646,0.9550367200667167,2021,8.368003584453657,-9.870497562710048,0.6287032395839883,3.1070126220572165,0.4504108932432308,0.6621620052170585,0.03023326532516261,0.4514244378457891,49.53246294153129,0.7106167790725537,2.808723095479031,0.1893441885712332,0.4002791916306012,0.6786651179098263,36.999058923464055,9.858417358095174
BG,2021-09-27,22.986927695197863,4.792731145426229e-4,52.47733445521126,0.32859959973526853,6.171599248061663,0.00465000324093923,14.517911503160072,0.8650668853839094,3.134925693272412,0.26848299737554554,4.7915829986708704e-4,0.004647775687010022,3.960381351715012,0.2766510847754839,0.28412545498090824,0.6511118064135193,2021,8.256509252580756,-9.727565109548191,0.6287032395839883,3.0656151378280603,0.44315539496525425,0.6663436459055205,0.03023326532516261,0.44418549550726233,48.98381262664731,0.702745575089416,2.783140470584365,0.19441532566965822,0.19966790625810035,0.45756594084557717,36.87821458088707,10.202398068385474
BG,2021-09-28,22.928374731812347,6.15902068903504e-5,52.86793188030491,0.13789815855466564,6.35579409415926,7.361790170191141e-4,15.23101354730242,0.4251470530392486,3.132375214803109,0.27720212045125076,6.158831029142026e-5,7.361336783935629e-4,3.967796952408404,0.28809550526368305,0.1291828400955422,0.37362487129714794,2021,4.617726473173823,-7.78018288079366,0.6287032395839883,1.7145468799766954,0.3817280470547321,0.690650950416542,0.03023326532516261,0.3829234286909609,18.71718381183452,0.2685258128467213,1.0654559018562102,0.07736107972841735,0.03468892714250349,0.10032792226481828,14.196404381683966,4.089920293268806
BG,2021-09-29,22.854737023072452,7.330188164842518e-6,53.238229437361575,0.05607414501715288,6.55475001950794,1.0510191450678444e-4,16.010256867521175,0.19998102799329776,3.1291584053982118,0.2868005006091625,7.330161299202185e-6,1.0510114409562186e-4,3.9747767367260054,0.30072857487415766,0.0545583959036716,0.1893626777408225,2021,6.606325422494224,-8.3174555315654,0.6287032395839883,2.452907227626045,0.43005096644733143,0.6619553090655954,0.03023326532516261,0.4311123798669037,47.51702468406297,0.6817023226153343,2.7096145333035166,0.20500736796851274,0.03719258520569987,0.12908897723257776,36.292624659377445,10.914229292257291
BG,2021-09-30,22.7676045123504,8.094513801390856e-7,53.58866705386535,0.02213608812872479,6.76735435636776,1.3648152564135267e-5,16.85369106853223,0.090340618391714,3.1253386708676776,0.2972361169000795,8.094510525403952e-7,1.364814151662828e-5,3.981337610158893,0.3145010315631012,0.021894641555361978,0.08838413929509628,2021,6.629369799450876,-8.625899061294637,0.6287032395839883,2.4614635301358554,0.40511010033714556,0.6425349074492785,0.03023326532516261,0.4062366843693388,48.04479517113583,0.6892739744440749,2.7442323981578953,0.2167773759922602,0.015091406603892752,0.06092088696974975,36.937273525378025,11.616810626859817
BG,2021-10-01,22.669183766897824,8.314645359295735e-8,53.92009819955435,0.00849606968222723,6.9935519718383725,1.6233789147390495e-6,17.760321904110327,0.03930833275348853,3.1210064588821744,0.3085047985737604,8.314645004338306e-8,1.6233787797608613e-6,3.9875032878107453,0.3293822247574674,0.00846018121289147,0.038977179916897864,2021,6.004983706726076,-8.288212010584797,0.6287032395839883,2.2296309966583254,0.3946978788604815,0.6253618703304744,0.03023326532516261,0.39585409674422345,41.92949344124597,0.601540884662515,2.398646255344363,0.1981368748727143,0.005089144891207925,0.023446367288860754,32.435143572049604,10.683559750089568
BG,2021-10-02,22.562148731280804,7.970399077743568e-9,54.2337214721116,0.00317478692024921,7.233929004635039,1.779925662255669e-7,18.72956429221103,0.01651714663515249,3.1162736672752107,0.3206223436780077,7.970398975698363e-9,1.7799256480689513e-7,3.993302882361849,0.3453490519149099,0.0031697579254347332,0.01646487416800037,2021,6.7505890064087986,-8.751080208058324,0.6287032395839883,2.50647182897953,0.4132487794871903,0.6386889296353856,0.03023326532516261,0.4143532358747475,48.23144475419642,0.691951740047742,2.7631728779879445,0.23896487739635988,0.002193319512034684,0.011392898330214975,37.52711794189221,12.959954602331477
BG,2021-10-03,22.449226298988055,7.154267353459937e-10,54.53084297412056,0.00115651531987268,7.488758332387079,1.8091043064935508e-8,19.760063895184132,0.00671835584403187,3.1112561502976446,0.33358647788786605,7.154268286341134e-10,1.809104305199269e-8,3.9987664677240495,0.3623649079579043,0.0011558470712070795,0.006710594938180404,2021,6.720534969728861,-9.115584463771516,0.6287032395839883,2.4953128625228453,0.41766474839332707,0.6689289920405549,0.03023326532516261,0.41875755800066805,46.24968047813089,0.6635203868884799,2.6532630737409417,0.2404365039230371,7.669280958712378e-4,0.004452616549633337,36.18232602754342,13.111205240673659
BG,2021-10-04,22.33309861561716,6.033431630191331e-11,54.81281901547744,4.112121303541679e-4,7.757752198347196,1.713180507097224e-9,20.84943411464597,0.00265097686172818,3.106069820919143,0.3473656894579927,6.033440413761924e-11,1.7131805069938603e-9,4.0039240902382005,0.3803751474405784,4.111276058169181e-4,0.0026498871959691273,2021,6.872309897079986,-9.43152819553166,0.6287032395839883,2.5516664013606936,0.42983471349479063,0.7036609326551226,0.03023326532516261,0.4308966596034024,46.4509937631371,0.6664085250847269,2.668249147526846,0.2534852409847614,2.739789414140674e-4,0.0017659074179066888,36.52772987584039,13.89424063719241
BG,2021-10-05,22.216397879341315,4.796706276398909e-12,55.08105191281286,1.4288472054810878e-4,8.04012503351644,1.518610734658627e-10,21.99438717289619,0.00101678880569818,3.1008306594291666,0.3619004789697626,4.7966075555790225e-12,1.5186107346513428e-10,4.008805771586822,0.3993094977145833,1.428745134986129e-4,0.0010166435428696603,2021,6.765840914310583,-9.505662126654716,0.6287032395839883,2.512134812973626,0.4300857586427758,0.6995649813730754,0.03023326532516261,0.43114708640967725,46.63558932815357,0.6690568227475734,2.6821188525500133,0.2671607438338485,9.559116805298724e-5,6.801922986592113e-4,36.85235358638072,14.715494800177908
BG,2021-10-06,22.101704189189096,2.5582568238134495e-15,55.336986101157144,4.857744803867945e-5,8.334769023603274,8.975803661783745e-14,23.19101123208661,3.7979397007252807e-4,3.0956547181836718,0.37710978991747485,2.664535259100372e-15,8.975803661783721e-14,4.013441511385947,0.4190869952637638,4.8576268192746986e-5,3.7977552154686375e-4,2021,6.686050699632453,-9.603292923305332,0.6287032395839883,2.482508964750738,0.392461497968524,0.662312559983204,0.03023326532516261,0.3936242849722555,40.6508274910499,0.5831965216916963,2.340625129453349,0.24441007792405148,2.8329510646773025e-5,2.2148376318978082e-4,32.27233781509659,13.52491708506597
BG,2021-10-07,21.991382278396625,2.5116785936088257e-15,55.58205407113004,1.6178874832223177e-5,8.640559966595118,9.71464469658701e-14,24.4353330318551,1.384007806285589e-4,3.0906506619997685,0.3929066330261208,2.4424906541753412e-15,9.714644696586986e-14,4.017860380650716,0.4396263045727757,1.6178743955711722e-5,1.3839854149587906e-4,2021,5.2371970449925564,-9.233329408221882,0.6287032395839883,1.9445542964660456,0.37625623499140476,0.7022518813137952,0.03023326532516261,0.37746894534799663,31.439762426295427,0.4510501070086636,1.8122563546383754,0.1982934917213738,7.297424192489541e-6,6.242467695155922e-5,25.07029143654453,11.021559578810576
BG,2021-10-09,21.790114874174247,2.4233254727986583e-15,56.04456085365946,1.6964564606820131e-6,9.283167190573836,1.1239341884130379e-13,27.055496116851263,1.719313093112338e-5,3.081456420818458,0.42602653745420554,2.4424906541753412e-15,1.1239341884130351e-13,4.026147103839889,0.4827497210210482,1.696455021661903e-6,1.7193101763774815e-5,2021,6.019248121751859,-8.234824744408291,0.6287032395839883,2.2349273277466284,0.3939233581517204,0.6437936441071239,0.03023326532516261,0.3950818426981304,44.80366462167923,0.6427751408543293,2.587907271770934,0.3102995199266924,1.090439115501764e-6,1.1051298407933175e-5,36.02405049682999,17.39060032739283
BG,2021-10-10,21.70081426122016,2.3810775637829865e-15,56.26411840759448,5.356072579268453e-7,9.620119002895477,1.2024256831534253e-13,28.428191516669724,5.882491682459709e-6,3.0773497834009556,0.4433068219051506,2.4424906541753412e-15,1.2024256831534223e-13,4.030057003503618,0.5052632534064999,5.356071144413068e-7,5.8824885317561565e-6,2021,4.63118257844091,-8.053613335443266,0.6287032395839883,1.7195430882701819,0.3854833394771092,0.7221200289080828,0.03023326532516261,0.3866671117985675,23.89374610396991,0.3427912905607589,1.38146844126443,0.17319984270814187,1.8360145399285965e-7,2.0164658355095567e-6,19.286849761202664,9.744936458307633
BG,2021-10-11,21.619367281570753,2.3398247518881876e-15,56.477088228358234,1.665894411016389e-7,9.96841570093526,1.2823198181348398e-13,29.84211620530975,1.977853266895043e-6,3.0735895463605623,0.4610873006183096,2.4424906541753412e-15,1.2823198181348368e-13,4.033835037825547,0.5283933209277147,1.665894272546629e-7,1.9778529374056276e-6,2021,4.237908533536313,-7.444188114000276,0.6287032395839883,1.5735217094414038,0.35490927529330185,0.6384634505680892,0.03023326532516261,0.3561946715230849,33.541152938364284,0.48119767627092064,1.9410720466618745,0.25426163818749115,8.016244528624736e-8,9.517382374852026e-7,27.176643618033747,14.359956973001836
BG,2021-10-12,21.54594838577787,2.2993661262932732e-15,56.684382922224664,5.1117099519851664e-8,10.32906881250432,1.363510247792338e-13,31.297288586367443,6.546395526877306e-7,3.0701877889329703,0.47939726892330115,2.2204460492503107e-15,1.363510247792335e-13,4.0374987393244774,0.552132474112133,5.111709813568725e-8,6.546395192244572e-7,2021,3.840056844999395,-6.970627740918286,0.6287032395839883,1.425800666361606,0.3557829505793485,0.6732015499037162,0.03023326532516261,0.35706520168614697,29.30980133501777,0.4204926503358499,1.6977385456262024,0.23216764737590084,2.1494364072552866e-8,2.752711064532786e-7,23.835366407618437,13.160279826007592
GC,2020-08-08,10.073125194646794,83.60456368169072,24.49222781442735,122.70143852151328,1.8323042375528305,19.527775345768266,4.271661298551771,39.25360063461261,2.3098710056182226,0.18190027445768073,4.437988209385263,0.23081231668823407,3.198355835157756,0.17440885046951562,4.817870908445726,0.3173253367444543,2020,13.68353446990626,-12.742505776447477,0.7051276969158152,4.034895323473088,0.42920633043516826,0.5899893785181104,0.04158905461937207,0.4312165622396199,26.63139219019128,0.3820668914192829,1.2219858715914482,0.06663584733489837,1.8407489612492551,0.1212395049785308,9.357669344991155,1.6320603535337324
GC,2020-08-09,10.072067149118643,82.75970346796642,24.224650175369035,117.54677476942466,1.833846492903097,19.34728867091025,4.229128081950846,38.84442204758744,2.3097659636299337,0.18207250465596508,4.427952026297734,0.23098563951231688,3.1873707170273216,0.17457953164792897,4.775307606484857,0.3276716901251886,2020,15.40486990829742,-13.985451586256676,0.7051276969158152,4.542469468571914,0.43424701815306077,0.601184870328635,0.04158905461937207,0.43623402233085606,20.707155963929303,0.2970749201833563,0.9468879013556587,0.05186320042995622,1.418624126047463,0.09734304119028586,7.196536017317484,1.2563678873907385
GC,2020-08-10,10.100509343797745,81.94573929836764,23.984397697684493,112.5305531279961,1.842069200352984,19.19696528697388,4.194503202658932,38.41357302521512,2.3125858526546446,0.1823738920140808,4.418186650620047,0.23144004079485822,3.177403523014147,0.1748846585821865,4.732071991251212,0.3383544954802349,2020,16.039524787284144,-14.909509488141952,0.7051276969158152,4.729611614402344,0.4269587057960748,0.5847800685002218,0.04158905461937207,0.4289794702770662,28.604026139317288,0.4103672564722337,1.3039023664445255,0.07176693754145515,1.9418874004788598,0.1388496060252708,9.842411481337743,1.7212867715391438
GC,2020-08-11,10.156572406571776,81.16126053289331,23.77208811834257,107.73852565017732,1.8565752487269565,19.073149394254145,4.167606238912059,37.990817065518854,2.3181210236732275,0.18279545248214502,4.408683907918546,0.23214285261139828,3.168512124309868,0.1753151098113392,4.6889461531393515,0.34937770986282357,2020,17.002542496545352,-15.65333648740087,0.7051276969158152,5.013578864243053,0.45225128528725517,0.602576662867182,0.04158905461937207,0.4541595253962063,29.27788570904498,0.4200347732592014,1.330885271703526,0.07363844239851786,1.9695204342584922,0.14675078714405015,9.985103642685777,1.75053954159506
GC,2020-08-12,10.237473469062758,80.4029868029157,23.5879559191671,103.23931394039934,1.8768322941561235,18.972513437422613,4.148234029176035,37.60873950324206,2.3260548576312883,0.1833296369292518,4.3994119652458386,0.2330690086760189,3.1607362393543807,0.17586237838460872,4.6466893512561684,0.36079227770767486,2020,14.30246008411217,-13.33457952303097,0.7051276969158152,4.217399344771779,0.41043542759181473,0.5728482478146543,0.04158905461937207,0.41253713734233544,23.751094181341266,0.34074473677023703,1.0770042378789575,0.05992417983045132,1.5833349398468466,0.12293806969623593,8.037471830624549,1.413488912332928
GC,2020-08-13,10.340247203153488,79.6651855453404,23.432195309863417,99.0895752068344,1.902099115577427,18.89019473213724,4.135858678121844,37.29390996264871,2.336043776256157,0.18395102923625845,4.390307076311834,0.23418026753957455,3.154110944667522,0.17650325218913307,4.606065537109966,0.3726053376246338,2020,12.74005755459704,-12.553881892113996,0.7051276969158152,3.7566901125490966,0.41965644778394123,0.5756994110715207,0.04158905461937207,0.4217122047448579,28.892974203037024,0.4145126457819102,1.3074188727638147,0.07316283005402928,1.9092724124323275,0.1544496243312489,9.712941274369953,1.7143657232483593
GC,2020-08-14,10.461943288656316,78.93752927452154,23.30507542340975,95.33494990999864,1.931401647228994,18.819455941091523,4.129567253496629,37.0633789785331,2.347744224235612,0.18461213122070502,4.381245445556621,0.23542704048885135,3.1486711661811815,0.17719604757633667,4.567831180376172,0.3847345019970398,2020,13.251569504987229,-13.341228283705805,0.7051276969158152,3.9075208194157347,0.42754178771622264,0.6031059691336035,0.04158905461937207,0.4295598092323311,32.2282017569501,0.46236144071531377,1.4558241367342981,0.0819286198464543,2.1119890055030592,0.1778863986362401,10.775368248746783,1.9093526648574826
GC,2020-08-15,10.599566317824666,78.20145100810697,23.206946449045763,92.0098546544071,1.9635662569385095,18.753584722420168,4.128167489854668,36.925786358845,2.3608130868682777,0.18524967890775831,4.371994619461987,0.23678334782655147,3.144451649763412,0.17788499227671603,4.532705451565348,0.3970093975100663,2020,13.882716760607163,-14.475378614143546,0.7051276969158152,4.093628664265648,0.39919311804972823,0.597410751214275,0.04158905461937207,0.4013537030630182,32.85602181589224,0.4713684523119152,1.482195307518628,0.08384937349899263,2.136574353490139,0.18713770525760587,10.939022430572198,1.9458879205771589
GC,2020-08-16,10.750024299216596,77.42575427467985,23.13824628194208,89.13847220868227,1.997294853673752,18.69187305758177,4.130350145889224,36.8846704877302,2.3749080149633586,0.18579445014085263,4.362152371814104,0.2383384543821536,3.1414869315962974,0.1785074847747946,4.501347068025036,0.40920008497966764,2020,14.072179413734275,-15.436773399129638,0.7051276969158152,4.149495953141679,0.42262047809249514,0.598795585987237,0.04158905461937207,0.4246618866430825,31.29287119427894,0.4489427340259639,1.410347731977678,0.08013963825889442,2.0208470595189163,0.18370740491442877,10.387747546381172,1.8542906869800473
GC,2020-08-17,10.910184379060164,76.56336694697424,23.09941876707221,86.7347839761055,2.031384985038884,18.65355272010573,4.135029432935277,36.942537987761305,2.3896966997076907,0.18619162742452877,4.351095240300899,0.2404943655019273,3.139807455612584,0.1790101073378385,4.47431844532841,0.42107059838230837,2020,13.768139634035617,-15.17277425410919,0.7051276969158152,4.0598430430727275,0.4132877061168306,0.6108515174198184,0.04158905461937207,0.41537498419072477,33.06616309927904,0.4743832412620785,1.4894720377323372,0.08491939493759641,2.122541686533595,0.19974883526076234,10.957977145993798,1.9615886651099312
GC,2020-08-18,11.077295390979376,75.5525140762857,23.090572744132313,84.7982622418757,2.0652742955560552,18.698808528511655,4.142055970849126,37.10330059055226,2.404897553235242,0.1864421072708668,4.337976963841154,0.2442611944772711,3.139424427915084,0.17938298961863944,4.451998752697618,0.43244815945052073,2020,10.837393005540616,-14.233041041931916,0.7051276969158152,3.1956470349721964,0.4077883951298602,0.6096948702665059,0.04158905461937207,0.40990367730324173,33.528042062519454,0.4810095812760347,1.5100932295191893,0.08628493672450503,2.14145405587651,0.20801170810088687,11.106786727078903,1.9923686081600374
GC,2020-08-19,11.24934411910714,74.32557374638336,23.11143352077589,83.31608482395639,2.099223904610067,18.93429891290828,4.152376880978458,37.37118408484431,2.420309826427078,0.18660855978656668,4.321819701932372,0.2513661426152414,3.14032745268598,0.17966764706506425,4.434572651361579,0.44322722245549745,2020,10.350785521259894,-14.724896547437355,0.7051276969158152,3.0521599653843388,0.3914553419812136,0.6016935625440406,0.04158905461937207,0.39365839789055945,30.207094122111016,0.4333656486158245,1.3609100433993395,0.0778617864056306,1.9217914533913072,0.19207945274361699,10.015701378172551,1.7994975003225835
GC,2020-08-20,11.425123320911611,72.82668385021802,23.161452273890784,82.26761058424145,2.134145730719895,19.47293397744161,4.167733478718313,37.749183176430606,2.4358147306748905,0.1867941089803144,4.301720236041976,0.26376552435903705,3.1424893568653927,0.17994266635069664,4.422059645038876,0.45334774123535027,2020,10.88000965942969,-12.35799217197359,0.7051276969158152,3.20821350585421,0.41202521745490217,0.6119345400671324,0.04158905461937207,0.41411885888340383,33.222488233876106,0.4766259575947305,1.4977919989472166,0.08576534566154988,2.107668412857668,0.2160773012897069,11.039349369327843,1.9864499602937333
GC,2020-08-21,11.603547110963216,71.03445865630428,23.240105455913483,81.63026233772078,2.1710033360895595,20.34264061215788,4.189923753865033,38.237843293118736,2.4513108367973473,0.187098248089876,4.277144596975887,0.282401519933926,3.145879469663324,0.18028850005923272,4.414375985556423,0.4627583431459485,2020,10.430477711021346,-12.714405342047142,0.7051276969158152,3.07565898491712,0.3913737492905086,0.5859802816833646,0.04158905461937207,0.39357726191669534,35.83362340752078,0.5140865714351669,1.6172543907074994,0.09268389686463983,2.269371415440437,0.23789785003091912,11.947426133622278,2.153983537199239
GC,2020-08-22,11.783462577825402,68.9809919124141,23.34696229723681,81.38113242009838,2.210542362925257,21.416367668598944,4.22046744841344,38.83470188595545,2.466697072029488,0.1875970113475088,4.248223661066212,0.30603121052360854,3.150466881315151,0.1807715879557036,4.411356435212294,0.4714028654998315,2020,10.13192848104394,-11.989451703135924,0.7051276969158152,2.9876250858896722,0.394663309046138,0.5735432075925814,0.04158905461937207,0.39684855672079816,35.55393350480833,0.5100740042014469,1.6069712572564636,0.09220688771441979,2.2501182408685554,0.24045034719753516,11.90867854489179,2.1527507310141067
GC,2020-08-23,11.963647812861575,66.75622316813222,23.48167825920465,81.49714203533877,2.253173861847908,22.44638724386876,4.2604622364803335,39.534064346377534,2.4818727030944956,0.18833502098127822,4.21591631042159,0.3312815590114823,3.1562204685216413,0.18143772303882338,4.412763650744694,0.4792173810026362,2020,10.02718191326709,-12.309865490153369,0.7051276969158152,2.9567382242091487,0.38744957674779285,0.5726760952125595,0.04158905461937207,0.3896752801836125,36.180836231663825,0.5190678553062408,1.6382925894691869,0.09417848976940976,2.2905237641653855,0.24874633818251204,12.188584372996539,2.211468995703077
GC,2020-08-24,12.14281108586228,64.49314793140417,23.643989061802753,81.95495781179717,2.2989141295686095,23.182831890418996,4.310516712477897,40.32709370956462,2.496737314498821,0.18932305817103634,4.181945525434729,0.3539733945099126,3.1631089203415943,0.18230919923075106,4.418297783527859,0.4861324117728577,2020,5.8038207843737615,-10.373266690129942,0.7051276969158152,1.7113860013761508,NA,NA,0.04158905461937207,NA,32.45436792603457,0.465606130461505,1.4727629046285187,0.08488428080136559,2.057186534215051,0.22634623113747926,11.00878625574013,2.0070030067864812
GC,2020-08-25,12.31983047407206,62.3396708380102,23.833672177759883,82.73135514755612,2.34752207147873,23.478804357563867,4.370890853091786,41.20525631974452,2.511210197789277,0.19054824467100046,4.148511844349441,0.37068087103910574,3.1710993781794548,0.1833914144867039,4.427613520816721,0.4921126171567425,2020,4.970399548892282,-8.671963155283542,0.7051276969158152,1.4656331622304604,NA,NA,0.04158905461937207,NA,33.22832149734027,0.47670964442652153,1.5116936570130914,0.08742445599083344,2.1106860671665983,0.23459483074259563,11.361741389238192,2.0836458244045204
GC,2020-08-26,12.494498808134304,60.4292056682226,24.050440422243824,83.80478551468192,2.3989861192927564,23.323876345504267,4.4419706557730585,42.171249379475405,2.525288452088619,0.1920033893421113,4.117885384410525,0.3796870900704115,3.180153309159304,0.18469394230572006,4.440351974161733,0.49727440643281223,2020,9.046820868851803,-10.650285057186808,0.7051276969158152,2.6676569051883967,0.37794549375237796,0.5588508031308245,0.04158905461937207,0.3802268345499327,39.18124642018975,0.5621131976423078,1.7876061456043033,0.10381890249463221,2.495980446853386,0.2795245067056287,13.519069970453291,2.4968903291498927
GC,2020-08-27,12.66685225542266,58.86047422728219,24.294031470562203,85.15312170191004,2.4532086822023738,22.81423017854612,4.523942640621268,43.23188618065482,2.5389885226948343,0.19367153202186904,4.092016424666513,0.38112344536268705,3.1902307016819575,0.18621621718499307,4.456126197975133,0.5018028984514017,2020,8.003211413500527,-10.139081100320077,0.7051276969158152,2.359925381568534,0.388411792186216,0.577602308216165,0.04158905461937207,0.3906320132470473,39.1790987926073,0.5620823867335691,1.7931724870321037,0.10466885580383757,2.504710048943848,0.2820545708313867,13.655247192354043,2.5428284768861675
GC,2020-08-28,12.836937562809023,57.68956102211161,24.56423397788443,86.75258698510736,2.50987437459454,22.101650348371827,4.6166449125547855,44.39354493436471,2.5523267622449706,0.19551971506553942,4.0722618749394695,0.37658571581486033,3.201291481657272,0.18794174150560625,4.4745213432231745,0.5058944295499667,2020,9.43530418004356,-9.90897567540912,0.7051276969158152,2.7822098738692804,0.3911952666262945,0.5783116905753956,0.04158905461937207,0.3933997789716598,39.84020019664267,0.5715668686768657,1.8297521478927707,0.10742127268603628,2.557488152973873,0.2891524949789437,14.040102296185273,2.6387212764619212
GC,2020-08-29,13.004811928572776,56.931711226914,24.860881401764345,88.57728948737993,2.568471577885116,21.34787876835793,4.719579988507639,45.660280268929945,2.5653194373252877,0.19750163185689337,4.059264924235756,0.36850074538174704,3.213295540070491,0.1898396083484271,4.49510182231043,0.5097305414154419,2020,9.308991420492015,-9.664836327104764,0.7051276969158152,2.7449637395513973,0.3801368286820811,0.5638009469490258,0.04158905461937207,0.3824050967032252,41.847857414206686,0.6003696945551422,1.9291652619075215,0.11397394767861302,2.6987229080547763,0.30602676945501617,14.925719773548876,2.8334927961288927
GC,2020-08-30,13.170542862738548,56.56834382385164,25.183846042886454,90.5987717016706,2.6283483978719504,20.691566370519027,4.831975457064589,47.0320851371349,2.5779827345517385,0.19956264713339525,4.052972830232424,0.3594261185249891,3.2262027589255844,0.19186805100523757,4.51741786221977,0.5134575962471898,2020,8.562052470290828,-8.889761882505137,0.7051276969158152,2.52471213104229,0.39831999679353913,0.5886055903869827,0.04158905461937207,0.400485292251461,41.483456857032266,0.595141827115213,1.9200482045911134,0.11418870244029197,2.6885043203643737,0.30558009197673786,14.987960147751672,2.875710702093286
GC,2020-08-31,13.334208038261572,56.555649229708784,25.53303325040082,92.78561233694418,2.6888012476573584,20.22600303878272,4.952891068830555,48.503323428767814,2.5903327661636704,0.20164686496131096,4.052752292465142,0.3514164692688857,3.2399730354141054,0.1939797367691441,4.541011457647509,0.5171723276115062,2020,5.993400379556771,-7.754337101213157,0.7051276969158152,1.7672877732255323,0.36739205007457165,0.5583376868218123,0.04158905461937207,0.3697385129008468,20.33967352090384,0.291802838511651,0.9454333284350459,0.056603837802979125,1.325080033055473,0.15091235319671503,7.450611578279326,1.445267672723761
GC,2020-09-01,13.49589513548634,56.832938407917425,25.908375743183505,95.10311503585244,2.74919453579704,19.987115569193943,5.081371489136059,50.06141003896689,2.6023855751694924,0.20370597935132592,4.057558482013945,0.34560090009982397,3.2545663041946415,0.19612852382199095,4.565421729975907,0.5209135002574149,2020,7.797162744789073,-8.758430791699583,0.7051276969158152,2.2991673360781575,0.38883420692977516,0.5683118820587791,0.04158905461937207,0.3910520297132344,41.83197520549579,0.6001418406724871,1.9532014123900259,0.11770493329490739,2.739900600473911,0.3126219868756331,15.548700307348565,3.0495436386308112
GC,2020-09-02,13.655677854735558,57.330328215816095,26.309801315684975,97.5135697937166,2.809204036657378,19.955345603831997,5.216783081994393,51.685991540374104,2.6141553951974554,0.20571692350542625,4.066122167628099,0.34210926312636736,3.26994154335835,0.19828287638509573,4.590194303092614,0.524658599303654,2020,8.826321152928122,-9.45783088664376,0.7051276969158152,2.602637646124572,0.3996578107859753,0.5774872774981085,0.04158905461937207,0.40181589712998106,41.66407194716155,0.5977330189513846,1.9545520305061366,0.11852022230802749,2.743710698360995,0.3136057684805779,15.726236968435492,3.118243500815017
GC,2020-09-03,13.81349157554028,57.97610044959063,26.73711388450233,99.97810942997144,2.8692321112511037,20.0726168211438,5.359450436168852,53.34923992388586,2.625645764975726,0.20771230036667113,4.077132284714235,0.3403517131198038,3.286052633331922,0.2004498488251328,4.614903755033001,0.5283248045051159,2020,9.443428544371978,-9.587488602884507,0.7051276969158152,2.7846055238898955,0.38078971698253816,0.5675923878492509,0.04158905461937207,0.3830541189228679,43.23055504938869,0.6202065466233324,2.0380313557412992,0.12432030851100466,2.862193520908067,0.32767050249756513,16.582533068981945,3.3239662468151963
GC,2020-09-04,13.969044947584916,58.70305714786551,27.1899675973396,102.45705210939606,2.93011270290314,20.26516672309278,5.510343269373814,55.01644870338801,2.63684380640685,0.20975755421344836,4.089383227594405,0.3394326470234581,3.30284806693126,0.20266089871739945,4.639156571122808,0.5317805561018045,2020,9.644756048087912,-9.842640613868998,0.7051276969158152,2.843971428584803,0.41432444795744205,0.60548221139868,0.04158905461937207,0.41640652929483735,43.700841991899416,0.6269535115929795,2.070732193820638,0.12705896211346274,2.9085355030950906,0.3334016870448938,17.04684566525139,3.454729062816652
GC,2020-09-05,14.12198760840227,59.45024379087467,27.66796825526083,104.9082008285185,2.9924206799685287,20.46551673490049,5.670111939562292,56.64618093641637,2.64773298762615,0.21189798227751627,4.101820609986907,0.33855143422911854,3.320275363392763,0.2049341638406777,4.662572688971869,0.5348611391117404,2020,9.334164448720326,-9.583907138882669,0.7051276969158152,2.7523865683606825,0.3822496280886143,0.5717524613262006,0.04158905461937207,0.38450543252081243,39.69916747741181,0.5695435447649905,1.8910414000625813,0.11671893011726892,2.6555381770014717,0.3046267091267413,15.758112716546483,3.2293756532726032
GC,2020-09-06,14.271960206227654,60.165691131163335,28.170693698358257,107.286690664001,3.0561889290846,20.62567565601283,5.838687965856172,58.19112268442221,2.658296787592991,0.21413939535446674,4.113586429890013,0.33720988473396396,3.3382822070149083,0.20726106457919571,4.6847822532324335,0.5373801925943181,2020,9.669876472495128,-9.623192333402391,0.7051276969158152,2.851378745984211,0.3997459633630187,0.581440290837557,0.04158905461937207,0.40190357635776397,43.879125709638615,0.6295112564281284,2.1014862264496204,0.13047317317188095,2.9491231623245477,0.3382868802196389,17.733768784505468,3.6755197972779126
GC,2020-09-07,14.418595008866248,60.80861136918535,28.697685019483337,109.54549349811556,3.1208114879007187,20.72056392207545,6.015135604967525,59.59963196507229,2.6685186936054297,0.21644352213108675,4.124042697299827,0.33523749301388894,3.3568164581702304,0.20960351334554508,4.705427142095501,0.5391412176027626,2020,4.052606675186347,-7.023613350283863,0.7051276969158152,1.1950014638065387,0.36307832454549943,0.5562225830913132,0.04158905461937207,0.3654524855831468,17.77857979521429,0.2550601435965863,0.8561900878482832,0.05346150221226372,1.200166922546153,0.137513436380599,7.3196356619590235,1.534221351155956
GC,2020-09-08,14.56151659102682,61.35011003831788,29.24843774028839,111.6360786880847,3.1850365623979857,20.74409000944713,6.19760701995159,60.817846143780464,2.678382198815733,0.2187297279433577,4.132765436973211,0.3327033424110823,3.375826161663038,0.21189531813573306,4.724162079020414,0.5399499596590105,2020,7.007990758681158,-7.10066719665167,0.7051276969158152,2.0664623750049964,0.38402657124973044,0.553421970540559,0.04158905461937207,0.3862719985838443,45.79804147959322,0.6570409543833119,2.2180560430912353,0.13922390205725754,3.1039679610610236,0.354769236813587,19.217421447099962,4.072081631281707
GC,2020-09-09,14.700264252594875,61.77214259837043,29.822342639821308,113.50953301017437,3.247222213813436,20.702103416816577,6.383684625101084,61.79573105918099,2.687865469990116,0.22089549942887862,4.139511385861437,0.3297976229563017,3.3952578656011125,0.21405711490206844,4.740658077259343,0.5396557774250144,2020,8.012339117558637,-8.31152051754203,0.7051276969158152,2.36261688868602,0.3684275148752352,0.5634917991320991,0.04158905461937207,0.37076742464957024,45.614147813379034,0.6544027265017057,2.22186600442573,0.14007955961900248,3.102299571170848,0.35315221211932707,19.51582233416714,4.1775006237931684
GC,2020-09-10,14.834052361585892,62.06412626163296,30.41851825283784,115.11834105011988,3.3060711955575472,20.60640238481889,6.5714789704748044,62.49969299744929,2.6969253731440466,0.2228704008163619,4.144152085874608,0.32675315756107515,3.415051576007642,0.2160354727292389,4.754609852541457,0.538241353021679,2020,8.78002285062785,-8.859573224001705,0.7051276969158152,2.588985559096403,0.3888504038385755,0.5697314932660213,0.04158905461937207,0.3910681347662532,45.62173391206913,0.654511560359276,2.235190735720167,0.14139771434896797,3.1119471134864964,0.352285187816107,19.909271845482014,4.301108954833633
GC,2020-09-11,14.96199751540364,62.22108880905963,31.03593852249622,116.41627628659536,3.360300402697954,20.468232330933105,6.759041926800532,62.90315122703782,2.7055134873897555,0.22458902290542862,4.146637929180444,0.3237564033854474,3.4351458401847936,0.2177811353087093,4.765725537363594,0.5357276965035133,2020,8.978951271150635,-9.043116456850894,0.7051276969158152,2.647644040604856,0.3766437748600343,0.5798053817253567,0.04158905461937207,0.3789329526511904,45.83082267212108,0.6575112492983013,2.2586470329017665,0.14319354635043186,3.133518151884755,0.3522469870117262,20.406478711071767,4.444146101350215
GC,2020-09-12,15.083198303231198,62.24214586858107,31.673470431471788,117.35911560012318,3.408516635806716,20.294786073601916,6.94412655748363,62.983675816175754,2.7135814291657887,0.2259810265225066,4.14697094390634,0.32090603180630595,3.455479435584932,0.219241101871291,4.773723355386174,0.5321404734804407,2020,9.308391938755864,-9.37441375121318,0.7051276969158152,2.7447869689912014,0.3873004495458769,0.5750948085356276,0.04158905461937207,0.3895270050748362,45.34255927297663,0.6505063853477925,2.2478114372859843,0.14261773669796066,3.1053375245625956,0.3461607759010243,20.603794761796898,4.517198666306285
GC,2020-09-13,15.196738636262609,62.12895718922847,32.329863395603766,117.90574434132758,3.4492777957021397,20.08846423013483,7.124243227253613,62.723735476203395,2.7210808414264345,0.22697487127082905,4.145179573776898,0.3182131485226319,3.475991366414582,0.22036106803415606,4.778331114904227,0.5275080343986608,2020,7.750077822273427,-8.69370586386228,0.7051276969158152,2.285283296535429,0.360668458823054,0.5523851872037289,0.04158905461937207,0.3630583791264569,46.09199291036466,0.6612581244276349,2.298527531481958,0.1457155465451365,3.1597102709357787,0.3488189734469667,21.378384831978593,4.7109637144200045
GC,2020-09-14,15.301691567246792,61.88449170701571,33.00373900570562,118.01928060315343,3.481186859304875,19.847765786826574,7.296769785786845,62.11162331819521,2.7279633822378595,0.2275034001310248,4.14129957856935,0.3156225843296791,3.4966208582513576,0.2210891858199883,4.779285501862642,0.5218618614012153,2020,5.897729394771578,-7.21154812218917,0.7051276969158152,1.7390770496035903,0.36085414096460033,0.5759237699304871,0.04158905461937207,0.3632428395927892,44.86201987853408,0.6436123337215018,2.250468310718437,0.14229572684618944,3.076007095375154,0.3358767304966831,21.24161348299755,4.696291030458815
GC,2020-09-15,15.3971848430543,61.51192094257548,33.693565345571805,117.6690589787668,3.5033536325999215,19.5700540117892,7.45963175109375,61.14555020732286,2.734184690310117,0.22753208903511288,4.1353572736359405,0.3130611524442928,3.517306879826547,0.2213963311565701,4.77633860191414,0.5152611028816155,2020,7.156007683986644,-7.738232661145845,0.7051276969158152,2.110108466665265,0.36299163186443156,0.5674057239423496,0.04158905461937207,0.3653663562340355,39.12313323463067,0.5612794776475564,1.9741921682352008,0.12426521710464507,2.680860835550228,0.28920548267749696,18.91150675724635,4.186938212697026
GC,2020-09-16,15.482592021911492,61.01319103385287,34.39759758302812,116.83414054233492,3.5164800030148897,19.256396255242823,7.613008412088226,59.8430400344927,2.7397162974204567,0.22712476037851073,4.127347121025719,0.31052097036468895,3.537986724237916,0.22132384082092138,4.769278047075053,0.5078582468464864,2020,7.607957239000267,-7.909738457160871,0.7051276969158152,2.2433758728300046,0.36745151158001765,0.5468746092254795,0.04158905461937207,0.3697975971076245,44.19506225395199,0.6340438355929541,2.243238672912759,0.1403290169422614,3.02393134597674,0.32200439076805953,21.809584706726078,4.826981054001844
GC,2020-09-17,15.557357420090971,60.38920880869342,35.11391243650459,115.50125395747877,3.5217468229402193,18.908930782594595,7.757758679133121,58.230375879741096,2.7445336727135334,0.22637178846274947,4.117234067405441,0.3080171767894958,3.558597417652064,0.2209311962362849,4.757902036531337,0.49982617269505375,2020,7.354194668456372,-8.067013326949292,0.7051276969158152,2.168548319217163,0.3633351624118588,0.539711259845997,0.04158905461937207,0.3657076560710548,44.54094108017256,0.6390059812816994,2.2739650348532785,0.14117635584670693,3.040327859695903,0.319391913953279,22.438000073128283,4.957254197306081
GC,2020-09-18,15.620938672446572,59.64022619427083,35.84041544651311,113.6645538887001,3.5203219637074383,18.52972587022067,7.894712874388628,56.337763456290375,2.748612236872698,0.22535918215445377,4.104958471443763,0.3055682182130667,3.5790761797391313,0.22027403354658098,4.742010943146296,0.4913267574474235,2020,7.277783844798048,-8.124829719026451,0.7051276969158152,2.1460168836644735,0.3568339229482112,0.5466050270097611,0.04158905461937207,0.35924935355647203,43.861318663824086,0.6292557878971884,2.252154401425806,0.13860871053264553,2.9839378322466117,0.30917020587254923,22.55278886035817,4.9677937699954935
GC,2020-09-19,15.672809874162956,58.76612306811866,36.57483410919197,111.32613938815491,3.513240920474182,18.12065769035272,8.02450513913629,54.197818375946355,2.7519273558105617,0.22416152232318295,4.090438996555022,0.3031927915033008,3.5993604112620528,0.21939963186653458,4.721406598578535,0.4825040606858216,2020,4.403480872448086,-7.846620255192627,0.7051276969158152,1.2984645464459226,0.35068864242333664,0.5456759595448442,0.04158905461937207,0.3531461077073567,24.53646501448715,0.35201204832077393,1.2670182310130584,0.07723131381416258,1.661992007720848,0.16984724272510707,12.874782271769174,2.8247224907879422
GC,2020-09-20,15.71246480565655,57.76670485345718,37.31471231516083,108.49638879067216,3.501330222909059,17.683352123515803,8.147459626895278,51.84446576791692,2.754454334019286,0.2228377448233689,4.073575450539086,0.30090766817046594,3.619387680923746,0.21834443096014425,4.695891569632114,0.4734810557728044,2020,6.5096163404285186,-7.546971286729982,0.7051276969158152,1.9195055624965998,0.3426746302330487,0.5339333666931366,0.04158905461937207,0.34518915346442997,42.51895650381757,0.6099976081531545,2.2078178283424776,0.13318958063924957,2.864482625622152,0.288822311527241,22.761885261171166,4.969930884930513
GC,2020-09-21,15.739420220526965,56.641992708167095,38.05740629072792,105.19408730283824,3.4851781672298423,17.219252208666965,8.26354152633556,49.312333821408465,2.756168407528563,0.22142989502780785,4.054251342153568,0.29872756647823573,3.639095711640625,0.2171335971560637,4.665268432143404,0.4643604467429751,2020,7.82669598271153,-8.179845426620634,0.7051276969158152,2.3078758699618858,0.3521434119846489,0.5474548736719906,0.04158905461937207,0.35459079523913656,41.581281696069496,0.5965452697849625,2.1708853330739566,0.12953002029484337,2.7830438154722557,0.27701202797975377,22.702965703018215,4.929576609207087
GC,2020-09-22,15.75340258919578,55.39307539249127,38.80020289442366,101.44908697217475,3.4653545464558424,16.73065311838254,8.372725063054466,46.639229347126175,2.7570563793481773,0.21997498805956375,4.032346374237456,0.2966792110899883,3.658425475853279,0.21579075464725953,4.629365962709373,0.45524299655099343,2020,6.683779102618195,-7.411896972927482,0.7051276969158152,1.970861337294973,0.3475077805361629,0.5351840035407913,0.04158905461937207,0.3499875812043951,40.049741666022896,0.5745730524038666,2.1020326926530863,0.12398755257820976,2.6599089318884888,0.2615703581137872,22.293551010938344,4.810742196417561
GC,2020-09-23,15.754901765397202,54.02394758321879,39.54069888578335,97.30930272512492,3.4430126060519903,16.223078486543493,8.476060080484638,43.87279941789295,2.7571515400515705,0.21853596152620552,4.007768501072758,0.2948366883711413,3.6773304929980823,0.2143629303308081,4.588118658739754,0.44627312168577077,2020,7.444524481527203,-8.029549012162281,0.7051276969158152,2.195184079234523,0.34712069195649176,0.5265322010851882,0.04158905461937207,0.349603238326659,39.88662478917098,0.5722328984370084,2.1042894865190855,0.12266552094064882,2.625472438463569,0.25537216191678036,22.626488729636794,4.850280427181947
GC,2020-09-24,15.744620334596954,52.53970013146024,40.27647131287313,92.83000544702398,3.419217737928793,15.702184542739976,8.574579674746907,41.05984294958349,2.7564987408673334,0.2171673667109942,3.980423437244625,0.29328114472410505,3.695767460062393,0.21289302153950881,4.5414846923540075,0.4375982155597945,2020,4.382856081050156,-6.689812949778951,0.7051276969158152,1.292382866705784,0.3403421271942508,0.565944489859137,0.04158905461937207,0.3428737566616038,30.66090892867849,0.43987629632012065,1.6256805023926648,0.09364659382719881,1.9976914662672034,0.1924890823367362,17.716665029950217,3.7717543498294543
GC,2020-09-25,15.72328546349588,50.94605927702173,41.00496383254781,88.0696640742193,3.394714298085351,15.172638582053048,8.668879688060954,38.242026503906416,2.755142764113942,0.2159036230669934,3.95020585859529,0.29208449674958586,3.713693128462569,0.21141049467723239,4.489418805956025,0.42934962089943873,2020,5.227905820716335,-6.88560080673193,0.7051276969158152,1.5415646296618408,0.34371103980108153,0.5379722038650312,0.04158905461937207,0.3462180358463056,25.40082200036588,0.36441253359442255,1.3533163219352422,0.07704063399378043,1.6360004814448823,0.15646038314976932,14.94272276016641,3.1590484105515197
GC,2020-09-26,15.69164392742004,49.24948415152154,41.7234906400731,83.0887109853677,3.369953767452821,14.638112119523152,8.759124962687839,35.45514811841162,2.753128336745222,0.21476103989105086,3.9170002812451306,0.29130870429204025,3.731064294898951,0.2099326980632628,4.4318723247389435,0.4216398099452515,2020,6.51375800771557,-7.3515749711918446,0.7051276969158152,1.920726825468141,0.36921932876116004,0.5597939900960356,0.04158905461937207,0.37155425202112097,28.270212656537577,0.40557820606252726,1.5132383634290647,0.08514412707436432,1.7974708269657829,0.17100791772214005,16.922138484467496,3.5525101890444346
GC,2020-09-27,15.650457392159815,47.45720374897839,42.42924191558435,77.9483012723548,3.3451848516084013,14.101500180947331,8.845164681564132,32.72912608789152,2.7505001428951714,0.21374358383188152,3.880681011473817,0.291009366821845,3.747837792346735,0.20846860047988,4.368793223970545,0.4145640319097306,2020,6.543354874618841,-7.622032196407371,0.7051276969158152,1.9294541217759849,0.34413071802317163,0.5418792943333836,0.04158905461937207,0.3466346788064875,42.08899652709647,0.6038291934278799,2.263053871251255,0.12587942688280487,2.6380048886833216,0.2503258650122625,25.62001492364369,5.34096865540564
GC,2020-09-28,15.600497979499204,45.57719631601903,43.11929087914288,72.70910015738656,3.3206056780370403,13.565320487705849,8.926775270784628,30.08857382372325,2.7473028355087723,0.2128525437073026,3.841111071919436,0.29124381801917104,3.763970481176622,0.20702509454074938,4.300126267249683,0.40820704308527644,2020,6.9922117169847695,-7.594943520931918,0.7051276969158152,2.061809572639521,0.34000764525947713,0.5452047446424815,0.04158905461937207,0.3425417467974196,42.68572977820123,0.6123902185754908,2.305018705679447,0.12678014289642117,2.633355264703243,0.24998200033904724,26.405831966298475,5.466669859250084
GC,2020-09-29,15.542633208778575,43.61900262097832,43.79082850630917,67.43233396568802,3.296675134458508,13.03268233830462,9.004282448804837,27.554980866708735,2.7435867777393024,0.21210531640137564,3.7981598360198747,0.29208815914179803,3.7794244006231175,0.20562028068291843,4.225845431728782,0.402660252396547,2020,7.437860308584766,-8.307393638715507,0.7051276969158152,2.1932189992108353,0.35331101901374673,0.5515398313840287,0.04158905461937207,0.3557503698110027,43.19642106117097,0.6197168438441105,2.3421729611015776,0.12742635137515834,2.6188275935240135,0.24953534075666106,27.137914031248624,5.580105500254252
GC,2020-09-30,15.47814896913629,41.596824931792185,44.442103930140526,62.18586970755687,3.274611270164096,12.509078676651235,9.079784232180192,25.151022369433655,2.739429285374654,0.21156349358658652,3.751779718380114,0.29366223179031054,3.7941873068132552,0.20430590429411025,4.146080695578316,0.39804821055467177,2020,7.492608776533653,-8.432765755040615,0.7051276969158152,2.209362806045254,0.34725321240967894,0.5535923270334405,0.04158905461937207,0.349734818102194,42.72209300349617,0.612911903072914,2.3255025628340062,0.12522152060993574,2.5411822094207768,0.24396848624583184,27.23909449638666,5.565107833236999
GC,2020-10-01,15.40865808638449,39.52841443198904,45.072503932938254,57.038797617145626,3.2560477395510667,12.001031019459534,9.15671505738318,22.89676268362975,2.73492956483843,0.211312868472836,3.7020033190259523,0.2961140026733227,3.80827239169226,0.20315523342140307,4.061111711349738,0.3945078744509632,2020,6.978450767282029,-8.031976728945494,0.7051276969158152,2.057751849708048,0.35433928371446066,0.5555405993531761,0.04158905461937207,0.35677160403738717,39.215129129153574,0.5625992954472675,2.142531364437346,0.11429499118930654,2.284778587538009,0.22194985221451097,25.357758956715255,5.151561439895162
GC,2020-10-02,15.335814552192856,37.430782904961895,45.681702549041184,52.05062751417091,3.2422221352801093,11.513208432046712,9.23815429342794,20.803233418876793,2.730190913351038,0.2114150587988498,3.6488587766034826,0.2995829791060596,3.8216978358668867,0.20222876508401588,3.9712466937208704,0.39213925251534154,2020,7.496397340288735,-8.314134267826425,0.7051276969158152,2.2104799485650966,0.34217963176658356,0.5558776125518816,0.04158905461937207,0.3446977659632389,40.4983625223369,0.5810091851743073,2.2204415455994337,0.11749677002027048,2.307330805644925,0.22783650757880053,26.541488775393496,5.367452498539096
GC,2020-10-03,15.26124642072815,35.31904624249585,46.26944125006988,47.26919941607919,3.233623198884414,11.047849346143389,9.325997065746565,18.872337808758083,2.725316701467566,0.21188460691470376,3.592342293545121,0.3041888620196371,3.834481726988417,0.20155845443092485,3.876793663996828,0.3909809575683873,2020,7.901034678469622,-8.590582103669561,0.7051276969158152,2.3297962923883486,0.35021351575678006,0.5485461544733516,0.04158905461937207,0.35267429178047205,40.27036357013629,0.5777382014310607,2.2153265763705554,0.11644801894614693,2.239771798756859,0.22588463521935392,26.7316237690355,5.38798477131577
GC,2020-10-04,15.18655325917684,33.20621827606884,46.8355283311741,42.73119569424679,3.229891844356126,10.60517911085744,9.42059344788278,17.09905747815815,2.720410382313422,0.21268103362455773,3.5324074484788213,0.31003658531516115,3.846642067288705,0.20114203433918257,3.778061707704737,0.3910036578397896,2020,8.084371464001979,-8.534250759611018,0.7051276969158152,2.3838572325783263,0.3425275163996559,0.5351915818854917,0.04158905461937207,0.3450431117339537,40.40512808818774,0.5796715986833643,2.2297891567079247,0.11659632460781812,2.190035070029606,0.226653715431034,27.149225582911694,5.460850464480238
GC,2020-10-05,15.113305221840204,31.10302485811289,47.3798380441754,38.46295139882666,3.2298745777749867,10.184132748732369,9.520666133489616,15.474097508623718,2.715575496363681,0.21371066953028264,3.4689502580363474,0.31723280886282884,3.858196780492957,0.20094340813518316,3.67536229249659,0.39211708602929796,2020,8.08047227589689,-8.846536114422568,0.7051276969158152,2.3827074700016198,0.3419493138731199,0.5444699752757346,0.04158905461937207,0.34446913174104665,39.46964491658868,0.5662507025921886,2.184706637693057,0.11378434603781637,2.0811764804070307,0.22203657546249161,26.828866581218428,5.39108388723415
GC,2020-10-06,15.04294514726652,29.01817598213938,47.90244360337128,34.48161258259913,3.2319410273865983,9.783648572878116,9.623916863732989,13.987235637605975,2.7109091203131417,0.2148476243014075,3.4018030642707187,0.3259241527099889,3.869166517799825,0.2009065955678235,3.569014606876382,0.39421082131046054,2020,8.38402643357865,-9.236004307109514,0.7051276969158152,2.4722171835880205,0.33921424591793514,0.5414787656719727,0.04158905461937207,0.34175423054851345,38.5930784125799,0.5536750536393616,2.1422609792824403,0.11123697007751622,1.976074353901946,0.21826469763428605,26.522388031553092,5.328522685748119
GC,2020-10-07,14.976498389054454,26.95937690767575,48.40402909038935,30.796593232173255,3.2347157118456225,9.404539849417608,9.728863592527729,12.631374679591003,2.706482198365154,0.21598611556688768,3.330752631984093,0.33636442902401587,3.879583055927059,0.20099284657399316,3.459359152983455,0.3972555986535689,2020,8.352712565079566,-9.360164866146844,0.7051276969158152,2.4629835910652202,0.3327561482309473,0.5387949888318414,0.04158905461937207,0.33534505162538075,39.11671205615083,0.5611873563013076,2.1771729587070543,0.11279464420433355,1.9413486175595156,0.22293481918428962,27.163729119567186,5.459715239306678
GC,2020-10-08,14.914744068125245,24.931760922177062,48.88558629303608,27.41024228316125,3.2372725723333944,9.047285498147597,9.835130401724506,11.400321903341403,2.7023502584581234,0.21705183525420785,3.2554685078570564,0.3488882041331131,3.889482594197285,0.20118671263896767,3.3467497239241095,0.40127506797428386,2020,8.1976808658331,-9.075051918069784,0.7051276969158152,2.41726903685736,0.3328346494982278,0.5652103881016949,0.04158905461937207,0.33542294699489666,39.07013925122051,0.5605192002140356,2.180129672945874,0.11276901526208516,1.8759174785704862,0.22492238016677835,27.4013097309668,5.512779426775366
GC,2020-10-09,14.857922177919152,22.937753776434544,49.34853404023141,24.31904107924553,3.2398890306935004,8.710209489234952,9.945451440663543,10.287901607255469,2.6985332029934015,0.21805801591210422,3.1754568685111764,0.3638691236689757,3.898908060073159,0.20153489124024457,3.2315567244910985,0.40633061793515735,2020,7.611790345164536,-8.627050458197617,0.7051276969158152,2.2445061496726284,0.3202725552256012,0.5199609375993608,0.04158905461937207,0.32296154429725665,37.0996348409404,0.5322493865600202,2.075191423227857,0.10726682223306055,1.7199940842442953,0.21626922213654143,26.26572697054944,5.29346042835564
GC,2020-10-10,14.80614090438304,20.977437345714662,49.79447368767834,21.514598010474913,3.243632610149904,8.3877693424207,10.064561762284916,9.287777630724474,2.69504202068392,0.2190734662797715,3.0900163519014425,0.3816536573612945,3.9079040077460263,0.20212206329184265,3.1141638992958955,0.41252247214910687,2020,4.615504941228881,-8.122624781765401,0.7051276969158152,1.3609845719165952,0.3480175673000097,0.5494865876322308,0.04158905461937207,0.35049376116209247,30.732967007995775,0.440910076535957,1.7230342551504736,0.08911765439561188,1.3730662431840674,0.18188531476806488,21.954885204701952,4.437566696909908
GC,2020-10-11,14.7595110840146,19.049290341905778,50.22510111279445,18.984723506720577,3.250155682018804,8.068579905682709,10.198633815313071,8.3933601989598845,2.691887694234447,0.22020754369966292,2.9981937587075165,0.402437181969392,3.9165149238954764,0.20305850240916787,2.9949681570273303,0.41998880775795155,2020,6.092763964411503,-7.604265433316847,0.7051276969158152,1.796587342334348,0.32462265167426196,0.5455860745772314,0.04158905461937207,0.3272759011051109,21.146860594235804,0.30338313644347903,1.1882045815391031,0.06160452534240909,0.9086228330272975,0.1274175217687647,15.237448703790449,3.0940935143282045
GC,2020-10-12,14.718146651313974,17.15143435829465,50.642200690465494,16.714453291330724,3.2616738469361444,7.733951593468651,10.355170438115426,7.597768850928629,2.6890811985337155,0.22160900582173204,2.8987495855935266,0.4260793632506773,3.924785234444305,0.20447710204001884,2.8743808764994543,0.4289022486879062,2020,6.54197407498095,-8.142178318541957,0.7051276969158152,1.929046962206662,0.32439474051777495,0.5322345567098566,0.04158905461937207,0.32704983892325595,22.98224024890949,0.3297143847022031,1.294058148663096,0.06741904188481442,0.9477247220947969,0.1414152410235243,16.697462040622316,3.4142486494896707
GC,2020-10-13,14.682024128700291,15.283415804634764,51.04759740240344,14.686611798862357,3.2811384118288083,7.358658770981667,10.543391533636486,6.894119773733501,2.686623897107774,0.223479976811567,2.7901471545756,0.4519112487987419,3.9327584798871524,0.20654040679963673,2.7528075968899084,0.4394906855687909,2020,3.4885959700938742,-7.477924294845698,0.7051276969158152,1.0286903282317865,0.32309175156546943,0.5289624443242716,0.04158905461937207,0.32575747020410156,16.465547420116,0.23622274319693867,0.9290069964499658,0.04878954147522183,0.6502757620307067,0.10381769535456302,12.058603492008661,2.490588870674989
GC,2020-10-14,14.650562458940428,13.448436810474334,51.44302219601729,12.881902811817255,3.3125837601577013,6.915528028728747,10.775199015739643,6.275722406062592,2.6844787278278157,0.22610625151365535,2.6705862295007203,0.4786350329410974,3.9404748300701287,0.20945890338017228,2.6305860358712203,0.45207940807079083,2020,3.9585595554241504,-7.364115693968498,0.7051276969158152,1.1672695730038258,0.316236670265134,0.5439819832108603,0.04158905461937207,0.31895968567283267,31.02409259726828,0.44508670568518033,1.7538529609512843,0.09322737328191136,1.170838872727359,0.2012145344463346,22.896605279714947,4.795897833017755
GC,2020-10-15,14.623049210017635,11.656038629786604,51.83023066003494,11.28099277937494,3.3599578204467795,6.383446903814702,11.062124001774816,5.734316466130343,2.682598996871815,0.22977135426344691,2.5381344633109846,0.5043795369580296,3.9479735825107354,0.21342995894294864,2.5080527646771693,0.4669261328579822,2020,6.240016706766725,-7.580137561149856,0.7051276969158152,1.8400080976080944,0.32449462230041315,0.5215862523342047,0.04158905461937207,0.327148910079219,26.012762905498107,0.3731917351354627,1.4733511115261502,0.07965029670780957,0.9359845630611672,0.17425297370136197,19.3426137124897,4.128293250505992
GC,2020-10-16,14.598780298179364,9.92419211891938,52.211041561636506,9.865204476959772,3.426466729598381,5.760713638648805,11.413589824951009,5.260338732844637,2.680937984003937,0.23470910991281244,2.3909797903223717,0.5273354382583537,3.9552939966897918,0.2186049058507474,2.3855654333159118,0.48414539680311197,2020,3.1591562893461185,-7.869465565942915,0.7051276969158152,0.9315476908423772,0.31295125709902255,0.5328312914976343,0.04158905461937207,0.3157026113037262,16.29727863848347,0.2338086775010067,0.9247820584937114,0.05111172393219533,0.5577658990557093,0.11319739494473573,12.207394578476327,2.668596342510742
GC,2020-10-17,14.577058358506369,8.279620279604421,52.58733424192509,8.61671561635686,3.51423279818683,5.076917352880463,11.836049223234513,4.8437954600159285,2.6794489475486603,0.24107969603730903,2.2278206278148636,0.5471039977830737,3.962475296868412,0.22507414368607143,2.263502794362146,0.5036850056974986,2020,2.367787163289421,-6.852091220721804,0.7051276969158152,0.6981948540523203,0.31496326014745657,0.5347356707341692,0.04158905461937207,0.3176971902721954,15.29485035974816,0.21942735437707914,0.8694754711763669,0.04938742388772122,0.49667442979201154,0.11052226823960616,11.539099626448806,2.5971529673312315
GC,2020-10-18,14.55719143817318,6.755229719651707,52.96104664654158,7.518701127890983,3.6240916099277785,4.392733014947075,12.33252109047025,4.475061400612007,2.678085128431902,0.2489554132278812,2.0483674183241027,0.5664220369663474,3.9695566743968667,0.23286022220777952,2.142263879441522,0.5253220336560769,2020,4.075686567203509,-7.012599496721882,0.7051276969158152,1.2018070847205737,0.3174798846067121,0.5362359522416389,0.04158905461937207,0.32019232750649157,14.15308875737509,0.20304708769611876,0.8060069221809741,0.04728158995956071,0.4349804417971903,0.10666510903646889,10.753586282918565,2.504082491370947
GC,2020-10-19,14.538492006312962,5.3844267837484905,53.33417403202617,6.555427146098938,3.755554001261538,3.778732128498318,12.902561013905322,4.145474585048489,2.67679975326823,0.25831798783744464,1.8538617100039352,0.5918670941793948,3.9765772895419715,0.24191920561397606,2.022266132326206,0.5486750788390441,2020,4.882334685937914,-7.663000331898439,0.7051276969158152,1.4396652732703126,0.32340498245432825,0.54116220614201,0.04158905461937207,0.3260681403333013,19.909250418259955,0.285627779556875,1.1358209414481697,0.06909884553168308,0.5776153850494038,0.1567168444669895,15.233721703267578,3.685329852998879
GC,2020-10-20,14.520312735399498,4.193495634191413,53.708600664660246,5.71218986830531,3.906957379412313,3.2783297585013784,13.542650451493769,3.847645284240542,2.6755485474153593,0.26906840442130603,1.6474070030560146,0.6312376074639349,3.983573150043436,0.25215049887540086,1.9039252566529672,0.5732324859296618,2020,5.695399925595869,-8.575947349633521,0.7051276969158152,1.6794156930459485,0.31931226299914506,0.5448069907285239,0.04158905461937207,0.3220092712419447,27.660143057840124,0.39682585119278846,1.5807848060547243,0.10005983634491719,0.7555267605787619,0.22747346916039618,21.312961175127366,5.374073792820416
GC,2021-06-22,8.45568036857469,10.25336548672786,23.48720028475963,6.1764653754261,2.2643533772270215,8.713045743489301,5.889268512360946,5.261376251384371,2.134838448489129,0.26779079607152967,2.4206672382884906,0.7742613313115446,3.1564556040305827,0.2507437430157384,1.9708069743017251,0.7331431249428941,2021,11.71204611898742,-10.344287041401149,0.38976185963099574,7.147137243566896,0.4892911885322337,0.6301452750169431,0.01986437023410186,0.48969425193694416,40.12664033634119,0.5756762780900404,1.8170966140847762,0.14434722473366582,1.134546823799911,0.42205310547442676,13.521024042685761,3.3903121778688186
GC,2021-06-23,8.548197803117695,10.715097765536022,23.78563607793691,6.763061802522284,2.180413209285599,8.680218398605794,5.678331705431096,5.469010903449591,2.1457204774696668,0.25507285389329193,2.4608784172545164,0.7409428903053317,3.169081872345115,0.23872944523431117,2.0493768185566457,0.7044914806259385,2021,11.853984960388104,-8.540752527979555,0.38976185963099574,7.233753738189381,0.4722269901502365,0.6164146239308479,0.01986437023410186,0.4726446058415869,39.724465892107254,0.5699064881136331,1.8060803204127813,0.13605345974280217,1.1679531454851082,0.4014942656295022,13.555588324725955,3.236118080586533
GC,2021-06-24,8.64169432293594,11.19662335282999,24.087714512985062,7.404656973125446,2.1027971492105806,8.645702370327575,5.482205024786764,5.683653466353265,2.1565986657821026,0.24333158182065545,2.501159139071922,0.7088603230763462,3.1817019392736405,0.2275934074954039,2.128785953788052,0.6762504983281525,2021,7.722346337083817,-8.421048586848862,0.38976185963099574,4.71247026802742,0.4462365017563044,0.6329739316747962,0.01986437023410186,0.44667841754947346,40.16078132830167,0.5761660813483588,1.8331887383697674,0.13113160173734706,1.2265342610234902,0.3896325996316065,13.878524079584594,3.158660586279672
GC,2021-06-25,8.736224816702265,11.697823976692966,24.393548791698855,8.105633501781938,2.0328416785703634,8.611250484448309,5.304452556595872,5.907145405143002,2.167478153184044,0.232691090399127,2.5414306383662226,0.6781674167364723,3.194318703558124,0.21745308982680625,2.2088932881102985,0.6487352476889165,2021,7.121239969610717,-7.9122784081397155,0.38976185963099574,4.345652236176669,0.4479545313786192,0.6164491343005452,0.01986437023410186,0.4483947539695751,34.51997481646754,0.4952403305020365,1.5819554504789621,0.10769154007451655,1.0939330420474742,0.32127985847377954,12.080669165718493,2.626978837260912
GC,2021-06-26,8.831846083670548,12.218455771665877,24.703255947160255,8.870576926024079,1.971705334009243,8.578940701520485,5.148307263645943,6.141911725612361,2.17836406226225,0.22324951265339474,2.581614017590574,0.649012324110482,3.2069350546695623,0.20840602043139836,2.2895583042218193,0.6222444515293754,2021,8.406377750225936,-8.188993638904458,0.38976185963099574,5.129892325537249,0.4370130266712513,0.5831434241913549,0.01986437023410186,0.43746425989464016,40.036257253630225,0.5743795984721799,1.8419980690274615,0.11970416633457151,1.3150755794575737,0.3574045182209844,14.189046231885397,2.957082658904364
GC,2021-06-27,8.928616885666177,12.758134735283893,25.016956953385872,9.704258015110222,1.9202747169516288,8.551151922485428,5.016438831848926,6.391016406416655,2.189261498868694,0.21506967333702037,2.621630266287726,0.6215342477025814,3.219553873076985,0.20052154389504936,2.370641607646019,0.5970536582166687,2021,11.185189867989097,-8.692418337006893,0.38976185963099574,6.825629464715894,0.45594316213257713,0.6229727347579391,0.01986437023410186,0.4563756789096577,39.66943779396118,0.5691170282818212,1.8323029326388014,0.11412022516803326,1.3491725068647413,0.33979340368906064,14.237576197965211,2.854940760539391
GC,2021-06-28,9.026598002458046,13.316321366914613,25.334776839597176,10.611608566281513,1.879072200891635,8.530515182295108,4.91071047879351,6.658186629218819,2.2001755525292386,0.20817058656870974,2.661400240745888,0.5958594364896941,3.2321780305053087,0.1938327899979083,2.4520053361799397,0.5734077747464948,2021,13.01742657782721,-9.834259935338205,0.38976185963099574,7.943730187243328,0.4458638276798971,0.5913790048532295,0.01986437023410186,0.4463061124812951,40.41545433075685,0.5798197439763421,1.8740806381335455,0.11238807867080726,1.421721106252477,0.33247314914755666,14.689603820832994,2.847326892555993
GC,2021-06-29,9.125852290692125,13.892304504339664,25.65684480933508,11.597689639969945,1.8481813767701207,8.519835340831982,4.831961731249965,6.947790710325651,2.211111296826571,0.20252150899430682,2.7008446033128157,0.5720965038251317,3.244810390182649,0.1883303175880725,2.533513435237435,0.5515130876285207,2021,9.892297468725092,-9.37980439718343,0.38976185963099574,6.036657211291808,0.4455717842641268,0.6140512937528377,0.01986437023410186,0.4460143586669773,41.1869816819104,0.5908884502082589,1.9173209826746813,0.11128220948684536,1.49702382732925,0.3258827136183883,15.160333266621816,2.8551503788439074
GC,2021-06-30,9.226444746575032,14.485184386911648,25.983294364648216,12.667651083942545,1.8272069297225704,8.521980332655426,4.779860663225986,7.2647554411520545,2.2220737897590515,0.19804019640402135,2.7398837208073985,0.5503312146452938,3.257453807077587,0.183958992887725,2.615031805974505,0.531529184973639,2021,10.408361793823444,-10.016271220622516,0.38976185963099574,6.351579345350611,0.432940587037815,0.5862878154264713,0.01986437023410186,0.433396060329862,41.09755235308776,0.5896054536070686,1.9206125295260532,0.1084632254466666,1.5418370141585098,0.3133925062117779,15.319892060074402,2.8182319145199415
GC,2021-07-01,9.32844257250411,15.093854991247062,26.314263435595244,13.826681096208477,1.8152809165913917,8.53973868672676,4.752863015271958,7.614413208149264,2.2330680740769813,0.19459635437345046,2.778437521570703,0.5306210781302089,3.2701111281269175,0.18061926859190638,2.6964283344892435,0.5135615421104892,2021,8.458433733752697,-8.956287440830458,0.38976185963099574,5.161658872119699,NA,NA,0.01986437023410186,NA,36.05349692759862,0.5172409837813791,1.6914354969868022,0.0934236881763508,1.3947032444272018,0.26563507727351154,13.610815506909656,2.4583755417973996
GC,2021-07-02,9.431915247849506,15.71698570710964,26.64989451531265,15.079944481385713,1.811118234300974,8.575651416099426,4.748296332216739,8.002278707844358,2.2440991775977426,0.19202019809432788,2.8164253107287807,0.5129902942043104,3.282785192454401,0.17817317548812195,2.7775728110947178,0.4976558667293825,2021,8.83107698116234,-8.331527859875354,0.38976185963099574,5.389059994440027,0.44076197053850824,0.6180119481872729,0.01986437023410186,0.4412093696622798,39.94663148486015,0.573093783648062,1.8813437868475238,0.10210993928507793,1.5918097116682555,0.2852034836185975,15.27288888160226,2.721219110912306
GC,2021-07-03,9.536934604104404,16.353002448366453,26.990334800908748,16.432508170081636,1.813114006571332,8.631831007890518,4.762561325250257,8.433769093045177,2.255172113501273,0.1901149668983809,2.8537655432001827,0.49742579323516933,3.2954788315809407,0.1764543256088066,2.858336748782452,0.4837955049703947,2021,9.523816061797092,-8.591692227554612,0.38976185963099574,5.811795802767511,0.43605857814781734,0.599574686997623,0.01986437023410186,0.4365107980120235,44.07471224731696,0.6323172359248274,2.08378806583404,0.11157511143594008,1.8073755923324777,0.30591223645573606,17.066453897996293,3.011449613104725
GC,2021-07-04,9.64357490462896,17.000068327826217,27.335736340457633,17.889252502247547,1.8194689693132229,8.709786971038437,4.791420958319641,8.91389825400909,2.266291880607171,0.18867162720329672,2.8903755538793052,0.48387521716092713,3.308194869626647,0.175280478954145,2.938593109647749,0.47190317631406886,2021,9.534675137050275,-8.98907642385528,0.38976185963099574,5.8184224246561405,0.46074816457263146,0.6190988249149088,0.01986437023410186,0.4611761749720449,37.25334878108565,0.5344546414283982,1.768080102821576,0.09367946552883545,1.5705447267207493,0.2522108428858578,14.609711164020517,2.5607971702112358
GC,2021-07-05,9.751912929226387,17.656064066752705,27.68625618637988,19.45476673186119,1.8283281593578384,8.810282609935978,4.830338991434233,9.446992734703043,2.277463463634844,0.18748405288549663,2.926171244272,0.4722476605146814,3.320936123505253,0.17446703371221764,3.018215947349638,0.4618479818685987,2021,10.175326651375364,-8.323251074023673,0.38976185963099574,6.20937241338247,0.45556879053735583,0.6155927373231427,0.01986437023410186,0.45600166240537615,39.1715918127258,0.5619746879528675,1.86628204171827,0.09804605682848593,1.6961609651861813,0.2595468754922674,15.55897518092398,2.714528247417822
GC,2021-07-06,9.862028063799706,18.31856836150181,28.04205655550733,21.13322720259074,1.8379228028541572,8.933249805549128,4.874835642048812,10.036490577907312,2.2886918334478255,0.18636357460800315,2.961066724667188,0.4624177961008423,3.333705403111232,0.17384016155874335,3.0970799727391105,0.453458073964583,2021,10.448407628036328,-8.413934773913477,0.38976185963099574,6.376016840750208,0.45489117467741347,0.6149236814480695,0.01986437023410186,0.4553246907473771,44.36316113450128,0.6364554638053982,2.121755018527721,0.11064152065287536,1.9711534704920806,0.28860586878143124,17.847520111092624,3.102615779535263
GC,2021-07-07,9.97400239535335,18.98483849291863,28.403304996145653,22.92825668605641,1.846712759738496,9.077786725511777,4.920843873737103,10.68489371627335,2.2999819472836522,0.18515262845724154,2.994973910715502,0.4542336796331065,3.346505511500056,0.173248988961139,3.1750600487047627,0.446538745235866,2021,7.801702226418671,-7.289369881007288,0.38976185963099574,4.76089625836245,0.4408716995578974,0.6075995297199277,0.01986437023410186,0.44131898744090586,26.752794547980702,0.38380858862836303,1.2844175572058747,0.0664944499344656,1.2186153161036766,0.1713854055768579,10.901432402951595,1.8886621420395642
GC,2021-07-08,10.087482803124004,19.652390188865027,28.769582213332026,24.842250179785573,1.8536627078216592,9.242756540068903,4.965418856026713,11.394212090488466,2.3112953288237597,0.1837586981806399,3.0278310603535954,0.4475393141202727,3.359318655849815,0.17259266468338574,3.2520107563840996,0.4409140849275305,2021,11.407206637503904,-8.495229871864225,0.38976185963099574,6.961112565275345,0.44722637059865167,0.5910701638366036,0.01986437023410186,0.4476673092416287,44.959251621761474,0.6450072675506034,2.1667849470414553,0.11132352304670817,2.097570572020479,0.28439278914368116,18.556589611993733,3.2027312485700334
GC,2021-07-09,10.200329859321478,20.32093745365489,29.138047041449543,26.87431537996426,1.8586888707621387,9.428475049187314,5.007951476529402,12.167086806893364,2.322420058916491,0.18221850630287145,3.0596895689526757,0.44221672098996107,3.37204477866696,0.17186983978045872,3.3277056691186457,0.4364981396328366,2021,12.533258941421732,-9.41137001956991,0.38976185963099574,7.648272629176392,0.452763941181789,0.6153959840715909,0.01986437023410186,0.45319949209952115,36.52460470666751,0.5239997248710989,1.7669505362745128,0.09005974875860022,1.7437168550701665,0.22872490507435292,15.268328633000698,2.62416519586922
GC,2021-07-10,10.309867561810815,20.99086046885833,29.505110684484055,29.020950248407168,1.8621336294431872,9.635260254837632,5.048825750200682,13.005854249500352,2.3331014523412046,0.18061663918368742,3.090626933808311,0.4381483966251482,3.3845634918826772,0.1711169906864889,3.401895479548686,0.433225935284657,2021,12.514190762263178,-8.31380829536746,0.38976185963099574,7.636636498986453,0.44447722685781804,0.5955344394824095,0.01986437023410186,0.4449208900467742,45.278402053999834,0.6495859547130921,2.1985649071616855,0.11115519376271418,2.2098235229167855,0.2814174827783562,19.16610549289603,3.2796462951241536
GC,2021-07-11,10.413317043123891,21.6626236348233,29.867014403789863,31.27610580853978,1.8644976498308832,9.86280476020034,5.088771304462239,13.911647478124683,2.3430854719414502,0.17904935018395948,3.1207170315464325,0.4352013658756258,3.3967546742290318,0.17038098404025676,3.4743271982229174,0.4310200109222553,2021,10.000750282700029,-8.642569530752528,0.38976185963099574,6.102839254809659,0.43772150391591397,0.611242412262393,0.01986437023410186,0.43817200754407737,45.16172226749939,0.6479120098062199,2.2007981477984035,0.11039188580228423,2.251058317725023,0.27926304154333725,19.351197329270807,3.2970760433183486
GC,2021-07-12,10.507808235059697,22.33674701218909,30.21983354054066,33.63080213794672,1.866316024135992,10.110056011678523,5.128612323237325,14.883621418761658,2.352118622233445,0.17761230338301745,3.150029243202761,0.4332247337813581,3.4084984485746466,0.1697101447086783,3.5447435212401137,0.4297798635871885,2021,12.217207217018748,-9.551046278671263,0.38976185963099574,7.4554058126162985,0.4322942616378168,0.5904289415304574,0.01986437023410186,0.4327504151930795,44.55824757965353,0.6392542687317442,2.17889718321687,0.10848793445210463,2.2659924275119367,0.27473861241305697,19.318157591153355,3.278487320299688
GC,2021-07-13,10.590398714198296,23.01377273536363,30.559486284841363,36.07274615196766,1.8680422342241867,10.375133631234329,5.169047704196075,15.918125082517404,2.3599478089705084,0.17639017043992375,3.178627529724468,0.43204929710838386,3.419675154106027,0.16914707452919828,3.6128820945906144,0.4293753966125474,2021,14.79815136291175,-10.704656200619093,0.38976185963099574,9.030396368602311,0.45862390283164883,0.6061407383671847,0.01986437023410186,0.4590538938439921,43.68682948800159,0.6267524814039827,2.1432898884314993,0.10601334868339941,2.264382817804686,0.2691120952807333,19.153233859455298,3.2397134751004497
GC,2021-07-14,10.658099996658915,23.69422605851581,30.881747506077527,38.585966776278006,1.869945800016985,10.655290384060075,5.210470331223984,17.00790357555474,2.366320166140477,0.1754483257431599,3.2065694534940214,0.43148914077368283,3.430165313778127,0.16872329942463793,3.6784746811185975,0.4296447696143364,2021,9.972817947018925,-7.994336116531039,0.38976185963099574,6.085793878227459,0.43709244075247483,0.6055938550281791,0.01986437023410186,0.43754359207712457,45.15669850119827,0.6478399364140299,2.222198078767633,0.10930569157082277,2.3830628035164914,0.2783410402275722,20.006429340691394,3.3755507680673356
GC,2021-07-15,10.707948501614068,24.379094517556045,31.182194293636332,41.151607740191515,1.8720903471512147,10.947255597251672,5.252961634589114,18.14217950669324,2.3709863163090428,0.17483184074606115,3.233925784642554,0.431349337135684,3.439847236189868,0.16846029452331196,3.741272827022717,0.43040302563346094,2021,11.86415938214778,-9.217780810135338,0.38976185963099574,7.239962558403336,0.44985524709602454,0.6105584019243551,0.01986437023410186,0.4502936114854649,44.98329985954063,0.6453522752537973,2.2199132404006177,0.10871623436054419,2.414438931264317,0.2777615718686725,20.123500034804184,3.390010742702991
GC,2021-07-16,10.73715895002658,25.071473290863818,31.45600484868263,43.75159813476107,1.8743722002756005,11.2482490978178,5.296402617431346,19.308483045169996,2.373710524293858,0.1745687298660099,3.2608417392317715,0.43143895139058003,3.4485898981064858,0.1683749300939327,3.801127156591815,0.431459072970447,2021,11.639047004012642,-9.501696142862636,0.38976185963099574,7.102590399396106,0.45252608473219,0.6029100502216063,0.01986437023410186,0.4529618643637041,45.21058671609128,0.6486130429268727,2.2368003876177216,0.10921017576082516,2.4654606515889887,0.27984998221776924,20.402775023226503,3.4353158182579984
GC,2021-07-17,10.743060709097794,25.77516231824996,31.69820301816441,46.366130624646864,1.8761737447377829,11.55494153276538,5.339708038159293,20.490076312237036,2.374260030706118,0.17464052336118135,3.2874746786216913,0.4315544905171136,3.456259992152308,0.16845459772907048,3.8579074295091256,0.4325891948956259,2021,11.857870066431945,-9.877919948233991,0.38976185963099574,7.236124578076711,0.4550984147445746,0.6029630857329468,0.01986437023410186,0.455531733590342,45.49569165213759,0.6527032968597342,2.2559122916822103,0.1099508713089446,2.518068898220269,0.2823523936942731,20.689521614485088,3.485245040774994
GC,2021-07-18,10.72311080210992,26.494129808092556,31.90377154753224,48.97260378509686,1.876313213752564,11.863158387254114,5.380664362116064,21.664988251461622,2.3724013003106057,0.17497844127315867,3.313972520362465,0.4314796820287922,3.4627242331323087,0.16865292412527505,3.91147493096471,0.4335373106558576,2021,13.991350253957243,-10.490275294232148,0.38976185963099574,8.538055560226264,0.4659729721221644,0.575625797993216,0.01986437023410186,0.46639618775581865,45.27119822018332,0.6494826050131246,2.248979155376846,0.10953714050396449,2.5404349276064915,0.28157494189515064,20.720944654434845,3.4946479066084235
GC,2021-07-19,10.67494810608237,27.23246856373361,32.06770007912319,51.54559777420303,1.8731596442630127,12.168002976524312,5.416091099571727,22.806295973393297,2.3678996978459517,0.17547248245597785,3.3404726831371123,0.4309932356448235,3.467849295483956,0.16889552684502393,3.961681321676924,0.4340286710866942,2021,9.888716967835531,-8.047826563380937,0.38976185963099574,6.034472253087373,NA,NA,0.01986437023410186,NA,28.94552796853968,0.4152666076354468,1.4400820127265967,0.07013667247773463,1.6451539629854897,0.18023761385869264,13.316645026528438,2.249121777563688
GC,2021-07-20,10.596450802984268,27.994351345338536,32.18503988360381,54.056917099771674,1.8648269567619664,12.464067357512082,5.442155642930008,23.883053882860928,2.3605191151428278,0.17598599676759477,3.3671010298189303,0.4298791584973998,3.471501744702314,0.16908960382250246,4.008367506497246,0.4337884346045226,2021,9.585563573452362,-8.569829687650218,0.38976185963099574,5.849476489452436,NA,NA,0.01986437023410186,NA,33.98711042359614,0.4875955990257983,1.6926889727272287,0.082447346664868,1.95446235544607,0.21151333162145552,15.693283801715008,2.653571140706086
GC,2021-07-21,10.48618266791078,28.7840648503448,32.25138467376561,56.478212830397005,1.8495762154499673,12.746004865273536,5.455098142056634,24.86373794675455,2.35005845416939,0.1763822235435527,3.393973513923162,0.4279471230444215,3.4735609779407133,0.16914306772366272,4.051405968702353,0.4325767403402201,2021,9.861365264947317,-9.105812653378903,0.38976185963099574,6.017781200780943,0.4412340089611752,0.6050505929046722,0.01986437023410186,0.44168092993556773,36.90131137051395,0.5294041416963579,1.8389175681566647,0.0895450405921346,2.1448310995243705,0.22900791793762248,17.07401662173395,2.8879515497648884
GC,2021-07-22,10.344968391822164,29.60622453997784,32.26465376692769,58.791972537519435,1.8266818303253891,13.010017166823546,5.452877297683193,25.726147979449888,2.336500255786571,0.17657684017376077,3.421203404611182,0.4250774919928417,3.473972320412132,0.16900467418846343,4.090871413442772,0.4302609010483262,2021,11.333629887763784,-8.839306463752072,0.38976185963099574,6.916213226339538,0.4561552192217245,0.6050915522833696,0.01986437023410186,0.4565875351211605,45.343532241247424,0.6505203440233291,2.2598896690020234,0.10994097879462988,2.661195079227995,0.27989346936974474,20.9888136682554,3.547207615605872
GC,2021-07-23,10.176207335246444,30.465415962699623,32.22572234886039,60.99594662591967,1.7967445923986023,13.254503648045889,5.4359005525531225,26.46237035790968,2.320052381316148,0.17656328465079268,3.4488890367453093,0.42124037590217506,3.472764964364879,0.16868203895343728,4.127069005906627,0.42684033066842664,2021,10.20921803650216,-7.967363827062811,0.38976185963099574,6.230054229216774,0.46954825417249113,0.6160532090777482,0.01986437023410186,0.46996825020551314,46.20871288815358,0.662932645938259,2.302209266548093,0.11182483040566264,2.73596877605546,0.28296638980318145,21.3634833840017,3.6036359363612855
GC,2021-07-24,9.985266002944616,31.365849142394755,32.138044276024765,63.10219472586776,1.7614399221177688,13.479928918482376,5.406704827753929,27.078277199496448,2.3011106067677773,0.17640390567445344,3.477103828093741,0.4164861814431912,3.470040508303122,0.16823378489733967,4.160478602433581,0.42242355843347273,2021,10.858573028499302,-8.661658878362267,0.38976185963099574,6.626315411972441,0.48112134804537754,0.6025266609781836,0.01986437023410186,0.4815312500241275,46.0617879184851,0.6608247889388121,2.2930887865085388,0.111173055397162,2.749347394337615,0.2791479588445816,21.237616325610265,3.5728845766549466
GC,2021-07-25,9.777743830039087,32.31176524440255,32.00572981027656,65.12920645957898,1.7226540343071424,13.687832081910871,5.3683531266599855,27.585946416826125,2.2801087652081393,0.17618113792415196,3.5059106452296094,0.4109008328284514,3.4659149433421548,0.16773100187005538,4.191610501910642,0.41715223716903127,2021,11.746035363208362,-8.548888882560785,0.38976185963099574,7.167878776752833,0.49870335234336416,0.6266448035059724,0.01986437023410186,0.49909881470837725,45.68432957874874,0.6554095882060291,2.2715938857730045,0.1099325068650377,2.747221712977321,0.2734055759821786,20.976862195186794,3.51847011208877
GC,2021-07-26,9.55898765953882,33.307595917436025,31.833018660909172,67.09957169398696,1.6821273001555317,13.88036149798848,5.323720672195464,28.000283827212755,2.257481828102533,0.17597337292060977,3.535366784973119,0.404585664684657,3.4605040737721002,0.1672389517596386,4.220970923766921,0.41116681251734094,2021,11.901989948703562,-9.935343492725517,0.38976185963099574,7.263048212987442,0.4924674976832568,0.6273553280009722,0.01986437023410186,0.49286796353506895,44.63412948413313,0.6403429074011929,2.2159092396728988,0.10709027660049483,2.702868793380809,0.2632877521542353,20.384047720683007,3.4090067734254768
GC,2021-07-27,9.334026458078869,34.35801572870484,31.624229386228688,69.03974695687613,1.6413202250179315,14.060033438234862,5.275181089636861,28.337437129702938,2.2336664821153,0.17584267972556705,3.5655251199252063,0.39764769454583526,3.453923579516923,0.16680820978151736,4.249062894573834,0.40459079823846966,2021,11.60401397842456,-9.839187656087358,0.38976185963099574,7.081211911009734,NA,NA,0.01986437023410186,NA,43.425434398268,0.6230023804459276,2.151802611917362,0.10392191177180898,2.647176297983962,0.2520610304090846,19.70197018738853,3.2864503761271067
GC,2021-07-28,9.1075308554024,35.46801041264792,31.383713286019532,70.97993563663711,1.601341689729195,14.229517489188805,5.224402112946493,28.61350688751919,2.2091016378061687,0.1758261064555507,3.596435449250967,0.39019176884554385,3.4462890731919145,0.16646857767700168,4.276387408466505,0.3975205956276958,2021,11.335989163283084,-9.375552667665222,0.38976185963099574,6.917652946245054,0.4984747193330052,0.652853711439166,0.01986437023410186,0.49887036293902626,43.75086576001717,0.6276711768748143,2.163136318421182,0.1044875280632001,2.6841651174448082,0.24951222008961302,19.698652252937627,3.2792066227003915
GC,2021-07-29,8.883860276253328,36.64224470755015,31.116051821971563,72.95274359875164,1.5630034872415803,14.391478753638332,5.172465058374162,28.844208142151,2.1842361783368363,0.1759374234441202,3.628126949165103,0.3823225438718786,3.437723821787657,0.16623140647689108,4.303426289195459,0.39003567330310523,2021,13.58633763104632,-11.008193516350271,0.38976185963099574,8.29090141039513,0.5250562365415414,0.644820583897711,0.01986437023410186,0.5254318649796228,26.37066239679665,0.37832633512574565,1.3005814546713963,0.06288971879520035,1.6280994964751052,0.14756076684906644,11.772021849389283,1.9568797491006729
GC,2021-07-30,8.667248284126167,37.882874008221854,30.82671943646101,74.98907217699843,1.5270289226183222,14.548525795393108,5.120448481799205,29.04624510004568,2.1595513568084823,0.17618382127289867,3.660553896824846,0.374162820174167,3.4283818280774057,0.1661042295581695,4.330589542803211,0.3822423970697968,2021,15.35131367156303,-11.55540185400571,0.38976185963099574,9.367957107155895,0.5407996161571443,0.6354866858079062,0.01986437023410186,0.5411643170429035,44.66913025597921,0.6408450454794805,2.1970615085352896,0.1064470725455392,2.7752368525106865,0.24495814633437957,19.755150419242042,3.2814140401939484
GC,2021-07-31,8.461608147684748,39.19157171217688,30.52130355643635,77.12228971571444,1.4938352382757398,14.70297040463503,5.068744736014107,29.235498466496093,2.135539243932437,0.17654271058208726,3.6936573147424028,0.36582223034040884,3.418424917051862,0.1660723542374784,4.358275415815942,0.3742273629316745,2021,16.587465589495476,-10.80989597654728,0.38976185963099574,10.12230415476857,0.5627572612524538,0.6643430340125643,0.01986437023410186,0.563107741286834,44.27443172316362,0.6351825085605076,2.171323714138747,0.10548625456711078,2.768300311615559,0.23770267515892454,19.386598157513983,3.2195779966743086
GC,2021-08-01,8.27050435547731,40.57033075624748,30.205231092820224,79.39014022988427,1.4635149658388324,14.856544613194952,5.016916807770756,29.42584286448993,2.112695493328053,0.17695595128604094,3.7273867098421656,0.3573833631564793,3.408015124374886,0.16609430308127243,4.386891534708099,0.3660379591370728,2021,14.26450424907185,-10.977066357925471,0.38976185963099574,8.704744546239365,0.5248350965916371,0.6327699844573335,0.01986437023410186,0.52521088318803,34.81474589309931,0.4994692595841028,1.7021987908229486,0.08295899858114071,2.1911174667164226,0.18282470842986984,15.086584409497638,2.5057957233723003
GC,2021-08-02,8.097207047947487,42.02160217580084,29.88374657314853,81.83553495526756,1.4359252199328332,15.010202780485184,4.96388275469802,29.628853513644952,2.0915191933227653,0.17733586549411717,3.761702365726311,0.34889920461698315,3.397314739725185,0.16610643991868884,4.416857135452192,0.35768288971206597,2021,14.467239044232253,-11.386158718995596,0.38976185963099574,8.82846105062614,0.5018002533480531,0.6200999109924513,0.01986437023410186,0.5021932770009648,21.370013539403335,0.3065845970153607,1.0415643704129909,0.050925675944127446,1.3541403649470307,0.10966006460166346,9.161896400437909,1.5218499939805914
GC,2021-08-03,7.944759107463111,43.54845706020185,29.561899124124768,84.50759360466563,1.4107995409648408,15.164063707100883,4.908194566022957,29.854111561761812,2.0725124795117886,0.1775761255793861,3.7965775194270814,0.340394812924912,3.386486340434582,0.16603109784707626,4.448605186088633,0.3491398869179831,2021,18.176845586526458,-11.010454630444684,0.38976185963099574,11.092204448496448,0.573966181409246,0.6192877966389574,0.01986437023410186,0.5743098210951202,41.4075640097848,0.5940530314554999,2.0117524765178056,0.09863127699194038,2.642707396544611,0.2074076082256583,17.561335790268007,2.9157278609193495
GC,2021-08-04,7.815799854278629,45.15379324957795,29.244384535845743,87.45807209601257,1.3878967591639106,15.31768499857102,4.848564719265273,30.110052109212926,2.0561473072322936,0.17757578047551073,3.8319791514948083,0.331883555393599,3.375687573566536,0.16579472593523853,4.4825286781264095,0.340387840202208,2021,12.558736479771644,-6.818549087808637,0.38976185963099574,7.663819994800223,NA,NA,0.01986437023410186,NA,41.807670467285945,0.5997931530894919,2.0247142935944886,0.09944254143430488,2.6885900096675113,0.20416229594820445,17.540581610916494,2.908135920926585
GC,2021-08-05,7.711636376154528,46.83642349505511,28.93490642743848,90.72186398828084,1.3672083828373562,15.471044191670234,4.78490853017711,30.404829169672656,2.0427304058017293,0.17729160403166286,3.8677873471289814,0.32341557042343455,3.36504870113215,0.16536803193666672,4.518760780376757,0.33148943826040683,2021,9.32919348500239,-8.918042976641832,0.38976185963099574,5.693029683430488,NA,NA,0.01986437023410186,NA,39.877414357970494,0.5721007611160501,1.925146923110279,0.09460717693523031,2.5851864817548993,0.18964535993071066,16.553681989959244,2.7374498119850053
GC,2021-08-06,7.632022033003964,48.58979216415478,28.63587410809734,94.30908200893124,1.3490124460777475,15.625409132990992,4.718617047189546,30.747471132158363,2.032352821065818,0.17675688569085227,3.9037850094084683,0.315093257121686,3.3546602712432767,0.16477992008825273,4.5571251052688115,0.3226079874452791,2021,10.265694139268351,-8.067960978773305,0.38976185963099574,6.2645181011441045,0.47149241735525454,0.6332850259712308,0.01986437023410186,0.47191068310465173,40.66497050396283,0.5833994242264325,1.9571068707186157,0.09613251050356421,2.6586241625416456,0.188209314126424,16.706152466884596,2.75283846847541
GC,2021-08-07,7.575467447352524,50.40256272839576,28.348524153821177,98.20627922757348,1.3337858423822335,15.78350747366322,4.652156636556224,31.148133687292297,2.0249150587129523,0.17606647400331255,3.9396880297473245,0.30705682043638866,3.3445749707524204,0.1641057788868754,4.597201310952606,0.31397340904037213,2021,9.549587643870735,-8.047365718205159,0.38976185963099574,5.827522605086498,0.471528646030498,0.6343003692545629,0.01986437023410186,0.47194687967201576,40.516082118117055,0.581263399104566,1.9440790160596064,0.09538868284848752,2.672184860372279,0.18250125096725497,16.477959509247988,2.7041283797315363
GC,2021-08-08,7.540414035605552,52.26199693230969,28.073827947331385,102.39372717813404,1.3220362295417891,15.948596981270311,4.588072909190063,31.617464524468502,2.0202770923962876,0.1753267424440069,3.9752230737180074,0.29943670721808036,3.334837752552049,0.16342883192835808,4.638544294645452,0.3057967382295417,2021,4.652674483344937,-5.45521122408823,0.38976185963099574,2.839239424458732,NA,NA,0.01986437023410186,NA,28.168730885293844,0.4041222992665958,1.347682300242381,0.06604523532534211,1.87453918560207,0.1235792809615477,11.345259899290376,1.8541425732646677
GC,2021-08-09,7.525495692037514,54.15489246948927,27.812724888394047,106.84955435821136,1.3141888693969876,16.123625161799392,4.528518130787779,32.16419599634705,2.0182966811614436,0.17463153567245926,4.010145453813593,0.29233354358761016,3.325493645768611,0.16282180724685055,4.68073724077481,0.2982320714049214,2021,9.486916820405373,-7.337104026709048,0.38976185963099574,5.789278478319601,0.4544510757475071,0.6273276445984027,0.01986437023410186,0.45488501124225217,34.126412303278265,0.4895940914725662,1.628142040197875,0.07971659479094309,2.2916612968189494,0.14601266004747399,13.616945773109714,2.2171357199600865
GC,2021-08-10,7.529507631482409,56.067654963410966,27.56612734808637,111.54913806784124,1.310513868215477,16.31051837786786,4.475029283298259,32.79254752222041,2.0188296520886033,0.17405040705928113,4.044237493173643,0.2858102087482897,3.3165877490136753,0.16233797467415798,4.72338990910788,0.29136204936953003,2021,9.25776715345972,-7.279060711455899,0.38976185963099574,5.64944261169651,0.4467661861266953,0.6035848581048542,0.01986437023410186,0.4472075785035294,39.28900416667092,0.5636591426282245,1.869425007060321,0.0915032836208383,2.6623819064665546,0.1642288829420317,15.537899706602813,2.522391169060094
GC,2021-08-11,7.551379014952539,57.98636338326461,27.33492591894321,116.4645239334365,1.3110807372649786,16.509562337057808,4.4284048895186885,33.50029607510109,2.021730197569364,0.1736213656696212,4.077306288094063,0.279887780668673,3.3081652222259756,0.1620053737350642,4.766136364025242,0.28519500997666897,2021,10.982174845161282,-8.374186065381885,0.38976185963099574,6.701741954718478,0.49963968082553567,0.6311499761275711,0.01986437023410186,0.5000344026766964,41.790583235305895,0.5995480113575481,1.983403880227785,0.0971299996520941,2.857527578910229,0.17098810108060797,16.388600475308298,2.655041344996972
GC,2021-08-12,7.589967062401837,59.89653422088613,27.119792704898536,121.56208492547196,1.315754346022751,16.71931112201556,4.3887738327727845,34.28000250107029,2.0268272517936214,0.17335442106732699,4.109176263751398,0.27455275305768084,3.300263819418297,0.1618291806478321,4.808617717315212,0.2796950012878405,2021,11.423108359690444,-8.19544735292921,0.38976185963099574,6.970816402651123,0.4937048801837239,0.6211677566837606,0.01986437023410186,0.4941043431523575,42.20139606697556,0.6054417318371329,1.9981174423480446,0.09797813939320771,2.9113378385140423,0.16933902596589925,16.419454262317814,2.657146829955446
GC,2021-08-13,7.643480983558665,61.78225825636955,26.920591653145575,126.79610153335014,1.3242317958370655,16.93751880314645,4.355901977223207,35.12635204806877,2.03385312553261,0.17324983193986143,4.139672521718916,0.26978193001568335,3.2928914827350684,0.16180558114569651,4.850436037044285,0.27486246940719133,2021,10.848804736996922,-8.072083327160389,0.38976185963099574,6.620354427931446,0.4585607618859375,0.6089076968261566,0.01986437023410186,0.4589908120498807,42.39834762080449,0.6082672945187313,2.0029581933470335,0.09842104308152386,2.950361605489084,0.16718985063104982,16.3749154517024,2.649552710874352
GC,2021-08-14,7.709982103579535,63.627036638932154,26.73700791037193,132.11265526604376,1.335991482853991,17.160117444266447,4.32892387866394,36.03231185734532,2.0425158663766343,0.17328075018925485,4.168632847054369,0.26552536425488793,3.2860486697649915,0.1619075662159133,4.8911958017680455,0.27069035461226315,2021,10.97514573105454,-7.978951147730081,0.38976185963099574,6.697452521197539,0.46156986677395173,0.5921126943198358,0.01986437023410186,0.46199711592013326,42.43504102699284,0.6087937159516721,2.000525780464278,0.09856830887727726,2.9777292676055866,0.16479458685667553,16.277322399184577,2.6354216541637454
GC,2021-08-15,7.787529316039607,65.41408636790202,26.5687524059521,137.450829607938,1.350277227724958,17.380663138596262,4.306306647901344,36.98599453845479,2.0525236486059537,0.1733896814929294,4.195909178077922,0.2617014565602208,3.2797358036806723,0.16208162815114413,4.930515241711246,0.2671417328678413,2021,10.952982166341302,-8.23915860353834,0.38976185963099574,6.683927468682984,0.46117940635065424,0.5936345436516389,0.01986437023410186,0.46160701689504174,42.04930947585656,0.6032598237085449,1.9785328427390052,0.09777733442485313,2.97438175550702,0.16115587467504916,16.027860892570644,2.5978217892479
GC,2021-08-16,7.874149172559037,67.12636489684148,26.41556109266529,142.74244043912478,1.3661263654287168,17.590376616578254,4.285987519256663,37.969595655402735,2.06358513729498,0.17349510854958014,4.2213642879657005,0.25820219005100314,3.273953271831731,0.16225237481125235,4.968023090045083,0.26415020879990514,2021,11.718795500972554,-8.198885581539539,0.38976185963099574,7.151255973878145,0.4781740390053023,0.5984381792379814,0.01986437023410186,0.4785864653157691,41.04779000978503,0.5888915388526452,1.9280033803806407,0.09554905068509456,2.9256267625521226,0.15555582294842368,15.555900421515725,2.523981785718288
GC,2021-08-17,7.967810741943068,68.74660182518403,26.277194255478097,147.91200603845144,1.3824321076695525,17.778580505514046,4.265583464692292,38.95943130901051,2.075409767734026,0.17350212654930933,4.244868700162448,0.25490246177261894,3.2687014244266037,0.1623302481695903,5.003355567993823,0.26162720082456326,2021,10.009260631042093,-9.455674195401008,0.38976185963099574,6.108032593955812,0.44141118099356225,0.6055869647651124,0.01986437023410186,0.441857922765824,35.77435607021806,0.5132362934187481,1.6776162033652922,0.08331377488030604,2.5679036663732044,0.1342765748087213,13.486409781126,2.1892522466869733
GC,2021-08-18,8.066476078449433,70.25778528461696,26.153399112892977,152.8799236714447,1.3981092562842794,17.934230711633422,4.242809426117849,39.92994219238981,2.087716717576918,0.17332342434133008,4.266304080332058,0.2516810007496127,3.2639791672602603,0.16222783921139525,5.036172581857488,0.2594876657051498,2021,6.748191206691425,-7.330296877043174,0.38976185963099574,4.118003652825842,0.39501496671618025,0.5786984767562057,0.01986437023410186,0.39551411749087095,28.563824493470197,0.4097905041286445,1.3375476684169754,0.06647942801413834,2.063775701198237,0.10633558134447851,10.717414607150056,1.738663013650598
GC,2021-08-19,8.168409123173312,71.64513785251592,26.043784596297712,157.57580627696078,1.4124825751085763,18.04969321161419,4.216343232633505,40.86475893268129,2.1002741681453547,0.17292015541942476,4.285586462140277,0.2484638854737761,3.259779144579305,0.1618944135036689,5.066232752022001,0.2576985726391887,2021,11.8185715393066,-8.14317450272327,0.38976185963099574,7.2121431179645,0.41973836847482154,0.5736776290453007,0.01986437023410186,0.42020815219924346,29.464843201863296,0.42271695628585315,1.3779639181606658,0.06843551371595424,2.141582488770442,0.10893355626524669,11.009149354711356,1.78231977795529
GC,2021-08-20,8.272424073178279,72.89718063341707,25.947887677287444,161.9457780245487,1.4254338951801506,18.122200662932386,4.186097833786207,41.7560988289144,2.1129275825519005,0.17231151142285392,4.30267467612242,0.2452353460253305,3.256090206579587,0.16132711401592656,5.093417495310283,0.25625762959395987,2021,11.127004265700943,-7.432100429894954,0.38976185963099574,6.790122390979321,0.4213587654130296,0.5853976926728381,0.01986437023410186,0.42182674452337654,35.62862365225528,0.5111455453454812,1.6643360043362034,0.0824616356726834,2.6034776633125896,0.13098494582774492,13.263147197370381,2.1397052601201882
GC,2021-08-21,8.377925434254612,74.00571195509873,25.865259175023965,165.9528601244294,1.4372947282970685,18.1529661826268,4.1529455756625975,42.597786426471146,2.1256003223007784,0.17155735504883318,4.317564270037647,0.2420211169183202,3.2529007237039016,0.1605607563241728,5.117711497865737,0.2551485874199649,2021,7.951248027790462,-8.368657025225113,0.38976185963099574,4.852154810091564,0.387690788376535,0.5849504239523007,0.01986437023410186,0.3881993567702253,28.613633190311123,0.41050508389344803,1.335332284481128,0.06591100674485002,2.100846587773838,0.10473979228412744,10.617820387568988,1.7048052719422984
GC,2021-08-22,8.484425086006677,74.96374730498532,25.795474296736725,169.56529518371107,1.448396225693437,18.143244486283443,4.117794122604141,43.36965254342844,2.13823213987991,0.17071235953067346,4.330256217336347,0.23884083039558984,3.250199061685421,0.1596324252555056,5.139118186366293,0.25427008757388897,2021,10.037331299061035,-7.580128369468617,0.38976185963099574,6.125162386206608,0.3931836764472149,0.5758679618991484,0.01986437023410186,0.39368514910947006,41.75685795821319,0.5990641721467009,1.947077810200561,0.09563006668345958,3.0786615818795786,0.15232409951412093,15.453144454706088,2.4668229271284003
GC,2021-08-23,8.59141128549276,75.76495747533487,25.738129823143375,172.75353157519967,1.4588666328873832,18.09233431440676,4.081183514803114,44.03095334685504,2.150763016505196,0.16980523739455805,4.340748253151676,0.23568480866051358,3.247973543084837,0.1585656589210833,5.157637809850999,0.25341040810902116,2021,10.358494167172651,-7.308207394252671,0.38976185963099574,6.3211482175986164,0.4050765560667354,0.5689940325948649,0.01986437023410186,0.40556332363723985,42.37888729279328,0.6079881071981382,1.9747292866897808,0.09640603483405501,3.13578244962486,0.1540705143705115,15.648476833992893,2.4813110402933902
GC,2021-08-24,8.698348254184442,76.4036650512535,25.6928424628038,175.49043609044037,1.4685483655733325,17.996710397944497,4.0431362822764045,44.520100933856774,2.1631331517947676,0.16883071620716844,4.3490341315579855,0.23250462863777602,3.246212449719054,0.15736430440227697,5.173266688448784,0.2522522008560452,2021,9.68641455794615,-6.884705065067015,0.38976185963099574,5.9110196066843095,0.40780056241203155,0.5776566456836647,0.01986437023410186,0.4082840823597789,42.77585621297522,0.6136832161973532,1.9921460966034779,0.09657183244024864,3.1747469396138808,0.15480294191419858,15.76726619582536,2.4812048772315936
GC,2021-08-25,8.804676063773833,76.87485670559842,25.65924729956821,177.7515251196549,1.4769585981452007,17.849737623571443,4.0030981622629005,44.758306218755955,2.175282951240035,0.1677470684267459,4.3551031370494035,0.2292105357066837,3.2449040251472834,0.15600996067917644,5.185996713675648,0.2503939823103332,2021,10.342942351041827,-8.351936824767318,0.38976185963099574,6.311657906243582,0.411248773828394,0.577421804876799,0.01986437023410186,0.4117282443313247,39.30359144995715,0.5638684188815882,1.8296989020823,0.08796908985794596,2.9242197672654,0.14118925890279196,14.46843920449919,2.2572206313829732
GC,2021-08-26,8.909973754686897,77.17478641086245,25.63701373888925,179.51699085525075,1.4834660240233826,17.64385408622435,3.9602746566541738,44.669055843917015,2.18717129587646,0.16649499368536722,4.358947171147815,0.22569750294543464,3.2440371564273742,0.15447488139567367,5.1958249055048356,0.24745070052566584,2021,9.722253245664035,-6.9200046988308666,0.38976185963099574,5.932889740830537,0.39528255268098056,0.5734234286097315,0.01986437023410186,0.3957813659822676,34.64346538053593,0.4970119861329652,1.612325350205106,0.07677586761011801,2.582387255884085,0.12298596413825476,12.741903116883464,1.9683039727357379
GC,2021-08-27,9.01446272118798,77.30273940447746,25.625896301856255,180.7773680699011,1.487903542841054,17.377800202008405,3.914742464265163,44.2306294246163,2.198830256563976,0.165057373784887,4.360582588393413,0.22193093542030942,3.243603414480284,0.15276509426839413,5.202782685929746,0.24332308193398286,2021,8.388706081485926,-6.623635407021568,0.38976185963099574,5.1191083992681286,0.4009510901721665,0.5639803793236371,0.01986437023410186,0.40144286008726854,31.46460718076198,0.4514065419272484,1.4641838007139605,0.0689591629308859,2.3485701406545076,0.10983763098689973,11.567697233407195,1.767140358329692
GC,2021-08-28,9.11854293015247,77.25931870424525,25.625681155744303,181.52846441113272,1.4901922166874186,17.053186268701996,3.8667456361575354,43.45350617800572,2.210310024891574,0.16342437910335103,4.36002791120189,0.21790614269399372,3.243595018792868,0.15089337967864155,5.206906130236657,0.2380642729789788,2021,9.323590894875828,-7.245501503371462,0.38976185963099574,5.689610769250406,0.4193973601341969,0.5909755959030103,0.01986437023410186,0.41986752540811095,38.34760032715452,0.5501533057585063,1.7844745221307208,0.08301449164727806,2.8645966203239284,0.13097184676238063,14.098053200146188,2.1273028942593464
GC,2021-08-29,9.222633352116766,77.04586279004614,25.636167822007753,181.76958815465105,1.4901821798314987,16.672763630222526,3.8163990422727303,42.36633181261538,2.221660609816715,0.1615788162596179,4.3572966383822145,0.21362777005969555,3.2440041599619387,0.14886776638263716,5.208226278410696,0.23180186726014274,2021,8.733771190661203,-6.809487121193404,0.38976185963099574,5.329680289797476,0.3875734236804048,0.56778847028383606,0.01986437023410186,0.3880821458765503,40.89673629355686,0.586724448849071,1.9033365528177622,0.08734435818224505,3.055793692681764,0.13600382281039278,15.041366435969788,2.23917462466559
GC,2021-08-30,9.327171884576286,76.66444093429772,25.65716837599535,181.50350588695508,1.4876668913724955,16.240379307928855,3.763715401566521,41.01237258757042,2.232931848284718,0.15949817477177083,4.352397506988644,0.20910958879711544,3.244823001422355,0.1466925479230913,5.20676938317751,0.22472101228002703,2021,9.112557619200505,-7.481051167938575,0.38976185963099574,5.560830215546317,0.3880663673294912,0.5685762155704572,0.01986437023410186,0.38857444416366993,41.38505391834587,0.5937300907470227,1.9265490550925213,0.08709577979028897,3.091415658372802,0.13342362701378324,15.233432908191359,2.2346310869180575
GC,2021-08-31,9.432615462011857,76.11785045303338,25.68850668574665,180.7363809678458,1.4824265177242504,15.761118941488531,3.7086912017513978,39.4463032767182,2.2441734136520015,0.15715964715136047,4.345334777157528,0.20437705212086313,3.2460436812013214,0.1443716151787514,5.2025571808293885,0.21705232087623302,2021,7.928117622111872,-6.392222979045056,0.38976185963099574,4.838039754344281,0.37932946674622525,0.5621114685771939,0.01986437023410186,0.37984923001998183,41.62902105152124,0.597230161772792,1.9386351928454144,0.08622308308860498,3.1071240667389364,0.1296301927100726,15.34195100362992,2.2149422463873174
GC,2021-09-01,9.539440367769242,75.40961373800563,25.730017686741174,179.47768970297156,1.4743060755720558,15.2416586727424,3.65146026630115,37.73119023731595,2.255434822080124,0.15454848699020865,4.336108522523097,0.19947304962178208,3.2476583136910526,0.1419144094946646,5.195607167379865,0.2090629057775151,2021,7.165815952799115,-6.729579634608353,0.38976185963099574,4.372854201262677,0.3853864085876293,0.5629982897206584,0.01986437023410186,0.3858980138959886,42.422301544499334,0.6086109491462485,1.9765604087982163,0.0863706634600772,3.1621034095301113,0.1272379735165262,15.659570485877307,2.222318698443356
GC,2021-09-02,9.648142763191604,74.5439731220443,25.781546689683175,177.7401125920406,1.463336704519043,14.690841425604674,3.592527074664285,35.935520461333795,2.2667654370552452,0.15167029970802084,4.32471491216864,0.19446741835872244,3.249658991432207,0.1393449011382192,5.18593286587383,0.20104899756527303,2021,7.641393761647887,-6.840180357695363,0.38976185963099574,4.663069918935316,0.3844460676204013,0.5646240506935178,0.01986437023410186,0.3849589226314772,41.5806394806914,0.5965360562511232,1.9385387589099712,0.08312425778369593,3.0935959397914594,0.11993297612082963,15.3796221863178,2.1430719330956167
GC,2021-09-03,9.759213924671776,73.52654625225594,25.84291645788152,175.5394565291856,1.450062167332817,14.12236241685879,3.533383041849268,34.130125153343485,2.2782118566764997,0.14858391039743354,4.311155387450285,0.18949438994606974,3.252036538562598,0.13672539814180548,5.17354440113026,0.19332859534265687,2021,7.421694876387896,-6.804970060826294,0.38976185963099574,4.529001279753117,0.38815473651228694,0.5627385811495419,0.01986437023410186,0.388662697826432,41.50064566270187,0.5953884260726574,1.936224916225558,0.081404719603807,3.0802684582059547,0.11510560809590216,15.386573354985252,2.1037353679984543
GC,2021-09-04,9.87301670545813,72.36623705545661,25.91379783128944,172.89469676228455,1.4362545978011845,13.559981603627294,3.477838720394299,32.38485410622049,2.2898054506625343,0.14547272030920147,4.295463844174149,0.18482591104376087,3.254775561651507,0.13420799000735456,5.158449924991171,0.18623255745683173,2021,7.967768707419776,-7.131105416495491,0.38976185963099574,4.8622363589061885,0.36421624773179584,0.5414616201714636,0.01986437023410186,0.36475754730591436,40.3751660299749,0.5792417484389554,1.8853018871074019,0.07773887078633791,2.987989553786684,0.10787367219755342,15.010353564489705,2.014509381189893
GC,2021-09-05,9.989717982513865,71.07309479602405,25.99370982782547,169.8277238279828,1.4246919067381691,13.028848246805271,3.431525424011471,30.764888852408692,2.3015563622833968,0.14261582851807916,4.277680809543791,0.18077270420645256,3.257854579052751,0.13201368510846914,5.140655585676455,0.18009306781718756,2021,8.192358401645018,-7.289431503132762,0.38976185963099574,4.999289556256244,0.37321636888290677,0.5660859472362507,0.01986437023410186,0.3737446336831332,40.763349282038035,0.5848108139747562,1.9052285881872262,0.077203030644091,3.0063109774233245,0.10532037358138042,15.201402602634232,2.0067931763912186
GC,2021-09-06,10.109444427990876,69.65745769991688,26.082142842807052,166.36286872259126,1.418299289975848,12.550990738351974,3.400168632402201,29.3268052039437,2.3134700788014424,0.14029448404196004,4.257843661944878,0.177631507655656,3.2612508979012196,0.1303638528818157,5.12016432175852,0.17522886305536337,2021,8.064865949741996,-7.36672773815133,0.38976185963099574,4.921488799495859,0.3732524011765071,0.5572867572328472,0.01986437023410186,0.37378061505223314,39.13629869883727,0.5614683557936024,1.8310891794750073,0.07319517813247214,2.874810243130822,0.0983854616272772,14.644297857524752,1.9090870914558458
GC,2021-09-07,10.232327512087712,68.1298477589988,26.17858802812751,162.52662401614063,1.4196901751278028,12.143107012961927,3.388693975035531,28.114784848711437,2.3255520723733185,0.1387455760627957,4.235986587712579,0.1756564986993079,3.264941825800701,0.12944525393785786,5.096975815099846,0.17192787423983275,2021,8.62804447375929,-7.953460083937677,0.38976185963099574,5.265161814687933,0.38559243864751164,0.574411053721877,0.01986437023410186,0.3861037709566335,39.49530231001344,0.5666187960240946,1.8499774064239023,0.07334611393730221,2.888042299715803,0.09741756510475598,14.833280030108387,1.9200977002287358
GC,2021-09-08,10.358503743770182,66.50089218482351,26.28253564026794,158.34740038689887,1.4308579356174274,11.81493857443299,3.4006677343109835,27.157669783283502,2.3378078001238487,0.1381336504780408,4.212140815344074,0.17503381350994035,3.268904674512509,0.12938887559618714,5.0710867268733475,0.17043057945937057,2021,9.150351314455811,-8.620717198270231,0.38976185963099574,5.583893369856588,0.389535480504122,0.5775635738839459,0.01986437023410186,0.3900416436438226,40.80788784469465,0.585449785834018,1.9137795416051686,0.07575068950709216,2.9688666381937323,0.09977854624405608,15.38710486176981,1.9909201967450203
GC,2021-09-09,10.488114925682288,64.78124532759986,26.393473490608,153.85525725683473,1.452953897454298,11.568635328354054,3.437928625431358,26.467756361584623,2.3502427042276675,0.13853336922314266,4.186334772287392,0.17586525263759634,3.273116763324444,0.13025677073746014,5.042490856484392,0.17091932705705046,2021,8.929942754169302,-7.847768185733118,0.38976185963099574,5.449391659905939,0.38667362576195174,0.5560463968505879,0.01986437023410186,0.3871835302084677,39.02839595282104,0.5599203305739067,1.8326846201276181,0.07293341413080826,2.8233931472786424,0.09570120610725336,14.778242401854873,1.9249661324410225
GC,2021-09-10,10.62122837180626,62.98228903132456,26.51090483068077,149.08554774897917,1.4862572596052013,11.399767236761145,3.5005961733610023,26.043432235424095,2.362854675020137,0.13993270905938032,4.15860631117623,0.17817066893589922,3.277556151392576,0.13204363244930825,5.011205449853095,0.17352391769913925,2021,8.712010044013631,-8.32785276999459,0.38976185963099574,5.316400808134965,0.3851395224873141,0.5647836491397694,0.01986437023410186,0.3856514553149693,35.06701305650954,0.5030884068762526,1.6489005026515526,0.06642962068707593,2.521079366296188,0.08729787131018593,13.337328876115135,1.7611093519732925
GC,2021-09-11,10.757589303183984,61.11820502791099,26.634405689352196,144.08936048538607,1.5304366603104922,11.29986924269566,3.5875964094754393,25.870893127387696,2.375611487177358,0.14226576393444582,4.129039102626549,0.181909139802388,3.2822038269738667,0.1346978209808404,4.977349831808087,0.1783100638174879,2021,9.011208230475912,-7.431789945979285,0.38976185963099574,5.498982953043486,0.3949715717340911,0.5827430772987802,0.01986437023410186,0.3954707772805669,33.9625066599096,0.4872426214780307,1.5992295968799715,0.06563051940208317,2.4251769800634073,0.08688026293034776,12.97741764958934,1.7480298793579836
GC,2021-09-12,10.89684712561605,59.20323426480513,26.7635669205104,138.9194088093974,1.584652959169958,11.2564703973673,3.69680768581866,25.91375677267329,2.3884734928622997,0.14542306971020943,4.097726076200611,0.18697451282858807,3.287041519370968,0.13812836296441458,4.941066605496999,0.18520487610102626,2021,8.234950596543598,-7.334937138397464,0.38976185963099574,5.025280938065388,0.3741284771912123,0.5372268078109367,0.01986437023410186,0.37465545591945265,32.40314484463861,0.4648712592486858,1.5280511303126951,0.06421190602922694,2.2969598549290193,0.08609642397208091,12.44161305632414,1.7185396441067404
GC,2021-09-13,11.038632546078416,57.25076276311768,26.897974088804265,133.62529616754864,1.6476477228065718,11.254355988699428,3.825257546760119,26.117339400896473,2.401401169597369,0.14926194127115092,4.064757187005873,0.19320529817723328,3.2920509710877943,0.14221359326657634,4.9024953354187835,0.1940002372837271,2021,8.565904322829194,-9.414989643450086,0.38976185963099574,5.2272415245421024,0.3788909253448121,0.5523835286466124,0.01986437023410186,0.37941128938586616,37.954192893483686,0.5445092915751543,1.7925523420963136,0.07743662292194062,2.66945426203938,0.10563493176877407,14.646196815901666,2.082888276878865
GC,2021-09-14,11.182556606528982,55.27324777167297,27.03720659363192,128.25308426408236,1.7179005520831216,11.277468692021346,3.969456028549626,26.41850690648071,2.414355118375902,0.15362323773797115,4.030219249420836,0.20040550596580706,3.2972139393897613,0.14681457623231509,4.861772375882027,0.20439362864644653,2021,7.968324164728716,-7.589257888118156,0.38976185963099574,4.862575320141451,0.37293239499497277,0.5643794048258609,0.01986437023410186,0.37346106147961916,38.24273711145312,0.5486488871174854,1.8090127584344524,0.08054965386248489,2.667406003446207,0.11214033689077747,14.833933308361692,2.1778376325255455
GC,2021-09-15,11.328209840334468,53.28216207037893,27.180836856031775,122.84497636025354,1.7938118399095644,11.31064168123578,4.125756772853349,26.755136611233574,2.427296060820621,0.1583491006251171,3.9941956659784683,0.20836756035198253,3.3025121976541563,0.15178917392080926,4.8190305928216475,0.21603731856999484,2021,7.716281836571689,-7.479842195149099,0.38976185963099574,4.708769478512632,0.3593568974459697,0.5553988223145282,0.01986437023410186,0.3599055055799934,37.89683883662726,0.5436864624095994,1.79553117380714,0.0825257190010802,2.620041695254836,0.11745656548177615,14.777853035588373,2.2431181045950828
GC,2021-09-16,11.475171442908822,51.2883370410596,27.328496517478857,117.44135661316318,1.8740255441783225,11.341543226397642,4.290930260614417,27.074986340309938,2.440185696393503,0.16331133295061942,3.956773345075461,0.21690388083085632,3.3079299862598606,0.15701303794264745,4.774417957179641,0.22859402420337452,2021,7.1625880662108274,-6.755771948178203,0.38976185963099574,4.3708844217537175,0.3578324050479678,0.5399683660373895,0.01986437023410186,0.35838334686088635,40.83886256808687,0.5858941642651011,1.9380968747471883,0.09199302264413203,2.797303618874057,0.13393190476663241,16.01160662773,2.5140309989625163
GC,2021-09-17,11.62303930899391,49.302973124258045,27.48007941930509,112.0866179558178,1.9579045495332372,11.362673413504076,4.462971107454189,27.34281137572172,2.4529892756565324,0.16845030783112042,3.918064183197026,0.2258847282333806,3.3134613574265765,0.1624075039724557,4.7281540556602755,0.2417864453812243,2021,7.19020736587659,-6.70009604683973,0.38976185963099574,4.387738771820047,0.36996858054739984,0.5440014831724652,0.01986437023410186,0.37050147610644596,35.97479321359952,0.5161118620615665,1.710116711050476,0.08382043928799536,2.440256393780772,0.1247888525469509,14.18279495869728,2.303392328595153
GC,2021-09-18,11.771401686809485,47.33629363855298,27.635545296125905,106.82101941542392,2.044950753831281,11.368360272604107,4.64014750008431,27.531587504904632,2.465673003969961,0.1737219413829674,3.878182699571101,0.23519304888401113,3.319102817173993,0.16790504585175636,4.6804726247685124,0.25534527176772553,2021,8.13836490559756,-7.533306100740537,0.38976185963099574,4.966340665636222,0.3533549904943417,0.5302819820704485,0.01986437023410186,0.35391290243794987,36.22638486921917,0.5197213181907521,1.7250084913523063,0.08726383176095348,2.4325414023004206,0.13270838123689815,14.362782030222792,2.4115835753433403
GC,2021-09-19,11.919827313431387,45.397152166972965,27.79485341085008,101.67841069266828,2.1345114240276586,11.353626992434208,4.820552702674134,27.619712967506786,2.4782031744040247,0.1790723445819109,3.837238081636854,0.24470525586516703,3.324850874451971,0.17343328390400392,4.631601877627095,0.26899240825003307,2021,6.64180214186101,-7.06358613780914,0.38976185963099574,4.053080987748133,0.34806952599005114,0.5370268528805106,0.01986437023410186,0.34863589621227525,28.034145228477676,0.40219146804447464,1.3372266542247935,0.0697533870611255,1.8627907585603867,0.10818645156689945,11.178852897390767,1.9387851682742698
GC,2021-09-20,12.067865335812485,43.49306567250767,27.95796245973147,96.68652550839852,2.225693953135869,11.314093887879668,5.002002250384736,27.590925216507124,2.4905461624520298,0.18443145421344076,3.795333349445718,0.2542889260802423,3.3307020413100523,0.17891154470177292,4.581763632530132,0.2824435107392065,2021,6.98627944683117,-6.658894862310184,0.38976185963099574,4.263294177732449,0.3519650508914458,0.5380079171282729,0.01986437023410186,0.3525251625824964,21.877364315612255,0.3138632977509797,1.0453851265114928,0.05615376742582027,1.4380474432214152,0.0886486517089716,8.774978296009412,1.569944921663575
GC,2021-09-21,12.215045387108216,41.63025945451262,28.124830477947235,91.86735941940834,2.31733937743069,11.24606620262722,5.182018216088157,27.434337074317252,2.5026684203891056,0.18971189250564838,3.7525643169540617,0.2638047796689347,3.336652833055654,0.18425064713372738,4.531172232298822,0.29541420414914643,2021,7.311928586619548,-7.109188109981966,0.38976185963099574,4.462017703209674,0.3501559908489578,0.5457510924635869,0.01986437023410186,0.3507189916902318,39.161129568367365,0.5618245915121426,1.8746136149493262,0.10351654456175431,2.545723988482449,0.16597096457297889,15.801221394620963,2.9113852674622107
GC,2021-09-22,12.360877829559955,39.813720602156565,28.295414745677483,87.23760365582584,2.408045155878473,11.146706635731324,5.357882157124694,27.144426238693107,2.5145364713166733,0.19481182397255348,3.709018314146097,0.2731117494625653,3.3426997684010913,0.1893551377593143,4.480033217457558,0.30762877859388593,2021,8.83857209173718,-8.10939688075719,0.38976185963099574,5.393633796779077,0.36183444030134765,0.567328171800529,0.01986437023410186,0.3623792976881916,38.012567223839824,0.5453467580800434,1.822930481932447,0.10326421050284207,2.4431715912313856,0.16776435709829915,15.430812700085472,2.9219036645628615
GC,2021-09-23,12.504971567312944,38.04701464646839,28.46970178243273,82.8079940544475,2.496428768618837,11.014813840911792,5.527062788925071,26.72322321523039,2.5261262906215154,0.19963490162139305,3.664766423849028,0.28209106229093056,3.3488404264346894,0.19413841532880238,4.428528397382758,0.3188624607560602,2021,9.302956988513648,-8.01181697181427,0.38976185963099574,5.6770191726034005,0.3654156336390741,0.552115949467117,0.01986437023410186,0.3659551591556587,35.39910822919458,0.5078528055744872,1.700718005986119,0.09859373889451732,2.249040571177121,0.16193519528734998,14.458417924077441,2.806934343941947
GC,2021-09-24,12.647396936004824,36.331722337411456,28.647798950636556,78.58092434089964,2.5817825636799587,10.852280506574376,5.688240015014096,26.184924431008735,2.537451418188887,0.2041354894405264,3.6198434300194458,0.29069862913072503,3.3550766147518103,0.1985576631843719,4.3767744201725884,0.3290351883680159,2021,8.588965012258495,-8.093130849769398,0.38976185963099574,5.241314036775066,0.3571315196387503,0.5374106994232126,0.01986437023410186,0.35768354103072814,38.07873257502285,0.5462959983550402,1.8328649288134886,0.10847125684035025,2.3910143514429865,0.17975060672344392,15.65017792841247,3.1074627578852145
GC,2021-09-25,12.788351486953594,34.66840003728271,28.829846710392847,74.5550382886714,2.6634612649317773,10.661564963015952,5.840286178450327,25.545092069197107,2.5485347165059506,0.20827244759803357,3.5742651437890456,0.29890785546511356,3.361411194618931,0.20257777424619353,4.324861374631149,0.3380991214854205,2021,7.195095358140667,-7.567253484488071,0.38976185963099574,4.390721611129415,0.3587325687830795,0.5579208912319257,0.01986437023410186,0.3592821302409909,37.89523322321896,0.5436634274995448,1.8274763313018674,0.11013412708191458,2.351268958392363,0.18381212722134868,15.67373327685865,3.175150001354523
GC,2021-09-26,12.92804492156745,33.05689489712576,29.015989017242106,70.72676146979158,2.7406939980249967,10.445010843107308,5.9819628616044795,24.817744877832055,2.55939897652266,0.21199601445171212,3.528032505404177,0.3066929875626688,3.367847023473572,0.20616091555762,4.272863920224518,0.34600397911850916,2021,7.796289737573388,-7.850950802714332,0.38976185963099574,4.757593351234736,0.3614081804825933,0.5592182974246723,0.01986437023410186,0.36195367952893676,37.97462314029815,0.544802393822141,1.8348111204151742,0.11231696030835565,2.327866492214575,0.18850379609574988,15.807980275710452,3.258987686757265
GC,2021-09-27,13.066698866586744,31.496390321124025,29.20637346705004,67.09056227972275,2.812639686540494,10.20496108784032,6.112011720892386,24.0156743379694,2.5700669224048687,0.21525250679288105,3.4811290161249535,0.3140336814949772,3.374386954876454,0.20926979269739931,4.220838617350671,0.35270195360277157,2021,7.62563721932878,-7.664962769027237,0.38976185963099574,4.65345467585186,0.3501834114198486,0.531776455684036,0.01986437023410186,0.3507463682469719,37.70075452072667,0.5408733415446748,1.8251159479487873,0.11318845206060375,2.282939087087262,0.19076708421446592,15.796948811525084,3.305824203039283
GC,2021-09-28,13.20454668075604,29.98545064037289,29.40115144766674,63.639186194057686,2.878482576285813,9.94393277771277,6.229308086667141,23.15103421479402,2.5805612157964095,0.21799177555113178,3.4335177601318665,0.3209226450544565,3.3810338384643357,0.21187292945839695,4.1688208243139355,0.35815788499085877,2021,5.546407097865582,-6.220534474285573,0.38976185963099574,3.3846291531309385,0.3414111423873202,0.5468621163668478,0.01986437023410186,0.3419885397948482,19.79272817099455,0.2839560947844102,0.9600651651042771,0.06016260963953922,1.1837620811281109,0.10170111433824817,8.348636147244456,1.7688499974989476
GC,2021-09-29,13.341833297254542,28.52206626009229,29.60047829764789,60.363864129901614,2.9375700250177843,9.664823371128872,6.333080748695053,22.23610515407031,2.590904459624836,0.22017738938638007,3.3851379925432967,0.3273762509026581,3.3877905199037848,0.2139519735124784,4.1168211298138155,0.36236481305998813,2021,6.221330272306778,-6.628931280064845,0.38976185963099574,3.796493015993879,0.34660608746802135,0.5585568185821783,0.01986437023410186,0.3471748451064494,38.00848491215664,0.5452881912532151,1.8473221649431242,0.11666548465167514,2.2448539475891933,0.19759325348729037,16.140791271154466,3.4533541465164834
GC,2021-09-30,13.478887969438953,27.103397351880812,29.804481609610193,57.25289354252719,2.9898433961985065,9.371482420480204,6.423587980408743,21.28521519289923,2.6011246072325314,0.221816770268991,3.335890471233782,0.33346439589279836,3.3946587717882135,0.21552423103837892,4.064793765761894,0.36539326887444795,2021,6.063596978348652,-6.814505186427873,0.38976185963099574,3.700238144014595,0.34377655378744443,0.5317107869126375,0.01986437023410186,0.3443499849553781,37.3054338987989,0.5352018798330521,1.8168277560528117,0.11534897360131344,2.1754852645694367,0.19555916437994839,15.951414584913007,3.437916362387758
GC,2021-10-03,13.89693832947463,23.064392925677396,30.443534489678537,48.685041602997934,3.127669658166379,8.468450551607031,6.654699429120794,18.4252057154799,2.63166855180838,0.22506177864607535,3.180733275995052,0.35190792378439567,3.4158736395800076,0.21859155123321763,3.9057039140181464,0.37084009836812026,2021,6.075217480108205,-7.000585416162573,0.38976185963099574,3.707329417398499,0.3457741509228099,0.5454307499818352,0.01986437023410186,0.34634427474867774,35.374488314782255,0.5074995963205605,1.7335544931688978,0.11093512400994307,1.9821431597118426,0.188201200221298,15.450081464082919,3.3772572739134676
GC,2021-10-04,14.042209961653842,21.771693877654673,30.664807307231992,46.00439204129013,3.1773871925435184,8.179042709476024,6.73632876589324,17.535043329316146,2.6420677908870482,0.22627401251086954,3.1255182680709654,0.35917585900370486,3.4231156552568667,0.21967621379132368,3.8502410450311197,0.3730511675145764,2021,6.579526468825137,-7.305750267857123,0.38976185963099574,4.015077996844493,0.3424309014036639,0.5459137909218261,0.01986437023410186,0.34300658221224156,35.4224094649954,0.5081870964243634,1.7395832055697693,0.11163661724011048,1.9566428172082715,0.1895797896369514,15.583459387874829,3.423315356099201
GC,2021-10-05,14.192390683500504,20.49776401052809,30.889794522046376,43.377769492999875,3.233412198179107,7.902036540273404,6.828692403332622,16.70111308294857,2.6527059536198694,0.227827169522478,3.0679489302149716,0.36757481086886723,3.4304258549836777,0.2210662941917244,3.792738656957944,0.3763396239548045,2021,7.089413877375598,-7.14742650320282,0.38976185963099574,4.326230740835897,0.3306964691684616,0.528754703869315,0.01986437023410186,0.3312925413064483,35.48066085833875,0.5090227992151373,1.7461649712037721,0.1125277838815886,1.9305904478561928,0.19156544884104673,15.72360967479246,3.475960122123514
GC,2021-10-06,14.348720638344547,19.238915548945204,31.118237159486817,40.78943584008628,3.297761816878706,7.639928933921302,6.936113904442565,15.934096978581971,2.663660784108834,0.2298296761082651,3.007607263386258,0.3774870701666362,3.437794051159661,0.22289546380451042,3.7326435764904105,0.38129485737869856,2021,6.349549849425374,-6.866924017703537,0.38976185963099574,3.8747374922936313,0.3403275570947263,0.532656658179134,0.01986437023410186,0.3409067897869763,32.99880105447396,0.4734168326389573,1.6275095709650562,0.10552246448392268,1.7670962993522397,0.18051140368174642,14.731897273352152,3.2836730754642303
GC,2021-10-07,14.512407248550378,17.992500735737433,31.349870508041096,38.22727956666428,3.3721485000355806,7.394772088141786,7.062602964275713,15.24334646730348,2.6750039558614938,0.23236313881505904,2.944044203133553,0.389352207538807,3.445210136545394,0.22528332174336055,3.669372412078068,0.38859045632767825,2021,4.824126748957655,-6.530419773750961,0.38976185963099574,2.9438661361882894,0.3448308721538252,0.5329125731936856,0.01986437023410186,0.34540255296561606,23.396985748074307,0.3356645251403888,1.1564348244923637,0.07561961921503454,1.2316781482634278,0.1304360309973171,10.523039397294294,2.3706652702587094
GC,2021-10-08,14.684365600013772,16.75721216164432,31.584430234900797,35.68394805954816,3.4583211292213445,7.168644693618708,7.212412627476108,14.638487631686033,2.686783363173577,0.23551042131626723,2.8767917523621045,0.40370327438577447,3.4526642850839773,0.2283534188787231,3.602339276807247,0.3990434074305125,2021,5.079856595746536,-6.487240451517151,0.38976185963099574,3.099922242329587,0.3283785784914175,0.5351400837288898,0.01986437023410186,0.3289788504096297,29.66442046562553,0.4255801886778754,1.469385517887401,0.09718269109164489,1.5330842291053495,0.16982496862493981,13.441707778652273,3.069459926823973
GC,2021-10-09,14.865345673265471,15.533192721345808,31.82166420439176,33.156198683778264,3.558203422968295,6.9630724389225636,7.390002114140812,14.126266756293528,2.6990327103515988,0.23936230621044577,2.8053700402692963,0.42115715677424026,3.4601473221200068,0.23223179236241537,3.5309440829794387,0.4135784220918731,2021,5.3320311770150735,-5.982420793718422,0.38976185963099574,3.2538087898512313,0.33079403365867316,0.5352598420881305,0.01986437023410186,0.33138993030714264,34.453153522541854,0.49428167975375886,1.7102874305729474,0.11478792042112082,1.7452809724516727,0.20442423718148015,15.72886563550682,3.65274265836135
GC,2021-10-12,15.464963720392271,11.954939476314326,32.547589847687064,25.698429213500145,3.965067600336772,6.465154729884821,8.139142783648019,13.122728025152316,2.7385770602171955,0.256390359009274,2.561477142163278,0.49904939669576553,3.482703321295231,0.25006898580622283,3.2846047327205445,0.49151685742308643,2021,4.1457884168079495,-5.2243154116125154,0.38976185963099574,2.5299182138362415,0.32067487058307825,0.5396863347786581,0.01986437023410186,0.32128953582130787,16.9668790425093,0.24341509022746838,0.8477425431885824,0.06087056474311324,0.799522357376741,0.11964262019796229,7.922574519461381,1.9811901750559306
GC,2021-10-13,15.684398568968286,10.810685775794948,32.793707546007035,23.28705151749423,4.146137798187082,6.327249879616029,8.476841531657689,12.920055926685542,2.7526664965637284,0.26434789832427813,2.469004695906571,0.535722480449291,3.4902366538763134,0.25848988010170354,3.189943348964122,0.5319730111075477,2021,4.187008892831515,-5.144644570302488,0.38976185963099574,2.555072520469987,0.31236384621174634,0.508452461425323,0.01986437023410186,0.31299483322411725,31.568635919988505,0.45289898876332424,1.5807246510852708,0.11706980530361447,1.4447221169581428,0.240930038779989,14.852236985386781,3.839152957594716
PL,2020-08-08,4.053908017178319,2.92096924746303,10.02201742968282,9.212965704761544,0.8080469626682529,1.885827203441651,1.8864442955390592,4.781589450110097,1.39968135837386,0.19932543097775704,1.3663388802452705,0.4809594476319422,2.30478441567819,0.18822999548492722,2.3236580605918458,0.4681881432227662,2020,12.073385919691754,-11.940281441198827,0.6495191883467771,4.231490096536159,0.5978611106745813,0.6906200596746445,0.04328500594472211,0.5994259749098954,42.89187364552412,0.6153476586526272,1.4182436938866376,0.11582688700984456,1.4298575470944968,0.2880984777410501,6.167024960331145,1.1608190804385647
PL,2020-08-09,4.075128490445947,3.0420595355054347,10.09385924758906,8.858164355887993,0.8124209375235695,1.9279957989747891,1.898992899477869,4.590750557861949,1.4049022775935005,0.1993608151076152,1.3967543480925086,0.47698352338437416,2.3119272436549156,0.1881334832295633,2.2882999804801742,0.4656800588965661,2020,12.261773939229297,-12.36699228261914,0.6495191883467771,4.29751648252942,0.635409460049356,0.7191373705670053,0.04328500594472211,0.6368820720194978,34.90939896801075,0.5008271985846786,1.157876044771289,0.0942223653658398,1.1460428687452604,0.23322523933391534,5.055279249878081,0.9510672939776974
PL,2020-08-10,4.111451558332114,3.1738154743265623,10.190327226835937,8.515175371746519,0.8201117083980599,1.9709610775478752,1.9171820373401909,4.410719263186352,1.413776143365513,0.1994701133559636,1.4288305993228705,0.4722204634276234,2.321438959264271,0.18813743608658087,2.252887931660398,0.4635457667215608,2020,12.063103659104236,-12.611919589258656,0.6495191883467771,4.227886361499816,0.5949685293828999,0.72526920884578,0.04328500594472211,0.5965409815726705,43.090420764651384,0.6181961120892127,1.4351045390696002,0.11630583152715702,1.392726560325166,0.286562190762682,6.2996206725468245,1.1851944816509816
PL,2020-08-11,4.162137429215259,3.3165877800338825,10.311107980577866,8.185892315681256,0.8309714924899196,2.0145937513736643,1.940919741619434,4.241806823196973,1.4260287474203504,0.19965018133641813,1.4624652244148235,0.4667097842170722,2.3332217588481394,0.18823580795345904,2.2176688631788117,0.461774063686309,2020,11.786418713144672,-12.50746242392205,0.6495191883467771,4.130913597067679,0.6041950053627442,0.7314864426278868,0.04328500594472211,0.6057435069771042,43.07514162697521,0.6179769101566283,1.4418771732431868,0.11632538297991508,1.3704681518178046,0.2853657090673353,6.37202665012886,1.199443584787979
PL,2020-08-12,4.226064078205934,3.470544339983091,10.455554172234306,7.871193316183238,0.8447965919993088,2.058886506760458,1.9700789417957507,4.084374899924432,1.4412710819293442,0.1999015103334508,1.4975101774939186,0.4605449247749202,2.347133336950204,0.18842415326272022,2.1828093212278765,0.4604087358206396,2020,10.018574759647304,-10.967364539781324,0.6495191883467771,3.5113182133696794,0.6044432559668149,0.7514635827992577,0.04328500594472211,0.6059911232216189,37.228399143264745,0.5340967018022535,1.2535961739552215,0.1006367187975012,1.1658312591310247,0.2459027872827487,5.584276998905134,1.0522126651031842
PL,2020-08-13,4.302024870032152,3.635784065482884,10.622984710094778,7.571490885782552,0.8612891258706775,2.103967487709552,2.0043719674896985,3.938788813340489,1.45908581186838,0.20020551993327748,1.5338053466280348,0.45385364330820993,2.3630200224760065,0.18868256165190464,2.1484416831483255,0.45952202082763915,2020,9.855863290192843,-10.96719825763335,0.6495191883467771,3.4542909654899914,0.5665649460292607,0.7226141665741292,0.04328500594472211,0.5682160062940622,41.05392828243188,0.5889796014943621,1.391770591161117,0.1111301799706742,1.2653883263745773,0.27064909670494686,6.256721301232324,1.1805342026585532
PL,2020-08-14,4.388805422009619,3.812374104896186,10.812772483053957,7.286943429798373,0.8800411296633176,2.1500986493959524,2.0433066968529454,3.805394031289475,1.4790570766200564,0.20051951386360387,1.5711905392501515,0.4467854332456007,2.380728072685339,0.18897157968090664,2.114681195464744,0.45920357288864255,2020,10.30856277175964,-11.216929127517528,0.6495191883467771,3.6129534472245153,0.5581916491994491,0.6901305973557983,0.04328500594472211,0.5598674030300705,43.25774287132775,0.6205965963262745,1.477471738686933,0.11727511915237003,1.3123639522205972,0.2849801743555559,6.7103697998336855,1.2680691813176208
PL,2020-08-15,4.485149607972599,4.000342299653647,11.024323485956474,7.01751543768946,0.9005447538544525,2.197673641806507,2.086210897860221,3.684553459949898,1.500771852361905,0.20078365998175063,1.6095063700215555,0.4395046399040984,2.4001040576321895,0.18923709019585438,2.0816285780824724,0.4595630016038655,2020,10.614916045945783,-11.65499823364875,0.6495191883467771,3.7203243914138975,0.5735570179565581,0.7110013014857268,0.04328500594472211,0.5751880080346374,42.978254771395065,0.6165869242532804,1.4798727787832497,0.11668111539850247,1.2835049623976011,0.2833605376595328,6.797453710179105,1.2863303608553083
PL,2020-08-16,4.589728911198697,4.199670135816243,11.257056691441424,6.763028805764733,0.9222220589054564,2.2472211143629965,2.1322912313081788,3.576702724130067,1.5238209615872749,0.20093170571692875,1.6485951881553171,0.4321853224656968,2.4209951934656466,0.18941818361182536,2.049372568065214,0.4607354698302871,2020,10.660651189443495,-11.648707814261297,0.6495191883467771,3.736353681628052,0.5760950162438753,0.7194234372847139,0.04328500594472211,0.577718841202765,39.424536751537715,0.565603558940232,1.369323497601365,0.10713559877884274,1.1591324180921678,0.2605936214660103,6.367031327871222,1.2060315091249552
PL,2020-08-17,4.70116407456398,4.410255690562987,11.510375905766566,6.523101273088206,0.944524012617744,2.2994259920136333,2.18080345580574,3.4823937105677305,1.5478101534886595,0.2009127947114558,1.6882963543225082,0.4250124436862534,2.4432488812592763,0.18946413858761837,2.017978456283063,0.46289337125169666,2020,11.644526151879033,-12.243327718171892,0.6495191883467771,4.081182977027743,0.5720425763251741,0.6718589088297133,0.04328500594472211,0.5736778720400302,41.416512138625045,0.5941814056593566,1.4517330546422873,0.11257606818803023,1.199045275744569,0.27504263400073153,6.839251335355968,1.295792862837437
PL,2020-08-18,4.818229778762094,4.631781951503143,11.78363382073402,6.296809504232979,0.9671875188725928,2.355187201823627,2.2314711915373646,3.402197617805774,1.5724065947869084,0.2007350340857102,1.7284259021089465,0.41819573664335835,2.4667116044017177,0.18937037805867282,1.9874371984036543,0.46625824832512247,2020,10.407987048006095,-11.723802065143197,0.6495191883467771,3.6477997482614075,0.48823867158325296,0.629514663265245,0.04328500594472211,0.4901536413911603,40.434707277368624,0.580095956102621,1.4309294265848447,0.10985299051746061,1.1529042818018822,0.2704745243528952,6.835638327601882,1.2944674143703225
PL,2020-08-19,4.940029706362708,4.863691781792235,12.076197276035405,6.082767445765726,0.990332434547636,2.4156317596524453,2.2846461225954813,3.336491009681906,1.5973713446154971,0.2004709472236772,1.76877940211706,0.41196431353254187,2.491236347918131,0.18918588942971679,1.9576647135013947,0.47107165881558805,2020,9.793833298741868,-12.200406105732036,0.6495191883467771,3.432550643739411,0.5604532030944476,0.7527263159190392,0.04328500594472211,0.5621222150017385,35.762355464978164,0.5130641269053937,1.2781640017595974,0.097064493183078,1.0044075370060908,0.2416899693400952,6.1958636117663985,1.1721699681772437
PL,2020-08-20,5.06603764167946,5.105213918657006,12.387499520390108,5.879365439097297,1.0143933999970003,2.4820533524861017,2.3412054095770833,3.2852813695726963,1.6225589818083854,0.20023408267861095,1.809143146859842,0.40654650034475637,2.516687860938859,0.1889974167686873,1.92852641500221,0.47755587323527726,2020,10.088620566551445,-11.132695058116596,0.6495191883467771,3.5358679246263476,0.5355489832401745,0.6812220412104201,0.04328500594472211,0.5372953612206413,34.4747354389408,0.49459130441215177,1.2447319319399783,0.09347647889015215,0.9538323951892337,0.23619498227311997,6.126749546194648,1.1579398374195158
PL,2020-08-21,5.1957693768349555,5.355399635500018,12.716936168778563,5.685118948779236,1.0398428206233037,2.555745277769339,2.4021326932629155,3.248140221268906,1.6478447130725424,0.20013259735110342,1.8493047878727256,0.402137619087468,2.542934661664415,0.18889240783958702,1.8998840037806826,0.4858762044708339,2020,11.412261975500508,-12.310453764184397,0.6495191883467771,3.9997788399726306,0.6109739143933136,0.7293113226928276,0.04328500594472211,0.61250527818846,41.62840071179442,0.5972212620776743,1.5186946480202859,0.11281056220684894,1.1346511225390843,0.2901756000475816,7.594824668479158,1.4346047187485214
PL,2020-08-22,5.328689131445827,5.613122079697939,13.063821633501767,5.4987389244872595,1.0670619350679904,2.637849527772789,2.468311411683062,3.2241780977153085,1.6731052663617791,0.20024848677529547,1.889055869084348,0.3988811178718291,2.569846702291259,0.18894252240501763,1.8716081464615584,0.49612365340090825,2020,11.548949533426883,-11.736443947668292,0.6495191883467771,4.0476852062175634,0.5863558878271223,0.6937812072770233,0.04328500594472211,0.5879513746298817,41.40303229481882,0.5939880172708307,1.5264581473839678,0.11222959426150593,1.1117128120246356,0.29469150520476634,7.7597535100635,1.466147401432587
PL,2020-08-23,5.464205888736478,5.877065682436422,13.42737300958291,5.319123213353369,1.0962806217334709,2.72922271178705,2.5404181421493552,3.2120752460698467,1.6982188025132792,0.20062944992487655,1.9281920613225407,0.39685860769911024,2.5972953852649807,0.1891969591025957,1.8435804664702427,0.5083102730584825,2020,11.366798816195963,-11.853917969787206,0.6495191883467771,3.9838448749992543,0.5351853931428336,0.6618861551912718,0.04328500594472211,0.5369329537037972,41.590155419037714,0.5966725765260283,1.5497349295252194,0.11288863705863539,1.1000139069618569,0.3032948003004538,8.011745249603885,1.515797838329722
PL,2020-08-24,5.6016702617597165,6.145717184645587,13.806694087529207,5.145347197405382,1.1275418033182805,2.830323632986551,2.6188511466355333,3.2101646774782724,1.7230648142986462,0.20128671461002293,1.9665131820821844,0.3960867131809009,2.625153553356932,0.1896798125628778,1.8156952422201602,0.5223731994888151,2020,7.32898298422746,-10.4185342321263,0.6495191883467771,2.5686679049046997,NA,NA,0.04328500594472211,NA,34.72419650293464,0.49817019403870977,1.3077732550572312,0.09449282902967493,0.9045252511319793,0.26023075814996466,6.878083472617532,1.3046335838779213
PL,2020-08-25,5.74049883137202,6.417426190083172,14.200874048022827,4.976667232923985,1.1607631461834955,2.94121612025721,2.703805409347795,3.216696705843551,1.747546110975717,0.2022059720385075,2.0038321223524975,0.3965278581658835,2.6533035153905904,0.190397112192136,1.7878630936935986,0.5382091022440672,2020,7.234324276527472,-9.602769273295417,0.6495191883467771,2.5354918441999628,NA,NA,0.04328500594472211,NA,37.19040296105875,0.5335515901116002,1.4156743096853484,0.10158668196277092,0.9539171965420645,0.2871623223148589,7.576898929297137,1.4426196755098621
PL,2020-08-26,5.880574921418072,6.690624352585703,14.609339345072184,4.8125463190878905,1.1959793588968255,3.061821224427102,2.7956205510800487,3.2304076234788304,1.7716545328821711,0.20337796471920827,2.0400019704150067,0.39812388228241463,2.681661005374828,0.191358451265151,1.7600187397570595,0.555764624682724,2020,10.301410543047998,-11.130020524247914,0.6495191883467771,3.6104467283005297,0.648455510208287,0.7607077758331434,0.04328500594472211,0.649898561668761,41.026731554968705,0.5885894240284443,1.578397306593109,0.11263156061313034,1.035928416312876,0.327117180337389,8.598902630552127,1.6454726899622878
PL,2020-08-27,6.021905980965473,6.963656865943699,15.031540139786268,4.652592898269888,1.2331840111449153,3.191773597964838,2.8945136950892767,3.2501049282829957,1.7954038173447504,0.20478300641738065,2.0748882996313083,0.40079245649248735,2.710150669558748,0.1925626827438611,1.7321143599345186,0.5749759423286557,2020,10.862188647429594,-11.53985178922342,0.6495191883467771,3.8069886934815473,0.47278563411090785,0.602524158909576,0.04328500594472211,0.4747629382768708,40.379807930995426,0.5793083434062978,1.570012894763547,0.11155316874221866,1.0034283004439257,0.3330883606488885,8.707896617224852,1.6768159336690105
PL,2020-08-28,6.164502311944843,7.234719065480782,15.466832961322943,4.496532854356472,1.27225938242115,3.3303523943943536,3.0004453108715117,3.2744647155266766,1.818807405368146,0.20638476847610496,2.1083592483519684,0.404428173919727,2.7386979223159726,0.19399222312509354,1.7041175033420268,0.5957327650523154,2020,11.11507785697614,-10.84852915586772,0.6495191883467771,3.8956215089017623,0.5572997409664607,0.6484470357206882,0.04328500594472211,0.5589781686442852,40.398622925163,0.5795782724540298,1.5872898105893323,0.11243367754835841,0.9876694786456462,0.3452737668132834,8.964240328058597,1.7389929098677053
PL,2020-08-29,6.308377185978653,7.501856551940815,15.91447223719032,4.344195371139675,1.3129826654631545,3.476493570812504,3.1131059081205947,3.302014736647419,1.8418784621734317,0.20813318968647945,2.1402845575219493,0.40890993038677953,2.767228898838955,0.19561477513816755,1.6760109945368291,0.6178693904940921,2020,11.190146288417608,-10.93570984191075,0.6495191883467771,3.921931553682903,0.5198640403095116,0.6310060457448863,0.04328500594472211,0.5216629296265589,42.83230561871571,0.6144930667984674,1.7004429725808954,0.12020392308574517,1.0298971360208855,0.37967645664561445,9.779332851510146,1.9129819967494521
PL,2020-08-30,6.453546960866054,7.762966697532825,16.373602025865306,4.19549805487427,1.3550502397693642,3.628821626865242,3.231937669609701,3.3311569646939394,1.8646298960724021,0.20996984262860607,2.170534511716478,0.41410880037772146,2.7956704054106383,0.1973870907882226,1.6477924919238656,0.641162200333949,2020,10.127355242609976,-9.994611958616217,0.6495191883467771,3.5494436853304663,0.4877067093845629,0.5912250816818647,0.04328500594472211,0.48962375975676786,43.31414324035849,0.6214057434229258,1.73724564663967,0.12265747189334401,1.0239477184506651,0.39842187375319643,10.174650339393954,2.0083446302803742
PL,2020-08-31,6.600031196936047,8.015801854897457,16.843248064140052,4.050431715301534,1.398120206052028,3.7856981357156223,3.3561934759311267,3.360215889034929,1.8870743758297004,0.21183539355103073,2.1989787994437866,0.4198958890893548,2.8239498681336817,0.19926046705187442,1.619473727811884,0.6653324069018343,2020,8.40469060733769,-9.982028031725273,0.6495191883467771,2.9456827857539323,0.4884586123453855,0.6742594013842145,0.04328500594472211,0.49037272325651865,20.947277396465974,0.30051981891930074,0.8486529030087172,0.05988171947620459,0.4866839514265923,0.19994557444328176,5.061729858248231,1.0086026556449608
PL,2020-09-01,6.747852773507103,8.257974656390195,17.322310256545087,3.909045237725826,1.441873501460849,3.9452845663296823,3.4850353771001417,3.3874998261231024,1.9092243466488967,0.21367886198137298,2.225485305123175,0.4261498559629888,2.8519952808756353,0.2011876779417082,1.591079470296406,0.6900526807311319,2020,10.61322528474062,-10.400818958153833,0.6495191883467771,3.7197318120544,0.5241333785094617,0.6141791472219421,0.04328500594472211,0.5259176648557997,42.354926298054664,0.6076443511259916,1.7329988218620656,0.12225055601743424,0.966810452318146,0.4193066134256197,10.525803975841448,2.117662060369141
PL,2020-09-02,6.897043544211865,8.487089005644918,17.80969540346133,3.7714130772697225,1.4861472441249977,4.105761383049511,3.617799852115195,3.411367610077633,1.931092847929567,0.21547598396304193,2.249931822220311,0.4327735705448257,2.879742994598404,0.20313653715897198,1.5626425036432683,0.714959605222374,2020,11.504278452484597,-11.091536199123508,0.6495191883467771,4.032028849511484,0.5375463355362268,0.6307530136285645,0.04328500594472211,0.5392862455023866,41.33343426013298,0.5929895300505079,1.7076574450331499,0.12045783970598634,0.9266306438723708,0.4239635603059122,10.560962907641224,2.1453174341225867
PL,2020-09-03,7.047653546716924,8.701172552937583,18.30489466692122,3.637551783278584,1.53117825825047,4.265835857157695,3.75458688315188,3.430299477970679,1.952694731170977,0.21726071636477556,2.27224675994987,0.43972373791722424,2.9071684922219214,0.2051138207277857,1.5341865940768364,0.7396789595620601,2020,11.527148413681722,-11.037902660282612,0.6495191883467771,4.040044332074331,0.5331939719958259,0.6382295957789583,0.04328500594472211,0.534948038142323,42.67127869941435,0.6121828963780508,1.7797188278274267,0.1255671728603041,0.9392027927463347,0.45281880785460504,11.205943435090969,2.298493872830956
PL,2020-09-06,7.50824697401034,9.235451372926487,19.839405637383976,3.2581546998405635,1.6750413291437924,4.731214255428817,4.194929080679884,3.444948942902085,2.0160020129635208,0.2230935310122213,2.325857319061841,0.4622379690985805,2.9876701436148365,0.21144429209992338,1.448835897384953,0.8090239048926693,2020,11.578662466166737,-10.96252143349774,0.6495191883467771,4.058099019000825,0.5347435561198347,0.6382665388035919,0.04328500594472211,0.5364925559141724,42.234319067017765,0.6059140611916213,1.81027135021862,0.12811706974205203,0.877870042584724,0.4901989598146212,12.02097484137527,2.541766515685583
PL,2020-09-07,7.664778742188681,9.371577674473697,20.36827984914286,3.139000073325826,1.726187183884491,4.876325714583526,4.3517066216453,3.4326281574692588,2.036635645917412,0.22521030833977831,2.339069148998764,0.4701623868261657,3.013978781368289,0.21365116022934205,1.4204542304824266,0.8293375444932104,2020,5.206298341142377,-7.838954060701254,0.6495191883467771,1.8247076683124082,0.3811897023816922,0.636048966700023,0.04328500594472211,0.38363938919443313,19.680837513715584,0.282350857052183,0.8509994920564304,0.060324588200948,0.4010664693801122,0.2341641664732109,5.751001272084195,1.2287080942612103
PL,2020-09-08,7.82285736892137,9.483712024703998,20.90644248412808,3.0234845106605737,1.7782095911244626,5.01332983086027,4.511949418905119,3.410691540797936,2.057049880262845,0.22730947366993162,2.3498228170091244,0.47820178759649007,3.040057364299718,0.21581622135523712,1.3921483208788754,0.8476959540321359,2020,8.204464371494758,-8.340770274779938,0.6495191883467771,2.875507332101432,0.4639574562434932,0.6003467368582996,0.04328500594472211,0.4659722233605428,43.67424218988997,0.6265718979096415,1.9048145125034568,0.13522437941423823,0.8722810155847975,0.5311424627682396,13.09938934581889,2.8270607106756844
PL,2020-09-09,7.9824851270478545,9.570117027060718,21.45438993339297,2.911587219858472,1.8302587129648196,5.1401961154862175,4.674005150279218,3.3789644936986396,2.0772497824103078,0.22928432484805647,2.3580308714443867,0.48629509988647457,3.0659292833336895,0.2178577514807028,1.3639432302092283,0.8638346287011585,2020,8.870750383116128,-9.257432480683006,0.6495191883467771,3.1090277942476785,0.4637741520180286,0.5917459465984769,0.04328500594472211,0.4657897120157079,43.14128146014149,0.6189257843377587,1.8975826864114063,0.13483777970925448,0.8441796335494227,0.534649525106981,13.278675117013359,2.8928623036352885
PL,2020-09-10,8.143543099188854,9.629309460732118,22.013026894248373,2.8032279096059627,1.8816630925024869,5.255317319799833,4.836710040930167,3.3377697109910143,2.0972253554824887,0.23106196769437026,2.3636152288827335,0.4944175667492383,3.0916344096743433,0.21972035305121607,1.335850156050264,0.8776149603237496,2020,9.772129888151351,-9.701594358717085,0.6495191883467771,3.4249440147800034,0.4913797312998245,0.60495965030630106,0.04328500594472211,0.49328250736461593,42.913851545569656,0.6156629642848056,1.9034048051450112,0.13527368387321573,0.8224334669142257,0.54031502797361175,13.5526053905941,2.97778324118515
PL,2020-09-11,8.305873150363928,9.659927805862004,22.583430434845283,2.6983135635952893,1.931738725228325,5.357158286838885,4.9989091853474745,3.2876157176393814,2.1169628730432946,0.23257503338389948,2.3664916462815575,0.5025510851858611,3.117216470780403,0.22135296051543915,1.3078769221217965,0.8889499662768857,2020,10.417798484946898,-10.241630337944144,0.6495191883467771,3.6512384686439043,0.5184252035306322,0.6320188893044765,0.04328500594472211,0.5202290681953595,42.98303217052889,0.616655463142389,1.9222485665041726,0.13649851238458707,0.8065094491442586,0.548175853164884,13.926195754143441,3.082604658897189
PL,2020-09-12,8.469306572930286,9.660702382128225,23.16676889615086,2.59675251795555,1.9797115924736384,5.444132503145371,5.159259113611988,3.2290887331975062,2.136448636709274,0.23375132018496292,2.3665643060725423,0.5106729658143354,3.142718876676391,0.22270084951161206,1.2800313599988598,0.8977789595134475,2020,10.844305367551824,-10.534637788314242,0.6495191883467771,3.8007209470349648,0.5031771836349417,0.6182420182999877,0.04328500594472211,0.5050355134744748,42.85996215361955,0.6148898408853299,1.9324259100268688,0.13693648992122295,0.7870782792779314,0.5520351615654209,14.245010840381413,3.1723760154550638
PL,2020-09-13,8.633663925706616,9.630482026983293,23.764306808617253,2.498453554780103,2.024746692804315,5.514630172251415,5.31626848265777,3.16283548529434,2.155668971857131,0.23451766367412794,2.3637255372319985,0.5187563610242377,3.1681847410572352,0.22370812350941457,1.2523210293632547,0.9040667357074981,2020,9.868450915922036,-10.344535504446952,0.6495191883467771,3.458702686772346,0.4907144176915227,0.6406597167635765,0.04328500594472211,0.492619763580355,43.12736920454558,0.6187261923596076,1.9602388815261524,0.1384140754588929,0.7748438221097909,0.55936976902328,14.70359906576125,3.2893145558362304
PL,2020-09-14,8.798754906088261,9.568264865232514,24.377410396805228,2.403325366182761,2.065997788734002,5.567070195501211,5.468378088490179,3.089553125182906,2.1746102235292817,0.23480569816809463,2.3578556298537694,0.526772395137045,3.193656900068868,0.22432153372643862,1.2247530025212272,0.907804218745095,2020,8.911700146115733,-9.990167390077314,0.6495191883467771,3.1233799004207867,0.4418756947515495,0.6013615884429987,0.04328500594472211,0.44399067710009316,41.451042577145984,0.5946767961072469,1.8991936531987565,0.13339881097430226,0.7283321915620543,0.5398501042959754,14.496680312163623,3.251917561566411
PL,2020-09-15,8.964413552270491,9.473241172833696,25.00756698967775,2.3112667640162696,2.102880415766033,5.6001153411066795,5.614474356793589,3.0100352347391826,2.1932626896659464,0.23458092417360857,2.3488235445821735,0.5347069974510558,3.2191784586570855,0.22451101936909929,1.197330824336897,0.9090283112944605,2020,10.479374496808123,-10.739946203708264,0.6495191883467771,3.672819679259395,0.4963149702852809,0.6167655797614754,0.04328500594472211,0.49819889749869367,40.88629769678254,0.5865746916680773,1.8882886118112963,0.13169248196251515,0.7023239591101001,0.5332130014151012,14.668805896339013,3.293308564714526
PL,2020-09-16,9.130608927223648,9.344863551869167,25.656434262078076,2.222139994192253,2.1357419394132826,5.613141173716854,5.755200224132972,2.925293471524109,2.2116323875880695,0.2339101320006594,2.3364901213443696,0.5426017603395688,3.24479438858367,0.22431800792519102,1.1700457332808547,0.9078728661066263,2020,10.290647375702,-10.423615563273987,0.6495191883467771,3.6066744446731445,0.45731992820062956,0.5693293343279325,0.04328500594472211,0.4593638084014277,42.10574979617966,0.604069543965847,1.9600814665746769,0.13550367675069738,0.706788992522151,0.5484183482079963,15.498270544483235,3.476541174824145
PL,2020-09-17,9.297347753131296,9.182879885801992,26.32581306427087,2.135803158881144,2.1652323680258183,5.6057748582262406,5.8917769986199735,2.836348089256607,2.2297291716500816,0.232887101302259,2.320707867558926,0.5505097694457128,3.2705499431754097,0.22380228045515654,1.1428853323042336,0.9045045066759284,2020,10.19787223627932,-10.27172363024943,0.6495191883467771,3.574158538507043,0.4582199787334295,0.5830202158428136,0.04328500594472211,0.4602598620889065,42.39760327606685,0.6082566157874797,1.9893336401998087,0.13612921771517392,0.6951675644605223,0.550170850195224,16.01284996232722,3.5837123381550997
PL,2020-09-18,9.464640406475423,8.987374293849637,27.01764413140558,2.05212080304359,2.1920176004114955,5.577737004764446,6.0254665173008455,2.7441547109321935,2.2475627920193872,0.23160072715618257,2.301321724665213,0.5584788194229682,3.296490138923457,0.22301968624632165,1.1158366942390074,0.8990976727381528,2020,9.268288399091745,-10.667395320853345,0.6495191883467771,3.2483572407498245,0.5464666508133432,0.7074748854950216,0.04328500594472211,0.5481782485567874,39.901368760347346,0.572444422610972,1.8870573942188011,0.12766637552415572,0.6387544921617843,0.5146834481414605,15.46609969511118,3.4492447014580265
PL,2020-09-19,9.63250099640106,8.758813449117833,27.73401856804388,1.970964397924141,2.216706325281617,5.528865397290631,6.157440154330067,2.649597360173562,2.2651429009597543,0.23012780648658465,2.278170820198137,0.5665509875886011,3.3226597668361673,0.22201759688099756,1.0888866132124888,0.8918307341632491,2020,6.515587432925786,-10.16060251165387,0.6495191883467771,2.283588371889368,0.35211952677492225,0.5773417986792232,0.04328500594472211,0.35476999996593545,25.04679267852502,0.35933345693553,1.193942820237842,0.07977835058776779,0.39127339093646496,0.32046462070823195,9.965760766769383,2.2125742565290665
PL,2020-09-20,9.800947441149102,8.498089686059615,28.47718962052579,1.8922127341841215,2.2397985934375293,5.459173006409391,6.288686733629289,2.553490613427635,2.2824790586718176,0.2285287832514819,2.2510906927081242,0.5747653672318805,3.3491034026201048,0.2208324212265851,1.062021861129226,0.88288478342101,2020,8.431541930107112,-9.749912351830789,0.6495191883467771,2.955093659152122,0.4259428506308311,0.605154424838128,0.04328500594472211,0.42813654801144124,38.64560369878121,0.5544286069150043,1.8568387339289654,0.12243581166232301,0.5888153009791569,0.4894965805385658,15.788568570162534,3.4866278250509555
PL,2020-09-21,9.97000154286706,8.206558195649459,29.249585886837,1.81575222659499,2.2616605588694223,5.3689324225000306,6.419968054802927,2.4565890251631397,2.299580738724694,0.22684656056924135,2.2199160774532025,0.5831639042956476,3.3758654158626697,0.21948919480914988,1.0352294467098024,0.8724450262208703,2020,10.161327614229789,-10.25089648444118,0.6495191883467771,3.561350349709563,0.4782114035172326,0.6049825516230869,0.04328500594472211,0.4801663651210444,39.77725381547332,0.5706638093096456,1.9264842179328818,0.12525454001209635,0.5907679795689326,0.49787280207645546,16.69168010291205,3.663643425800074
PL,2020-09-22,10.139785127188505,7.88611318326053,30.05373951841922,1.7414907723680728,2.2826552840180208,5.258875796807989,6.552060559447528,2.3596559791747813,2.3164668073259396,0.2251187037383445,2.1844897416890166,0.5918083292833302,3.402987096447429,0.2180114908972285,1.0085018499500722,0.8607200151677088,2020,9.373821021824554,-9.356946297396332,0.6495191883467771,3.2853444000211125,0.47375580157103603,0.5991023441373969,0.04328500594472211,0.4757290733830018,37.64534678550855,0.5400784352549779,1.8378799462422082,0.11774330487138002,0.5446701010727855,0.464856318984417,16.231376612668544,3.538626614642276
PL,2020-09-23,10.310820421891703,7.539341468327043,30.892024528096403,1.6693938952065874,2.3035305959392747,5.130541783362005,6.6864783491132345,2.2636161666148387,2.3331938702161388,0.22340905007408238,2.144683893390124,0.6008123462905786,3.4304980447017948,0.21644675126526133,0.9818514411018965,0.8479888152436398,2020,10.334426087991252,-9.98533345985075,0.6495191883467771,3.622018043289415,0.44637657123163754,0.5487169000513318,0.04328500594472211,0.44847032798630926,37.30307249897928,0.5351680020439362,1.8358927845986892,0.11583537542353073,0.5254554740384615,0.4538164800095433,16.532423045793625,3.578389258804967
PL,2020-09-24,10.48376343132836,7.169362160438162,31.766900172488572,1.5994359595975225,2.32501189014277,4.98591736297623,6.824745194542186,2.169352839164514,2.3498277204725357,0.22177263969873615,2.1003908348864155,0.6103190512377543,3.458424872620495,0.21483824853810235,0.9552944828765134,0.8345475221864671,2020,7.121573547140472,-7.987263316649795,0.6495191883467771,2.495974877049914,0.3740261910129194,0.5367381422449461,0.04328500594472211,0.3765224871150029,26.276946847788885,0.3769818463272879,1.3037633938646895,0.08099011959561458,0.36012867794105974,0.3146092657617176,11.975544679119382,2.572805044151799
PL,2020-09-25,10.659311836036464,6.779745765429638,32.681007450507124,1.5315866030501453,2.3476473752089744,4.827297564554097,6.968102326669223,2.077646494193824,2.3664338609349826,0.22024380291344575,2.051523659691022,0.6204955418986637,3.486794097255533,0.21321565246181223,0.9288462220145645,0.820689480537858,2020,7.485302275319754,-8.142436653096757,0.6495191883467771,2.623454816923783,0.3876868239406776,0.5421942249490476,0.04328500594472211,0.3900957128665279,22.543111471940673,0.3234144299138454,1.1276795251908593,0.06895701868964559,0.30040227137046943,0.26542282048444127,10.569509393615895,2.2535848415610666
PL,2020-09-26,10.838206370429477,6.37446065617166,33.63718477911712,1.4658118938105784,2.3718149052887023,4.657229067885919,7.117506683837465,1.989179219150655,2.3830775183383044,0.21883832289444738,1.9980227681851002,0.6315348721792015,3.5156321448940537,0.2115963844945849,0.9025211219505282,0.8067035543723685,2020,8.872720287343428,-9.06018160723466,0.6495191883467771,3.1097182078801415,0.39811091413300764,0.5334264536192443,0.04328500594472211,0.40045710343487934,28.761163781895693,0.412621629439149,1.4506258641348349,0.0873092449535883,0.3723997359424759,0.3328633350794798,13.879429993305047,2.9368372054290486
PL,2020-09-27,11.02123266222928,5.957797793511238,34.6384852777716,1.4020752960950071,2.397772767518401,4.478419476554406,7.2737152087702945,1.904543260264436,2.3998236542958735,0.21755940020536688,1.9398630153001757,0.6436547323538101,3.544965355191148,0.20998941352201747,0.8763330704166882,0.7928740882355368,2020,8.78877068379348,-9.04931038889632,0.6495191883467771,3.0802954826899893,0.4007712746751554,0.5511098150009878,0.04328500594472211,0.4031019800799588,39.9721977511135,0.573460569725292,2.032897852244338,0.12042064871461608,0.5025424618302684,0.4546820263599724,19.863805501812042,4.171188867640934
PL,2020-09-28,11.209223581774737,5.534275113449902,35.688195836914566,1.340338468316497,2.425760545346704,4.29361097112992,7.437477889010006,1.824251981239372,2.4167369734699435,0.21640754398821954,1.8770614171975886,0.6570906330974824,3.574819985283295,0.2084016217294165,0.8502955634892909,0.7794821159144697,2020,8.972421515788623,-9.228199150220524,0.6495191883467771,3.144661575348437,0.42150874431077867,0.5391892181938243,0.04328500594472211,0.42372539842459767,39.957817775735215,0.5732542676118978,2.0492808125079507,0.11946711903362843,0.4874355605016994,0.4468414494751217,20.45841056688044,4.263565940144115
PL,2020-09-29,11.403090110023143,5.108594757051913,36.7897183762661,1.2805763310851623,2.456222009488893,4.105496367081996,7.60999859875838,1.7487852555581649,2.4338843809524384,0.2153996842776776,1.8096967560690609,0.6720852389729258,3.6052184141883927,0.2068512327527836,0.8244281878154168,0.7668172433965601,2020,9.585265238425402,-9.870696009519005,0.6495191883467771,3.359451540674758,0.4581517978469967,0.5867909384212063,0.04328500594472211,0.4601919834265586,40.65557420183446,0.5832646203108361,2.102796349489228,0.12064900573238073,0.4808597939397098,0.44725736831749663,21.45814112007544,4.438642943270802
PL,2020-09-30,11.603921093968118,4.685752909494259,37.94600070273138,1.222827471005318,2.490174361137417,3.916766710153758,7.793750284606852,1.6787042985795677,2.4513430663367033,0.2145976640975131,1.7379635563391367,0.6888738875045749,3.63616411496119,0.20539055869584305,0.7987800210863815,0.7552112435520424,2020,9.9396488419345,-9.87495258658422,0.6495191883467771,3.4836561936692205,0.4150467395319476,0.5510265999007187,0.04328500594472211,0.4172977207411214,40.19036885609568,0.5765905583974108,2.0965778974700995,0.11842625692799233,0.4605690183948923,0.43544767262767514,21.87930573413643,4.493802828611444
PL,2020-10-01,11.812937683757218,4.270782097788806,39.159464690992216,1.167174088226642,2.529005131751632,3.729776273129207,7.992198186815147,1.6145732142172236,2.4691953447266344,0.21408774002329772,1.6621787571947664,0.7076324165808182,3.667642147778076,0.20409365270648294,0.7734240553803577,0.7450131592974141,2020,10.27883213775362,-10.17815576934809,0.6495191883467771,3.6025334304871204,0.4392364727804119,0.5549161224908149,0.04328500594472211,0.44136410225596295,36.53422140990388,0.5241376907680743,1.922349485900061,0.1069731758299973,0.4053806983715399,0.3904894769059741,20.5249513948506,4.189012301798081
PL,2020-10-02,12.03144878393824,3.8682761090601265,40.432504453589026,1.113684967842382,2.573904299033871,3.5460861315132344,8.208669088180796,1.5567972028703967,2.4875239536529263,0.21393136813830646,1.5827398927156833,0.7284069457181723,3.6996340271605326,0.20302153426096134,0.7484328545089327,0.736532277305048,2020,10.767858155587025,-10.567263783437168,0.6495191883467771,3.773927666136916,0.4424508782503993,0.5746367361694246,0.04328500594472211,0.4445631242064329,39.11780181297349,0.5612029904821518,2.0762456797320175,0.11393629215952615,0.42002275612550627,0.41334411661022247,22.69084241203708,4.606729640165462
PL,2020-10-03,12.260850535233066,3.4822106103478156,41.76761985105622,1.0624053585904338,2.6255651581539787,3.3664238182203587,8.445678001030553,1.5055959753562946,2.506411302916839,0.21414217150833814,1.5001163645352842,0.7510632834718866,3.732121394626884,0.20220635102378184,0.7238729514298381,0.7300194256599999,2020,10.592063904961464,-10.502266966694528,0.6495191883467771,3.712315154493699,0.4440312834710925,0.5718953003750897,0.04328500594472211,0.44613604700877996,39.03710787437287,0.5600453160332406,2.090157105928232,0.11324471976304229,0.4054016558514383,0.4088439599541594,23.391759859441034,4.729962405202143
PL,2020-10-04,12.50263558480245,3.115869594196018,43.16741875359246,1.0133598189022035,2.684043460442723,3.1908358451078462,8.704528290380718,1.4610212681333872,2.525939468867392,0.214678212624649,1.4148501348158689,0.775251929654767,3.765086015182852,0.20164579077724712,0.6998048782759624,0.7256632691368688,2020,10.562276331590642,-10.633061339210458,0.6495191883467771,3.7018751816015136,0.43173264860157684,0.5560365608381089,0.04328500594472211,0.43389707490160295,39.27362572984103,0.5634385161017357,2.121394477390023,0.11361500513369317,0.394297022176564,0.4088666355520118,24.32218636646637,4.90446650329769
PL,2020-10-05,12.75840394170022,2.7718050565696384,44.63461921120169,0.96655489230072,2.74872409960258,3.0189155034341857,8.985109734642673,1.4229824342138233,2.5461901871542665,0.2154441975785474,1.3275536817202989,0.8003901204214974,3.7985097734243665,0.20130360454352736,0.6762832262050643,0.723591515184731,2020,10.096914559278895,-10.615499734059805,0.6495191883467771,3.5387748099293104,0.4439927198826819,0.5737585954515306,0.04328500594472211,0.4460976653698787,38.60207722037718,0.5538041549081588,2.103630494981663,0.11148277259419437,0.37452846056705885,0.4007279875655941,24.71883757190702,4.975991103350857
PL,2020-10-06,13.029758415681762,2.4518539319950596,46.171965880847466,0.9219755890719936,2.818505907840131,2.850093669884139,9.286277714010168,1.391279702272474,2.567235850341832,0.21631298278316216,1.2389114583036294,0.8256704153865738,3.8323728147947445,0.20112372381922333,0.6533536096724365,0.7238800066884509,2020,10.151302222975216,-10.864518264328469,0.6495191883467771,3.5578366424455194,0.4358172403211877,0.5844324867692409,0.04328500594472211,0.43796148084142117,37.9492306289734,0.5444381005175368,2.0864897757618968,0.10949941816515163,0.3557105982163375,0.39410785584408203,25.137777401329114,5.05580339949403
PL,2020-10-07,13.317947953514038,2.1572117496291363,47.78195188057352,0.8795718525473926,2.892372108623276,2.6839605461023006,9.607399677710864,1.365643682596971,2.5891125957001697,0.21717851118798692,1.1496892803798162,0.8501046996349148,3.8666479924775308,0.20106754327917897,0.6310440128989141,0.7265716821339433,2020,10.25648590631746,-11.347789717544774,0.6495191883467771,3.5947015051559843,0.41791641997102874,0.5644271483109427,0.04328500594472211,0.42015202703430565,38.531341725287625,0.5527893491282407,2.137441827069673,0.11114799638011172,0.34883440916166386,0.4016410872618335,26.413354080139158,5.310868214656659
PL,2020-10-08,13.624050570739076,1.8883833391120255,49.46697850741928,0.8392804487523872,2.969593401928831,2.520282636490038,9.948791808552633,1.3457487499564469,2.611836655239807,0.21796699788436977,1.0606969473716428,0.8725582239595826,3.901305346103641,0.20111986033390877,0.6093744346761526,0.7316713179163565,2020,10.2676365222514,-10.84901155586504,0.6495191883467771,3.5986095820789457,0.406267530643978,0.5736354781057023,0.04328500594472211,0.4085668833804207,38.595696581522944,0.5537126151630754,2.1602019857407337,0.11136260382672108,0.3374183118380531,0.4051356388832797,27.39049003355877,5.50877153002666
PL,2020-10-09,13.948628243747596,1.64524239424359,51.229249373681306,0.8010280795420148,3.0504670253364736,2.3590583288956606,10.313862818729676,1.331219883218704,2.635381169650757,0.21869297625763526,0.9727627035474912,0.891811780284973,3.936310645758687,0.20132761937418425,0.5883576571561299,0.7391444355255257,2020,10.372814683061852,-10.979524681780656,0.6495191883467771,3.6354725092479856,0.42587730996420725,0.5729872358469317,0.04328500594472211,0.42807134321510487,36.788115991246926,0.5277801857885811,2.0775067639400895,0.1062567283576797,0.31052351360399655,0.39010578750625785,27.037782752251072,5.443452434667087
PL,2020-10-10,14.292124697247974,1.427128863381718,53.07089778660177,0.7647386657463144,3.1360721050531133,2.2005495222228295,10.708408547201206,1.3216554196218946,2.659708665091473,0.21942658432423143,0.8867090210834796,0.9066471728892073,3.971628713723314,0.20177553035299586,0.5680026146896291,0.7489241581630794,2020,7.197939561929897,-10.377800185432038,0.6495191883467771,2.5227396998960336,0.40928921781636585,0.6411275580764244,0.04328500594472211,0.411571689454422,32.343812153470694,0.4640200436339641,1.842915329039797,0.09362789039866339,0.2635645980524874,0.347515820549362,24.625960306632603,4.968916201322617
PL,2020-10-11,14.655004103897088,1.2329558754615644,54.994023858859755,0.7303359248318939,3.228176969797164,2.0452618356212326,11.140336010313888,1.316646341511236,2.684781854196736,0.22027813482076886,0.8033262124574849,0.9159436861682123,4.007224522217219,0.20257357488343047,0.5483155658633355,0.7609194969694403,2020,8.68556623593083,-9.723114402276831,0.6495191883467771,3.044124304036865,0.3602671446615214,0.5414062947501812,0.04328500594472211,0.3628581089933091,17.496291293674588,0.2510102956015421,1.0058546118634923,0.050848052912551005,0.13763285227028266,0.19099862786327593,13.804066185130646,2.796339035049393
PL,2020-10-12,15.037749070429651,1.0613169836537244,57.00067920803846,0.6977439207487987,3.3293082016294204,1.8938869459310144,11.619815124487229,1.3157926026375744,2.71056364445072,0.22139671210342235,0.7233450909816058,0.9187752106782058,4.043063183694056,0.2038539765829414,0.5293002642359806,0.7750241874270635,2020,8.003243543950461,-9.63754983802521,0.6495191883467771,2.804983293142173,0.37114769328362257,0.5695057894215745,0.04328500594472211,0.37366321998477264,23.6366451891782,0.33910279592277665,1.371014029683097,0.06912745341925167,0.17948719948508549,0.2628128688642953,19.329089688943125,3.9403117968193864
PL,2020-10-13,15.44071179727795,0.9105829493027168,59.092883873997494,0.6668765688914627,3.44302966004974,1.7472296331534372,12.160024406986482,1.318707820244123,2.737007644393989,0.22298386921882143,0.6474084045507424,0.9145007987175345,4.079110508939007,0.20577815144231318,0.5109515571709241,0.7911250568007652,2020,6.70083332030287,-10.25080766314159,0.6495191883467771,2.34851350085271,0.34969288950908983,0.5964737877297402,0.04328500594472211,0.3523616164011783,18.395394707576397,0.26390927001341874,1.0765150767181584,0.0543067617318516,0.13484485246519817,0.20878523622961437,15.595159846174402,3.2091431645931574
PL,2020-10-14,15.863640906669092,0.7789842777840008,61.272718631784976,0.6376089930127811,3.5744509283045023,1.6061261583984972,12.778721856374425,1.3249876388073527,2.764029755224357,0.2253234896915625,0.5760425709740447,0.9028332506677208,4.115334697089645,0.20855483715627912,0.49323724693070253,0.809098902400209,2020,7.129705559139543,-9.830752443622124,0.6495191883467771,2.4988249912157223,0.35052189123966643,0.5743112510969842,0.04328500594472211,0.35318435409551646,27.798595990055865,0.39881216422673627,1.6412455370637016,0.08317420596625023,0.1967090139256706,0.3226784843397042,24.436305525598033,5.096309719592181
PL,2020-10-15,16.306060089553814,0.6647054161402398,63.54222314511818,0.6098167647549705,3.7291269781930496,1.4713354597128985,13.49504962899341,1.334217437900124,2.7915368233531375,0.22869577063450466,0.5096481805358368,0.883841336399514,4.151704616348881,0.2123792489629033,0.4761203618082427,0.8288008095773588,2020,7.139327372781342,-9.43964249257102,0.6495191883467771,2.5021972522704763,0.34627825434966275,0.533750940426025,0.04328500594472211,0.3489730952023155,26.22605003708261,0.37625165595230387,1.5620857369260908,0.07990804411219898,0.17914107456296136,0.3118376770580913,23.907866681241526,5.077534770067294
PL,2020-10-16,16.767393807215417,0.565948911777134,65.90334682970894,0.5833867434756237,3.912338834762795,1.3434845862183145,14.327416779381451,1.3459741330333015,2.819436155720793,0.2333301692406855,0.44849197365020804,0.85793640910906,4.188189226709143,0.2174004427484207,0.45956606153095125,0.8500602512806265,2020,6.329557316538949,-9.62564052653742,0.6495191883467771,2.218388385706166,0.3361034270053865,0.5338599623808884,0.04328500594472211,0.33887918995476807,19.170638324659915,0.2750312916019422,1.151883092495155,0.05979192456393223,0.12639504747927516,0.23379316884918222,18.12548259946561,3.940487942152619
PL,2020-10-17,17.246953307218085,0.4809808144674066,68.3579296461542,0.558216034701256,4.128610256772526,1.2230434280592497,15.29212611518876,1.3598233392139956,2.847635508006827,0.23938200464917164,0.3927045807570571,0.8258334045327138,4.224757571746544,0.22370668910463543,0.44354159939001137,0.8726795957241599,2020,6.061001198209925,-9.509450493537631,0.6495191883467771,2.1242646193797707,0.3485449622029582,0.6321389840918755,0.04328500594472211,0.35122241160936213,15.9234497929636,0.22844554725567012,0.9651270555001752,0.0511047970172625,0.10132510340330635,0.19935976782406267,15.616064647280293,3.493418119087021
PL,2020-10-18,17.74392259754054,0.4081635084383961,70.90768152045634,0.5342110551898521,4.3813088681906756,1.1103168217558337,16.402280590226468,1.3753185558894152,2.876043068422017,0.2469188446977312,0.3422863791457687,0.7884857227887805,4.261378770694172,0.23131881114311334,0.4280162783506599,0.8964337411316758,2020,5.576195382394792,-9.534529573240976,0.6495191883467771,1.95434948355868,0.31099770146901023,0.5728314661417979,0.04328500594472211,0.31399548095258034,16.64094790419426,0.23873912376114742,1.0173578337298823,0.055224850281777225,0.10218423124894392,0.21401380586770355,16.92843775412825,3.9158660957951428
PL,2020-10-19,18.257344508014143,0.3459774955116837,73.55416038345246,0.5112866927152713,4.672390012320748,1.005449998052465,17.66710222559088,1.3920019925110043,2.904567437867023,0.25591837905396275,0.29712051155206753,0.7470035727976532,4.298022010824334,0.24019174623826534,0.4129614023644562,0.9210707665334149,2020,8.08288864071331,-10.228004004932986,0.6495191883467771,2.8328973712998162,0.3792539773394203,0.5676119083355051,0.04328500594472211,0.3817160869905854,25.233356496492863,0.36200999211150703,1.5559269142336007,0.08695181216096354,0.14949615401231367,0.33343682092690125,26.627341020182147,6.395667537319343
PL,2020-10-20,18.786219213440347,0.29302786074628,76.29893794835696,0.4893667669561679,5.002368883246702,0.908431047622008,19.09185943905109,1.4094183948411692,2.933123580483287,0.26627863895401715,0.2569866469251585,0.7025610779165274,4.334659018774885,0.2502244454827594,0.39835104100408797,0.9463205612688741,2020,7.626059148032172,-9.963688724783864,0.6495191883467771,2.672787399917801,0.39752188535791216,0.6246060480996366,0.04328500594472211,0.39987153071723386,29.792873677475107,0.42742304086501215,1.852733138917711,0.10695169338700247,0.1702644132777104,0.4044792119306272,32.61192407265761,8.160300617206602
PL,2021-06-22,9.056841949097928,1.123968592962516e-4,19.252940344743465,0.00225940785296965,2.4273784867613584,0.00151165980056909,4.898468346561903,0.02237775538189871,2.2035204885502435,0.26801599281558935,1.1239054324247984e-4,0.0015114899138499154,2.9576637942509145,0.2544270256308828,0.0022568592292449676,0.022327308884868557,2021,11.51007356097627,-15.087995953753284,0.5762331006400347,4.877588184340028,0.6839583146719673,0.9224570481846713,0.02135748839519543,0.6842916911080162,59.83101225510544,0.8583647711514163,2.5387544058950158,0.21839119563038825,0.0019372084558318184,0.019164975381387183,16.526045733007592,4.204672661289065
PL,2021-06-23,8.966628582623626,1.8195496081544304e-4,19.063525328237823,0.00343913797093254,2.2933791626032765,0.00229143032135791,4.62474113735882,0.03192497808665008,2.1935097506396186,0.25576827917770584,1.8193840901939692e-4,0.0022910134600935507,2.9477768406319598,0.2425963224392934,0.003433237660059912,0.031815559986234934,2021,9.691700085037708,-14.206770832288797,0.5762331006400347,4.107021694563141,0.6250241276801113,0.9257465667327364,0.02135748839519543,0.6253889209866409,60.217372705633046,0.8639076858907668,2.5466070689127522,0.20958082752414028,0.00296600040201539,0.0274857068030271,16.469126051237957,3.9953494138194907
PL,2021-06-24,8.877659237621906,2.943534358896506e-4,18.87580478481124,0.00523175595978459,2.1701720666175723,0.00346434637693007,4.372120800518758,0.04544665820091554,2.1835379228887564,0.24445318394524287,2.943101224165106e-4,0.003463326934747218,2.937880931832025,0.23162566313659189,0.005218117871326116,0.045210129834710164,2021,10.294353405964705,-15.030374033856084,0.5762331006400347,4.362406223761361,0.6715397977640719,0.9794137272220288,0.02135748839519543,0.6718793361099606,59.821050260238614,0.8582218515329479,2.521353612900223,0.19878620547963277,0.004478302781046664,0.038800321334789924,16.19962813159518,3.752249608546923
PL,2021-06-25,8.79032058773706,4.755176968065787e-4,18.689723474273876,0.00794941311467128,2.0586677994499536,0.0052200643761712,4.1423564362428635,0.0645173554827082,2.173651182901976,0.23419712385938446,4.7540467409466335e-4,0.005217583322966567,2.9279738259740635,0.22163818752828285,0.007917982987735685,0.06400852527245657,2021,10.366776553324009,-13.8688038072892,0.5762331006400347,4.393096756359703,0.6030601474377096,0.8473722789028161,0.02135748839519543,0.6034382186588308,53.5847168651861,0.7687523826788354,2.2508868551388272,0.17038488475498598,0.006086968287832292,0.049206706314959436,14.367769452456603,3.1844463802667105
PL,2021-06-26,8.704984934431522,7.665714635367326e-4,18.505227766068984,0.01205751265131966,1.9595036488156985,0.00783325780023314,3.9367530258345518,0.09128393683170644,2.1638958425387607,0.22510132568582827,7.662777977000541e-4,0.007827257647882523,2.918053274115195,0.21273734512216846,0.011985399933593845,0.09019639268579409,2021,11.475869363967677,-14.58761463634149,0.5762331006400347,4.863093577828599,0.6205406413497031,0.8261800467963181,0.02135748839519543,0.6209080687809201,59.58963476263549,0.854901852369403,2.4946491493536813,0.1818695504130908,0.010246340604617498,0.07710906318412343,15.820153495730084,3.3655374541068106
PL,2021-06-27,8.622010959876144,0.00123231501663807,18.32226560621067,0.01824562661161352,1.8729802807525335,0.0116973074722009,3.7560343720544256,0.12864331685509184,2.1543183474765524,0.2172324170624157,0.0012315563397099082,0.011682910446219986,2.9081170200609514,0.20499835843342692,0.018081172532608002,0.1263381972807234,2021,12.58931033909418,-14.953242780078105,0.5762331006400347,5.334933007478293,0.6775968875050188,0.8295470908472014,0.02135748839519543,0.6779333922053404,58.95451996413616,0.8457901868949109,2.4596568379096233,0.17338559989255808,0.015292878295633652,0.10685560749002918,15.496792451415121,3.176817013523622
PL,2021-06-28,8.541744620048055,0.00197408930918907,18.140786485535244,0.02752825715441133,1.7990091975595717,0.01736849597488488,3.6002178484207774,0.18045814970254645,2.144965274998347,0.21061378881981263,0.001972143355458859,0.01733427656483571,2.898162800171342,0.1984598546094708,0.027156167890316007,0.17562353973826356,2021,13.755966998491743,-16.464227640403536,0.5762331006400347,5.829323482648854,0.7652974874574677,0.9661439601435092,0.02135748839519543,0.7655954457931838,60.397638492570266,0.8664938664536336,2.5112402903325557,0.17196424675638633,0.02353065291334393,0.15217671998808135,15.718880222361257,3.119566683553501
PL,2021-06-29,8.464520169180206,0.00314903763738759,17.96074140921001,0.04138605707546717,1.7370840369384366,0.02562217101112245,3.468527221212915,0.25180831537510934,2.135883329888738,0.20521943385087052,0.0031440898029233646,0.02554173911333024,2.8881883431584257,0.19311715158007367,0.04055257302199098,0.24180112040511148,2021,14.275761727375247,-18.008777134272442,0.5762331006400347,6.04959528321147,0.7643944723228806,0.9633474818588685,0.02135748839519543,0.7646927825135569,61.43660569269865,0.8813993946965712,2.5456474574295296,0.17021334050820294,0.03574301331497135,0.213123361162018,15.830586606379343,3.0571577932656435
PL,2021-06-30,8.390661307798984,0.00499851352068345,17.782082867442114,0.0619606381421077,1.6862871556193786,0.0375212614010865,3.3593698321799925,0.3492680798833154,2.1271193383263016,0.20097190123167072,0.004986062426048081,0.037334643679862806,2.878191369874913,0.18891880423810134,0.0601168582365434,0.3288898546130272,2021,16.054183839249063,-16.295895315654636,0.5762331006400347,6.803231707313438,0.6483116575566957,0.7414993955765385,0.02135748839519543,0.64866335462585,60.913897336374646,0.8739003666550275,2.515252493437022,0.16509621229170612,0.052536144455063584,0.2874169645354432,15.539768737747746,2.9357545280719335
PL,2021-07-01,8.32048244780806,0.00788925465929562,17.60476480733457,0.09231832537731809,1.6453369258463355,0.0544953253844385,3.270395406027869,0.4811859305146425,2.118720239667356,0.1977453754835793,0.007858297203991942,0.054068763142891094,2.8681695930934423,0.1857676283562359,0.08830234159866002,0.44051804252979737,2021,11.923154660762442,-14.515962551499532,0.5762331006400347,5.052638281180618,NA,NA,0.02135748839519543,NA,56.171576798174115,0.8058647321225062,2.3113567208201644,0.14970358006233134,0.0711597428581942,0.354997954338406,14.187059075542397,2.6354963178133235
PL,2021-07-02,8.254290089419936,0.01237185985723217,17.42874260583605,0.13679933426556184,1.6126724335035834,0.07842444143977892,3.198637129669286,0.657924811021103,2.1107330760265874,0.1953738499656865,0.012295953823700165,0.07746604241927327,2.858120717276042,0.18352655736611867,0.12821671217915537,0.5787519320163577,2021,13.72406453923137,-12.5996662665781,0.5762331006400347,5.815804276406127,0.6089238139941686,0.6964661681587542,0.02135748839519543,0.6092982468050895,61.27090595000151,0.8790221856813931,2.5123515198412574,0.1613239155865472,0.11270533458060325,0.5087357882483478,15.320251419060423,2.8116730009235535
PL,2021-07-03,8.192384306195054,0.0192618578483424,17.25397304373382,0.2014674328117111,1.5865643116080892,0.11171611362555216,3.1407175069302515,0.891993746590449,2.1032049795741266,0.19366331611278714,0.019078696545399766,0.10960491925145166,2.848042438333346,0.18202865502162566,0.18354367038525546,0.7424202456349381,2021,16.219595911424012,-15.002264632893944,0.5762331006400347,6.873327868255723,0.7219029396162231,0.7491356532079865,0.02135748839519543,0.7222188010133046,65.23715963494146,0.9359239880792195,2.6655512371038097,0.17036498475253634,0.171782923973666,0.6948489171254051,16.148407261302705,2.9394728545163846
PL,2021-07-04,8.135060336014979,0.02974882919709305,17.0804142806402,0.2946689489950486,1.5652366564094995,0.15735446324955377,3.093089429983741,1.1979680179297607,2.096183157486149,0.1924062750315436,0.02931491735558986,0.1528085867038517,2.837932443373072,0.18108983653222066,0.25825502462891686,0.9253083723523692,2021,13.717550435687698,-14.602402265727372,0.5762331006400347,5.813043814945316,0.8033080710007305,0.9184237436829196,0.02135748839519543,0.8035919357767758,55.456175005579354,0.7956012304226914,2.257862543804091,0.1440752967620788,0.20546801535760872,0.7361764795639628,13.58919861780665,2.4608657563024856
PL,2021-07-05,8.082610277495398,0.04553790808364428,16.90802583092453,0.4276957255755832,1.5469865963967917,0.2188893156034244,3.0522814658152035,1.5920576950407772,2.0897148745077194,0.191396905614032,0.044531497558879224,0.2093556951986795,2.8277884104372615,0.18052264033289006,0.3560617638851705,1.1151239486963727,2021,15.531684850020078,-14.40197103318561,0.5762331006400347,6.581813930729155,0.7068779590086057,0.7555664460236122,0.02135748839519543,0.7072005311386035,54.88048440956999,0.7873420934288085,2.2264368468473963,0.1421330735509935,0.28034241456730424,0.8779840241992013,13.312400453468488,2.4031896790288942
PL,2021-07-06,8.035324893133328,0.06902439669459927,16.736768540543437,0.6155200543938854,1.530293791098247,0.300319588792235,3.015124623956043,2.0911530710162394,2.0838474331116936,0.19044578924319236,0.06674645376060058,0.2809286576815429,2.817608008227741,0.18014974734532255,0.47965691994345677,1.2944148018025088,2021,17.752625871521886,-15.13634387510041,0.5762331006400347,7.522975221072331,0.7441449267531471,0.7196593243147675,0.02135748839519543,0.7444513512130915,65.73263576723771,0.9430323294038837,2.657095443346044,0.16988703588058063,0.4523319825289702,1.2206750057586864,15.783313823482317,2.8433599975722763
PL,2021-07-07,7.993495522394739,0.10349453545699976,16.566604564724635,0.8775261218403324,1.513919302004868,0.4058143196602029,2.9789509860474706,2.711169594087189,2.0786281512668685,0.18939390129930528,0.09848199469242436,0.36775380993811585,2.8073888958192765,0.17981662895428602,0.6299550176567473,1.444011650516866,2021,12.18388855285004,-12.447242638610977,0.5762331006400347,5.163128674188635,NA,NA,0.02135748839519543,NA,47.161028209247014,0.6765950242241052,1.8994653579733274,0.12166303642322208,0.4262244304315636,0.9770110976613492,11.208882216781037,2.0155434145672104
PL,2021-07-08,7.957096717814188,0.15333214453780655,16.397607384880818,1.2380488532684049,1.497105592581148,0.5392191363684535,2.942047102620458,3.4644763772056195,2.074064199381748,0.18814721570864637,0.14265526965342548,0.4675315250010165,2.7971354330211975,0.17941929170307683,0.8056044386364735,1.5479896125351165,2021,17.14611700195164,-14.264920263062946,0.5762331006400347,7.26595683798023,0.7264109620957355,0.7135973483416459,0.02135748839519543,0.7267248641428219,66.405619358043,0.9526872789716297,2.664795344600096,0.17093047680762136,0.7674891005720492,1.4747500118424275,15.621791961147208,2.8028508488018513
PL,2021-07-09,7.924839416973307,0.2241911531074674,16.230283618468327,1.7262930911969612,1.479901590760387,0.7033337737955826,2.904484527480102,4.356170704819731,2.0700020567155653,0.18674215500073793,0.20228034273617243,0.5745293715039937,2.7868788563256524,0.1789546378705982,1.0029428444416024,1.597836534481765,2021,17.263590822072057,-14.249525798558402,0.5762331006400347,7.315738354488629,0.6696865535778853,0.6841208197908104,0.02135748839519543,0.6700270310618646,60.41944401734821,0.8668066991064735,2.415685262261263,0.15511907894240753,0.8693575763828827,1.3850154121658658,14.0685185688864,2.5176266458708523
PL,2021-07-10,7.89514305565572,0.3230621601706845,16.0652286569827,2.3755948285116113,1.4626873620412295,0.89895152382584,2.8669751211679975,5.380184218955985,2.0662477673225093,0.18526419999361848,0.27994886828509036,0.6794476865016447,2.776657225705416,0.178458407432743,1.2165715542800042,1.593847748999026,2021,17.004950865946576,-13.63712613620202,0.5762331006400347,7.206135302230736,0.7330167143797324,0.7299093049592901,0.02135748839519543,0.7333277888302127,66.54356381406436,0.954666297159046,2.650781072144099,0.17036822702071713,1.161419860953517,1.5215927287721807,15.336932354975069,2.7370045229725597
PL,2021-07-11,7.866451779287748,0.4581338789388873,15.90301521672267,3.221506507925759,1.4459440377405277,1.1238203774899551,2.830377253252379,6.515647042667595,2.0626071067981253,0.18381146650484495,0.37715745306015264,0.770725098512752,2.766508727519367,0.17797739703324447,1.4401920567407642,1.5434411934305092,2021,16.455598990584996,-13.681981166439469,0.5762331006400347,6.973338161351178,0.6586822113214211,0.6802335520045745,0.02135748839519543,0.6590283740642949,65.96557045637596,0.946374123627302,2.618152272513423,0.1684332031428051,1.3629604955530423,1.4606728068030752,15.050202088757565,2.6785957925813704
PL,2021-07-12,7.837231231648066,0.6383311761814998,15.744194215145953,4.2983316275603896,1.4301557571255,1.3718413188204988,2.795543679959506,7.724774432743242,2.0588856127583472,0.18248227146218282,0.4936781482555856,0.8373406663833891,2.75647167605355,0.17756028932050305,1.6673919837494122,1.4579635582946902,2021,16.803747430723842,-13.827060497749034,0.5762331006400347,7.120871946345825,0.7162026157523843,0.7044684299003027,0.02135748839519543,0.7165209900073468,65.47983404869541,0.9394055131240918,2.5894446892551106,0.16680111469958936,1.566357222073114,1.3696190045960501,14.790182845404543,2.6261491451331715
PL,2021-07-13,7.805968123588788,0.8724270603469519,15.589295826957487,5.634027751314663,1.4157256045917723,1.6329683313684231,2.7632063045383295,8.953951937538557,2.054888585171913,0.1813645126622543,0.6272354825648064,0.8721131871838264,2.7465845137979645,0.1772502321599484,1.8922121237109653,1.3497007056933332,2021,15.365253155771148,-14.48257889232459,0.5762331006400347,6.511285687702061,0.5788095029406938,0.6531410397191728,0.02135748839519543,0.5792034038271908,64.68546744700583,0.9280091439073664,2.5488555433188793,0.16448983620413565,1.7559901530161526,1.2525345964216386,14.467009074493498,2.5642807171140527
PL,2021-07-14,7.771172513644408,1.1677050950155514,15.438830707741152,7.243829300052175,1.4029075300588985,1.8942870704584776,2.73389685492,10.139332349419124,2.0504210556518334,0.18052713764823938,0.7736690480406461,0.8738675176868962,2.7368858103649507,0.17707926893383202,2.1094649568521935,1.2299299245988697,2021,17.235081334663565,-14.238164196734733,0.5762331006400347,7.303656977407191,0.7017569384682443,0.6949405260368061,0.02135748839519543,0.7020818634595783,65.96178017318879,0.9463197463831617,2.5899690859442344,0.16757360886717962,1.996228342972535,1.1639069743154637,14.610070359802176,2.587140578385618
PL,2021-07-15,7.731375956690756,1.5283454230206306,15.293358352362764,9.12385023660293,1.3917951700356208,2.1424813361424753,2.7079831522497204,11.2173310195764,2.0452868489180442,0.18001907782419468,0.9275651058034708,0.847384742857975,2.7274186395352333,0.1770692276906823,2.3148940496658095,1.1080103673422563,2021,14.360657262028372,-13.920814196765196,0.5762331006400347,6.085571200700931,0.811797048277967,0.8747555571704834,0.02135748839519543,0.8120779457067965,64.86405462934756,0.9305712423931438,2.5380573519185203,0.1647755312017127,2.154173831806008,1.0310825841221671,14.23155948232178,2.519971246368724
PL,2021-07-16,7.685118956233088,1.9539940986545643,15.15368507185966,11.247016208488274,1.3823428331827745,2.3672471022051216,2.685792564628147,12.138446724344623,2.0392858558861264,0.17987266573949545,1.0831581863599224,0.8013716423073816,2.718243741444197,0.17723692632465052,2.5052823325042888,0.9911350256833659,2021,17.364196213269388,-15.353224788847632,0.5762331006400347,7.358371589175218,0.7579405393386758,0.778650530901719,0.02135748839519543,0.7582413886642918,65.69048542807921,0.942427620159262,2.5617479802620626,0.16703297468048284,2.3610472664490616,0.9340730235112634,14.281251358915634,2.5311650949239453
PL,2021-07-17,7.630981864394594,2.438683194009884,15.02065755130299,13.560871156421502,1.3741371435107663,2.5639139286171964,2.667198551169532,12.876882025089126,2.0322165217347066,0.1800734385076125,1.2350886056625918,0.7456092300341836,2.7094264237600996,0.1775686944502747,2.6783378731504732,0.8843483255059421,2021,15.1894993518762,-14.123847031578196,0.5762331006400347,6.436807043174779,0.6637357439475519,0.7150422213599142,0.02135748839519543,0.6640792724548485,66.10653944516899,0.9483965332313523,2.5696106273394994,0.1684055342270578,2.540126353718142,0.838712886078787,14.24553954851109,2.52956185936887
PL,2021-07-18,7.567604316484565,2.9706936943817994,14.895098136920716,15.989577446722071,1.366376947748095,2.7339216359835117,2.6515656461538155,13.433509449279796,2.0238765466201234,0.18055607700996026,1.378940813536083,0.6885249395720912,2.7010321747249924,0.17801599034660523,2.832600064669561,0.7906912041459645,2021,16.75218749448463,-14.401850921192036,0.5762331006400347,7.099022552034537,0.7995250010368704,0.776829433930083,0.02135748839519543,0.7998102084829617,65.64289099977042,0.9417448073666391,2.5436830250774825,0.16764563453714523,2.6675864022489653,0.7446293357349373,14.027381325661585,2.497098178657123
PL,2021-07-19,7.493700005642947,3.5335912184267873,14.77780871038886,18.440377972568587,1.3579606317291442,2.882500463859433,2.6378593966208213,13.829951083587956,2.0140626682975977,0.18121363688252334,1.5115143888735993,0.6358095216312194,2.693126644067552,0.17850139004481735,2.967352241876643,0.7114034049699423,2021,11.67749304380566,-11.689857832299497,0.5762331006400347,4.9485350194710875,0.6461901767884837,0.7488073633961847,0.02135748839519543,0.6465430278709088,46.80788165918833,0.671528612238101,1.8085115978721376,0.11986879073936818,1.99266193300904,0.4777277412809251,9.92372137520755,1.7713980598920145
PL,2021-07-20,7.408073336180096,4.108218370977911,14.66957497147243,20.813142705655068,1.347621100559809,3.014758355338882,2.6248076950879824,14.095924798718846,2.002570396887223,0.18191249457240083,1.6308506880352653,0.5901780496438996,2.685775619102076,0.1789286806326961,3.082512664544266,0.6462124687363123,2021,12.482821272000306,-12.384640278417288,0.5762331006400347,5.289806465700187,NA,NA,0.02135748839519543,NA,44.337228576495285,0.6360834227287191,1.708377348479793,0.11381356760117921,1.9607352062679408,0.4110450389237689,9.331073457829735,1.669596662696244
PL,2021-07-21,7.309852721086066,4.67521227797926,14.57116980967955,23.012129039557554,1.3341916226414987,3.132791691806912,2.6111987500058707,14.257179383720384,1.9892231259644761,0.1825196311811971,1.7361079684792098,0.5520131297929858,2.679044905912033,0.1792030965332149,3.1785590793364076,0.5937490740714046,2021,16.360661986840945,-12.993343390640383,0.5762331006400347,6.933107001640036,0.71377784136986,0.7180614877097927,0.02135748839519543,0.7140972966908417,51.99283600092017,0.7459144863729886,1.9983384049635458,0.13367018570702208,2.370933263069416,0.4428860356204094,10.868846644440719,1.947730974428419
PL,2021-07-22,7.199353681500701,5.217663766054244,14.483341258098733,24.96096992470283,1.317168135703111,3.2358296947072716,2.5964827050185817,14.33237889271166,1.973991255534524,0.18295644219948204,1.8273942358828004,0.5204253263699306,2.672999110207611,0.1792737365465784,3.256594253414625,0.552074091772429,2021,15.664129976706686,-12.0372960246593,0.5762331006400347,6.637939791400477,0.6929215950844154,0.6843495847204126,0.02135748839519543,0.6932506611932523,64.96299331248488,0.9319906648115226,2.491210217763,0.16708144890729137,3.0351154432612804,0.5145278998162037,13.498338847827592,2.4198976424218883
PL,2021-07-23,7.078260166269728,5.722751129849561,14.406757807714913,26.611467108234983,1.2969108477650912,3.3222793557873405,2.581009995548064,14.335128391848633,1.9570281382793575,0.18322452372481365,1.9054974650789187,0.4941844925712258,2.6676973887012334,0.17915273026703596,3.318231161373342,0.5191730064779227,2021,15.152813726648446,-12.488736227028424,0.5762331006400347,6.421260889520933,0.6043866820705792,0.6242605539261975,0.02135748839519543,0.6047639240024444,66.24021842340386,0.9503143568020297,2.535151128086067,0.1702514116330458,3.1533627118409595,0.49337756172004316,13.690948779641216,2.4527708538188677
PL,2021-07-24,6.9493062584744925,6.182150752036814,14.341981971267078,27.94467612954865,1.274477887923014,3.391728422467305,2.5658819239582833,14.278038569457978,1.9386418356699269,0.18339641980360594,1.9715988858421358,0.4722441145509835,2.663191038401099,0.178907066617348,3.3653862883009356,0.4932872112838052,2021,15.31804686131023,-12.728426802507547,0.5762331006400347,6.491281222668084,0.6536646547826784,0.6883896304308116,0.02135748839519543,0.6540134732730734,66.0057163240424,0.9469500757500113,2.521908955550672,0.16941606028551,3.1868528006346204,0.4671183620917112,13.581140914096656,2.429762082257881
PL,2021-07-25,6.815317319827872,6.591313073535871,14.289565024901457,28.96363849072484,1.251059201895913,3.445534069996234,2.552374236026824,14.173711274183612,1.9191726260348618,0.18356580378967738,2.0270045769105427,0.45387853677221324,2.659529552353336,0.17861804971522746,3.39998459622594,0.47303037909001083,2021,15.580669812332657,-12.908954268316792,0.5762331006400347,6.602572136323621,0.6542669970259712,0.646607029369008,0.02135748839519543,0.6546154945522854,65.3584589399969,0.9376642068437089,2.4937456682847947,0.16748375191419893,3.188043859701024,0.44354365522241396,13.398813655215827,2.393269963592409
PL,2021-07-26,6.678962296580756,6.948598908928692,14.250076987101782,29.687202148805984,1.227745219908802,3.486681919785253,2.5416741489215844,14.035761197149087,1.8989626306580574,0.1838227505098115,2.0729956752639174,0.4386536494964729,2.656762309303699,0.1783621345500195,3.423845699562414,0.45738158627456393,2021,15.138875371776376,-13.174778340338532,0.5762331006400347,6.415354276094616,0.6505269533229592,0.6888805733033732,0.02135748839519543,0.6508774533736765,63.91027632758255,0.9168878754757832,2.4359531494216045,0.16353807861289318,3.1392826094286783,0.4193676309210286,13.065722814070103,2.3304302105564307
PL,2021-07-27,6.542741007371001,7.25438688481566,14.224111707104925,30.144627874382195,1.2054415159669167,3.519204574030836,2.5347612848766783,13.878544056952022,1.8783561919421625,0.18424105655548273,2.1107448026350704,0.42634354593974527,2.6549385321648478,0.17820172795820835,3.438641770469123,0.44561598593919066,2021,13.235591440470678,-13.67285843274328,0.5762331006400347,5.6088055459235555,0.7876953692470201,0.8851983034132297,0.02135748839519543,0.7879848583848235,60.40946066313522,0.8666634730564474,2.3009382490373738,0.15444092845692106,2.980145219391741,0.38619909802353203,12.327518053222427,2.196785018520245
PL,2021-07-28,6.408980265397026,7.510227428693834,14.212292292670826,30.370692482191288,1.1848237455717738,3.547470173940126,2.532331571924069,13.715819293233531,1.8577001733157616,0.18486930783182492,2.141268667104071,0.41684786965612247,2.65410724455796,0.17817896788049975,3.445874096622359,0.43721761325542347,2021,13.107075173653834,-13.188284947995458,0.5762331006400347,5.554344606017263,0.763979785364687,0.8394832195248176,0.02135748839519543,0.7642782574144211,61.74665975579206,0.8858475809277684,2.3511344821145337,0.15783940766914725,3.052519232674576,0.3873081650413295,12.589924746900818,2.24325979709595
PL,2021-07-29,6.2798838910179935,7.71815899904364,14.21519738051894,30.401462634611992,1.166378187386477,3.575639631031327,2.5348292646169814,13.559528029995754,1.837351491617787,0.1857324446801838,2.1654080916682017,0.41013700615274,2.654311630375464,0.17831826015239227,3.4468544725494867,0.43181198875271115,2021,13.41974120655144,-12.46579100251022,0.5762331006400347,5.686842121313463,0.6485173104173877,0.7228803263237552,0.02135748839519543,0.6488688960194912,36.72435490685752,0.5268654382931365,1.3984650605043385,0.0939497282908597,1.816028492412443,0.22750681271442807,7.489496198310557,1.3355139315006948
PL,2021-07-30,6.157675213432269,7.880225412563398,14.233128019195808,30.2705391983932,1.1505485482363162,3.607356974778239,2.5426241270998635,13.419306704034238,1.8176993058951287,0.18684787819379062,2.183826940979583,0.40622358185578156,2.655572206581573,0.17864127433342128,3.442676414633948,0.4291357631826116,2021,16.257082873077604,-14.27913482593617,0.5762331006400347,6.8892136017620915,0.6242237549197106,0.6507949785382877,0.02135748839519543,0.6245890156868065,62.82033824417779,0.9012510941767821,2.3933373568470944,0.16100064395813063,3.1027158855854466,0.3867590761187171,12.827622200858437,2.2915427766290373
PL,2021-07-31,6.044466371141566,7.997975807014335,14.2663495689096,30.007796846501787,1.137585803919622,3.645300300565816,2.555791587149447,13.301697730728318,1.7991432040976658,0.1882028510160734,2.196999641708357,0.40512448341149543,2.6579035871943306,0.17914825196203224,3.4342386840389896,0.4289791305256497,2021,14.720258168447174,-13.845359797870678,0.5762331006400347,6.2379581618210596,0.6584499500197866,0.7148617951166718,0.02135748839519543,0.6587962348037596,62.412934812866105,0.8954062866112152,2.379903581180304,0.16041047104221365,3.075038907411938,0.3841106102976798,12.774179090994856,2.2884718544016702
PL,2021-08-01,5.942237119494492,8.072194367692118,14.31517360702279,29.638551477480025,1.127537017415317,3.691064469139568,2.5740688656474795,13.210114454823062,1.78208568191477,0.18974958332043756,2.205214171766038,0.4068546505445452,2.661320066106493,0.17981401667281793,3.4222590682157032,0.43115988902193275,2021,15.655128610951182,-15.947886205964158,0.5762331006400347,6.634125310544262,0.6930125419915155,0.7969572828366955,0.02135748839519543,0.6933415649361381,51.92403054983698,0.744927369942112,1.9824901574188774,0.13394838251880933,2.5493344469464665,0.32118280215364126,10.663764625344223,1.9174943501366524
PL,2021-08-02,5.852867487181981,8.102763345949068,14.37996051616428,29.18300719227673,1.1203112389059466,3.745207904877321,2.5969295268043564,13.145418081926907,1.7669317098993629,0.1914123703226622,2.2085780318161126,0.4114363696540591,2.665835606542558,0.18059364793701554,3.40727909026699,0.43552380311828487,2021,12.244104102048269,-14.20193205193214,0.5762331006400347,5.188646030765627,0.6568953502037338,0.8320896530625222,0.02135748839519543,0.6572424540683879,36.11580524641372,0.5181348891960578,1.3812624366108337,0.09357186976335742,1.7654301738955314,0.22566007747093822,7.450759248686465,1.3455597926207459
PL,2021-08-03,5.7781760759262415,8.088607727328984,14.46112236656195,28.65603998324068,1.1157637059183991,3.807345884215593,2.6237083090240896,13.106800946758147,1.7540880750872194,0.19309963754255138,2.207021731148041,0.41891409536436436,2.6714638324295037,0.18143185864264708,3.3896658140819667,0.4419605906306137,2021,16.198310516337287,-13.703701310565458,0.5762331006400347,6.86430782237817,0.6796696142228857,0.6976774936985822,0.02135748839519543,0.6800050932224238,60.383459563878,0.866290448653677,2.314263601957426,0.15717268622360925,2.9364351188670983,0.38286623834463845,12.527532182964675,2.272893448160859
PL,2021-08-04,5.719812441074003,8.027720931194644,14.55904210698619,28.065991420789157,1.113810538088933,3.876220375679122,2.653852428493255,13.092415661612064,1.7439360148320746,0.19472850719556006,2.2002999470015165,0.42936865297697896,2.6782122512489814,0.18228207659484671,3.369568811040829,0.45043760840883773,2021,14.332305481153712,-12.440166130724949,0.5762331006400347,6.0735566544283435,0.6366297097935752,0.6858849209771753,0.02135748839519543,0.6369878567935207,60.76739332792991,0.8717985489698236,2.3348615544720666,0.1589132498785936,2.937585200119368,0.39269085341226234,12.692551783261123,2.3136246963404625
PL,2021-08-05,5.67869136965948,7.917332400371771,14.673741803960214,27.410350873146022,1.1145864996426615,3.94954736631892,2.6874298024554615,13.098534168834618,1.7367208135230081,0.19627523791797427,2.187996843610795,0.44290682336280973,2.686059624659299,0.18314550156049264,3.346753546129361,0.4610479549274272,2021,11.008748124111836,-11.870575318918052,0.5762331006400347,4.665143058389707,NA,NA,0.02135748839519543,NA,51.82138498952783,0.7434547668628125,1.996963832030693,0.13616039616462894,2.488159877384895,0.3427682998431469,10.909263291868347,1.9979824972446996
PL,2021-08-06,5.654823720247495,7.754326448839166,14.804816290286816,26.676233991962427,1.1184743255716407,4.0235706964945805,2.7253069095185785,13.11914666309336,1.732508936712188,0.1977911922465177,2.1695480294646656,0.45960939656620997,2.694952552850212,0.1840824537151876,3.3205740662894505,0.4740221038347684,2021,12.75801496156449,-11.893595512824431,0.5762331006400347,5.40642444225023,0.6088028038972548,0.6731831728176152,0.02135748839519543,0.609177311087429,54.53630893422428,0.7824043848392995,2.10854269428387,0.1440269189587402,2.598031709648529,0.37087697255107255,11.583353182260696,2.132292076040176
PL,2021-08-07,5.647469417301371,7.535870543119789,14.9515211462081,25.84400345986058,1.126021997054629,4.092556640802912,2.768986047029483,13.146060019443247,1.7312075540822107,0.19938523148173076,2.1442773478956694,0.4794539256574898,2.704813043570867,0.18519761433984486,3.290042461183653,0.48972054556245104,2021,14.014529815412288,-11.900565432966896,0.5762331006400347,5.938893845865052,0.6170720185595332,0.648214156020098,0.02135748839519543,0.6174415101041456,58.17093713532057,0.8345485269232116,2.2572977411147557,0.15455639623701056,2.745700089495635,0.408695559903175,12.477769947829218,2.3108532266193818
PL,2021-08-08,5.655843456755768,7.260090570721896,15.113046328100364,24.893955943537595,1.137806621314893,4.1487074950969935,2.8201038820002937,13.170367168598206,1.7326892508342602,0.20117364103417865,2.1114355524512094,0.5022593226522472,2.7155583660302756,0.18660062443908138,3.2540095802191433,0.5086270787405569,2021,8.859509022846279,-9.908491963620744,0.5762331006400347,3.754366668463203,NA,NA,0.02135748839519543,NA,46.15937661900003,0.662224843850591,1.7983102149115653,0.12357156938159344,2.1548859861489493,0.33682548779714755,10.008234744733011,1.86754285290009
PL,2021-08-09,5.679277797279031,6.926791487723474,15.288576573358185,23.80962179288872,1.1543510447399254,4.182694081797467,2.880176989644012,13.183203775324028,1.7368240762826535,0.20325666148836397,2.070248349449956,0.527665460643864,2.727105920339724,0.18838751768840256,3.211231553447602,0.5313746370411331,2021,11.695530896369196,-10.222851117907028,0.5762331006400347,4.956178864323049,0.5586718799943557,0.626237082798604,0.02135748839519543,0.5590799690625472,58.97869721200359,0.8461370454395117,2.307505346036854,0.1594016576145487,2.7171419788562874,0.4496157654074773,12.936231010757028,2.4370244483602517
PL,2021-08-10,5.717204396384662,6.538161501827842,15.477282410779386,22.580211956306396,1.1760750252507028,4.184952075246949,2.9504673865667588,13.176154813111644,1.7434799440276658,0.20570806004319298,2.0199783196390237,0.5551688000094172,2.7393732978908103,0.19063213478044835,3.160407883885891,0.5587801686230286,2021,12.659447325867797,-10.592346024575114,0.5762331006400347,5.3646547408938,0.5996888393900824,0.6567174121996765,0.02135748839519543,0.6000690346948215,57.574213810684945,0.8259876441855497,2.2626884968696306,0.15745978791336473,2.6104578626763453,0.4615455150985396,12.78404403687411,2.4370496058765725
PL,2021-08-11,5.769140105356974,6.099324672080308,15.67831163454218,21.203098255403575,1.2032701848190257,4.147754683165664,3.031897885589935,13.141215770949923,1.752523040879833,0.20857010972947615,1.959999662914991,0.5842463719792452,2.752278332756262,0.1933816571747503,3.100231840194711,0.5918640551776031,2021,14.342490983229954,-13.058337206214407,0.5762331006400347,6.0778729330616175,0.6150168682052907,0.6669086450376177,0.02135748839519543,0.6153875937062713,59.56096741039857,0.8544905766059671,2.351795899537008,0.16524280374426983,2.649118892740157,0.505742257781056,13.39696954880799,2.5907281724681557
PL,2021-08-12,5.834545279276638,5.618660600782228,15.890780967467265,19.686045080927613,1.2360996554826715,4.067719222445865,3.1250778958095564,13.070141247479492,1.763796332843499,0.21185878184425064,1.8898930233123903,0.6145834433578783,2.7657391277025742,0.1966598055946676,3.0294593222497475,0.6318337408792593,2021,14.781208360135476,-13.914401485339996,0.5762331006400347,6.263786835568207,0.6399744030214589,0.7148346105040337,0.02135748839519543,0.6403306792847143,60.05194159859506,0.8615343308532734,2.382779208699953,0.16942917401873678,2.6099832100416474,0.5443464591589331,13.690453347542842,2.6923618938306415
PL,2021-08-13,5.912415752744245,5.107817451990636,16.113767627026736,18.048830229955755,1.2746027500419812,3.948008323379441,3.2304614562135097,12.953240953835424,1.7770545047092174,0.21558070395343476,1.809569500202277,0.6463861034505414,2.7796740386867187,0.2004783444186718,2.947005694435664,0.6800019107454406,2021,12.525113500309963,-12.702720663859685,0.5762331006400347,5.307728512157994,0.5810854593670789,0.6612144268731437,0.02135748839519543,0.5814778184921588,60.263926512440456,0.8645755694217372,2.40323826480439,0.1733286787825003,2.5479091263558162,0.5879130391906086,13.931569821666194,2.7929780530007693
PL,2021-08-14,6.001626815786202,4.580757941718818,16.346302920481943,16.322670548135466,1.3186781150291262,3.799170961012911,3.348164075082904,12.776825235758285,1.7920305684417093,0.21972011181378026,1.7193245990181598,0.680762541699274,2.7940017507025976,0.2048269930742351,2.8520160799398586,0.7375782619807154,2021,13.722299158921151,-13.248049396464234,0.5762331006400347,5.815056166665875,0.649993019821117,0.7296810778600068,0.02135748839519543,0.6503438076331056,60.13511236625976,0.8627275390953236,2.410462254611678,0.17670988767522974,2.460512814106806,0.6363290788488285,14.102405691894088,2.888553352983644
PL,2021-08-15,6.101034491679091,4.052496228137393,16.587365856437174,14.548061522214033,1.368088312325076,3.6376410964400447,3.477936585731954,12.522900714583365,1.8084583456005616,0.22423874413280998,1.619882423761445,0.7199690869994106,2.808641312598477,0.20967383343644327,2.743935969903555,0.805431641538817,2021,14.113271761317614,-13.397922380926492,0.5762331006400347,5.980737414118121,0.6241930527968842,0.6994594224038623,0.02135748839519543,0.6245583315195185,59.422706447565886,0.8525070176580584,2.394386429074542,0.17874841442383474,2.3392246703471513,0.6866361266556912,14.14084579707436,2.9649653463061982
PL,2021-08-16,6.209453537943027,3.537680913662043,16.835877050949083,12.771135467033794,1.4224871074847698,3.481602368851715,3.619246448220679,12.171770006190153,1.826072894962791,0.22908410519422126,1.5124160695756643,0.7672646964596633,2.823512148134515,0.21497225462433825,2.6225747688205456,0.8838610320352812,2021,13.208846740722676,-12.523571426788529,0.5762331006400347,5.597472027437031,0.5585744233564572,0.6503939901303112,0.02135748839519543,0.55898258357354,52.93653910035326,0.7594533095425839,2.144325645434448,0.16326139023428474,1.9917230877036403,0.6712511859549182,12.78606254539532,2.748648693151437
PL,2021-08-17,6.32563759674427,3.049237296501256,17.09069324120148,11.039006977321398,1.481465865899726,3.345341622504822,3.771402084794885,11.7068611741401,1.8446108353423907,0.23420024357105418,1.3985285415321196,0.8261658622465432,2.8385340604476568,0.22066993021107872,2.4881519595126016,0.97241086380239,2021,10.992618989419189,-12.49354223761374,0.5762331006400347,4.658308064991644,0.6171114163268081,0.8020898449730647,0.02135748839519543,0.6174808842963724,49.772226270496965,0.7140565402806813,2.0268738106721282,0.15757080691050226,1.7766811799021662,0.6943563371380834,12.203721286810751,2.6929943246759844
PL,2021-08-18,6.448293237616953,2.5973703115708613,17.350666311995727,9.395325294405318,1.5446483579879928,3.2346806679996742,3.933777355759744,11.120451015680295,1.8638154814681809,0.2395437522873629,1.2802031095314907,0.8991792303381713,2.8536309098050574,0.2267219762643956,2.3413562141734343,1.0697549812765585,2021,5.78900914134302,-10.307776123171744,0.5762331006400347,2.4531904541934266,0.3544910170323457,0.6085844668270711,0.02135748839519543,0.3551338106505458,43.42182391321157,0.6229505826731271,1.7776710379971064,0.14123658721870813,1.458549217864688,0.6664044889037123,10.808607688824736,2.4505488958768855
PL,2021-08-19,6.576220367098951,2.1891133202159008,17.614906753342606,7.877148840294925,1.6118728392546935,3.14610252664894,4.1062076585722265,10.418646863923984,1.8834601680042884,0.24510626914495548,1.1597429221146398,0.9865132438868466,2.868745518185242,0.233109815230389,2.183480428904605,1.1736478740372056,2021,12.349924193567656,-11.381074480098162,0.5762331006400347,5.233489082838785,0.6132921321289871,0.670847511058089,0.02135748839519543,0.6136638995752235,42.6552405211804,0.6119528048808391,1.755536866342795,0.14265220527549072,1.3361869728705906,0.7182171084595017,10.779491595422444,2.512805294086457
PL,2021-08-20,6.708466545417166,1.8281856065261464,17.882887377758728,6.511470437280659,1.6832318016291166,3.0697384005716897,4.289039887356245,9.621388067794694,1.9033703921412937,0.25091155933079856,1.039635377608433,1.085409102389939,2.883844243159665,0.23984045734642395,2.016431243851365,1.2808927557036194,2021,12.889596767826374,-11.379367217824043,0.5762331006400347,5.462184456302013,0.5942111140553051,0.6693783968733646,0.02135748839519543,0.5945948119327966,50.62095832684185,0.7262328627237499,2.0943424603592495,0.1741800219356669,1.4643986347077886,0.9302264128167523,12.987140494116133,3.1148417157310755
PL,2021-08-21,6.844376715233932,1.5152495567670865,18.154408892805,5.313243598310088,1.7589747874024957,2.9941982887620324,4.482906556113012,8.758595854588592,1.923427397652758,0.25699561268850707,0.9223720259717734,1.1904179768987022,2.898913445416114,0.24693211343772745,1.842649585415961,1.3873369082309874,2021,10.621995946671415,-11.2871979303692,0.5762331006400347,4.501250287335065,0.539148321771837,0.668213228379434,0.02135748839519543,0.5395711771211832,39.0077844363221,0.559624627743955,1.6223033577529389,0.1381892920606163,1.0311920883009602,0.7763879008242158,10.159654318547545,2.50874491267568
PL,2021-08-22,6.98332235866759,1.2484688097043348,18.42933200564694,4.285345595018649,1.8392516547617932,2.910514059545677,4.688259284152888,7.864018217554415,1.9435247861476217,0.2633777391758155,0.8102494555310502,1.2944427100718372,2.9139435260789615,0.2543911674452637,1.6649380088623376,1.4878910141592487,2021,12.741481204061548,-10.89535406130699,0.5762331006400347,5.399417983098439,0.571172575391941,0.6326203168241459,0.02135748839519543,0.5715717393209827,58.34184773601556,0.8370004934389609,2.438972169181356,0.21292553267819903,1.3935539349630575,1.2453655130346872,15.425359982476925,3.924075334205757
PL,2021-08-23,7.1246239243280565,1.024277404856862,18.70750765790427,3.4209849877330196,1.924003366089486,2.8139309691154812,4.905184665654201,6.9704065438135085,1.9635569422112182,0.27004981407084505,0.7052127997692695,1.390091576561591,2.9289249223217126,0.2622040709726327,1.4863625191660992,1.5766636989617497,2021,12.98787097160349,-10.884491320057911,0.5762331006400347,5.50382981092371,0.5662520936452271,0.6110566606569188,0.02135748839519543,0.5666547236793795,58.60715366355458,0.8408067011762821,2.4626597019303174,0.22046293994949104,1.2497435664921162,1.3256694035884236,15.729397801072524,4.124312137389193
PL,2021-08-24,7.267548258004584,0.8381186221600271,18.988776719112856,2.706756188178252,2.0129268243512732,2.70376738533894,5.133357499361286,6.1060744436518615,1.9834189936771562,0.2769746760379893,0.6087425605669724,1.470942817695663,2.9438481056409955,0.27033639793101494,1.3101571513496226,1.6472824576716483,2021,12.139553474033292,-11.242254686891828,0.5762331006400347,5.144340935305583,0.5662764835457187,0.6179209281241332,0.02135748839519543,0.5666790962506518,58.89171437951353,0.8448891474633571,2.4872253162366396,0.22840428877625005,1.106937558646803,1.3917710712935425,16.043411373583304,4.337118041259988
PL,2021-08-25,7.4113066820170355,0.685045751031159,19.27296969169999,2.125491596616644,2.105470659283927,2.582287716999104,5.372051348960814,5.292925599698493,2.0030067641150393,0.2840889939681877,0.521792715382993,1.532473355942342,2.9587035801374593,0.2787350073649686,1.139591581733626,1.6934697906172917,2021,12.078537553242764,-12.272398840704946,0.5762331006400347,5.1184844077405875,0.6177254895164739,0.7217104214500011,0.02135748839519543,0.6180945904219824,52.93413340190075,0.7594187962237579,2.246895111210912,0.21167660375852473,0.8654272671868783,1.286052789831883,14.636255442927776,4.079636768680036
PL,2021-08-26,7.555174304496327,0.5601544916710441,19.559952808291953,1.6585912226596666,2.200948403322613,2.453357795074356,5.620316615640451,4.545951834820367,2.022232666867738,0.29131669431011775,0.44478484948045394,1.5725095227246524,2.9734842519397504,0.2873379435382819,0.9777963669562807,1.7099100441144828,2021,10.764258246860544,-10.276956579486038,0.5762331006400347,4.561536341182029,0.5132125670535987,0.6074835551209572,0.02135748839519543,0.513656773821095,43.45422224928753,0.6234153849434441,1.8537158295462883,0.1791308946797756,0.6095732985023509,1.0659842283702916,12.193975509456928,3.503791846443527
PL,2021-08-27,7.698867882978786,0.4588581411924929,19.84977202426456,1.2877158350885232,2.2988686294601357,2.321299342208137,5.877432101527672,3.873819940850848,2.041073289865362,0.2985982698238842,0.3776540346507024,1.5911755068321252,2.9881925221435472,0.29609569794267865,0.827553867853527,1.693313427058982,2021,9.732585990406625,-9.462883151748256,0.5762331006400347,4.124347787908852,0.4723684700048397,0.595057513535597,0.02135748839519543,0.4728510481803589,42.01729766297285,0.6028005666877392,1.801284145720195,0.17848665451364834,0.49884994050673653,1.020730293411112,11.965453824849108,3.542919401469591
PL,2021-08-28,7.842213806582818,0.3770593584712618,20.14252275102545,0.995875415532578,2.398727520290913,2.19030092038729,6.142607650313973,3.279611521437217,2.0595211677911074,0.3058737723112575,0.3199503259134843,1.5905639120878898,3.0028331401721355,0.3049572154511408,0.6910827588733993,1.6431945079909147,2021,12.195780020119784,-10.80271900797124,0.5762331006400347,5.168167884402376,0.55862641157978,0.6182810010122622,0.02135748839519543,0.5590345338394156,54.54323031265683,0.7825036822970958,2.3497279895084473,0.23863014403358646,0.5407748035904709,1.2858057532332554,15.761598223430441,4.806613105276996
PL,2021-08-29,7.985031936746087,0.31121160566796796,20.438304850230793,0.7680188776539755,2.499931570055013,2.0640332252447453,6.414883356064048,2.7620646371215227,2.077568781251474,0.31307721620381385,0.2709515995888849,1.5741419739747262,3.017410828933107,0.3138657243382692,0.5698596415645433,1.562237073388362,2021,12.594321044241957,-11.38681836340921,0.5762331006400347,5.337056378462374,0.5285234567477458,0.6028168668856854,0.02135748839519543,0.5289548058607061,56.401717499989125,0.8091664424463059,2.441587585846761,0.2539696115686302,0.4611112988585085,1.2641098149313892,16.53799042529433,5.190708343934365
PL,2021-08-30,8.127135765332778,0.2583151585560622,20.737222749062415,0.5912550735847747,2.6018139286309223,1.9454718078618944,6.693163480241767,2.31689866005871,2.095208557098837,0.32013909989411715,0.22977365039696326,1.5460926419215646,3.031930285882279,0.3227608422417309,0.46452305931159155,1.456019652989516,2021,13.047630828847334,-11.748346030248554,0.5762331006400347,5.529154060334128,0.5437392169736146,0.6042490088327348,0.02135748839519543,0.5441585048362567,56.12554720144867,0.805204369164063,2.441323513193258,0.2598884403681146,0.3740359969351507,1.172393386175901,16.697702361873457,5.389364477820017
PL,2021-08-31,8.268332602955452,0.2158777062529178,21.039385560218804,0.4548286805168604,2.7036625238086316,1.8368867521571497,6.976269843233086,1.9379737514535516,2.112432868750545,0.32699005393689995,0.19546620797072925,1.5107495948898122,3.0463961840314275,0.3315814439193411,0.3748881483416912,1.3320975709421972,2021,12.689051887906793,-10.756912963344648,0.5762331006400347,5.377200174355975,0.5120742221014092,0.5896869684207825,0.02135748839519543,0.5125194154871738,56.25720732493442,0.807093229263634,2.458725733786337,0.26761713833675954,0.3025696862577598,1.0751269302259807,16.980745633519668,5.630500155989497
PL,2021-09-01,8.408423798469505,0.1818573173292264,21.344907206937144,0.3499512237451804,2.804759563893467,1.73993083960178,7.26301286183377,1.6182149687910623,2.129234036499157,0.3335654376036549,0.1670871987780794,1.47220042054966,3.0608131729030825,0.34026912328170134,0.3000684612384882,1.1987210651223645,2021,11.47540879860065,-10.309275312628715,0.5762331006400347,4.862898405471062,0.5096028707052861,0.5989900663028679,0.02135748839519543,0.5100502211955402,57.692484080290285,0.8276844069357928,2.5333873357555503,0.28163544750197717,0.24836198638031404,0.9921627338672462,17.6668468626733,6.0114824931139195
PL,2021-09-02,8.54720499049859,0.15459960483809063,21.65390655337664,0.2695606516678252,2.904432529907403,1.6557769841538523,7.552279489986894,1.35029346910021,2.1456043278085906,0.33981079582577983,0.1437536213945862,1.4340702848118865,3.075185879435442,0.34877214748159224,0.23867089704957797,1.0635911465327204,2021,11.279889141534706,-10.320096194454948,0.5762331006400347,4.780043646632302,0.4975839818960648,0.5911343646614375,0.02135748839519543,0.4980421280876691,56.18604645255717,0.806072320814474,2.478822218772426,0.28113557435593506,0.1923860038956257,0.8573313838833572,17.454614710180056,6.087683455933288
PL,2021-09-03,8.684474771651738,0.1327725335788456,21.966493361764865,0.2080543118700202,3.0022018870871703,1.5852230719942553,7.843285366680056,1.1270636194227768,2.1615369225220165,0.3456975771162461,0.12466819717576649,1.3994187049945073,3.0895182633599827,0.3570567790456792,0.18901105865924714,0.9329577390259275,2021,11.675032661319172,-10.94294579583002,0.5762331006400347,4.947492390813549,0.5377286992893778,0.6334296766905538,0.02135748839519543,0.5381526701132282,56.067991601777926,0.8043786485673728,2.4851425254057196,0.28720884939058244,0.15203645992861364,0.7504512852881473,17.66937824410059,6.308971283578355
PL,2021-09-04,8.820054993888098,0.11529890903558287,22.282707295644435,0.16102533234479097,3.09813564418071,1.528648688201063,8.136192611666711,0.941780717036836,2.1770281051339664,0.35126035453606347,0.10912244883763988,1.3706179355298664,3.1038109200488857,0.36513483320121876,0.14930352189613902,0.8111629357258109,2021,12.02928432809208,-11.24429785787016,0.5762331006400347,5.097612521235003,0.5255682685229052,0.6198740556493265,0.02135748839519543,0.5260020410499521,53.776634667252466,0.7715057287119625,2.3946079056564624,0.28170361556702717,0.11518852245974319,0.6258168518312766,17.191236329801523,6.277119209804812
PL,2021-09-05,8.953748578919514,0.10131493125170622,22.60250481218307,0.12504857682438644,3.192719864707965,1.4861576206651446,8.431915689651358,0.788341395728864,2.1920722802330688,0.35657912845853484,0.09650485793913759,1.3494392734474623,3.1180607325342646,0.37305226830906085,0.11782621412363471,0.7007176507471992,2021,12.553900084691744,-11.515836728645157,0.5762331006400347,5.319927313764626,0.4908279790552852,0.583203087006769,0.02135748839519543,0.4912924254800255,54.92706586052726,0.7880103735561838,2.457064202615194,0.2939690573062047,0.09284827900627628,0.5521727777227119,17.811008260353823,6.6444370323964135
PL,2021-09-06,9.085348852664636,0.090146044440022,22.925820888750778,0.09749547338181284,3.2864122938291107,1.4579675534922862,8.731341560394922,0.661457697722572,2.20666309986322,0.3617265937856906,0.08631167299055759,1.3374057181863226,3.132263825080549,0.3808518614345107,0.09303074147741966,0.6026974267915313,2021,12.630697827843337,-11.76802268043851,0.5762331006400347,5.352471655257819,0.5260002110462609,0.6147689633724374,0.02135748839519543,0.5264336276599948,53.764618182072,0.7713333343772654,2.4160195003486673,0.29376373618406937,0.07175771202336746,0.4648806158277096,17.683449869456098,6.73477479936621
PL,2021-09-07,9.214645863826036,0.08127081074066557,23.252585497255637,0.07635912080806269,3.3794893122693916,1.4445590160142154,9.03507973307144,0.5566290112306406,2.2207941599792,0.3667519470863513,0.07813702600651556,1.3359826249491549,3.1464163300336767,0.3885623701561186,0.07358416145347724,0.5171406089937329,2021,12.38000329409069,-11.864850610180037,0.5762331006400347,5.246235610002968,0.47879534436936444,0.5663852604884019,0.02135748839519543,0.4792714513721104,53.53188420719046,0.7679944196980923,2.416430183512815,0.29841373198456367,0.05651222537443398,0.39716110190646,17.85785590544512,6.938890816526196
PL,2021-09-08,9.34142678447516,0.07428889267568281,23.582723464629908,0.06011105716831747,3.4720063922453903,1.4467639586790857,9.34341413692436,0.470060996020659,2.2344590012244767,0.3716783819379324,0.07165894750974197,1.3467177856374333,3.160514387363822,0.39619741761115507,0.05837367354939396,0.44340731364150443,2021,13.015074276605276,-12.267363067930384,0.5762331006400347,5.515357671136661,0.5409905576927438,0.6340356899588856,0.02135748839519543,0.5414119742148829,54.30446843018871,0.7790782883269822,2.4622881391402074,0.30866880595206925,0.045477661672219886,0.3454490109434886,18.37278783091243,7.279251092925159
PL,2021-09-09,9.465476337840297,0.06889676527027333,23.916154335235777,0.04758920054593823,3.563791574495722,1.4658763582949537,9.656304782361062,0.3985789274556159,2.247651109632713,0.37650419770727134,0.06662705607021967,1.3713918929526396,3.174554144218934,0.4037565842320387,0.046491524841065945,0.3804725432907302,2021,12.001376672460912,-11.709392250606678,0.5762331006400347,5.085786180539778,0.49838663316162957,0.6129486046960195,0.02135748839519543,0.4988440421862685,51.95970001365151,0.745439101400268,2.366436788613059,0.30097594533437255,0.03465660050025244,0.2836191107781165,17.828036596608282,7.198187159810341
PL,2021-09-10,9.58653890878458,0.0648670508148646,24.25278964026924,0.0379102157634069,3.6545341843847514,1.5037306025665955,9.97357477469878,0.33953791101761305,2.2603599174740214,0.381215182993305,0.06284995645324169,1.4121299005504029,3.1885316474794108,0.4112341269863115,0.03720928366482807,0.3271361104851204,2021,11.575326496571018,-12.600756725216492,0.5762331006400347,4.90524021853115,0.5101208066062791,0.6632193759736363,0.02135748839519543,0.5105677032903586,45.85579989336427,0.6578695846496238,2.0976379905694604,0.27053842431423536,0.024478855989690473,0.2152128971287396,15.955172647238621,6.561311494503052
PL,2021-09-11,9.704200477691307,0.06202866187511349,24.59252470451972,0.0304015589768265,3.744040709671821,1.5626821862397626,10.295427991117329,0.2907336534236445,2.272558830712284,0.3858165047474939,0.06018091103853131,1.4714124414313803,3.2024425229593074,0.41864054686606417,0.029948589348976137,0.28215568085158826,2021,11.613192298240534,-11.181325737411653,0.5762331006400347,4.92128649189642,0.5516026345763058,0.649808997906751,0.02135748839519543,0.5520159497533313,51.54374221206725,0.7394715686825668,2.368115196068476,0.3095727819051761,0.022146130345717396,0.20864610393202165,18.185472821115976,7.613176286849939
PL,2021-09-12,9.81799837349898,0.06026666230763147,24.935245813661147,0.02455362081783619,3.832111375123771,1.6460083040469,10.62212097839768,0.25035062518310885,2.2842172699706382,0.3903149327736206,0.058520444700745154,1.5524474762456675,3.2162822971272025,0.42598821995884206,0.024257025851202974,0.244350925218799,2021,11.720616972314266,-11.22308947002718,0.5762331006400347,4.9668095129434,0.5120664830344555,0.6181453021652138,0.02135748839519543,0.5125116831427623,48.273954965867766,0.6925616121982798,2.2274736529832024,0.2950230883921711,0.01679948493064448,0.16922807071167276,17.26919404126957,7.3564732297642665
PL,2021-09-13,9.927460123366794,0.05951831725556685,25.280832598160995,0.01998033577823798,3.9184946992544214,1.7582608352858176,10.953847434249573,0.21690077572445307,2.2953046672301904,0.39471271106204203,0.05781438716154375,1.6594907389993774,3.2300465037901467,0.4332866566683563,0.019783348461557892,0.2126519189793588,2021,11.694671777382467,-10.966279339726087,0.5762331006400347,4.955814798133862,0.49548679822668756,0.5917050124786073,0.02135748839519543,0.49594688176001783,50.10199552556531,0.7187875702347225,2.32171727820448,0.3114410631617743,0.014220024971790033,0.1528515561489244,18.171548236742908,7.8734893819861
PL,2021-09-14,10.032105052748902,0.05977011572688785,25.62915789496008,0.01638869437748777,4.002911005831762,1.9056784881771067,11.290772476391036,0.1891666679013081,2.305790455600978,0.3990100766274295,0.05805201264808646,1.798199873630157,3.2437306836114685,0.44054402890121264,0.016255849200009286,0.18611646208556842,2021,11.729197036621594,-11.122473343689236,0.5762331006400347,4.970445460191225,0.47693341952755897,0.5824567793272646,0.02135748839519543,0.4774113833716174,51.898466832276895,0.7445606204296739,2.415154130296525,0.32801173548527507,0.01210346516597013,0.1385749884826067,19.082461703361552,8.406664560151995
PL,2021-09-15,10.131446066898665,0.06105869649190121,25.98008761505441,0.01355584363712789,4.08509011969285,2.0967756488628204,11.633088483137584,0.16615400408221234,2.315644059000453,0.40320898840290986,0.059267179960179224,1.9761165483071133,3.2573303836407086,0.4477694092300397,0.013464785181943417,0.16393177063236253,2021,11.52754818474338,-10.957531648205103,0.5762331006400347,4.884993351471298,0.46315673620903813,0.5727879288750484,0.02135748839519543,0.46364890230254985,50.898488518394984,0.7302144456918667,2.3785497005254754,0.32696769095868805,0.009832180647992872,0.11970534702359684,18.971035276853087,8.494649258398749
PL,2021-09-16,10.225016491865368,0.06347284757538008,26.333507132230277,0.01131162256115424,4.16492608537047,2.343068516446717,11.981265927668908,0.14704907153080907,2.324837314823933,0.4073270775341953,0.06153982413841554,2.2032236382797143,3.270842163735244,0.45498177920269184,0.011248124553662456,0.14540431282536453,2021,10.823375012304195,-10.383244571386417,0.5762331006400347,4.586588069574275,0.4532011221947905,0.577933992740849,0.02135748839519543,0.4537040880013848,53.17854136924789,0.7629251916707379,2.495407884692442,0.34711706110490703,0.008581477581039262,0.11093261323204318,20.09049597621953,9.140809604324883
PL,2021-09-17,10.312448443144945,0.06715279663383505,26.6894034273532,0.00952518062648153,4.2428115441618965,2.659812609460787,12.336610799651726,0.13117919760307534,2.3333517521956906,0.4114262066427344,0.06499416416074136,2.492438400434076,3.2842666112502967,0.46222879553044977,0.009480102121362627,0.12994148152071788,2021,10.805116363972424,-9.981223454506308,0.5762331006400347,4.578850658784216,0.47484365497040476,0.5732889372982691,0.02135748839519543,0.47532372019099123,49.503432570043934,0.7102002952585754,2.3324871170178416,0.3282750270627411,0.006732771325673185,0.09228447854235056,18.954822194381478,8.761464632402786
PL,2021-09-18,10.393402881872076,0.07231212195872268,27.047790251771893,0.00809645116057958,4.319262062464085,3.0677938443570136,12.700646106996189,0.11799787272806096,2.341171266588145,0.4155772764276884,0.06981717881377171,2.8609150092915807,3.2976053107086987,0.46956316907123946,0.0080638507467729,0.11705018164900283,2021,11.378832937355648,-11.415123855966096,0.5762331006400347,4.821972752198249,0.5937201214442237,0.6809689251681382,0.02135748839519543,0.5941041364258413,46.10041722559339,0.6613789837469222,2.1809668491949727,0.31055921156532057,0.005333261411987519,0.07741453018641013,17.888840029316803,8.399940415174443
PL,2021-09-19,10.467546694043094,0.07926146071444325,27.4086823118107,0.00694884102899817,4.394740926346841,3.595673353926733,13.074840933012348,0.10706369237707812,2.3482796797603562,0.4198444062205917,0.07627697454410744,3.331605440211392,3.3108598358942967,0.47703281698362626,0.006924809098322629,0.10632485784249976,2021,10.14365273277886,-11.280083723528392,0.5762331006400347,4.298544266753935,0.47510857214526525,0.6257627615252569,0.02135748839519543,0.4755883699550102,38.96655456052362,0.5590331239139101,1.8508803169010846,0.26667714588780916,0.0038711976627427667,0.05943911742939505,15.322361295135469,7.3092691714593565
PL,2021-09-20,10.534554255771097,0.08843970559772904,27.772095295228414,0.0060235031564784,4.469609662976748,4.283261986886189,13.460548449553858,0.09802061788687796,2.3546607355656857,0.42428085274971955,0.08474520796508594,3.9352312901282733,3.324031750227082,0.4846788946409292,0.006005434383244061,0.097433725533579,2021,9.578212441122943,-9.120458220183943,0.5762331006400347,4.058929387585714,0.4673684389940737,0.596757972861767,0.02135748839519543,0.4678561745646926,26.502151904936262,0.3802127474946662,1.2638392445133428,0.18428109418410554,0.0022833427067521605,0.037045544483763286,10.559304655882489,5.117872108789942
PL,2021-09-21,10.594109037920193,0.10046002052996432,28.13804589784865,0.00527506469350974,4.544100424215155,5.1863281605711125,13.858975748095734,0.09058243262876035,2.3602980954915123,0.4289270959879832,0.09572829286466146,4.712872856638134,3.337122607123236,0.49253511769825314,0.00526120027551104,0.09010711178475048,2021,11.390991956691153,-10.46096683882672,0.5762331006400347,4.827125342121313,0.4339615901177299,0.5270641250975815,0.02135748839519543,0.4344868283481785,50.30814262601395,0.72174505669585165,2.4085517452791683,0.35548478644782366,0.003797245291136946,0.06503436250378418,20.30849553185325,10.002647237055788
PL,2021-09-22,10.645905241885048,0.11617730199114798,28.506551850370105,0.00466843194909622,4.618310643742039,6.3837107792362255,14.271185227073648,0.08452054153585505,2.3651753338923402,0.43381098542675783,0.10990972409210485,5.719262314193567,3.3501339503407364,0.5006282521289351,0.00465756861736054,0.08412779664220352,2021,12.480934550831858,-11.840931831878851,0.5762331006400347,5.2890069357206775,0.5065136046649857,0.5956793729194475,0.02135748839519543,0.5069636811658882,48.51957216193169,0.6960853558279436,2.331979182894206,0.34847999502069127,0.0032420653083084752,0.05856012726070912,19.8429932881926,9.933963046874053
PL,2021-09-23,10.689759706568935,0.13677933864783293,28.877651932778083,0.00417620164060235,4.69232053765614,7.987461899069733,14.69824896253003,0.07965104998001331,2.3692862464465136,0.4389547254998327,0.12819912262488337,7.026396088945982,3.3630680064525675,0.5089835211237007,0.0041675055133111,0.07931979452398998,2021,12.09111181067055,-11.388409418514074,0.5762331006400347,5.123812961822515,0.47796060956513803,0.5799567457793857,0.02135748839519543,0.47843754723728493,45.85625195156557,0.6578760700962153,2.2124819635513284,0.3348480786205942,0.0027417021492014172,0.05218259470228182,18.99791616714242,9.66962626476503
PL,2021-09-24,10.725947099463042,0.16389681925711547,29.251467936109236,0.00377642940408421,4.766515651886552,10.156390029604982,15.141636790511438,0.07581845389487823,2.372665768557432,0.4443911206801655,0.15177370213030025,8.726194505873412,3.3759297582684864,0.5176368182131458,0.0037693165962824652,0.0755332080669494,2021,11.456435660890651,-11.230516030911048,0.5762331006400347,4.854858217732565,0.4487834474599233,0.5888862763916357,0.02135748839519543,0.4492913587245638,48.37016138808039,0.6939418362739437,2.342698895584684,0.35920984415383195,0.0026156864803221053,0.05241565310564072,20.298817373292028,10.50741523860061
PL,2021-09-25,10.754873622793156,0.1998076368789325,29.62814822800781,0.00345201729783357,4.841277189548798,13.118453923144877,15.60281658798526,0.07290139998722706,2.3753590120967876,0.450147287578398,0.1821612413432299,10.933797652155304,3.388724863108955,0.5266213894945938,0.0034460727626187495,0.07265060882885171,2021,12.374307209306382,-11.805456111716351,0.5762331006400347,5.24382179781543,0.46001964882490964,0.5746126944184663,0.02135748839519543,0.4605151676281077,48.00336618029565,0.6886796140129001,2.333745730721793,0.362673415248074,0.0023732400600206486,0.05003299324605579,20.40430168558141,10.745341705327764
PL,2021-09-26,10.776964800639446,0.2477227275589119,30.007848392799367,0.00318976291499605,4.916882732272354,17.203399899289142,16.083127454556536,0.0708102226922105,2.3774109674536072,0.4562400289161762,0.22132007183270402,13.787838851782778,3.4014589605407295,0.5359640332765683,0.0031846864136282327,0.07058507304386291,2021,12.700407005364893,-12.091150926693224,0.5762331006400347,5.382012097273062,0.45983039909893,0.5679413768158238,0.02135748839519543,0.46032612162034875,48.03724042926806,0.6891655904467127,2.3441684729213135,0.3693679694512477,0.002194776292635725,0.04864480354099812,20.680376555659013,11.08393802844919
PL,2021-09-27,10.792662692561612,0.3121933686943824,30.390731378702768,0.00297947561722666,4.993528975584268,22.8902366995943,16.583809136849567,0.06948246237755601,2.3788665229284187,0.4626781284497891,0.2717000643374393,17.444255736766777,3.414137673065657,0.5456864111033266,0.002975045776636498,0.06927605605767455,2021,12.00163744309274,-11.535966243270575,0.5762331006400347,5.085896686501872,0.5229895582586459,0.6267471126829993,0.02135748839519543,0.5234254678157383,47.59386933604366,0.6828047733281917,2.331189499968836,0.3725972862416813,0.002031375457157278,0.04730202175353157,20.750936450313105,11.323504038604563
PL,2021-09-28,10.802423232977867,0.3997013731447865,30.77696765326854,0.00281332158418226,5.071373251371674,30.876043651518295,17.106060700913556,0.0688799361437494,2.3797704823860983,0.46946626159672006,0.3362589089719068,22.059022191388852,3.426766606769739,0.5558072157604805,0.002809371601660814,0.06868669837267134,2021,6.074642018173429,-8.606746831547882,0.5762331006400347,2.574232212763116,0.37958412537399205,0.6123400353232642,0.02135748839519543,0.38018449540517746,29.37410876324345,0.42141523594541497,1.4440916581217387,0.23422562896986707,0.0011839119963722403,0.028945621201030843,12.969883085286567,7.208754606372077
PL,2021-09-29,10.806713715412714,0.5195067334097501,31.16673536768086,0.00268533910982208,5.150591351536968,42.17325855330442,17.651126806993464,0.06898715525350016,2.3801675813078624,0.4766103264298664,0.41838576469740313,27.754571681737975,3.439351351934718,0.5663450662624501,0.00268174002848415,0.06880239748468502,2021,10.400122377957157,-9.76783197850085,0.5762331006400347,4.407227613071093,0.45197082750134676,0.5604346833219792,0.02135748839519543,0.45247516089041073,47.6638627000504,0.6838089321350257,2.3518591752036366,0.3872718149808663,0.0018337977851415,0.04704769395233204,21.312092029908786,12.069998172870125
PL,2021-09-30,10.806078243167011,0.6848130721766841,31.5602083955099,0.00259095238635975,5.231532422969971,58.23853395632002,18.220506186585403,0.06980776526066595,2.380108776110727,0.4841286825105136,0.5216546212567689,34.56676287600208,3.4518970991089115,0.5773252811973717,0.002587601655699935,0.06962736407555846,2021,10.821169925306044,-10.33739647182528,0.5762331006400347,4.585653626694249,0.43473441559731407,0.5499768654640846,0.02135748839519543,0.43525872123978065,46.77105579522055,0.6710002905015009,2.316223956283368,0.3873854313972971,0.001736281462676821,0.046719981521553496,21.17690900167505,12.2259649442832
PL,2021-10-01,10.801388657157764,0.9141931896012194,31.957504735323564,0.00252623320614739,5.315072389913509,81.11682704969988,18.81637345346093,0.07135195001572626,2.3796747052310154,0.49207306195684075,0.6492962229430294,42.376510108992086,3.4644070432356857,0.5887935747581269,0.0025230476428972507,0.07117215256057476,2021,11.619168915457202,-11.186382775871278,0.5762331006400347,4.923819184442989,0.4716963571569402,0.5631654899917408,0.02135748839519543,0.47217962224738014,43.31051356020815,0.621353670267982,2.152622031616741,0.36584904870616763,0.0015677049131751877,0.04422307821438588,19.856912859899712,11.691622706440974
PL,2021-10-02,10.79378764935938,1.233336331929902,32.35867703800634,0.00248778229059163,5.402468244034015,113.571021162179,19.44135935777724,0.07363562205837754,2.378970750977122,0.5005164470096515,0.8034965803830892,50.852627765222636,3.4768822087218894,0.6008082263357899,0.002484692883016978,0.07345288726624376,2021,12.430453854799016,-10.922692039011336,0.5762331006400347,5.267614887685307,0.44323654236196275,0.5414037881906123,0.02135748839519543,0.4437508025857969,46.294995478181846,0.6641704978958388,2.309242587692001,0.3990390988253574,0.0016502597092316333,0.04878524070750804,21.49167863958332,12.912377324426835
PL,2021-10-03,10.784467655854296,1.6770014725758262,32.76376475056561,0.0024730186314217,5.494913482438684,159.11161046023574,20.09793462585885,0.07669049408019395,2.378106918943178,0.5095210684280551,0.984697314622422,59.436504645302875,3.489323171508106,0.6134195743030993,0.0024699657530268693,0.07650130492777947,2021,12.680356782261695,-11.604618648835388,0.5762331006400347,5.373515476397144,0.4355389125610695,0.531996487977873,0.02135748839519543,0.4360622509062552,44.73413238119815,0.6417775975496346,2.239369442084744,0.39367894068616266,0.0015851686870074584,0.04909682368596233,21.0270502282994,12.898404199893308
PL,2021-10-04,10.774618509238936,2.290322364777355,33.17280800001806,0.00248010255475879,5.593394230131404,221.70566925273823,20.788185065256982,0.080566035989338175,2.377193230187993,0.5191268930157689,1.1909855431922405,67.3811391935575,3.5017305041850513,0.6266634125530063,0.0024770321759394164,0.08036671828599949,2021,13.9335975103024,-12.59090000118125,0.5762331006400347,5.9045974138705795,0.47994472744787764,0.5605098915131179,0.02135748839519543,0.48041969538682366,44.929655403808056,0.6445826658283024,2.2571547833998857,0.403936373040478,0.0015966520033095094,0.051802993516661726,21.382617013662074,13.399703747095447
PL,2021-10-05,10.765426274805192,3.127924775618238,33.58584760744434,0.0025077848302188,5.698672601948316,304.80106953577126,21.513756237864506,0.08532919541414281,2.376339728249262,0.5293494615522262,1.4177748050525234,73.83881395709815,3.514104776079218,0.640560169548794,0.002504645585113665,0.08511574344392135,2021,16.116685768506084,-13.34942931344945,0.5762331006400347,6.829717956078702,0.5214957725132494,0.5735502384542163,0.02135748839519543,0.5219329296564279,44.54624168871704,0.6390820263872183,2.2458012012337085,0.4093704911781834,0.0016006739759162412,0.054395941797595854,21.46411154689784,13.749054931695108
PL,2021-10-06,10.758073315965571,4.248267619750996,34.00292510229571,0.00255529132803962,5.8113152708011535,409.23250846146385,22.275866318111365,0.09106467512311016,2.375656478846008,0.5401817872143372,1.6578980449587932,77.97477912928531,3.526446553336047,0.6551161775375439,0.002552032122120388,0.09083257144100343,2021,14.660517709272217,-13.011111795594784,0.5762331006400347,6.2126421326701475,0.597520418499006,0.6622660659412914,0.02135748839519543,0.5979019926658365,39.57369018310735,0.5677433865368275,2.0021167086321308,0.37193787721022675,0.0014488993595633958,0.05156959171776361,19.30493584973547,12.646975781486198
PL,2021-10-07,10.753662999616726,5.70006665083225,34.42407870011665,0.00262222604612103,5.9317557093311075,529.936505154314,23.07545268876831,0.09787586824547788,2.375246440683961,0.5516032731863109,1.9021174742328508,79.0942139491236,3.538756281732751,0.6703288384211751,0.002618794009810029,0.09761988683559818,2021,10.737202476258105,-11.347620026401932,0.5762331006400347,4.550071001164038,0.46022065281318975,0.6109340576784535,0.02135748839519543,0.4607159554284499,26.32699501182888,0.3776998616048762,1.3365877578638463,0.25318310950143524,9.891181350769266e-4,0.036871017747689104,13.001969760909425,8.715595287017658
PL,2021-10-08,10.752992475632952,7.499715395590402,34.84933082372054,0.00270847625394109,6.060373801250306,652.7055699035351,23.913519268320098,0.10588666964486304,2.3751840856623017,0.5635988135380495,2.1400326800639897,76.79146177555009,3.551033935407274,0.6861973731800647,0.0027048149416935402,0.10560065278439583,2021,10.119187486108991,-11.28899852477999,0.5762331006400347,4.288176705030569,0.5632957075812189,0.7207850523117373,0.02135748839519543,0.5637004492547234,36.06542702159157,0.5174121387061261,1.8373480631371095,0.35504685043162304,0.0013995040837859404,0.054639059605937276,18.03146679397857,12.373145148611657
PL,2021-10-09,10.756677837605864,9.60591009482012,35.27870338788417,0.00281415125545987,6.197582708159057,754.2112941349209,24.791154285074047,0.1152418122072478,2.375526755908317,0.5761614135632109,2.3614114018564676,71.11235974961492,3.563279478419118,0.7027229434284741,0.0028101989450121526,0.1149184144070687,2021,10.969012548430143,-11.03116104584267,0.5762331006400347,4.648304436688792,0.392142119079286,0.5501626300947785,0.02135748839519543,0.39272329172910514,42.98078300190348,0.6166231954765137,2.1972007783586815,0.43331526691152705,0.001732833853398121,0.07086135991078092,21.753666815305248,15.286800774813624
PL,2021-10-10,10.76491034360523,11.90681704887526,35.71223361849888,0.00293948099427379,6.34385189229839,808.7393555121722,25.709842370438665,0.12610552370791822,2.376291802273073,0.5893083815664922,2.5577556251864837,62.659860479129385,3.5754933084740883,0.7199169518515081,0.0029351691676376495,0.12573592534506897,2021,10.472751881527737,-10.243659375964189,0.5762331006400347,4.438005592601251,0.4537205065462334,0.564480167129069,0.02135748839519543,0.45422289723341946,30.4763041333908,0.43722786623531873,1.5633053100027858,0.31476775272466956,0.001283337752205906,0.05497525034774784,15.61438370351348,11.241059520873286
PL,2021-10-11,10.777779400630244,14.23707847170409,36.1499631603084,0.00308479113267583,6.49975309206176,800.3266018652531,26.671224808033408,0.13866315144744462,2.377486551741092,0.6030697837146007,2.7237318305496987,52.524937989358925,3.587675929525649,0.7377939692430345,0.0030800429268192523,0.13823672003925733,2021,9.109293842029484,-9.107205334253672,0.5762331006400347,3.8602172067956593,0.42970925157404743,0.5755175799838917,0.02135748839519543,0.4302396811067976,33.7511834315995,0.48421087577174104,1.7371917038208096,0.3572478639862787,0.0014913902830097066,0.06693572327402178,17.504205320969106,12.914497122202842
PL,2021-10-12,10.79538033780843,16.424361488643257,36.59193433751962,0.0032504525185872,6.665956896831001,731.8466606271752,27.67697781250713,0.15312166415596143,2.3791182961213244,0.617482357104637,2.8578693125687886,42.001347429813926,3.599827842829745,0.7563682629406252,0.0032451812174534088,0.15262556201351382,2021,8.400884351765976,-8.560083749319329,0.5762331006400347,3.560016713629519,0.4268875954160897,0.5451774975981413,0.02135748839519543,0.42742152663463506,19.88323411700178,0.28525453705881293,1.026867224797824,0.21575747869110654,9.25702665856627e-4,0.04353713403550603,10.43801528953564,7.894983493093758
PL,2021-10-13,10.817814763700657,18.34040377454631,37.0381901673343,0.00343681306501726,6.84322019069839,623.0303815880699,28.728786452650468,0.16970903179521596,2.381194290331722,0.6325880355856083,2.962196367498335,32.21392835696808,3.611949547011165,0.775653084636617,0.003430920719728706,0.16912777126128792,2021,8.589548036537046,-9.239603902778846,0.5762331006400347,3.6399661383467814,0.4554219852707143,0.5996636311762957,0.02135748839519543,0.4559225010662115,38.622894326327845,0.5541028072242719,2.0013913835513235,0.4297915516293152,0.0019010828021655951,0.09371417283546417,20.52296514622636,15.918701221560255
BN,2020-08-08,7.001054395702904,0.8455211481610592,22.200558589211216,0.7003012667859392,1.0329751469658508,1.8521621461264053,3.037223846230505,1.1596931443949086,1.9460607656696194,0.14754565363752475,0.6127617027346723,1.0035984404578422,3.100117450237865,0.13680844263560565,0.530805451117748,0.6820515675948791,2020,7.106182593437342,-8.439140423317362,0.3571788751978846,4.568004287762606,0.4562982289546327,0.6265001501202248,0.03281582364650753,0.45747672293651515,53.1614255071195,0.762679639196776,2.364396458415044,0.10434101366839654,0.40483450994216597,0.5201868434868578,16.931914014786496,2.3164287872029257
BN,2020-08-09,7.261236203632948,0.5657927848913936,23.656309560591712,0.5139107678991257,1.0677665395921632,1.395878743914599,3.219889659162294,0.9450700560296524,1.9825500903238948,0.14705024181115844,0.44839226754351624,0.8914836991099174,3.1636298683874386,0.13611124131238986,0.41469621529890466,0.6242574371415158,2020,7.604941314233154,-8.679495406581271,0.3571788751978846,4.888616929669434,0.47078466951721226,0.6139037498978076,0.03281582364650753,0.47192698941046957,41.320400971660035,0.5928025481617555,1.8754078474207128,0.08068709068344432,0.24583297314222666,0.37006139944641747,14.023520587622064,1.9087587947510942
BN,2020-08-10,7.53967418606456,0.3757532407148449,25.158628500614025,0.3754275068603836,1.1063332508512884,1.036894095816713,3.411533584291477,0.7639082614246421,2.0201789696889523,0.14673488847782093,0.3190013925536083,0.7536919159121444,3.2252009192420843,0.13560093644247,0.31876459687504705,0.5553969639362349,2020,8.551643462337433,-9.067733701965237,0.3571788751978846,5.497177069366405,0.5026849085173398,0.6210145406130593,0.03281582364650753,0.5037548962865621,54.088687779710774,0.7759825942766013,2.502699776376752,0.10522396644696441,0.247355778846634,0.4309783769285876,19.522657812347713,2.6472906812002526
BN,2020-08-11,7.835574678293487,0.2480413472374948,26.70080689982251,0.27337535296984317,1.148743910273585,0.7605936792476984,3.612236828138149,0.6129954437970841,2.0586742206987165,0.14660621044885125,0.22157540019769772,0.6094298726009773,3.2846937859166947,0.1352856803800248,0.24167113312043212,0.4813941485261349,2020,8.971083460071952,-9.36534403623572,0.3571788751978846,5.766801960497106,0.48046211771684816,0.6026764473304674,0.03281582364650753,0.48158148307691107,53.49985784973731,0.7675349540138269,2.5211172939230733,0.10383648846921162,0.1854910420460603,0.3694868356515323,20.49380259598734,2.772518027772066
BN,2020-08-12,8.147327449958636,0.1629875374626183,28.27603258208173,0.198657712288733,1.194954614028656,0.551962491553163,3.822085048882175,0.4888157444719779,2.097689953224695,0.1466682935438814,0.15099215762581744,0.47460740014241526,3.342014540595557,0.135170485385004,0.1812023576314368,0.4078026107541799,2020,7.786564343125414,-8.639025241066802,0.3571788751978846,5.005368049391923,0.44000045068366456,0.5996996801962934,0.03281582364650753,0.4412224777631197,41.288990461382696,0.5923519177202881,1.9796487221708656,0.08006849623698929,0.10733556403841907,0.24156265853157863,16.74936212551746,2.2640194083953973
BN,2020-08-13,8.472839620153641,0.1067552129943352,29.876682039611012,0.14422816094733135,1.244670308482177,0.3969894030273732,4.04055244056455,0.3877652781345954,2.1368657086946414,0.14690120010316057,0.10143250280138796,0.3586966642364531,3.3970783112478657,0.13524100283985743,0.13473031445934394,0.33888807439729163,2020,7.489291887834712,-8.14145255522285,0.3571788751978846,4.814275035309268,0.43199414990151336,0.5723914780272169,0.03281582364650753,0.4332387607667738,52.13581472285398,0.7479657285851202,2.54089815413322,0.10115563522369628,0.10077365781708555,0.25347666547537867,22.346734249463626,3.0221947500932496
BN,2020-08-14,8.80962972311298,0.06978935229008468,31.49403671149665,0.10472551337247551,1.2972819498233066,0.2834601158366552,4.266192729630969,0.3063412299114548,2.175845409906266,0.14725726172346976,0.06746176207434725,0.26496815960063136,3.449798217163908,0.1354603339264423,0.09959689992448081,0.2773007649441034,2020,7.936865299302678,-8.499873581299545,0.3571788751978846,5.101984679100625,0.42821376070200295,0.5604460398187612,0.03281582364650753,0.42946932735196697,54.8835305923244,0.7873857954466137,2.7163221133519135,0.10665954278013569,0.0784211842710541,0.2183426833834673,24.797957147906644,3.359139555949041
BN,2020-08-15,9.154787280557937,0.0455920203674298,33.11828395856786,0.07612886936658819,1.3518865581344608,0.20125100287030231,4.496643130758311,0.24128625626574743,2.214276942526976,0.14766990392070262,0.044583251668522485,0.1924756491538459,3.5000855153295536,0.13577524537152255,0.07337022163740976,0.2242168787905198,2020,8.560960675942246,-9.1250548699457,0.3571788751978846,5.5031663710958725,0.4719064225799218,0.5844032880322486,0.03281582364650753,0.473046033651883,54.515007394286,0.7820987825978343,2.7374126205275573,0.10618965411199002,0.05738276102155145,0.1753597479399517,25.901769565725306,3.5168191183429887
BN,2020-08-16,9.504940197745512,0.02979902708409568,34.73854001032261,0.05545730867742166,1.4073646431289093,0.14228846625503316,4.728812319279791,0.189680475118964,2.2518116842578446,0.14806664890566315,0.029363663867460914,0.13817110184880138,3.547849733744532,0.1361258221524168,0.05397414094862602,0.1797140192781931,2020,8.752117907540645,-9.42730146914672,0.3571788751978846,5.626046277726014,0.46131379821715446,0.5786239034832626,0.03281582364650753,0.46247951166201534,49.90417313525748,0.7159495141098955,2.5400812930093197,0.09745921622783286,0.038642759986667816,0.12866616478095874,24.871040841277637,3.3855908823052543
BN,2020-08-17,9.856355374557625,0.01950875517219699,36.343314774901614,0.04052105488464907,1.4626261541695524,0.10032541906172068,4.959583933842226,0.1489835296978941,2.2881164628129746,0.14839421861198854,0.019320898707315282,0.09840564737943375,3.5930102744080696,0.13646482068463586,0.03972160199967839,0.14318165788044554,2020,8.969551126088737,-9.468101046826112,0.3571788751978846,5.7658169438424425,0.44329128518587296,0.5630554266044804,0.03281582364650753,0.4445042652251401,52.515614172139145,0.7534145160129357,2.7070260969226614,0.10281457682890699,0.029926831545846154,0.10787513947392563,27.381580911438277,3.7366225291412727
BN,2020-08-18,10.205496895832514,0.01280761694119503,37.92238017422691,0.02972268065041611,1.517217603539514,0.07064332835315949,5.18763879919387,0.11703710084321396,2.3229264864857795,0.14866670570044271,0.012726293056029922,0.06974999710854381,3.635541443724645,0.13679623418573109,0.029289523902411782,0.11365885499316031,2020,7.098104021329069,-9.106035982209743,0.3571788751978846,4.56281121095317,0.38569795645923655,0.5598340616976535,0.03281582364650753,0.38709145159565306,52.02355272258185,0.7463551633858934,2.713405128227294,0.10209857571626625,0.021860387397679575,0.08482987328867372,28.303564250917088,3.8718210035593406
BN,2020-08-19,10.549463386792317,0.00844137798202923,39.46756348091494,0.02190417938223064,1.5715629329308802,0.04974497271556385,5.414255995021824,0.09204502320997247,2.356074994817313,0.14897088840541792,0.008405948792074706,0.049328571597396634,3.675479156857618,0.13718242317238455,0.021667729442939057,0.09007206846498685,2020,8.774442129270714,-10.046726482623468,0.3571788751978846,5.640396759048869,0.42278903722549416,0.5746267980248189,0.03281582364650753,0.42406066580108437,46.84612450754782,0.6720772627212368,2.470205970929827,0.09219718745916257,0.01456238829339483,0.060535389221588194,26.525252030529963,3.6387983488063136
BN,2020-08-20,10.886120443695592,0.00559185739440403,40.9727018813738,0.01623022056201358,1.6268074478406378,0.03507784825232542,5.642982834576236,0.07253839191251678,2.3874886240418904,0.14943867801708552,0.005576281000182898,0.03488278867254939,3.7129060371845095,0.13772542633175813,0.016099918528863184,0.07137988070498466,2020,9.11957022915822,-9.125395227791875,0.3571788751978846,5.862252392419372,0.4434963349118123,0.5582116377781805,0.03281582364650753,0.44470875566128565,49.99587132028301,0.7172650608245129,2.6631377745968483,0.09878563629493047,0.011547909042874754,0.0511982944755073,29.388287507088215,4.047514426074006
BN,2020-08-21,11.213434988114257,0.00372721620974923,42.43240372454285,0.01210038734044691,1.684190729959496,0.02480251712182832,5.8779903690864215,0.05733326368533747,2.4171126119229767,0.1501940067200339,0.0037202873509783047,0.024710416058545265,3.747912309142541,0.1385259813996019,0.012027762922305164,0.056647803323142,2020,8.89375122575189,-9.605436151409664,0.3571788751978846,5.717091166648022,0.48354799099601525,0.616474099434628,0.03281582364650753,0.48466022931315617,53.32320070724712,0.7650005448174838,2.8671549584221974,0.10597245124207208,0.00920124518849898,0.0433356004049173,32.46081196719071,4.496665834783035
BN,2020-08-22,11.529298146230332,0.00250255924851139,43.84174845359773,0.00908378274777468,1.7447114206210843,0.01760745481061265,6.12313661891099,0.04548609626660042,2.4448914604620477,0.1513285022637343,0.00249943306167406,0.017563501108477392,3.7805865244539074,0.13966451692481519,0.009042773353136045,0.04507662995310458,2020,9.114486984400411,-9.388282087802754,0.3571788751978846,5.858984775306513,0.46787830336152186,0.5981555639438497,0.03281582364650753,0.46902770178109415,47.746263111391045,0.6849910884709677,2.5896680784443546,0.09566894946910104,0.006194219161960922,0.03087708981618013,30.031206993700273,4.19429401744428
BN,2020-08-23,11.831541250062832,0.00169449095186768,45.19632574737175,0.00687130495282595,1.8089453080231992,0.01256553898006924,6.3814066932014,0.03625176646131016,2.47076895268785,0.15289177206846088,0.001693056921813464,0.012544282806356201,3.8110157947591126,0.14119304141825048,0.0068478051251870484,0.03600436945912232,2020,9.061102476899343,-9.55109826748055,0.3571788751978846,5.824668086147669,0.4574093886444765,0.569214478516832,0.03281582364650753,0.45858502712333776,48.54120238627117,0.6963956735355222,2.6539749112457858,0.09832622317699143,0.0047687818623946355,0.02507328711970727,31.474525710171815,4.443984012216079
BN,2020-08-24,12.117954138230834,0.00115832896569566,46.492266607582216,0.00524115595200614,1.8769415836033263,0.00902574780770821,6.654542148879336,0.0290461852044839,2.494688165916761,0.15488931235362402,0.0011576586203029006,0.009015305118654688,3.8392859892479887,0.14313223756215138,0.005227468897312181,0.02889474334840173,2020,5.931784129214783,-8.925790288914904,0.3571788751978846,3.8130761460251836,0.4867614955601541,0.7701594498449973,0.03281582364650753,0.48786640778143003,43.362197882091735,0.6220951586609339,2.3884012266259282,0.08904187203572105,0.0032519830930685186,0.01797527994779094,28.922613971750298,4.139758453922962
BN,2020-08-25,12.386560263009171,8.002740886296397e-4,47.72629602527429,0.0040340126475856,1.9483555701616992,0.00653315877576287,6.943207419982686,0.02341437018648828,2.5166120350637624,0.15729593436688039,7.99954040060907e-4,0.006527934638819155,3.8654825253515095,0.14547970402534047,0.004025897834749537,0.023320295818212176,2020,4.340587166810273,-7.180546817597235,0.3571788751978846,2.790221124870607,0.3646316579005715,0.5862771210666247,0.03281582364650753,0.3661053458021586,43.672215674389086,0.6265428245336683,2.4218903396192717,0.09114926467235888,0.0025223974006679546,0.014611164010903349,29.902568316205336,4.350216788239075
BN,2020-08-26,12.636441819577891,5.593886380689296e-4,48.89584267804206,0.00313521899691186,2.022978919570143,0.00477090455685638,7.2480024055816274,0.01900392939851312,2.536584847474021,0.1600908664364601,5.592322385675203e-4,0.004768237259110016,3.8896923760577367,0.1482335104296409,0.003130314446385332,0.018944534135204784,2020,8.709580795217503,-9.347655156751458,0.3571788751978846,5.598702523336618,0.4421395226890221,0.5693823147691295,0.03281582364650753,0.4433556538550907,53.085171245904554,0.7615856585166897,2.962333929647279,0.11289251565479864,0.00238400258901468,0.014427885504651843,37.23837254468512,5.519974684985435
BN,2020-08-27,12.867057319936592,3.96008581392405e-4,49.99896583935259,0.00246214933260413,2.1004353477104547,0.00351888556212688,7.568740078942376,0.01554207164301079,2.5546703489948728,0.16324131427128868,3.9593019068896956e-4,0.0035174926048703674,3.9120023220012974,0.15137793256086232,0.0024591232090968272,0.015503898729102171,2020,8.445421841711234,-9.715639389168626,0.3571788751978846,5.428895567717168,0.3893036918545238,0.5548922567581631,0.03281582364650753,0.3906843262445535,53.09209834543891,0.7616850380521921,2.979713637493822,0.11530230632288259,0.0018730773550959456,0.01180908769343352,38.083464197917536,5.764996075036375
BN,2020-08-28,13.077998037126488,2.8422313151585605e-4,51.03432456438635,0.0019551120223257,2.1800629886638516,0.00262433543233881,7.904143025343903,0.0128178156008673,2.5709312790493413,0.16669699616676634,2.841827477734519e-4,0.0026235897474449783,3.9324984370149934,0.15487895828564974,0.001953203278283234,0.0127928042355072,2020,8.886119608168947,-9.292217053469708,0.3571788751978846,5.712185401649296,0.43378783311693686,0.5645052554849457,0.03281582364650753,0.43502731229416636,52.5669641266456,0.7541512074090404,2.9656984444090213,0.11680215339337716,0.0014730106106325966,0.00964770876035524,38.48759748953682,5.96091900609685
BN,2020-08-29,13.268986797043238,2.070264122847616e-4,52.0011681102782,0.0015708478268114,2.260966288250259,0.00198116286213112,8.251951918010658,0.01066817894772401,2.5854294925310626,0.17039479523440898,2.070049852744339e-4,0.0019807527939865576,3.9512661819883195,0.15868781832959697,0.0015696153358989594,0.010651447145123696,2020,8.337575024597928,-8.993902409331234,0.3571788751978846,5.359569355434065,0.44067608390980084,0.5634165813489119,0.03281582364650753,0.44189624258605836,54.22494476490944,0.777937403187725,3.07383775291947,0.12344918930885213,0.001221062478412865,0.008286159132268834,40.45365368243816,6.419502046327177
BN,2020-08-30,13.43987542592962,1.5319731383888358e-4,52.899320093280345,0.00127789736271696,2.3421094527839226,0.00151558049616682,8.609178555702302,0.00896735899597251,2.598226066148001,0.17426571144143785,1.5318558032875558e-4,0.001515348348870243,3.968390486102647,0.16274648786640836,0.0012770815468275284,0.008955914256763071,2020,7.914729859747034,-8.769504229834602,0.3571788751978846,5.0877555509474774,0.4142052482394507,0.5652803186347723,0.03281582364650753,0.41550314794319393,55.132981272531886,0.7909645361023276,3.1388561399130706,0.12872670027753677,0.001010126213251279,0.007083810565472825,41.841486177710024,6.809554922533178
BN,2020-08-31,13.590640965147353,1.1528772858907656e-4,53.72915712349946,0.00105329783230369,2.422443066603748,0.00117614901612448,8.972475355298911,0.00761829879551783,2.6093813915208477,0.17824347452162154,1.152810834695892e-4,0.0011760134362066297,3.9839558173572978,0.16699453026361788,0.0010527435033567496,0.007610282901034953,2020,6.240906543332024,-8.392487347273034,0.3571788751978846,4.011786563969573,0.37825415874916857,0.5792493247689215,0.03281582364650753,0.37967497533105854,20.90771133646358,0.29995218499904364,1.1949962523559723,0.0500903742354611,3.1577271407540506e-4,0.002282720984626295,16.116178077350593,2.6913135876719787
BN,2020-09-01,13.721380777290165,8.832201889293698e-5,54.49158270605317,8.802247699994346e-4,2.5010560013465204,9.268994340851616e-4,9.338592089049008,0.00654614325166981,2.6189552569780807,0.1822743674226971,8.831811873310662e-5,9.268175756857315e-4,3.9980462439807316,0.17137678197795556,8.798375993581015e-4,0.006540386241694507,2020,6.866072016175466,-8.333481245818067,0.3571788751978846,4.413656136410242,0.4019710123941946,0.5589360166653985,0.03281582364650753,0.4033082854180068,53.224824495842256,0.7635891918918599,3.0528649005875326,0.13086145845957456,6.718344814899268e-4,0.004994168244956148,41.60918360342359,7.130847986684648
BN,2020-09-02,13.832295810154331,6.895079503078503e-5,55.18765546518314,7.462818542285524e-4,2.577445610263306,7.425666622344067e-4,9.705119905888244,0.00569302296139323,2.6270061340801862,0.18633534487971226,6.894841803408209e-5,7.425154652027583e-4,4.010739295396372,0.17585671694299504,7.460035243919571e-4,0.005688777529949885,2020,7.784356910513512,-9.13588072447156,0.3571788751978846,5.003949065077416,0.40759991623450165,0.5656465977302931,0.03281582364650753,0.40891878166204526,50.75947976948487,0.7282201586415737,2.9207012059635398,0.12806240631041418,5.432548048798842e-4,0.004142682475336726,40.18876321791218,7.067463957501433
BN,2020-09-03,13.923610025372424,5.489556909966824e-5,55.81715505381013,6.422260878755267e-4,2.6519271470268215,6.052594153894498e-4,10.07150423685658,0.00501368264336978,2.633585962186426,0.19046261294264372,5.489406239315393e-5,6.052261911532523e-4,4.022081260378139,0.18043743410331856,6.42019948955396e-4,0.005010464792167868,2020,8.42109890189704,-9.341011508511412,0.3571788751978846,5.413260268187313,0.4253666977843351,0.5871776640710695,0.03281582364650753,0.4266306433738071,52.66776855622264,0.7555973967323301,3.0390741297876107,0.13633805548152886,4.8510860208092065e-4,0.0037858941533810363,42.175297051663755,7.6100023825474645
BN,2020-09-04,13.995471268135368,4.459775723913122e-5,56.378466319248304,5.611569181261629e-4,2.72523166004997,5.022651871178113e-4,10.438073705872482,0.00447282159718092,2.63873379643657,0.19472239325407553,4.459676278878669e-5,5.022427882158673e-4,4.03208728274854,0.18514291692090237,5.609995284601492e-4,0.0044703130500866745,2020,8.947896571889958,-9.691185499283852,0.3571788751978846,5.751896938955295,0.4290204557575835,0.568880449615066,0.03281582364650753,0.4302736684251587,54.4327215162828,0.7809182694127981,3.148730622965341,0.14458148627590853,4.380947809064955e-4,0.0034909491308071326,44.02697435017511,8.15128245439317
BN,2020-09-05,14.048075618592364,3.699110939035633e-5,56.86989717188104,4.97980929086423e-4,2.7977438349754675,4.245880051315244e-4,10.804143832054702,0.0040434374991136,2.6424854197507366,0.19915495267356806,3.6990425236045584e-5,4.2457229973114096e-4,4.040766153191191,0.18998001349291593,4.97856977732072e-4,0.004041424946563877,2020,8.4270498952188,-9.338591455047844,0.3571788751978846,5.417085692408098,0.427893816781956,0.5832415400300788,0.03281582364650753,0.4291503194940309,50.989254063549424,0.7315166123017635,2.9558875674860485,0.13897353587538117,3.641906497613598e-4,0.0029563694857822425,41.60127452112406,7.903410694845649
BN,2020-09-06,14.081703081359294,3.134160209921305e-5,57.29002402257132,4.4894565812599935e-4,2.869239475495988,3.658438712700545e-4,11.167362518594745,0.00370502409307882,2.644876300898034,0.20375656686684113,3.13411109614173e-5,3.658324054963665e-4,4.04812650773566,0.1949268255533457,4.4884491217590035e-4,0.0037033614850196495,2020,8.813387083827637,-9.5338801678834,0.3571788751978846,5.665431398542517,0.4298856486161057,0.5858401092485651,0.03281582364650753,0.43113634637744075,53.44433451524031,0.7667383892807104,3.103853998145787,0.1494578802523743,3.4414662499859176e-4,0.0028395094199481856,43.92646074091954,8.562445550021112
BN,2020-09-07,14.096712620660057,2.714034808780478e-5,57.637698206751125,4.112900057380354e-4,2.93884663400654,3.2148465730484426e-4,11.523617900688208,0.00344209991209959,2.645941622730108,0.20847744528035453,2.713997979523395e-5,3.214759323361388e-4,4.054176836377505,0.19993195875643838,4.11205449187668e-4,0.0034406847928314037,2020,2.9867759710064545,-6.963602333406,0.3571788751978846,1.9199626892142996,0.30536227625041445,0.5823043036235045,0.03281582364650753,0.30712049433151334,24.776226521607967,0.35545178339183015,1.441064386676232,0.07106617129699785,1.4616371025419518e-4,0.001222997545701072,20.48742261818978,4.096090533925642
BN,2020-09-08,14.09353677435606,2.403316126205759e-5,57.91205059024912,3.829979748993739e-4,3.00511148495856,2.882684823510171e-4,11.867212212807162,0.00324313217829691,2.645716307496253,0.21322621376534243,2.403287247018955e-5,2.882615545145918e-4,4.058925490561552,0.20491783820214599,3.8292464989650096e-4,0.003241890540784944,2020,6.921439207582236,-7.548738621435308,0.3571788751978846,4.449247336667475,0.3910997550373693,0.5299749007826582,0.03281582364650753,0.3924740713370617,55.27538505492217,0.7930075299524292,3.218758477531168,0.16250138871587533,3.0366213077232294e-4,0.0025708436101240136,45.92469219305357,9.41078864429951
BN,2020-09-09,14.07257925276808,2.177271436972203e-5,58.11229821890788,3.626108384487387e-4,3.066291054145071,2.638844714113381e-4,12.19169193656736,0.00309966938445578,2.6442281700877848,0.21789119102256477,2.1772477347544895e-5,2.638787260552075e-4,4.062377314761294,0.2097953842858098,3.6254511102710817e-4,0.0030985458181586856,2020,7.15644962318958,-8.28066779545391,0.3571788751978846,4.6003169963684005,0.38743563965170796,0.5478719967986704,0.03281582364650753,0.3888229071877412,54.44192678581427,0.7810503326819449,3.1729211531738946,0.16386075469156822,2.831659795799355e-4,0.0024201202421030906,45.388629856790395,9.52232504301172
BN,2020-09-10,14.033920934408004,2.018466383437138e-5,58.23715358240047,3.490670176415831e-4,3.1209940098978133,2.4667337113940034e-4,12.49171264583086,0.00300553533079777,2.641477322954173,0.2223893111899926,2.0184460126769143e-5,2.466683922208248e-4,4.0645235287654975,0.21449730760203076,3.4900610792415855e-4,0.0030044865636334583,2020,7.7425680695948,-8.817022927194445,0.3571788751978846,4.977086315353873,0.3920484640592998,0.5320294392779501,0.03281582364650753,0.39341946628611907,54.18771611763304,0.7774033029260843,3.159774016083081,0.166750915398571,2.713185010416183e-4,0.0023356977781656915,45.27375554797177,9.711098670072447
BN,2020-09-11,13.977610229562062,1.9151943895236935e-5,58.28541301109296,3.416722844610987e-4,3.1679056822501397,2.3550850960500457e-4,12.76211185682008,0.00295673552890164,2.6374567801019877,0.2266414380013367,1.915176049909889e-5,2.355039992456239e-4,4.065351856408163,0.21895893324786386,3.4161392777834763e-4,0.0029557256393701963,2020,8.042423200561679,-9.06352909789866,0.3571788751978846,5.169839527919687,0.41080015035218476,0.5727785384164281,0.03281582364650753,0.41210877424652864,54.12752506794997,0.7765397728830644,3.156907407264939,0.17003032029501428,2.6527680189068965e-4,0.0022952385167011825,45.260941382029735,9.910287442803329
BN,2020-09-12,13.903760163025444,1.860208898794251e-5,58.256163529693616,3.400578093149714e-4,3.2057038830229536,2.296918707541853e-4,12.997633420313948,0.00295127801425458,2.6321593188795442,0.2305638075912693,1.8601915971139605e-5,2.2968759808504632e-4,4.0648498985167105,0.22311172986338096,3.400000027627346e-4,0.0029502747502861207,2020,8.228179009760275,-9.22151013556111,0.3571788751978846,5.289247286127256,0.42898281360521334,0.5784706079283525,0.03281582364650753,0.43023613591868815,53.46738005053608,0.7670690117269072,3.118020394473432,0.17114209413098433,2.6080346610635657e-4,0.0022630643370248225,44.686497785723176,9.97008182250884
BN,2020-09-13,13.812548231154322,1.84987853433899e-5,58.148793430849445,3.4414936899368535e-4,3.233127477733035,2.2888271712672033e-4,13.193130506010196,0.00298903995500489,2.6255774711201516,0.2340717602303598,1.8498614242904337e-5,2.288784831527908e-4,4.063005129494881,0.22688571383169745,3.44090163183023e-4,0.002988011632686955,2020,6.872225186864652,-8.649231716006154,0.3571788751978846,4.417611524513763,0.3774618495498976,0.5522692371231022,0.03281582364650753,0.3788856372934031,54.01611284455346,0.7749413989957656,3.148590879177735,0.17582313248888856,2.6664971243773314e-4,0.0023155339148500506,45.06190733121826,10.223903011461255
BN,2020-09-14,13.704215860087334,1.8837899166460885e-5,57.96300098893282,3.5416168794146483e-4,3.2490642735094166,2.330653340260802e-4,13.343830033622083,0.00307176849396935,2.617703512509507,0.237085018703778,1.8837721735574082e-5,2.330609436475241e-4,4.059804893008806,0.23021289108495074,3.5409898749447005e-4,0.0030706809764116144,2020,5.7388124892345544,-7.907859414194364,0.3571788751978846,3.689029899358184,0.3675582486140022,0.5698926155793206,0.03281582364650753,0.36902024931674327,53.15419577497278,0.7625759179467801,3.09590944297102,0.17555480674228843,2.700273604326209e-4,0.002341627364308802,44.20118868608557,10.175683436815174
BN,2020-09-15,13.57908050333388,1.9646099644914456e-5,57.69871559487812,3.7060144437155856e-4,3.2529164380856654,2.425381886872955e-4,13.446412270261003,0.00320311566253338,2.6085304102161975,0.23955351301489247,1.9645906662799657e-5,2.425334238514833e-4,4.05523491321219,0.23304526160812208,3.705327886184263e-4,0.003201929023012676,2020,6.398567164511743,-7.911799880711603,0.3571788751978846,4.113134141813321,0.3746871016626582,0.5537854835612476,0.03281582364650753,0.376121393214959,49.21826322633558,0.7061091173021014,2.863438345020923,0.16455538396554836,2.616365803028431e-4,0.0022609112761034604,40.74158913816438,9.494634299034141
BN,2020-09-16,13.437572386020712,2.098015313063838e-5,57.3558495770531,3.9425728326662816e-4,3.2453795651666737,2.5790487362933276e-4,13.50133474476957,0.00338856723660705,2.59805469274003,0.24151531779228858,2.0979933050233075e-5,2.578994628591097e-4,4.049274836230152,0.23539595079367767,3.9417958428558105e-4,0.0033872317958014426,2020,6.99660714299832,-8.274832435542315,0.3571788751978846,4.497566873460695,0.3659325462459651,0.528293237890347,0.03281582364650753,0.3674010161712323,51.55960693468323,0.7396991717012085,2.99524524234999,0.1741221898239018,2.91574311997571e-4,0.002505532553714324,42.42607442436528,9.986926127566798
BN,2020-09-17,13.280191462722398,2.2936912481699333e-5,56.93456744388928,4.263016255344208e-4,3.2274453194717063,2.8017283227397e-4,13.510013402430038,0.00363605345863314,2.5862735613180328,0.24302701723323575,2.293664943483097e-5,2.8016640612163246e-4,4.041902668866347,0.2372901737726305,4.262107848125124e-4,0.003634504063642798,2020,6.648297151772047,-8.214721747177473,0.3571788751978846,4.273665853120807,0.37104318346090265,0.5614141633686375,0.03281582364650753,0.3724915063117544,50.9312937169114,0.7306850850084313,2.953357995196412,0.17338439079471996,3.114258635322408e-4,0.0026556779107063267,41.601239252656505,9.871565291419639
BN,2020-09-18,13.107491218747716,2.5666154751490567e-5,56.43537905084991,4.6839952619846743e-4,3.199995986330286,3.1087359419796625e-4,13.473699180929136,0.00395656282162299,2.5731839155232787,0.24413489453674506,2.5665825381410573e-5,3.1086561547297257e-4,4.033096249976686,0.23874561325775703,4.682898613837056e-4,0.003954710437127988,2020,6.223790092318888,-8.372280797655495,0.3571788751978846,4.000783747676689,0.36342801199844066,0.5637260494227838,0.03281582364650753,0.3649065608984544,50.19409988864896,0.7201089441771064,2.9042686823353585,0.17192285148995917,3.3721971764986373e-4,0.002847822357406418,40.63962122254232,9.702531291338824
BN,2020-09-19,12.920075421617112,2.938947038011201e-5,55.85914403745849,5.228482231430031e-4,3.163726093408299,3.5223355120438473e-4,13.393291706419358,0.0043648897165178,2.558782335923881,0.24486901122225171,2.9389038517980336e-5,3.522231995510944e-4,4.022833237045859,0.23976901073596782,5.227115856357909e-4,0.004362608734292808,2020,3.2138561181236587,-7.954361208673783,0.3571788751978846,2.0659346048044105,0.2961888133268631,0.5474321422733471,0.03281582364650753,0.29800116010105404,31.16949377202974,0.4471727015825441,1.7989012066258476,0.10721815628657674,2.3374235189725195e-4,0.001950839533661318,24.978684347318772,5.989114435442626
BN,2020-09-20,12.718594598032546,3.442970983501313e-5,55.207073655311675,5.927779988173471e-4,3.119111122705406,4.0743403532152503e-4,13.26927907532005,0.00488067597429794,2.5430650642317163,0.2452402345765392,3.442911714605993e-5,4.0742000796886973e-4,4.011091091002621,0.2403546900197519,5.926023753397495e-4,0.0048777845309450245,2020,5.080034899930199,-8.062626655195187,0.3571788751978846,3.2655537484071324,0.32508419466710053,0.5493761743920714,0.03281582364650753,0.3267363033150066,44.51334727915084,0.6386101072055896,2.561523311636569,0.15349293436088002,3.784418664460045e-4,0.003115002502232569,35.255795225525475,8.473895732831025
BN,2020-09-21,12.503742265160474,4.125638437331087e-5,54.48072988509512,6.824380966795844e-4,3.066419028140991,4.8100188424292416e-4,13.101792127942472,0.00552984141432106,2.5260279807154804,0.24524010197211438,4.125553335202582e-5,4.8098204066297795e-4,3.997847059055022,0.24048488622629247,6.822053416896668e-4,0.005526070213482452,2020,7.002250939494234,-8.498732378904604,0.3571788751978846,4.501194825072353,0.3470532739746667,0.5081262386305313,0.03281582364650753,0.3486012812055253,46.592756688120765,0.668442324883108,2.6723301826818346,0.16075027644835263,4.560149246467159e-4,0.0036938592209675033,36.4172257457216,8.757792390137068
BN,2020-09-22,12.276374904025056,5.0553059251672106e-5,53.68187866575581,7.975829666767983e-4,3.0059553978506925,5.793686091023002e-4,12.89131576639716,0.00634644473256217,2.50767667588265,0.24485692407985435,5.055178148877554e-5,5.793393217272422e-4,3.983075489550205,0.2401427835017379,7.972650664058328e-4,0.006341386950345468,2020,5.810589655066836,-7.691133958349969,0.3571788751978846,3.735169777833599,0.3401367296204926,0.5434795674501832,0.03281582364650753,0.34171607091051887,43.387193868248055,0.6224537632228172,2.47928032767109,0.14947777930145903,4.962606408703998e-4,0.003947220171294601,33.41448739237037,8.024248011687547
BN,2020-09-24,11.78967219525658,8.100073474488194e-5,51.87310506252612,0.00113812080285533,2.8654868508198317,8.907906975857715e-4,12.351921490877949,0.00867377422542059,2.4672239105373555,0.24305059575555651,8.099745436255576e-5,8.907185487288735e-4,3.9488004489685062,0.23811802813788285,0.0011374736343651496,0.008663913645066997,2020,4.887599933195673,-7.684204677819509,0.3571788751978846,3.141852486639587,0.3127648736919778,0.5114060599853482,0.03281582364650753,0.31448170773060474,34.08236026716649,0.4889620995594993,1.9308137582691343,0.11643069098126714,5.561814964527578e-4,0.004236325406294154,25.363982362043267,6.039621465773783
BN,2020-09-25,11.533241401179776,1.0580496092854284e-4,50.86715985470976,0.00138852395404602,2.7871448522057745,0.00113569540496937,12.028337988427088,0.01031999125200076,2.445233422367827,0.24166188456964643,1.0579936397850961e-4,0.001135575255473833,3.9292175258372706,0.23646568872300408,0.0013875608460898433,0.010305681566283203,2020,4.032562352067131,-7.129244358462539,0.3571788751978846,2.5922162669904574,0.30274879624089235,0.5403005350223479,0.03281582364650753,0.3045221041351646,25.331030718535494,0.36341127395667355,1.4279219467174114,0.08593429718586913,5.042552547699098e-4,0.0037452008669947856,18.485699365357835,4.37123363195574
BN,2020-09-26,11.269958233891115,1.4102902411687018e-4,49.79680110847489,0.00171712057505572,2.704202146208433,0.00147377903780834,11.671982100603165,0.01241546257610224,2.42214062209017,0.23994784098456842,1.4101908045889797e-4,0.0014735712214970055,3.9079507471978854,0.23439220674391306,0.0017156480089957054,0.01239418027414256,2020,4.213271663427757,-7.647889569353389,0.3571788751978846,2.7083800297815106,0.3265944849091888,0.542730670168768,0.03281582364650753,0.32823899197794437,35.23927852254382,0.5055598109484307,1.9757028409491415,0.11849927972923818,8.673626830819203e-4,0.006265999436256282,25.17526135423717,5.900885064174403
BN,2020-09-27,11.001159691721956,1.9171770012547487e-4,48.664966192068555,0.00215160620378736,2.6171309573262764,0.00194535997849948,11.28517465600613,0.01509517925601888,2.3980006937615634,0.23789591558202627,1.9169932463567846e-4,0.0019449870900478026,3.8849593911709013,0.23189525317795032,0.002149294814032556,0.0150627701064117,2020,4.78349644053135,-7.440718015006903,0.3571788751978846,3.0749325623892774,0.3353961004185296,0.5577886899727158,0.03281582364650753,0.3369976594244462,46.859719429388385,0.6722723020751549,2.611750593370954,0.15589675569424152,0.0014449113724678583,0.010126283135066218,32.71610885235151,7.586710345313436
BN,2020-09-28,10.72812439256634,2.656641418785159e-4,47.47495210539847,0.00273068270579268,2.526419408082531,0.00261015754289017,10.870532593470116,0.01853845910469625,2.372868741043245,0.23549497709339767,2.656288594091429e-4,0.0026094643017956706,3.8602022478594726,0.22897406129734688,0.0027269611651312108,0.018487974312974668,2020,5.508650697372735,-7.882925463091373,0.3571788751978846,3.541077037427099,0.358235887459816,0.5600990758691525,0.03281582364650753,0.35973577712777005,48.58044101955543,0.6969586100329983,2.690401193114394,0.15958544349540943,0.0019005790632638142,0.012885352879496602,33.088076630761684,7.576311286663336
BN,2020-09-29,10.452133990271207,3.750360100211581e-4,46.23042540913582,0.00350875338479954,2.4328347772316192,0.00355723831896896,10.431749153150982,0.02298396075802336,2.3468061671582094,0.2327596239673247,3.7496570159504015e-4,0.0035559047266482623,3.833638139972414,0.2256468345430694,0.0035026120710195774,0.022903597682132095,2020,5.755755258265685,-8.412126236954084,0.3571788751978846,3.699921069204038,0.3318349170346895,0.5403895432632687,0.03281582364650753,0.3334535806450696,49.242491121633115,0.7064567024593418,2.708299358787276,0.15940971865168552,0.0024744437736867763,0.016180400092974462,32.65979388783066,7.3695791076180734
BN,2020-09-30,10.174703531097318,5.389754632556994e-4,44.9355587535347,0.00456257656075391,2.337973777947339,0.00491990257484267,9.975328882348682,0.02874951838513816,2.319904593911276,0.2297829878582412,5.388302681493812e-4,0.004917252296508215,3.8052294357394847,0.22199187367541096,0.004552199560251843,0.028618942269943742,2020,5.825257679422525,-8.447517923581023,0.3571788751978846,3.7445986937485483,0.3387885948601023,0.5603517528414605,0.03281582364650753,0.34037419157286475,48.69437425966105,0.6985931516508607,2.658307224267873,0.15508200267178507,0.003180135437739997,0.019992997077274036,31.391673610824228,6.968696442673823
BN,2020-10-01,9.897490835036711,7.878555972886531e-4,43.595143202004046,0.00600097477814095,2.2439711982247204,0.00689849981551455,9.509777453612708,0.03625838328180959,2.292281274010017,0.22672122011784587,7.87545401982957e-4,0.006893069072463312,3.7749457497007177,0.2181384611938962,0.005983040641432767,0.0360420955753108,2020,5.354185632268866,-8.092100496091453,0.3571788751978846,3.4417836305343976,0.329624119333626,0.5463977756708593,0.03281582364650753,0.33125358613616124,45.77649004211976,0.6567317669903924,2.479126792493824,0.1432584570684326,0.0039292528524234715,0.023669989113210464,28.630315427251308,6.245372950796468
BN,2020-10-02,9.622063417690963,0.00117035914900869,42.21424825396846,0.00797921631196639,2.152728397700462,0.00979574211666596,9.043147584280216,0.04607373274126401,2.2640587341608596,0.22372835266731791,0.0011696748126339958,0.009784290982198381,3.7427578004056037,0.21422026823443652,0.007947550698479097,0.04570901065781929,2020,5.717493037149294,-8.490540121178476,0.3571788751978846,3.6753253051885717,0.33049000167982484,0.5493850895837558,0.03281582364650753,0.3321152202051711,47.02649867139141,0.6746649981118581,2.525107684343789,0.14452691686390784,0.005361934276983296,0.030838269589152555,28.480475718557138,6.101095147873666
BN,2020-10-03,9.349848552979047,0.00176522105591128,40.79809907561787,0.01072001926409031,2.0656326786003834,0.01407054404122853,8.582127767550345,0.05894294274524194,2.235360145627066,0.2209268596058951,0.0017636648842787378,0.014045750187251922,3.708635489040833,0.21035606957186087,0.010662967228022681,0.05831777507302027,2020,5.670934193791796,-8.42498096604227,0.3571788751978846,3.6453962971320197,0.32728277338576534,0.5409903400841922,0.03281582364650753,0.328923839264771,46.675814346274414,0.6696339104011575,2.483428084778922,0.14086155744402312,0.007140284441380219,0.03905155976804171,27.319790620939845,5.746883776547094
BN,2020-10-04,9.082136104146068,0.00270083254771857,39.35203920994847,0.01454434536719469,1.9834876993000896,0.02041983194580817,8.13177897800355,0.07585324546696909,2.2063094187059553,0.21839440375646998,0.002697191853290463,0.020364829950249783,3.672547795882776,0.20664187018668603,0.01443959087813417,0.07476582547953138,2020,5.577146391142287,-8.243474167907474,0.3571788751978846,3.585107516340144,0.31613148057899726,0.5371006070583164,0.03281582364650753,0.3178301296206318,46.743416627085146,0.6706037655667362,2.4628243811428066,0.13857481627094434,0.00968324401611987,0.05013824410227917,26.389625676921295,5.453201603405606
BN,2020-10-05,8.820083142657037,0.00418816507685371,37.8814922341795,0.01991667123129466,1.9065320764471152,0.0299020824430987,7.695516584771843,0.09809951965876934,2.177031296579376,0.21615806173373273,0.004179419124655341,0.029777369902392947,3.6344626612637048,0.2031471341519217,0.019720929087692147,0.09618385739330908,2020,5.611050253040077,-8.355721304476534,0.3571788751978846,3.606901634980417,0.3374275072860568,0.5585959137933877,0.03281582364650753,0.3390194698758179,45.66278721697325,0.6551005310174822,2.3809384193570646,0.1330817954576036,0.012919191117505236,0.06301009605366656,24.81618567834562,5.041337001137876
BN,2020-10-06,8.564661788664617,0.00657627943034227,36.39231667397058,0.02751119265796963,1.8345885810523963,0.0441218473276974,7.275582793270528,0.12736236267365098,2.1476446433915957,0.214204439862469,0.006554750042071557,0.04383358542153163,3.5943576719766717,0.1999208475363249,0.027139560426703933,0.12395228741420282,2020,5.708934416583544,-8.617282352579933,0.3571788751978846,3.669823643089742,0.34271797543438776,0.5828526092415234,0.03281582364650753,0.3442854759751626,44.66975477667427,0.6408540051567998,2.303458510052321,0.12812007585799576,0.0173924959976482,0.07943531983773866,23.322161897448634,4.662586372917315
BN,2020-10-07,8.316504208799522,0.01044609069655504,34.89182334816134,0.03830732385277654,1.767409754300136,0.06550113189471894,6.874260750747982,0.16578998154619898,2.1182419993265453,0.21251835024986532,0.01039190730092167,0.06482397477490905,3.5522525137403567,0.19701638066186725,0.037591813998605575,0.15967332381997784,2020,5.772882119697423,-8.625975542668254,0.3571788751978846,3.7109305775339174,0.3390538002737899,0.5568557111237908,0.03281582364650753,0.3406381625151499,45.38330556109881,0.6510909513940786,2.312839468763216,0.12827558272535308,0.024475689940981343,0.10396185631820416,22.71775045962849,4.4757689723354765
BN,2020-10-08,8.076027742533572,0.01676932027661681,33.38775197285026,0.05372978166361488,1.7048369008899038,0.09766756422147636,6.493904969934779,0.2160710289788348,2.088900135627154,0.2110984453298907,0.01663026761789149,0.09605675768708821,3.5081891253293613,0.19449961696179466,0.05233604311651173,0.2050535466860438,2020,5.386149442955347,-8.086439678904611,0.3571788751978846,3.462330643272843,0.3541948715338004,0.6056022368306425,0.03281582364650753,0.3557118009041084,45.205230157827785,0.6485361951395012,2.2751876271708786,0.12614004154049271,0.033941818271439404,0.13298464696762693,21.653165628733685,4.211532420798999
BN,2020-10-09,7.8432834521974,0.02717746988558907,31.888917889961927,0.0758492982725611,1.64713136952985,0.14598550061145713,6.137926433951609,0.2814616388350724,2.0596575543650992,0.21000533508302371,0.026814720190420183,0.14212295819506005,3.462258547864303,0.19247835423991358,0.07311039456313546,0.26161809027249605,2020,4.867137896013728,-7.778579478130567,0.3571788751978846,3.128699056882546,0.33791033174321294,0.5544560014741335,0.03281582364650753,0.33950003030987624,42.94319730742562,0.6160839728422467,2.133042001175268,0.11858282916626325,0.04504214233852069,0.1611787124224809,19.64625122328794,3.7814781024423514
BN,2020-10-10,7.618224623717389,0.04441622351075503,30.40367989837746,0.10766636592775072,1.5948746068992612,0.21823390015354743,5.809947574976882,0.3657079652595089,2.030543353538932,0.20934990574234685,0.04345809153179677,0.2089529971297886,3.4145636503750345,0.19109356480519119,0.10225542919761565,0.3301607564414958,2020,3.925646398744255,-7.38123224935161,0.3571788751978846,2.5234884336161554,0.3179093458879342,0.5854294464556298,0.03281582364650753,0.31959854581097963,31.292640025008104,0.44893941755928923,1.5329322164184884,0.08578943368297082,0.04590649282625271,0.14822217769777946,13.649410345236648,2.6083144803601264
BN,2020-10-11,7.4007912261800195,0.07310713485737719,28.939477390377785,0.15349994444073456,1.5488718389287768,0.3253511700206585,5.513285569887313,0.4727549056198299,2.001586916951085,0.20928462803405412,0.0705583047568882,0.3031861027220733,3.3652066626566546,0.1905108891745381,0.14280075046585702,0.40984389110572644,2020,3.567523378919371,-7.449290319021864,0.3571788751978846,2.2932793911947935,0.2837627777316213,0.5569836071510249,0.03281582364650753,0.28565397302954526,25.17463222980211,0.36116750524994234,1.2154032950021882,0.06880634256611617,0.051574990793573125,0.14802229569258427,10.451998852319857,1.9912195950067075
BN,2020-10-12,7.190911465840683,0.12100527964440656,27.502837707452677,0.21949218279044783,1.5101044119759244,0.48196338740299166,5.250716065385535,0.6060734643638674,1.9728179322437989,0.21000180841461374,0.1142258538420065,0.4299385526140207,3.3142891887107853,0.19091542920906318,0.19843452847735818,0.49698839641353604,2020,3.6582079360787767,-7.501171223942992,0.3571788751978846,2.351573340230184,0.2947243401591269,0.5668086209409748,0.03281582364650753,0.29654563723621263,23.409301171645684,0.33584120819048335,1.113074885429287,0.06411726840777647,0.06664249179054485,0.16690918350817283,9.23658624433769,1.7634068272642591
BN,2020-10-13,6.988424228601785,0.20102224994968165,26.09964797337104,0.314199692582428,1.4797312920118872,0.7059845654119385,5.024472149285422,0.7674014309533802,1.9442550985862403,0.21174033567620806,0.183173069112485,0.5878197222753506,3.2619218266273844,0.19251110798167823,0.27322788156167305,0.583930612132028,2020,2.122953322159246,-7.049059590474765,0.3571788751978846,1.364679242452794,0.2699291187482036,0.5960868919662549,0.03281582364650753,0.2719165449724979,17.925223194344834,0.25716396104829276,0.8388487375653806,0.04950691907436398,0.07026436429123363,0.1501659091932266,6.7118888547981435,1.292113160087068
BN,2020-10-14,6.792859442413209,0.3343317082228978,24.73584027821871,0.4491355436260817,1.4590911702128118,1.015807110133515,4.836444248366192,0.9547752822388144,1.9158719784616325,0.21479778620216228,0.28843057342219813,0.7612852965072657,3.208253215326383,0.19552374990975954,0.3709672018388261,0.6588585080521451,2020,3.3709172488973427,-7.1370838069638465,0.3571788751978846,2.1668968175510424,0.30355446745641146,0.5663331299169936,0.03281582364650753,0.30532309607093966,29.466600508909693,0.4227421674665414,1.3562639180285758,0.08265613382803773,0.1568234789643433,0.27852727374773556,10.456882733320354,2.0445689243854117
BN,2020-10-15,6.603702766011835,0.5546109059744104,23.416519034490396,0.6389053213636031,1.449200184046776,1.422371495405151,4.686796721580051,1.1601955634715058,1.8876305168699128,0.21945266699548768,0.441225293082319,0.9149372939164006,3.153441714948949,0.2001491645567314,0.49402853199408436,0.7079088391184178,2020,3.126457565503035,-7.343937096621922,0.3571788751978846,2.0097529689027445,0.2702914474540229,0.5267092365552829,0.03281582364650753,0.2722762289447786,29.321096546687212,0.4206546969303218,1.3265100688892844,0.08419368615746896,0.20781542240090334,0.297785178173654,9.85026871761667,1.9715230544902822
BN,2020-10-16,6.420476095473812,0.9124621358524602,22.1457597158033,0.9001884639737661,1.4504785353182854,1.9139835350716776,4.573547538133575,1.368848797633877,1.8594922731257792,0.2259144826254889,0.6483914882754862,1.0007955186095956,3.097646043212688,0.20652023668756206,0.6419530728183768,0.7203752804452218,2020,2.2896209285479565,-7.727511859792768,0.3571788751978846,1.4718167006596612,0.2505611666521037,0.5682463561486384,0.03281582364650753,0.2527009626330338,17.239764326461895,0.24733003509438511,0.7661409045777774,0.051078657387635444,0.15877427602911748,0.17817044339364424,5.477311527701451,1.1311756731124156
BN,2020-10-17,6.242735060784768,1.4761499810743195,20.926692379454515,1.2483513738899092,1.4626553235873383,2.440319802556008,4.492789313764279,1.5645545712381337,1.8314183973743194,0.23429719655657938,0.9067049269273701,0.9855298835724136,3.0410254914541426,0.21469180280851388,0.8101972249282431,0.6958674651156826,2020,0.8446525489824835,-7.350049003907226,0.3571788751978846,0.542960501603894,0.24504716733617732,0.6152346242798483,0.03281582364650753,0.24723469113593904,21.145831636430156,0.3033683745148724,0.9225509602007342,0.06513070323968638,0.24578821516294158,0.21110418176992934,6.348496651127884,1.3629701911544583
BN,2020-10-18,6.070066768139447,2.3193263370239277,19.76159033379415,1.6904721153833209,1.4847903515523329,2.931661758478927,4.439204427013019,1.7467867775514805,1.8033696047043946,0.2446085699329861,1.1997618518043078,0.8832098627299849,2.9837401715606418,0.22463801506003128,0.9897166857915374,0.6492491661830919,2020,1.0822596859298406,-6.700440485151786,0.3571788751978846,0.6956993886374042,0.25112872729623376,0.5612435775817612,0.03281582364650753,0.25326372806824277,13.632318562953408,0.19557586546689598,0.5835475663813172,0.04393377421213123,0.19356469739070786,0.1269774675799188,3.8648901325340366,0.8682012477975473
BN,2020-10-19,5.902087763344099,3.4828667918904372,18.651961144875667,2.2152433993025946,1.5153942984743636,3.416797000731913,4.40672706993409,1.9498458358541089,1.7753061465125437,0.2567556361811447,1.5002627506766086,0.7621901696728848,2.925951295782617,0.23626078972101916,1.1679030622275284,0.606438018433392,2020,1.8598453431733388,-7.541000271033142,0.3571788751978846,1.195547875456662,0.25325820343452093,0.5742514366085686,0.03281582364650753,0.2553754018860859,20.75142894618381,0.2977100818971352,0.8710851998944719,0.07033721905692646,0.3476965163036725,0.18054271213334153,5.552876879983119,1.3119270768884006
BN,2020-10-20,5.73845176451667,4.913668428296535,17.598411864650163,2.784640908101784,1.5526302801355836,4.118623540985751,4.389195291999491,2.220429734368956,1.7471894465123674,0.27056605925245697,1.7772663543016605,0.6964583136380109,2.8678086630096282,0.24940860151227875,1.330951010024619,0.5866949568757449,2020,2.011144111358563,-7.898142122388659,0.3571788751978846,1.2928059198026622,0.25451256164573816,0.602341487755031,0.03281582364650753,0.2566194114190786,30.298829676665864,0.4346817314518658,1.2465840351096855,0.10841336274434576,0.5785400895151109,0.2550255796888265,7.649708140129191,1.9079030092067164
BN,2021-06-22,7.78754154441564,74.65651630189922,13.793740793287034,92.80819298683416,2.1112078422558738,25.17010988482237,3.613343377439816,30.296929757213515,2.0525252188557643,0.2711006843706404,4.3262035740250635,0.3326892528911025,2.624214923567284,0.2619552905618114,4.54125219747322,0.32296677712857813,2021,9.861482480386083,-9.816075623488246,0.5146710378176157,4.786063057785543,0.5005359793908112,0.5762161449380467,0.02375501441779141,0.5010993587849699,60.53253172421003,0.8684291102936116,2.278944631292754,0.22748959991929837,3.943755605470577,0.2804737509161663,11.978886044734955,3.1379325744553728
BN,2021-06-23,7.890485265865213,76.11376584852347,14.048700301735735,96.35242948358774,2.0369944364553456,24.45118328799893,3.5011163570472896,29.780202690567517,2.0656576368784356,0.2581583220575197,4.3452818100083945,0.31707935695980677,2.6425298862863453,0.2492128297885835,4.57833768768131,0.3059009708184842,2021,9.846210694738735,-9.276967460655213,0.5146710378176157,4.778651217906644,0.49055119293869365,0.6081489501722229,0.02375501441779141,0.4911260261924274,59.24917509444267,0.8500174525546618,2.2461965222406794,0.21183525472083028,3.891666938217868,0.2600211639491259,11.941640442185317,2.9760100069147946
BN,2021-06-24,7.995119770416008,77.58659337759366,14.308238389718731,100.02218579506892,1.9683964912859508,23.78503063510206,3.3969109774557733,29.342789672776274,2.078831326838625,0.2461997503238816,4.36420111717174,0.30266015630451754,2.6608354825466742,0.2374094479650719,4.615340154056557,0.2904588674442298,2021,9.856958605843126,-9.35354749372154,0.5146710378176157,4.783867490448566,0.5525319047922428,0.6357403338446448,0.02375501441779141,0.5530423189262587,57.50378803412789,0.824977281778178,2.1951288236502817,0.1958574010506828,3.807550774775255,0.23962196693250878,11.803971613784332,2.8023743846239175
BN,2021-06-25,8.101923206726218,79.0616959262824,14.572753712422667,103.81130498372772,1.9067624044804312,23.18549103464429,3.3030787034397253,29.020512387711474,2.0921014664248188,0.2353468868845161,4.3827975365312035,0.28959530230277114,2.6791536011426857,0.22666125899211403,4.652161638051313,0.2768834181791458,2021,8.487203481290878,-8.350077013565116,0.5146710378176157,4.119085657405621,0.4674820981818398,0.571685617356093,0.02375501441779141,0.4680852623512994,52.61439170623883,0.754831626508925,2.0223098704177773,0.17109108679157814,3.5115987360326972,0.20900036089751547,10.999975387461976,2.493268270204399
BN,2021-06-26,8.211396475758615,80.52477529898523,14.842667659439435,107.71220497316637,1.8532802896920035,22.665403159659835,3.221801427767445,28.848259181217045,2.1055230034893877,0.22569611577801532,4.400906965449385,0.2780185909931844,2.6975059830018386,0.21706350244381362,4.688704069085975,0.2653635733755719,2021,9.332887621397235,-8.775990392291321,0.5146710378176157,4.529520663457541,0.4938855383860301,0.5937092789521626,0.02375501441779141,0.4944564952924052,61.14666586700575,0.877239777087773,2.366359547221467,0.19041673849770233,4.113117712395515,0.2327874819552016,13.020578468954547,2.8262923663157826
BN,2021-06-27,8.324064510400182,81.96054823543763,15.118425432180134,111.71576272295002,1.808894743023625,22.235243110735553,3.1549471123084825,28.8563224865874,2.1191506584292985,0.21730907308125388,4.418365172330459,0.26802189213640576,2.7159142272453156,0.20868225507089247,4.724869275710598,0.25600964576281016,2021,9.989956664382897,-9.365860086794262,0.5146710378176157,4.848415300171945,0.5071431012662774,0.6056558429371636,0.02375501441779141,0.5076991489769971,60.921547672722184,0.8740101220972418,2.3737365253603144,0.1823904032340385,4.129583572557326,0.22375502175122533,13.213656857897805,2.757455710839077
BN,2021-06-28,8.440477851705595,83.35278397171524,15.400497231641952,115.8112045521447,1.774224207559207,21.901675806437098,3.1039155392336735,29.06634077318711,2.1330389245058186,0.2102042370978657,4.435007813446912,0.25964378145220507,2.7343997966673026,0.20154644960789644,4.760558995177998,0.2488317870244361,2021,12.576508696058118,-10.787405627787678,0.5146710378176157,6.1037439133356175,0.5446471377735288,0.5955418722810965,0.02375501441779141,0.5451649341207546,61.564149095574535,0.8832291943221341,2.415101729365069,0.17801170830566898,4.204664685834052,0.21977549877532954,13.602168762063377,2.74146882096131
BN,2021-06-29,8.561214546238713,84.68437197523059,15.68937956608175,119.98600535219929,1.7494928580793006,21.66624422262461,3.06949630923068,29.48764107921284,2.14724206633159,0.2043510121876251,4.450670451626077,0.2528610961738487,2.7529840226923237,0.19564166296712607,4.795674880661523,0.2437277021699503,2021,12.880795905206366,-11.166397025081688,0.5146710378176157,6.251423308756911,0.5412466505520798,0.5740433437391218,0.02375501441779141,0.5417676969364588,62.4199235555136,0.8955065505087685,2.465315225766956,0.17519839073949015,4.29455826974275,0.21825975383364069,14.049942174844626,2.7487540516785627
BN,2021-06-30,8.686882391625764,85.93742235731652,15.985596688892768,124.2257996593524,1.734491841677467,21.524457444522422,3.0517658529313403,30.11485748229036,2.1618141167523595,0.19966793188653428,4.46518857659704,0.24758564103794087,2.771688109865976,0.19090722181498493,4.830118505003706,0.2404844494042826,2021,12.602943296814228,-11.508906989144808,0.5146710378176157,6.116573390686287,0.5553435536110511,0.6174998249902863,0.02375501441779141,0.5558513859363309,62.36980532475192,0.8947875300199486,2.4800719578126365,0.1708214014708008,4.321929806795913,0.21518248649066532,14.303712577149428,2.730682029743656
BN,2021-07-01,8.818121560633031,87.09340102281811,16.289702177814053,128.5143077174118,1.728580944317846,21.465499970043563,3.050047435125067,30.927419166820673,2.17680887235139,0.1960259826803471,4.478397626877018,0.243667513353055,2.7905331399308078,0.18723776541962284,4.86379135934099,0.23879538648580378,2021,10.913884231528472,-12.415413902410354,0.5146710378176157,5.296824107466402,0.7379882961527736,0.8763442021459389,0.02375501441779141,0.7383705207878111,55.765963153304035,0.8000456017028117,2.2325537650075793,0.14979875069663207,3.8912548846408987,0.19104719866489037,13.032504580408846,2.4401770354567516
BN,2021-07-02,8.955607637914234,88.1333009922363,16.60228066753186,132.83327972076825,1.7307339509868878,21.472670908672587,3.0629472419549195,31.890969433814245,2.1922798878074437,0.19325700957014869,4.4901330131601345,0.24090514622074752,2.8095400755357627,0.18448954714667315,4.896594844126608,0.23828878362954298,2021,11.366487293241068,-10.925225701645816,0.5146710378176157,5.516485481687946,0.5809424007995543,0.6706871948809388,0.02375501441779141,0.5814278749395658,60.89580919791462,0.8736408654324243,2.4545290230581425,0.16117760763245556,4.277865357294717,0.2081788191529536,14.504430850534542,2.675915879235353
BN,2021-07-03,9.10005510811491,89.03785052074831,16.923949748773023,137.16246134350808,1.7396221535912813,21.524513394286803,3.088464297067943,32.960285991689,2.208280469341271,0.1911661119546392,4.500230143260779,0.2390607202392809,2.8287297636246858,0.1824907508539403,4.928430248846991,0.238561803772018,2021,11.691412074589246,-11.13344338554422,0.5146710378176157,5.674180888606996,0.5378830307243568,0.6082663618442518,0.02375501441779141,0.5384073322784608,66.59030727311189,0.9553369015331972,2.7023899276559407,0.17434014847926996,4.708311283355968,0.22790689443973025,16.16807371469635,2.9505239120567923
BN,2021-07-04,9.252221339361997,89.78775763960603,17.255362048152037,141.4795833822962,1.7537244665722511,21.59647240972228,3.124158598603181,34.08307060432485,2.2248636674900792,0.18954631566274033,4.508524448759526,0.23787868509157728,2.8481229385467097,0.18105436384846893,4.95919871493373,0.23921371606537029,2021,11.670710794049413,-11.37657444948053,0.5146710378176157,5.664133957606752,0.5664673472368549,0.6646217571355837,0.02375501441779141,0.5669652160367062,57.42422524852205,0.8238358353997088,2.346385740398702,0.14915907309386625,4.085565616230592,0.19707283161378308,14.215585608063764,2.573793809001435
BN,2021-07-05,9.412911112418882,90.36398956775732,17.597207504330875,145.76037780637168,1.7714518048984909,21.66286696946651,3.167355970043523,35.204095802530055,2.242082269454406,0.18819383119015473,4.514851413603084,0.23710509000267446,2.8677402249289035,0.17999196572888057,4.988801173798102,0.23987466050936843,2021,12.020394412937746,-11.881517641751667,0.5146710378176157,5.833845545454007,0.5540857688757174,0.6668702415871727,0.02375501441779141,0.5545947529327918,65.76919327158382,0.9435568011229667,2.705875793085573,0.1698326434109772,4.707217276987438,0.2263353673406773,16.603964821483505,2.9885802671119976
BN,2021-07-06,9.582981753069186,90.74808410467408,17.95021585749655,149.9786216465684,1.7912775615770182,21.69898401903465,3.215371162174166,36.269495418929445,2.2599887912660197,0.1869227770368359,4.519046605023728,0.23650612686667757,2.887602140349255,0.17912715856457684,5.017138248292196,0.24022934521043707,2021,13.719990121690426,-12.36825772708032,0.5146710378176157,6.658708566912579,0.5758669139317604,0.6245925332696219,0.02375501441779141,0.5763566632487899,66.41313248061839,0.9527950658784025,2.7512930715446844,0.17067147284514703,4.780304567802616,0.22888933479570386,17.10287710047497,3.0635897782872497
BN,2021-07-07,9.763348933762495,90.92248865100336,18.31515937077673,154.10620888987265,1.811873141664268,21.68316721751914,3.265740243850507,37.231298410542536,2.2786354700291662,0.18557906246684022,4.520945707271081,0.23588533704567477,2.9077290978460297,0.17830804404908707,5.044110100908478,0.24003744709521735,2021,8.640230109548634,-9.929459702355912,0.5146710378176157,4.193353912084227,0.4482110214439962,0.5935611239423028,0.02375501441779141,0.44884008338589804,43.05088810593082,0.6176289573599729,1.795897690987898,0.11012821133493376,3.115388462433011,0.14825407817676875,11.31197278605457,2.0170157418178922
BN,2021-07-08,9.954485645451802,90.87272890331808,18.69258161413344,158.10735149540082,1.8323682381990536,21.601374894982033,3.316716350645713,38.05706884986681,2.298023268220682,0.18407462760632554,4.520404237807804,0.2351228177592739,2.9281267400256916,0.17743490006420232,5.0695791410355175,0.23919114039785203,2021,14.30820602233232,-12.08134470561912,0.5146710378176157,6.944186779510286,0.5835204721742745,0.6165301489915014,0.02375501441779141,0.5840038032037785,66.9215802223697,0.9600895042146614,2.8112637501089592,0.170353385233018,4.867249724093779,0.22964490339711321,17.946551414405473,3.184344556712104
BN,2021-07-09,10.154829769404548,90.59316219617725,19.081935577782275,161.91986482065596,1.8527670044279905,21.455372934450732,3.3681635103049095,38.74611266013735,2.3179494316623552,0.18245180337834768,4.517356620380397,0.23424644831561672,2.948742106251336,0.17651057968283745,5.09325845305151,0.23782313288063128,2021,15.860413665064108,-13.228828346085576,0.5146710378176157,7.69751810384887,0.573058447095857,0.6058449181618921,0.02375501441779141,0.5735505945406251,56.149261832896144,0.8055445907887375,2.3753432533217524,0.14218714268049415,4.102846796344656,0.19157713825642367,15.371349986461674,2.713205896618126
BN,2021-07-10,10.362167058611202,90.0817240001039,19.482330593180524,165.47122072144776,1.8734951756279827,21.253020690736133,3.4206575421851775,39.311847714577155,2.3381613904988057,0.18080148341857358,4.51175716943212,0.23334012310430013,2.9695079313650665,0.17557743031947745,5.114822445960638,0.23614801131516128,2021,17.061520794454736,-14.115729931485934,0.5146710378176157,8.280450180425886,0.6243314609179491,0.6229519823185675,0.02375501441779141,0.6247832214471913,67.29765189498335,0.9654848111471794,2.867014804314053,0.16951734215370776,4.9382833832896615,0.22799731810740048,18.809894273463815,3.302592901115831
BN,2021-07-11,10.574102818944349,89.33820200398654,19.892789820522133,168.68491159611847,1.895161625020539,21.00388211513212,3.475057585580375,39.77309237982529,2.3584078815171035,0.17922670674482244,4.503560427482313,0.23250276903015227,2.99035734549971,0.1746893028546141,5.133943256066385,0.23439380676634716,2021,18.3207059421495,-14.858569493985932,0.5146710378176157,8.891569201352059,0.6202031314556141,0.6316248650637193,0.02375501441779141,0.6206578968943675,67.02592996303545,0.9615865562933453,2.8754874219455755,0.16797888515325363,4.93673081580632,0.2253899334649396,19.128639258583192,3.3415686566393
BN,2021-07-12,10.788048592763058,88.36429204105015,20.312244053116995,171.48147397583386,1.91844129269995,20.7177227161058,3.5323494172237835,40.15003986813541,2.3784389096020684,0.1778302420686997,4.4927211845055535,0.23183446366462526,3.0112238595486374,0.17390247025324268,5.150289833462375,0.23277885411485277,2021,19.90471626599935,-16.06167328499867,0.5146710378176157,9.66033528791229,0.633673701646619,0.6230885729663042,0.02375501441779141,0.6341188065879435,66.88885069572794,0.9596199505235762,2.8896304911154753,0.16688027990034443,4.942320875169242,0.22337923246862978,19.492034633274937,3.3897129729882702
BN,2021-07-13,11.001214453544018,87.16362833642876,20.739525995789663,173.779763645242,1.9439588684909852,20.403276461968098,3.593503259996669,40.46024553392928,2.39800567157184,0.17670402451474282,4.4791945008239145,0.23142509952188037,3.0320413479495487,0.17326834088330598,5.163526687899834,0.23149273514325822,2021,20.260470003752665,-17.12357889671737,0.5146710378176157,9.832992880248609,0.6044258911939088,0.6373341915439452,0.02375501441779141,0.6048925182671219,65.63566228397774,0.9416411006977523,2.8550947522443098,0.1631565912254296,4.8621889538762195,0.21798307392383093,19.529190086625025,3.383790365104225
BN,2021-07-14,11.21060772025261,85.74178640752132,21.17336511376944,175.4984704727221,1.97217829257961,20.067351184021938,3.6593513915158273,40.71508270769205,2.4168604479476046,0.17592072988306923,4.462935733163112,0.23134583705416875,3.0527440292348254,0.17282804938436933,5.173312210458874,0.23068235434926662,2021,20.875989252114973,-17.20827150887819,0.5146710378176157,10.131722198259569,0.6300493811026391,0.6250065282413115,0.02375501441779141,0.6304970446701618,66.39371100721625,0.952516435984909,2.9077888627009667,0.16462155763782332,4.927664908943497,0.21972873400937132,20.16797827597487,3.4855923454630733
BN,2021-07-15,11.413020334914274,84.10820254939681,21.61230667259203,176.56166888594956,2.003359270807812,19.715286369853416,3.730577068102403,40.91976737055189,2.4347548383024855,0.17553278729200297,4.443923418118834,0.2316496621863288,3.07326290580304,0.17261355414845145,5.179317978918902,0.23045383402447772,2021,19.239761910081544,-16.21444894468701,0.5146710378176157,9.337613680456045,0.60504303192276,0.640009379526277,0.02375501441779141,0.6055091834054009,66.10860918015563,0.9484262266550666,2.9147631412697623,0.16371122183053582,4.9122010073928,0.21856846022202842,20.497678466798575,3.5381771319462834
BN,2021-07-16,11.604984769560788,82.28161462551499,22.054466845260546,176.91225152626916,2.0375560164337196,19.35278701224143,3.80777463169416,41.07741571451569,2.4514347273223325,0.17557593197176033,4.422227812033215,0.2323776634166302,3.0935151593930508,0.17265321616751947,5.181290459789398,0.2308858179362117,2021,17.631994078647196,-16.32600386744898,0.5146710378176157,8.55731738739579,0.6413170543134488,0.6877620570791393,0.02375501441779141,0.6417568580570592,66.07663402090206,0.9479674954850474,2.9325518178948577,0.16366963691776193,4.911694940547126,0.21887225057200727,20.906917699559656,3.6096465809786116
BN,2021-07-17,11.782849131774986,80.28343041147363,22.49773868404508,176.50222288880732,2.074254230363122,18.981683933580708,3.890909813411437,41.17761233118336,2.4666450107601543,0.17604012469016936,4.397942187805143,0.23352464133823433,3.1134148012282865,0.17294670669149464,5.178983132154279,0.23198364313994108,2021,17.597252401715576,-16.399175614111137,0.5146710378176157,8.54045624538609,0.6511554986350239,0.6949412943069275,0.02375501441779141,0.6515886617434469,66.50925277791697,0.9541740543642051,2.9707396238055197,0.16502126031276046,4.941651332691478,0.2213527733210165,21.466758534181707,3.712605191828264
BN,2021-07-18,11.942829066790605,78.13535562938154,22.939864052404488,175.29011307433328,2.112286297580663,18.599575324904173,3.97917452821367,41.19587345662149,2.480131020165764,0.17686649333819005,4.371159748733341,0.23503496227416312,3.1328761854589255,0.17346112074263076,5.172131007708379,0.23368226804217387,2021,17.602304636174118,-17.002225284910182,0.5146710378176157,8.542908241092556,0.62361069242255,0.6779304970576638,0.02375501441779141,0.6240629747178739,66.18010804004534,0.9494519840372941,2.9745155100271665,0.16469300524242342,4.91069004696953,0.22187009302697677,21.780299438101242,3.778035150643133
BN,2021-07-19,12.081052245424582,75.85903303161042,23.37843398440398,173.24218938438636,2.1499130200429772,18.201254984305436,4.071061724764502,41.099363710902814,2.4916382951224456,0.17795743088994645,4.341973004152151,0.2368134787334582,3.1518139728084646,0.17413748617552202,5.160446224443095,0.23587492705475427,2021,8.887121395889961,-13.885627363360236,0.5146710378176157,4.3131774038561375,0.5270951047349265,0.8379609129713776,0.02375501441779141,0.5276301262679308,43.888150731167514,0.6296407337718555,1.9845104625515086,0.10964405457274203,3.2492271473485514,0.14851646214913836,14.720014328377005,2.563306291611237
BN,2021-07-20,12.193613547362764,73.47564047274916,23.81089128332933,170.3337752957062,2.1850003844408534,17.780543046082173,4.164555558303906,40.85476676516456,2.5009123349515012,0.17919219564846925,4.310472098397872,0.23874306999196765,3.1701430929493375,0.17490128818569795,5.143613556330652,0.23845133100378502,2021,14.962993395305428,-16.18168076855828,0.5146710378176157,7.261974055685454,0.7783203069021879,0.8925125190764602,0.02375501441779141,0.7786827343959191,47.35080653159513,0.6793176762417124,2.1535342392560586,0.11881353666199039,3.4941476085719083,0.1619842040742346,16.175159335835325,2.8290562044465166
BN,2021-07-21,12.277077583947166,71.00633013114708,24.23469206281364,166.55903010166054,2.2154479374790914,17.333323766482607,4.25761000535198,40.4412179288213,2.507733912633583,0.1804540145918675,4.276754033639605,0.2407194441782126,3.187785162916372,0.17568244706046712,5.1213357076976775,0.24135504904919192,2021,13.544443415179533,-15.758025494187883,0.5146710378176157,6.573510666027111,0.6283363414980098,0.7881857123534846,0.02375501441779141,0.6287852246650625,50.96185900236423,0.7311235894439077,2.33066493068745,0.128445581297138,3.744329345359181,0.1764603697912556,17.718555050032087,3.1128391095652344
BN,2021-07-22,12.330338479236325,68.47479159051595,24.647981755618112,161.96338504071878,2.2401921585184232,16.863840392031822,4.349262793114565,39.8734711930385,2.5120627684812407,0.18168131899142875,4.240963975847399,0.24273322749101872,3.20469502109684,0.17645512870940114,5.0935255439212614,0.2446774849643405,2021,15.377009324628007,-16.356393775974297,0.5146710378176157,7.462907976990557,0.6158357257802479,0.7349560789289763,0.02375501441779141,0.6162937139524256,66.04868325183175,0.9475665001718769,3.036661645258972,0.16720296874854532,4.826454173189526,0.23184818809851718,23.35560180847133,4.12121572319933
BN,2021-07-23,12.355232373632628,65.90509220010374,25.049919574700315,156.64437403714248,2.259651801894904,16.392038840723746,4.440195380767694,39.200357285234816,2.5140796473278586,0.18289027138957256,4.203275080830941,0.24500435320674036,3.220870616934914,0.17725387770315085,5.060341698942258,0.24866321760393964,2021,15.210476287829415,-15.656474682725456,0.5146710378176157,7.382084671072016,0.5653518700290174,0.659980582335098,0.02375501441779141,0.5658507202922839,66.83182852721835,0.9588018827894954,3.0881768117385593,0.16995135167352,4.851865148504031,0.23841876121915132,24.0179100519481,4.257267691033285
BN,2021-07-24,12.356107617185195,63.31724250978477,25.440634196119905,150.7336594405352,2.2755384854937657,15.976986074514262,4.532583374731325,38.483295876529795,2.5141504847290888,0.18416305166595406,4.163827752524229,0.24840906498881132,3.2363476672539604,0.17816314403917707,5.022126743354368,0.2536239883650305,2021,17.030591324521225,-17.461514927377777,0.5146710378176157,8.265439212882203,0.5959701107536556,0.6623887046893104,0.02375501441779141,0.5964433532379365,66.47428867867848,0.9536724424089635,3.086415584314636,0.16990928072310196,4.7894638774221345,0.24187420843758117,24.26203175024667,4.3225998574022855
BN,2021-07-25,12.33792367465331,60.72125490927988,25.82051414942686,144.36297011111674,2.289910273341275,15.7912757668375,4.629050445661609,37.761456057509704,2.5126777445674136,0.1855993223596936,4.122628359583788,0.25584826151133977,3.2511692980562903,0.17927801200520868,4.979233856674414,0.25977355875877134,2021,16.745532185144388,-18.455878956166565,0.5146710378176157,8.12709175660784,0.6332989405834124,0.7750055381492672,0.02375501441779141,0.6337443087350465,65.79214019088015,0.9438860087761223,3.068733212597819,0.16921800721291416,4.699829171739351,0.24519662756238617,24.37162204504991,4.369295949578866
BN,2021-07-26,12.30571220018776,58.11240567973104,26.19001900316565,137.6556247798741,2.304764739051866,16.285501015059932,4.732154101775243,37.03916215271595,2.5100635610943693,0.18729226732742052,4.079440812362564,0.27550056249265525,3.2653783841079655,0.18068540161056226,4.931993339431305,0.26713061378879016,2021,15.192415279526497,-18.07863729744024,0.5146710378176157,7.373319140656393,0.7059338856740326,0.9066356601430385,0.02375501441779141,0.70633345641618,62.34321456532136,0.8944060460658406,2.9205741694388694,0.16160611563632146,4.411204661943815,0.23892323606197294,23.424511343010618,4.232467239543045
BN,2021-07-27,12.264513676346704,55.46727969841791,26.54967678060595,130.72662275686338,2.321876193913875,18.297361062682192,4.844120413588711,36.2897786798403,2.506710025586911,0.18931661337634909,4.033661350015433,0.32403475358482414,3.2790175736253677,0.1824549674791993,4.8807287352972315,0.27549312295679795,2021,15.186797427111491,-17.5061747547261,0.5146710378176157,7.370592634174124,0.6961454957163434,0.8481243754479256,0.02375501441779141,0.6965506815129413,61.26986837329209,0.8790073001018054,2.882280384378807,0.16037924835405368,4.290196188142919,0.24216046620686968,23.337359705496027,4.258017206116654
BN,2021-07-28,12.219333224247269,52.7428070174567,26.90008133713968,123.6836296014568,2.3427016544090025,22.60507914304884,4.966653704625845,35.47262627681706,2.503019387954213,0.19172090746819917,3.984209835121647,0.4206159000162808,3.292129310288712,0.18463340844135734,4.825779565812086,0.2845010719546987,2021,13.229800496766597,-15.541143322478366,0.5146710378176157,6.420805344975725,0.6211737027035464,0.7849374364858128,0.02375501441779141,0.6216277580999929,60.11913918845802,0.8624983801258933,2.8394561972889885,0.15924601569779315,4.162227058357561,0.24538171370500786,23.20127657853775,4.283730774886058
BN,2021-07-29,12.175216383815927,49.88217618452286,27.242001260643477,116.62700343686308,2.3684282323080277,28.95936315212594,5.100954654803696,34.560934721655386,2.499402441608742,0.19452863568456108,3.929512689039443,0.5691455303936996,3.30475994630088,0.187245959134913,4.767518630167406,0.2938180325252114,2021,16.77650509098624,-17.857552395785582,0.5146710378176157,8.142123804855839,0.5982299515167883,0.6998142544310424,0.02375501441779141,0.5987014077165413,41.8212343860152,0.599987747657712,1.9828154767304864,0.11234528127936443,2.8604527648303226,0.17628721955602195,16.34486697806203,3.0605102942397915
BN,2021-07-30,12.137542913451746,46.83095677296287,27.57672225965428,109.64729955330375,2.400189365769666,35.594219048186204,5.248007440535646,33.57346000233117,2.4963033692199876,0.1977491970891072,3.8676730611083365,0.7441669882779001,3.316972020474931,0.1903057002613275,4.706347660896974,0.3034277396544805,2021,19.919990572443925,-19.48303227103359,0.5146710378176157,9.66774835120709,0.6435461868992767,0.7043917804153803,0.02375501441779141,0.6439844682774486,63.84103522801465,0.9158945090200818,3.037996460126236,0.17429994590457143,4.310517980155044,0.2779078006339136,25.25736849438922,4.806621198083132
BN,2021-07-31,12.1117359146036,43.567650627340925,27.90572770128829,102.83038628586648,2.4388411402939383,39.43120084698252,5.4081441051006545,32.59239691141247,2.4941748928414396,0.20136181613350163,3.7970082735956354,0.8847493707194126,3.328831961710385,0.19380050443375407,4.6427586666769916,0.31390037230217827,2021,21.07080166185458,-20.244606701748697,0.5146710378176157,10.226270302898742,0.5931638902962842,0.6687404529573436,0.02375501441779141,0.5936393698714834,63.17975296314895,0.9064074323594409,3.0172780311699507,0.17566221761376347,4.208230962127233,0.28452163047508994,25.29395899384644,4.90198201213413
BN,2021-08-01,12.103199368774888,40.133844199097965,28.23058626224371,96.25846657753792,2.4849624928460776,36.9175217022764,5.580974180137826,31.768048177026415,2.493469828294915,0.20531451371916143,3.716831242477219,0.8974974846402997,3.340406009398102,0.19769246477186908,4.57737203863233,0.3266352976241898,2021,10.419317507103168,-15.286727472527044,0.5146710378176157,5.056796552371128,0.6750198732374105,0.9856085045834992,0.02375501441779141,0.6754377321229835,48.087495520881696,0.6898865744078096,2.304501258954918,0.13638537730770134,3.1578675155221503,0.22534130655862766,19.475902449983483,3.850239158993719
BN,2021-08-02,12.117380060050714,36.64589331634961,28.552949175620224,90.00882324148974,2.5389820504387006,25.77260055314191,5.7655455130160584,31.29750568062059,2.4946407906113053,0.20953226174768297,3.628223873033805,0.6846058967592322,3.3517602293877573,0.20192469357732537,4.510956460514349,0.34389529021349285,2021,9.707567812828934,-12.494984904237624,0.5146710378176157,4.711363811915385,0.4907690358067292,0.6906273660085691,0.02375501441779141,0.49134361420156475,35.95279702601274,0.5157962940674362,1.7288255049208252,0.10415200862788707,2.32673462503286,0.17737991623936508,14.72750536948077,2.9738470088908184
BN,2021-08-03,12.159853013446174,33.274963652715044,28.87454834632984,84.15200871412398,2.601339797572668,12.59603236488676,5.960592721056733,31.37259420668497,2.4981397887549455,0.2139285561014716,3.5344151649872773,0.3674995105031711,3.3629605270340783,0.20643068246691265,4.444437997131378,0.3684304654751059,2021,16.30003287434183,-15.343821871288204,0.5146710378176157,7.910878038443068,0.5986099468543096,0.6601304829590805,0.02375501441779141,0.5990811040108917,59.937847260020725,0.859897478038508,2.8918012759396556,0.17750922324306626,3.82176102503179,0.31681242809459714,24.82915130251,5.125498648451373
BN,2021-08-04,12.236047903737564,30.200881190509044,29.19710999360877,78.74563361705547,2.6726491317609367,33.81926214772515,6.164937305317707,32.11315183790802,2.5043863412644494,0.2184242128493598,3.440446337702149,1.0839200963981936,3.374069731554486,0.21114888790935843,4.378841989282753,0.40269479821450527,2021,12.5752385041159,-12.23619400569692,0.5146710378176157,6.103127452398528,0.5578653601136548,0.662229814871888,0.02375501441779141,0.5583708988877619,59.67454976596035,0.8561200842636837,2.888608862889971,0.18076880370914303,3.748814572842107,0.34475510457994935,24.996232267984382,5.277926645308923
BN,2021-08-05,12.349776239020091,27.562016575593766,29.52198289468419,73.8176603082032,2.7537423661162728,69.80306615405436,6.3781079925736055,33.52065446140579,2.5136379446118795,0.22297913037611214,3.3520777433678663,2.443912388654695,3.385135168705525,0.21604605677493519,4.315053957490172,0.44803131136848046,2021,8.51123126925089,-10.856659323785133,0.5146710378176157,4.130747038799792,0.5476948374051749,0.763372548662358,0.02375501441779141,0.5482097551396458,56.27426131569446,0.8073378941008851,2.732947898349563,0.17442216850547643,3.483706574971806,0.36171265541148695,23.834215499876684,5.149288275072398
BN,2021-08-06,12.502670638291,25.431787251006032,29.84992399882299,69.36698649190845,2.8455972212546996,109.6416822076189,6.600444975367793,35.4838163474808,2.5259422725513976,0.22759915089978458,3.274567348388425,4.148099451861538,3.3961822937322874,0.22112099768254198,4.253724211300068,0.504267954569308,2021,10.74614248994408,-11.026724100223907,0.5146710378176157,5.215414182108584,0.5179837651183921,0.6083159513619988,0.02375501441779141,0.5185281878897376,55.94073610769324,0.8025529794212113,2.7256162184924104,0.17746131550271482,3.413839039415012,0.4047017493662381,23.95614544075211,5.297206780487186
BN,2021-08-07,12.69442179762397,23.823335454325154,30.1811071567222,65.37239927806527,2.949172078878022,150.37678366390926,6.832747602849752,37.825638898880165,2.541162668441893,0.23232031563895425,3.2117841564979144,6.057879850216019,3.4072161377802135,0.22639154910285997,4.1952812965430875,0.5699001288232889,2021,10.985694281901475,-11.299436017090333,0.5146710378176157,5.331675604688196,0.5180141534187561,0.629876462113227,0.02375501441779141,0.5185585442861201,58.387525774020745,0.8376558127651957,2.8540744031589758,0.1896381970669279,3.514201764234424,0.4773801556044618,25.2813798455176,5.7234907466845515
BN,2021-08-08,12.924499924529588,22.710584288366427,30.515585301440773,61.809666504053695,3.065364200408633,190.191545811046,7.075609127984836,40.35907746552147,2.5591247290873547,0.2371746851567414,3.165921542893307,8.021377436251678,3.418237546590513,0.2318687011273143,4.140108986852666,0.6425615627638578,2021,4.648259775520775,-7.765232611191323,0.5146710378176157,2.2559350928076203,0.3991408466903504,0.6549453671301063,0.02375501441779141,0.3998471160414681,36.08465020790971,0.5176879238767734,1.7695802988120781,0.12003562649860341,2.1432844260273285,0.33264636139023657,15.797550000587457,3.662957399630017
BN,2021-08-09,13.19256861967897,22.04513303912946,30.853412599475252,58.65449696708105,3.1949200852154873,227.5546762232462,7.3291062334982096,42.92250530916653,2.5796536877000364,0.24217574130709602,3.137454599170755,9.874305166165453,3.429247363341342,0.2375460481030504,4.088569534924112,0.7195183513633904,2021,10.248352513975911,-9.86023151360271,0.5146710378176157,4.973822289687158,0.5064284423932917,0.6062542058581026,0.02375501441779141,0.5069852739231042,49.15001079024472,0.7051299346929911,2.4180649693589924,0.16750082938548205,2.882972769148792,0.5073539281072761,21.755664811323893,5.167972199784587
BN,2021-08-10,13.498447902539292,21.76590147519946,31.19464447720139,55.88200213206637,3.3383491654948445,260.6465485773209,7.592672910928496,45.39300515095647,2.602574708652531,0.24731355705472205,3.1252638671768658,11.448988693079517,3.4402464287099037,0.24339668036536213,4.040978984103115,0.7980205240589949,2021,10.18744868031949,-9.605689248223822,0.5146710378176157,4.944263895305759,0.5054356608920598,0.5963779816903205,0.02375501441779141,0.50599358495082,55.53068347900466,0.7966701651829434,2.74074169063035,0.19390687355165312,3.219327394766232,0.6357591427214586,24.851842568475224,6.0488559821294645
BN,2021-08-11,13.842078927006709,21.80269358302734,31.53933764796321,53.46665395955208,3.4958743277610247,287.03276444087345,7.865065751285639,47.68570546512004,2.6277131503978315,0.25255413917199737,3.126878668588924,12.587669232836584,3.4512355809327455,0.24937320621866513,3.997588660457008,0.8755027525746726,2021,12.698327430074505,-11.846196563676,0.5146710378176157,6.1628660730901625,0.5300952242271476,0.576369124148111,0.02375501441779141,0.5306272208042284,58.43851701335619,0.8383873578591727,2.8934722800477717,0.20907134348253728,3.3515277948483404,0.7340104395295128,26.44218195930421,6.593971694609036
BN,2021-08-12,14.223151151661808,22.0757817179813,31.887449669127463,51.38163559834556,3.6673928310177306,303.749418369979,8.144500906184236,49.74729425681534,2.654870999801664,0.2578467170820468,3.138783657084056,13.163125829591676,3.4622125050778942,0.25541399486925775,3.958556064219119,0.9497086848961733,2021,16.602282787611127,-13.061626000858114,0.5146710378176157,8.05756867516977,0.5594974477595465,0.5455917621187539,0.02375501441779141,0.5600015131760234,58.96624131564607,0.8459583470985774,2.9288875680997206,0.21606960092544183,3.3487735449838563,0.8034139892999305,26.97545421528415,6.889908524538482
BN,2021-08-13,14.63997697599746,22.49494004073678,32.238529078292025,49.59668759889325,3.852374088999776,307.93202261054233,8.428993385705533,51.54843604235194,2.6837559358541596,0.263140720461229,3.1567850805505344,13.106312341152323,3.47316229247516,0.2614571330235175,3.9238861116781933,1.018810489156992,2021,13.586813510815846,-12.33610414157344,0.5146710378176157,6.594074100569852,0.5979124321048048,0.627702525323164,0.02375501441779141,0.5983841384724968,59.044536413481346,0.8470816066123744,2.9420518947353758,0.22147552830182649,3.3238517516443467,0.8630156259886439,27.308665006459357,7.140045259288521
BN,2021-08-14,15.09031771688723,22.965791268259533,32.59200174868091,48.08125609807655,4.049850344751475,297.8493331898864,8.716101852419762,53.07387793411899,2.7140533273551415,0.2683740939542565,3.1766274497280937,12.428103451954879,3.484066913138134,0.2674307003181395,3.893477212385564,1.081347181255186,2021,12.973969236992216,-11.378039702203203,0.5146710378176157,6.296643025175613,0.5754678451370178,0.6222153580795486,0.02375501441779141,0.575957933790856,58.798511412002206,0.8435520124080887,2.9389916559421105,0.22559170543307105,3.284350537772878,0.9121725908596264,27.493048663507725,7.35248525796256
BN,2021-08-15,15.571623109509916,23.39916599534696,32.9472688029331,46.805498171992305,4.258407357056223,273.9055135295292,9.002906503249728,54.31558955671652,2.745450226367069,0.2734722852658516,3.194548951196422,11.226019511558892,3.4949083683759383,0.2732519820413233,3.867140657401265,1.136178716542238,2021,12.025014926132108,-11.17336392736319,0.5146710378176157,5.836088014327377,0.5129693423922358,0.5996448701870865,0.02375501441779141,0.5135190813828755,58.16135510880252,0.8344110585152852,2.916190191070495,0.22800447557650025,3.2267849293696855,0.9480400855325469,27.491565437043043,7.51212474509075
BN,2021-08-16,16.08095150475253,23.722315942959035,33.303706248096375,45.74026694667568,4.476191467999061,239.00524461666816,9.28613244466654,55.2683985630492,2.777635435181284,0.2783536450984369,3.207706315214042,9.66759122276881,3.5056686895347857,0.2788318025474216,3.8446060404053926,1.1824579142028213,2021,12.166605911069832,-11.255571180955474,0.5146710378176157,5.904806220101584,0.5078982344280109,0.576047538652063,0.02375501441779141,0.5084534563213039,57.51039017061521,0.8250719992359218,2.8924290743332395,0.23005631277835695,3.1720767920317785,0.9756129152836599,27.477955496082735,7.66172786129058
BN,2021-08-17,16.614893798694144,23.888173305333034,33.66066472055066,44.857009604058106,4.7009569705498135,197.91939577717753,9.5623183704725,55.92740669911579,2.810299509892909,0.2829363237289719,3.2143927229804867,7.952347219262066,3.5163299366529532,0.2840799030517799,3.825528068239972,1.219604313103018,2021,7.076248669911112,-10.443333738952017,0.5146710378176157,3.4343084231124372,0.4750400577507965,0.7119192395441151,0.02375501441779141,0.47563363755927685,49.66923873207995,0.7125790310172938,2.5056629789972633,0.20242938204812408,2.725991083995899,0.8690644596554609,23.985883849967998,6.813907558710162
BN,2021-08-18,17.169630064075264,23.87861755606156,34.01748844529536,44.12837906708974,4.930295819403485,155.91333420444062,9.828222770990488,56.288724130302455,2.843142129195347,0.28715212855513694,3.2140087018602372,6.26696133147692,3.5268747584133946,0.28891676664476784,3.80951129622268,1.247302147649072,2021,5.736569343218518,-8.760202574350167,0.5146710378176157,2.784123245831525,0.331200027866732,0.5357115089930988,0.02375501441779141,0.33205083822949993,41.07894049066336,0.5893384387860172,2.078522863917162,0.17026975619353155,2.245091439853571,0.7350831003899504,20.047813531771748,5.792149463896718
BN,2021-08-19,17.741482046566354,23.701087426252258,34.37360684835872,43.531121031080026,5.162330207514791,117.36102847809808,10.081805277101676,56.35642291723495,2.875905516039424,0.2909751391662286,3.2068472680191866,4.751249467396607,3.5372890271177053,0.2933007676959296,3.7961882937546627,1.265551407922149,2021,10.401013779989084,-10.222145252619503,0.5146710378176157,5.0479132234867805,0.49191805097895736,0.5915402639107172,0.02375501441779141,0.4924912888457273,50.36353313808487,0.722539715893911,2.5558318086882754,0.21192145336248297,2.7428968112492846,0.9144111547292086,24.836296126462102,7.284504720614778
BN,2021-08-20,18.327455546046647,23.380439814278457,34.728623082809825,43.04675985870273,5.3960432079427285,84.9340063848584,10.322483983115683,56.14370290087729,2.9084002385798104,0.2944240238032764,3.1937811638526084,3.483694594185156,3.5475642196357478,0.2972327454072075,3.785251793688227,1.27463865857512,2021,8.501103548619138,-10.642394905682618,0.5146710378176157,4.12583176265631,0.42786409959126337,0.586548274780317,0.02375501441779141,0.4285230313869162,50.40258767657453,0.7231000112780198,2.5652437272281086,0.21492900155614855,2.7371156147061018,0.9216912283910693,25.112267742849884,7.464188284608129
BN,2021-08-21,18.92543090911003,22.94936127140439,35.08233099743793,42.660644580531674,5.631176355549679,59.55736326084707,10.55078619210195,55.67031006059528,2.940506568369978,0.29754547638009293,3.175941654248867,2.486803826871105,3.5576976133419596,0.30074359063747724,3.776447114653029,1.2750684419674996,2021,7.038465279321168,-11.408611888426863,0.5146710378176157,3.415971049369688,0.49246267249747844,0.8068102921987966,0.02375501441779141,0.49303527714895634,42.39020525095945,0.6081504801249037,2.163615511693137,0.18289735904066928,2.296648125942547,0.7754334851746477,21.335336439992666,6.416465688422006
BN,2021-08-22,19.533278234390323,22.440142941575473,35.43456277320803,42.3585995546214,5.867410691835219,40.879600321303165,10.767271450605293,54.95502340271989,2.9721195871458783,0.3003802342560731,3.154450062880298,1.7439996173741568,3.567687693346192,0.3038635334523274,3.769505058515271,1.2674538376980968,2021,7.80794961672112,-10.822264218262283,0.5146710378176157,3.7894240842556064,0.4253819362751864,0.636904025776954,0.02375501441779141,0.42604470706630804,56.28317680826917,0.8074658000890198,2.8807857977755322,0.2453594111569602,3.0437464180136407,1.0234256271327924,28.61219758047302,8.694203456638663
BN,2021-08-23,20.148597759967664,21.880199773361436,35.78514779621591,42.12624065981517,6.104027840569193,27.88168745283968,10.972129965554842,54.014222901132705,3.003134695895144,0.3029505037167901,3.1302718978266886,1.2185945808611904,3.577532941298447,0.3066112798537914,3.7641316438609564,1.2524676872997862,2021,8.71842496838736,-10.429915326117133,0.5146710378176157,4.231304141772425,0.42809911880759793,0.5900717471207555,0.02375501441779141,0.42875768941656467,57.21952070369305,0.8208990445423754,2.936793373330769,0.25169690667789224,3.08997206997718,1.0281495278245931,29.37599363472133,9.007011005318736
BN,2021-08-24,20.76871087860227,21.29063073154757,36.133912738708354,41.94912930025342,6.339784899453639,19.35090549328673,11.165061576793727,52.86269247036103,3.033447569452536,0.3052565436781845,3.104166443612401,0.8681183465077867,3.5872318354129793,0.30899121436226823,3.7600163758208978,1.2308210511277844,2021,9.894801645577102,-11.69896367859864,0.5146710378176157,4.802233813648483,0.48159144103252777,0.6420263048756828,0.02375501441779141,0.4821769558842232,57.455471531456936,0.8242841097559304,2.9568981999415196,0.2546965480530061,3.0993217510112485,1.0145462343977243,29.784610093824686,9.203182842197561
BN,2021-08-25,21.390654320384503,20.686554008313447,36.48068164558727,41.81291852227507,6.572840599778908,14.12910311767932,11.345223312932095,51.51466043563977,3.06295411263975,0.30727627595361745,3.0766924375425195,0.6515144412645268,3.5967828504917367,0.310992635037685,3.7568398916774375,1.2032503789443199,2021,10.673447944023406,-12.174576570909114,0.5146710378176157,5.180133413580584,0.499813335749549,0.6525025498076612,0.02375501441779141,0.5003775287751049,53.13929351100822,0.7623621228275695,2.742051009250677,0.23708900543106912,2.8640724349425075,0.9173125131850691,27.811489901526663,8.649168528799743
BN,2021-08-26,22.011540474176684,20.078351606761984,36.82529238281825,41.703772398243224,6.801030165543627,11.178696814802969,11.511503350296968,49.98659553593665,3.09156688282917,0.3089756563618254,3.0482465235929386,0.5303401814028388,3.6061849021085726,0.31259774479531205,3.7542872628953243,1.1705428520407024,2021,8.54791265082303,-10.508176287141843,0.5146710378176157,4.148549575649614,0.411099211390944,0.5935175402269752,0.02375501441779141,0.4117849709693708,45.77487568047853,0.6567086065739377,2.368212662111693,0.20528562940268477,2.465472757094271,0.7687055652987326,24.183486447398412,7.559703324744737
BN,2021-08-27,22.62972559503237,19.47328141371137,37.16764697521091,41.609321528679224,7.0228663372065,9.611931852367473,11.663409397329234,48.30351861906393,3.119264333855286,0.31033811292648394,3.0191206903780508,0.46948662787051654,3.615438677898866,0.31380542882115153,3.7520730445659765,1.1336373564773166,2021,10.06438568216473,-14.756301428845088,0.5146710378176157,4.884537858128256,0.511644291463764,0.7940066358648543,0.02375501441779141,0.5121954526325342,40.96432378816257,0.5876940918845684,2.1247719505721188,0.18442159651949425,2.2050711606107694,0.6662319767413594,21.8432065365828,6.854516794041346
BN,2021-08-28,23.24386472053398,18.87614679705843,37.50766466168902,41.51800854003863,7.236854174109426,8.771649714343845,11.800390070664443,46.49455818743182,3.1460412142223375,0.311344703693628,2.989520359356714,0.44131540201957076,3.6245453030697488,0.3146127645402985,3.7499277165358667,1.0935262441477833,2021,11.902189186789371,-13.605345837890557,0.5146710378176157,5.776477125722883,0.45378860834191914,0.6067828245742262,0.02375501441779141,0.4544099490227796,49.796418882485646,0.7144036192464304,2.5893882826356784,0.22476049764871428,2.6789619326057252,0.781219106560132,26.795611383792075,8.430241375002318
BN,2021-08-29,23.85257279576381,18.290016263601423,37.845265877457585,41.41899189839373,7.441203353694905,8.26538932543725,11.921561153435192,44.59038881492669,3.1718920855525834,0.31196648753196365,2.959587670027776,0.4284801636499041,3.6335058961680176,0.315007990485178,3.7475961840826675,1.0511892626240178,2021,11.20244455341768,-13.560546797465143,0.5146710378176157,5.436870789015906,0.5042497064960425,0.6974916606218889,0.02375501441779141,0.5048089412949561,54.03736004436367,0.775246221647352,2.8168617173376314,0.24420875441235929,2.9053097819701224,0.8149305040855358,29.339399378738452,9.24214524033848
BN,2021-08-30,24.454428757682972,17.716827771158695,38.180372295693886,41.30231590905525,7.633832897393198,7.898991825580099,12.025710722266332,42.622088019447965,3.1968113348014233,0.3121656601769869,2.929423000021169,0.42202620669256175,3.6423215693159032,0.31497101780808545,3.744841834176582,1.0075592104952407,2021,12.03614338811975,-12.4345974874354,0.5146710378176157,5.8414889792345255,0.49697428426850615,0.6179000233244655,0.02375501441779141,0.49754169667896525,54.68834487496249,0.7845855663129158,2.857712931155466,0.2471217143791122,2.938148851219732,0.7905164137602027,29.955769019654948,9.435199057344633
BN,2021-08-31,25.04797999769472,17.15779369542251,38.51290686802351,41.15906680731561,7.8124155323313875,7.587394821644293,12.111344888097213,40.619957223446,3.220793185464808,0.311898026629309,2.8990998732495172,0.4178588516267281,3.6509934284375367,0.3144749610721547,3.7414497694367967,0.9634927976251472,2021,11.336525808793644,-11.676253455868462,0.5146710378176157,5.501944305535634,0.47975311878843896,0.5702101995611236,0.02375501441779141,0.48034087448105384,54.98829333751657,0.7888887726888949,2.8802277248553088,0.24808576608160013,2.9515877166881435,0.7600886506130922,30.382399831796775,9.554504004382931
BN,2021-09-01,25.63174719211591,16.61366248509051,38.84279386375576,40.98150574217338,7.974467674017832,7.295828851433906,12.176777059208398,38.61237338271525,3.243831707858061,0.31111681986590073,2.8686748784584797,0.41421418501743335,3.6595225734765635,0.3134887027416058,3.7372291818334107,0.9197472244052075,2021,11.20741320689322,-11.949764199612384,0.5146710378176157,5.439282220450634,0.5059465466183263,0.6185716536284505,0.02375501441779141,0.5065039079266809,56.169654481163285,0.8058371536286969,2.9489792542503177,0.25262084391204825,3.0115981263467395,0.7411664853725868,31.300966446155154,9.81249936576371
BN,2021-09-02,26.204229486931784,16.084883521096543,39.16995890785205,40.76316992433141,8.117492476519795,7.010757255963996,12.22026534816542,36.62474884708226,3.265920828537425,0.309777949417213,2.8381940679318727,0.41034855445792534,3.667910098605248,0.3119805506284494,3.732014848843204,0.8769628577869162,2021,11.358667529890647,-11.871371400091917,0.5146710378176157,5.5126903240565746,0.49259223338372243,0.610339079344493,0.02375501441779141,0.4931646876044078,55.0564379403964,0.789866408270368,2.8971589754439386,0.24642295697510505,2.947793164267462,0.692683502666669,30.939034754643004,9.652377098666259
BN,2021-09-03,26.76385334329058,15.571775996842485,39.49425954712236,40.499097878581026,8.23943152405177,6.727606268732279,12.240487971261093,34.67854454874648,3.287052221279589,0.3078566983000342,2.8077010071579833,0.405967729108463,3.676155333424998,0.3099308130250276,3.7256716891348645,0.8356457446426843,2021,12.71127605546306,-14.6072904261521,0.5146710378176157,6.169150416011679,0.5100293768650195,0.6674278222382785,0.02375501441779141,0.5105822812978429,54.44892252739934,0.7811506969896571,2.8716313009471826,0.24210267061307142,2.9103110367223324,0.6527652558640739,30.850968372325053,9.561665710244117
BN,2021-09-04,27.308698972892703,15.074774669356668,39.815204073759446,40.186450131904145,8.339813535343232,6.4464267175850125,12.237825252667529,32.79024484458386,3.3072052951304967,0.30539036457289814,2.7772512525670656,0.4010275011738629,3.684248851245926,0.3073656292203453,3.7181093219689076,0.7961415645089462,2021,12.7239433965034,-14.176012755438794,0.5146710378176157,6.175298243492397,0.478265008403469,0.6203474356640915,0.02375501441779141,0.4788545906359881,51.684778918471025,0.741494949796362,2.731851916991902,0.22791006180786716,2.7569592850307205,0.5903349494063582,29.52277274580417,9.07428562134336
BN,2021-09-11,30.492870375904683,12.065253921904468,41.88998924115289,36.683163278809,8.506591082559845,4.637800491907565,11.722208341422498,21.708202486598292,3.4174928981206074,0.27896983713549356,2.569956334061514,0.35497209006646935,3.735046878123219,0.2798331666771247,3.6292133973205827,0.5760716616591959,2021,8.154602548048299,-10.363282042842314,0.5146710378176157,3.9576647916541075,0.39446736133166477,0.5868207880627861,0.02375501441779141,0.39518198322539405,36.302610154216545,0.5208148831639428,1.9452680034415935,0.14574127800834283,1.890148351502535,0.3000266951610925,21.81692985236986,6.105100567761354
BN,2021-09-12,30.82405417148199,11.703593191875742,42.15002160647635,36.0315097061175,8.456132029927206,4.412615795660283,11.590466835926035,20.43679322353862,3.4282953647672247,0.2743354908112869,2.54188488194198,0.3473517869323979,3.7412351970568993,0.2749812786369998,3.6117691639058918,0.5518757778369084,2021,9.405967672810984,-10.192876650775863,0.5146710378176157,4.564988528966412,0.4746257786131098,0.6174771277789274,0.02375501441779141,0.4752198758828277,38.10372639724746,0.5466545718721078,2.04516332492,0.15031977314615388,1.9743901259958558,0.3016854170600216,23.041502015688422,6.33598168599101
BN,2021-09-13,31.11492999712249,11.359361772288011,42.3979968793784,35.359123456049026,8.387115235897102,4.198000336189736,11.447074185665151,19.24363827659607,3.4376877682073856,0.26955275929184935,2.514413814150055,0.33966157909564826,3.7471011177110203,0.2699909200482251,3.593445161649302,0.5292657371088116,2021,8.935233507307762,-9.990542200701809,0.5146710378176157,4.336527604958942,0.43927870234328564,0.5781802519708102,0.02375501441779141,0.43992053719096863,49.3061775478024,0.7073703788716874,2.6505883373057677,0.19098357940642846,2.5418966654504986,0.374386904982463,29.99108711596652,8.09732120368627
BN,2021-09-14,31.362328852772436,11.032600952416562,42.632916808166456,34.67223654974139,8.299621143455992,3.994428979345433,11.292925453302256,18.12829490614922,3.445607454611806,0.2646366340464638,2.4876197121384536,0.3319672110079586,3.7526266499275955,0.2648874695605876,3.574372698547341,0.5081905890837854,2021,9.055089949238134,-10.390631971502646,0.5146710378176157,4.394697407531883,0.4857768361710844,0.653255257826897,0.02375501441779141,0.48635731234389606,48.0018324330756,0.6886576101300989,2.5842749004496572,0.18241677174100357,2.461518960295884,0.3499693165690468,29.359482601987235,7.776959054048495
BN,2021-09-15,31.56319294169169,10.723299809587676,42.853777757470944,33.97667425841133,8.193864199362132,3.802240493448872,11.12890248242654,17.089862380461717,3.4519916613828316,0.25960187914128585,2.461578298239141,0.32433193343219646,3.757793803525766,0.2596947822292371,3.554681389553378,0.4886074145929377,2021,7.17299523173032,-9.162606359716396,0.5146710378176157,3.481262331554867,0.3928340126057717,0.5617007714767316,0.02375501441779141,0.393551600390522,47.75496767353238,0.6851159683486231,2.5745245405570105,0.17792104220206856,2.435368982374692,0.3347527419911577,29.35980744570639,7.624588800905054
BN,2021-09-16,31.714846338267098,10.431400918715758,43.0596891462431,33.27824647425661,8.070785618933964,3.6218199215006113,10.956380536252745,16.12777041598714,3.45678490999347,0.2544797327047353,2.4363640353632308,0.31683080203852204,3.7625872728261625,0.2544463453751773,3.534510939394865,0.470495783035439,2021,7.726031062661597,-9.179683994026334,0.5146710378176157,3.7496666374304164,0.42922796696865284,0.6200811820845596,0.02375501441779141,0.42988480821963504,51.51070957056654,0.7389976663584445,2.7805432140885182,0.18803525544569083,2.6119953359311987,0.34769528569467845,31.821009793193696,8.096739648025862
BN,2021-09-17,31.81574236983687,10.15679709896586,43.25022738828139,32.58395113725006,7.933367619622065,3.453945524372583,10.778384113575177,15.243434983079876,3.459961210369363,0.2493535284326211,2.412048917460721,0.30958217611510874,3.7670024908965853,0.24920988314839637,3.5140483081358793,0.45389045859384985,2021,7.4001454720712365,-8.859672559525492,0.5146710378176157,3.5915049219590034,0.4119901302974345,0.5901505718815412,0.02375501441779141,0.41267440939860384,45.05569824367433,0.6463909376478696,2.434956272212504,0.16108701003940795,2.271448980835861,0.29339067911990013,27.956555034994775,6.9670498135027605
BN,2021-09-18,31.864795705218604,9.899356524743665,43.42509778762392,31.90045295674106,7.785279868347633,3.2993778096038824,10.598432640280464,14.438153072228417,3.461501817486286,0.24432229035357073,2.388703753065311,0.3027130823836849,3.771037563998529,0.2440623782153232,3.4934864253586517,0.43884359559463587,2021,6.623723853828817,-8.773161672232131,0.5146710378176157,3.2146850237614424,0.40498881833710443,0.5809129496941319,0.02375501441779141,0.4056849069019867,43.67704715297879,0.6266121392729257,2.3629779152556805,0.15293244892954155,2.1890610025149106,0.27498472424177745,27.210693422839018,6.6411065496661434
BN,2021-09-19,31.861163317959893,9.658936224376028,43.58402065270219,31.233636870004837,7.630127416092741,3.1586680097618975,10.419905847214345,13.71210208108262,3.461387817247817,0.23948050295425644,2.3663986224238807,0.2963398920183337,3.7746905843866587,0.239076287390854,3.473010530603207,0.4253972996091695,2021,5.508515900719475,-8.21965462963435,0.5146710378176157,2.6734423052613447,0.37589890350390087,0.6049069190814894,0.02375501441779141,0.3766487572864464,36.38516414107945,0.5219992427689428,1.9703856267368942,0.12479764098203594,1.8129088671034383,0.22205706827193958,22.75082577753651,5.439182961969568
BN,2021-09-20,31.804256121233102,9.435390179877482,43.726731957102416,30.58864597346423,7.471120108935033,3.03210733009153,10.245776949312004,13.064039056216808,3.4596001211206677,0.23490944358064006,2.345202931289391,0.2905600344430177,3.7779596303455283,0.23431380509669691,3.452797751390281,0.4135675542152437,2021,5.272502037427549,-8.007182693071183,0.5146710378176157,2.5588979419292195,0.35323405792237167,0.5786020977766541,0.02375501441779141,0.3540319200104631,22.917488468183976,0.32878542419578344,1.2421380596576996,0.07703896380364562,1.1352295733531008,0.13597498374627157,14.376712115211237,3.3686621204949274
BN,2021-09-21,31.69374869020367,9.228577066466205,43.85298397922616,29.96992650144554,7.310814745195266,2.9197083293646315,10.078406093740805,12.49117861814946,3.456119459234547,0.23067055956858115,2.325185476101965,0.2854461877142937,3.780842766200206,0.22982258398915573,3.4330166207645214,0.40333252381359147,2021,7.129401900639744,-8.890862121253045,0.5146710378176157,3.460105225418605,0.3972696942098924,0.5610121982306194,0.02375501441779141,0.3979792841940531,48.51764603446457,0.696057722667477,2.63168480560512,0.1599697844290467,2.3895777309289503,0.28074271800341444,30.524208160753513,7.015152393727247
BN,2021-09-22,31.52958690505094,9.038367681415265,43.96254591886994,29.381276487056773,7.150958050125675,2.821219792515471,9.91941507634583,11.989275613826477,3.4509263718235346,0.22680151413528715,2.306414519513429,0.28104367981445766,3.7833380423004357,0.22563331738456352,3.4138265136337305,0.3946271190723084,2021,6.4682270148119665,-8.716630490826493,0.5146710378176157,3.1392179042587536,0.3776440297497146,0.566893938843423,0.02375501441779141,0.3783904252430191,46.59547871601928,0.6684813764178573,2.5290910219710367,0.15083167057096028,2.282079446685651,0.2638008797292704,29.388143206679434,6.630944243495706
BN,2021-09-23,31.31249374218173,8.86454016797835,44.05532125421367,28.82555573667843,6.992728487038363,2.7361934176016924,9.76986107584509,11.552983001161577,3.4440171789945797,0.22332071487549102,2.2889465259176665,0.2773766816302043,3.7854461454090886,0.2217634736895864,3.3953656010602886,0.3873518100772258,2021,6.579729102557322,-8.924780618886302,0.5146710378176157,3.193333096785376,0.35878990815810446,0.5244257399156234,0.02375501441779141,0.35957544257928753,43.2633949171879,0.6206776833222725,2.3495419438737395,0.1376436390951522,2.107427655298235,0.2404206241094214,27.344154734083816,6.063934738935975
BN,2021-09-24,31.045439848371466,8.706467070543606,44.131700163172745,28.303769325117404,6.837613591385036,2.664109290856168,9.630913903662645,11.176565452400306,3.4354519328070507,0.22024534439777677,2.2727923716615552,0.27446745262660904,3.787178348783906,0.21823120043083,3.3777161536572904,0.38140367979283935,2021,7.122100417342605,-9.29105958739739,0.5146710378176157,3.4565616041076126,0.3916545555997626,0.5766857032076373,0.02375501441779141,0.39237430042248816,46.667841913680185,0.6695195340096953,2.535589883289408,0.14611005161882573,2.2614469452136494,0.25535721396448485,29.54703532830301,6.44808498886771
BN,2021-09-25,30.732063433100464,8.563480417572588,44.19221134485214,27.81622388730314,6.6865818880651195,2.6043565412224257,9.50331153510634,10.854062774325309,3.425306521076552,0.21757673065529431,2.257951721224939,0.27232309028802987,3.788548559638784,0.2150449422172525,3.360938557951694,0.3766649931918308,2021,7.467244806007213,-9.521516291789816,0.5146710378176157,3.6240701720612805,0.40594849486514273,0.59724724740752,0.02375501441779141,0.40664294066572004,46.36126527363011,0.6651212365790097,2.519844102826574,0.14303095788760067,2.2354316097309046,0.25052788604777476,29.393178256848994,6.320854319825496
BN,2021-09-26,30.376118136958674,8.434983036074222,44.23740375629759,27.3629165706943,6.539821697617086,2.556224567784516,9.387153685398449,10.579267205298793,3.4136567120764907,0.21529484669932442,2.244424380840542,0.27093048901210626,3.7895706700557104,0.21219947122376284,3.345082537373837,0.3729964504507169,2021,7.38369550073013,-9.300789169777309,0.5146710378176157,3.5835212744400944,0.38191053396576846,0.5567972341410568,0.02375501441779141,0.38264860729396083,46.210131330382175,0.6629529955996311,2.5123072277499343,0.1406782751124513,2.21763248868,0.24727911417433213,29.32731933778786,6.2232416558890185
BN,2021-09-27,29.981429517023628,8.32044323386232,44.26784462885456,26.94356219117499,6.396883116132817,2.5189460411309748,9.28199902082476,10.34589361463732,3.4005781738933756,0.2133615114149454,2.232210184848053,0.27026032753242174,3.7902585586117623,0.20967813316066872,3.3301868400176033,0.37024247459419163,2021,6.962186605240574,-9.022049532886903,0.5146710378176157,3.378950799641505,0.3861266604649431,0.6060008542535731,0.02375501441779141,0.3868566900439993,45.67426992228654,0.655265267486864,2.483624788253112,0.13739479801167187,2.182155770505369,0.24260703414996143,29.00718105179332,6.082171571193546
BN,2021-09-28,29.5518542888404,8.219388749165379,44.284117526223675,26.557611686912477,6.256948202796016,2.4917846451320087,9.187095667799491,10.147917738030031,3.3861464927747362,0.21172776982589595,2.221308739184846,0.2702765566055111,3.790626091914385,0.2074580274148893,3.3162787837152137,0.3682437307457028,2021,4.164125653517782,-7.473704690776385,0.5146710378176157,2.020970781818828,0.29219304129189533,0.5294776050239627,0.02375501441779141,0.2931570809129411,16.468444444734708,0.23626430531965947,0.8955896403327278,0.04901492673016569,0.7835183030808002,0.0870028492329532,10.462756264027393,2.1705827758578997
BN,2021-09-29,29.09124269965675,8.131398702518613,44.286820451591126,26.204262158032844,6.119210698433811,2.4741867148745222,9.101748302778184,9.980063829133432,3.370437190730348,0.21034545555889958,2.2117188813965787,0.2709537493080983,3.7906871260510897,0.20551821535093243,3.3033736580127626,0.3668566260374215,2021,6.490172588916283,-8.392094860207562,0.5146710378176157,3.149868726963298,0.3915812548672172,0.5734706041365879,0.02375501441779141,0.3923011341729386,44.62019175109586,0.6401429499112895,2.4265816390610926,0.13156103663524954,2.1146313580995373,0.23484068278609777,28.34989588607317,5.826420007890499
BN,2021-09-30,28.603638494448536,8.055988715703428,44.27658839603417,25.88187915071703,5.9836749318662275,2.466111640432062,9.026156639950678,9.838595817400735,3.353533929819631,0.20919278968749216,2.2034262754025673,0.2723183208207549,3.790456058712205,0.20385844905699974,3.291452422092279,0.3659936034322328,2021,6.379502011067326,-8.600865490864166,0.5146710378176157,3.096157090271739,0.3465931631657696,0.551046639090478,0.02375501441779141,0.34740627723638395,44.74007205524195,0.6418628109993014,2.432952780814349,0.13084915715768375,2.1126609039146094,0.23491768310677652,28.419495489337542,5.793554273438751
BN,2021-10-01,28.094085054280956,7.992201627589901,44.25417794414706,25.58581901722713,5.852751080591418,2.468787633723096,8.963195111666936,9.722563209228422,3.3355590578933128,0.20832680862477776,2.196357715897041,0.27454762870845273,3.7899497838138343,0.2025389585358321,3.2803779539757283,0.3657048595316314,2021,5.340104281005125,-8.149175440101253,0.5146710378176157,2.591707268645925,0.32280814428928806,0.5431693203833553,0.02375501441779141,0.3236810138538918,38.95650140406428,0.558888896446944,2.1181608522650475,0.11319677502360453,1.8333668146263786,0.20438838536891812,24.733168674371036,5.0094302245981766
BN,2021-10-02,27.568310960009097,7.938623546404266,44.22043195768405,25.30882336850336,5.73071054515042,2.486021298906664,8.918167286178587,9.633775654703328,3.3166669594669194,0.2078731103063751,2.1903816116048915,0.2781212662106924,3.789186943759791,0.20167526393031773,3.269904372216474,0.36618040722553863,2021,5.869748738250034,-8.362690947631757,0.5146710378176157,2.8487590634062485,0.33038365161156297,0.5275210470833199,0.02375501441779141,0.33123655891549786,44.510664573073335,0.6385716198007891,2.4196672444046916,0.12878409996173465,2.0880681315599565,0.2338324157813248,28.237912863508885,5.694888529589468
BN,2021-10-03,27.031913035264846,7.893657880556434,44.176213020562805,25.04323617509121,5.62164491705948,2.5279878175216943,8.8967847407712,9.575517242434874,3.29701813230356,0.20796326585268632,2.1853384250293892,0.28424612813682126,3.7881864772642473,0.20139310575648464,3.2597580866958475,0.3676777024966383,2021,6.425214595162888,-8.916416680083847,0.5146710378176157,3.118342731269513,0.3836830334107746,0.6056854231094316,0.02375501441779141,0.38441770359503874,42.69116363663389,0.6124681753486461,2.3201436596104488,0.12334686801047105,1.9964980874365994,0.22519089156449837,27.056524582517202,5.448997516649814
BN,2021-10-04,26.490158687895622,7.85541722609902,44.12238807792269,24.781516303942297,5.528671735704346,2.6232993790055144,8.904243006523428,9.551978858452092,3.2767732937490712,0.20870662953901478,2.1810293876966815,0.2962366777337185,3.786967319799976,0.20180782125387273,3.2496578128466416,0.3704971711454955,2021,6.165817996885314,-8.825675144703677,0.5146710378176157,2.9924500494338173,0.363272350981039,0.581302305632131,0.02375501441779141,0.3640482134241022,42.818782911682966,0.6142990634732686,2.3263304779569993,0.1239703555978348,1.9962617510402823,0.2275960652541732,27.10434167447202,5.469868139845743
BN,2021-10-05,25.947971020308557,7.821319238740437,44.05982656052225,24.51624640641324,5.453748405222168,2.851608861325455,8.94485581328945,9.568130250661833,3.256093418512994,0.21018014861176285,2.177171432387029,0.3232633106397616,3.7855484049280075,0.2030161376373658,3.239315363270424,0.3749818879416756,2021,5.673123798897136,-8.580759910832853,0.5146710378176157,2.753331285650933,0.3708196997302846,0.579990565320505,0.02375501441779141,0.37157980356586645,43.00616209750011,0.6169872963125641,2.335635275416871,0.12525837786869773,1.9986164278879703,0.2313590612073153,27.184353265577123,5.51886240414718
BN,2021-10-06,25.40992315639664,7.787221361821763,43.989398667768754,24.24016554741864,5.397761631126226,3.410291592160691,9.021951529481385,9.629779285364986,3.2351397731793945,0.21242731030327436,2.173298548164274,0.38809669766344324,3.783948665518816,0.20509376810580981,3.228436596582511,0.381525995432698,2021,5.639931940363682,-8.485419203448098,0.5146710378176157,2.7372223153959867,0.3549480116420699,0.5947015994292502,0.02375501441779141,0.3557420296769113,36.673495784573866,0.5261357886145746,1.9908708152098094,0.10790717142228493,1.6985960347350924,0.20073448048394313,23.14439695874743,4.746771582806155
BN,2021-10-07,24.880028403211497,7.745586476957065,43.911953609703495,23.946497411756475,5.3609525982275805,4.682265165915938,9.138230898817126,9.744210517243536,3.2140654094785064,0.21547212532665727,2.168549170482243,0.5353860691050056,3.782186574809234,0.20810349227545627,3.216733428044392,0.3906043544474266,2021,4.276202362068461,-7.847581592605187,0.5146710378176157,2.0753648544645467,0.30888826135008274,0.5644510302126435,0.02375501441779141,0.3098003529853807,29.843323980808048,0.42814682542827937,1.619331175182031,0.08909884957827506,1.377234205466233,0.1672360143551281,18.800763536348423,3.912504549359164
BN,2021-10-08,24.361147283316424,7.681546973379429,43.828257905540575,23.629836185500317,5.343671768126733,7.209713205385341,9.296683364729054,9.921579175557218,3.19298953874894,0.2193522212226151,2.1611997355320387,0.8304641128467968,3.7802787670184084,0.21211619646770874,3.203958561095319,0.4028276558898955,2021,4.590161999907871,-7.669516281281721,0.5146710378176157,2.2277385596643047,0.32641222385187135,0.5752694659323945,0.02375501441779141,0.3272754811927005,34.09307318120576,0.4891157922292551,1.8489940439776404,0.10374938147995968,1.5671067298798413,0.19702936804244,21.437093087496592,4.547154649043988
BN,2021-10-09,23.85541323176666,7.564189070244508,43.73903150807287,23.285450429014055,5.346565870871732,11.531957322727298,9.500507901396649,10.172775669321211,3.1720111614659774,0.22412380028496287,2.147589447812613,1.3465323135840181,3.7782408729841164,0.2172089224161982,3.1898774232482707,0.41888354918744686,2021,4.751703353558748,-7.747334217581075,0.5146710378176157,2.306139257181222,0.32117560389857724,0.5531356660503213,0.02375501441779141,0.32205289821643474,41.448957413619894,0.5946468813382094,2.2467191520645584,0.12916260831362536,1.8968506615857477,0.2490877961681957,26.00927867902921,5.649447394694534
BN,2021-10-10,23.363658375891305,7.330382083245246,43.64489601054129,22.909226893029125,5.370941865130023,17.605515573740426,9.753598102444194,10.50790289379819,3.151181754255177,0.22988445468250115,2.1199093234635957,2.1134103331406724,3.7760863455642726,0.22347625940243887,3.174264446904362,0.4394915377569917,2021,3.456750710346277,-7.43190257838767,0.5146710378176157,1.6776612347755784,0.3180500439916072,0.614963301458031,0.02375501441779141,0.31893593587592595,22.45880015512181,0.32220485879948535,1.216673367787201,0.07200513660579998,1.0227634279070463,0.1416063088665602,14.062597556394676,3.14265669938496
BN,2021-10-11,22.886357104669713,6.863137859130316,43.546446090899856,22.497698688761105,5.418391736446496,22.971360224342103,10.05974367187264,10.935145380264856,3.1305409734035052,0.23675204016374157,2.0621857454933945,2.9213986370172575,3.7738280947079983,0.23101181783867503,3.156902488217015,0.4653709082368611,2021,3.618134551539795,-7.012142860794808,0.5146710378176157,1.7559854869350353,0.2847715793858427,0.5500946220891931,0.02375501441779141,0.28576065708193066,31.71067628356321,0.4549367688305278,1.7168531595283238,0.1050957699691933,1.436191017502502,0.21171433730100564,19.81087947864675,4.576547281345088
BN,2021-10-12,22.423927393317346,5.997055455004123,43.444272847831854,22.048127181850862,5.490509689578104,20.05346732603529,10.422165782502532,11.45982207418317,3.110128575956663,0.24485049354977645,1.945489411272459,2.8659866218001087,3.771479032847194,0.23989734663087275,3.1375845158965956,0.49721272291516827,2021,2.974809063031646,-6.441424180090451,0.5146710378176157,1.4437609952519,0.2859442742636455,0.5443351269836294,0.02375501441779141,0.28692930957668367,30.89671149919853,0.44325923456322347,1.6717429092710936,0.10633671424134895,1.390763310893747,0.2203941309744736,19.25707512868578,4.619721227243091
BN,2021-10-13,21.976735625053603,4.645369435878099,43.338963284742974,21.558607043298437,5.588742695300209,2.7071018431504177,10.84334448694527,12.083774100917273,3.089984422252279,0.2543026767327997,1.7308356402570368,0.47952607422747817,3.7690520753039536,0.25019852034076123,3.116116680188942,0.5356613587764516,2021,3.297822522177921,-6.507325458589087,0.5146710378176157,1.6005287821503034,0.2935997224639372,0.5459967270410387,0.02375501441779141,0.29455915830421975,35.64455039568262,0.511374038144816,1.9273953797262817,0.12794502768451294,1.5935011700786372,0.27392331211565313,22.16242066392893,5.54500485728453
