site,year,month,GPP,ER,NEP,n_days
GC,2020,8,11.16372383215295,-12.332815774596332,-1.1690919424433819,25
GC,2020,9,7.378613834752566,-8.20701566022301,-0.8284018254704438,30
GC,2020,10,5.6852908763625205,-7.887438085765613,-2.2021472094030927,27
GC,2021,6,9.694234960680099,-8.69552617520635,0.9987087854737493,17
GC,2021,7,11.336118076829209,-9.140648074497713,2.1954700023314957,31
GC,2021,8,10.328987907255591,-7.95749903453456,2.3714888727210304,31
GC,2021,9,7.799364555208624,-7.4314978555049285,0.3678666997036953,30
GC,2021,10,5.5180577230103385,-6.409969689536399,-0.8919119665260609,14
