site,date,light_hrs,LAI,PAR_inc_Jm2,PAR_bc_Jm2
PL,2020-05-31,4,0.9987759901498685,13.448097351360001,5.081093770224176
PL,2020-06-01,16,1.0029788089289116,84.61171304006398,43.27986636870107
PL,2020-06-02,16,1.0197900840450838,116.613033469632,63.583460070293015
PL,2020-06-03,16,1.036601359161256,104.13411325228797,52.97064346940143
PL,2020-06-04,16,1.053412634277428,107.517927230784,56.651980669207646
PL,2020-06-05,16,1.0700793312694925,104.063690872512,54.603653808593485
PL,2020-06-06,16,1.0863122938892347,77.90640330009599,37.20645516714956
PL,2020-06-07,16,1.1025452565089768,76.00853879539201,36.24381700631707
PL,2020-06-08,16,1.118778219128719,81.934979499072,39.841277973146134
PL,2020-06-09,16,1.1348263928903233,78.47071385126398,37.124986967736774
PL,2020-06-10,16,1.1503202000775143,111.15598214649602,55.601267371289445
PL,2020-06-11,16,1.1658140072647056,110.47635029087999,55.29760402646276
PL,2020-06-12,16,1.181307814451897,113.83150472064,56.422081032030746
PL,2020-06-13,16,1.1965854835060499,116.57869169184002,58.05568726700848
PL,2020-06-14,16,1.2112147381610883,93.47878490630399,44.672551156101264
PL,2020-06-15,16,1.2258439928161267,82.380708450432,36.39204013501585
PL,2020-06-16,16,1.2404732474711653,78.29768531894399,36.792567056117306
PL,2020-06-17,16,1.2548627189914425,71.25872316192002,30.753819575925537
PL,2020-06-18,16,1.2685328411074361,81.47844499737602,36.23079974012203
PL,2020-06-19,16,1.28220296322343,108.199484213184,49.693747063500055
PL,2020-06-20,16,1.2958730853394238,83.96052338016,35.67321721522193
PL,2020-06-21,16,1.3092847713855087,110.91953310681598,51.926526632372685
PL,2020-06-22,16,1.321921149221867,110.00602939737598,50.27960746476571
PL,2020-06-23,16,1.3345575270582253,115.31968982553599,53.416975227397664
PL,2020-06-24,16,1.3471939048945838,100.468858158144,44.52364656404659
PL,2020-06-25,16,1.3595537273892722,116.14280572742399,53.36784463236888
PL,2020-06-26,16,1.3710838838589507,115.13736168883197,52.43888402149765
PL,2020-06-27,16,1.3826140403286293,106.14627439718399,48.5758069307982
PL,2020-06-28,16,1.394144196798308,85.75284746649601,35.118357357230046
PL,2020-06-29,16,1.4053743012593969,69.54737860224002,26.521286368248077
PL,2020-06-30,16,1.4157042496947172,69.207500573568,27.598831456955747
PL,2020-07-01,16,1.4260341981300373,106.32229929619199,45.94784129817973
PL,2020-07-02,16,1.4363641465653574,122.375403690624,55.76276477958393
PL,2020-07-03,16,1.4463589745030028,110.69767777017603,48.969268976053044
PL,2020-07-04,16,1.4553484409476225,106.22775073075199,45.57610742368006
PL,2020-07-05,16,1.4643379073922422,119.931920994816,53.5186137813524
PL,2020-07-06,16,1.4733273738368622,117.88669113984,51.48031566818443
PL,2020-07-07,16,1.4819306501668181,109.18710530380798,44.808157182366045
PL,2020-07-08,16,1.4893753561527816,103.817119392,42.99753782482626
PL,2020-07-09,16,1.496820062138745,120.00740459500801,52.96948158441353
PL,2020-07-10,16,1.5042647681247083,115.57914723532801,51.41818543944957
PL,2020-07-11,16,1.5112558347269907,120.53594504851203,52.64730331186266
PL,2020-07-12,16,1.5168859831782298,115.138200050496,49.32527419396525
PL,2020-07-13,16,1.522516131629469,115.14354072479999,48.477009966038615
PL,2020-07-14,16,1.5281462800807082,120.29210600601597,51.923927751959226
PL,2020-07-15,15,1.5332440689444546,118.706950401984,50.760160014484896
PL,2020-07-16,15,1.5367447790457232,117.45595954713599,49.97478123729756
PL,2020-07-17,15,1.5402454891469917,110.430985609728,47.042445324611606
PL,2020-07-18,15,1.54374619924826,114.11530566911996,48.865663523614934
PL,2020-07-19,15,1.5466348346594674,116.06648376556801,48.768426204715524
PL,2020-07-20,15,1.547687246000491,114.90883050931198,48.07167773312518
PL,2020-07-21,15,1.5487396573415144,114.27676791552,47.59987849919606
PL,2020-07-22,15,1.5497920686825382,109.987709642496,45.582825738288584
PL,2020-07-23,15,1.5501649353798128,89.93453334566401,34.62158532427666
PL,2020-07-24,15,1.54849916814584,114.38094211488,47.59549699754076
PL,2020-07-25,15,1.5468334009118672,115.42318091539198,48.073542081686846
PL,2020-07-26,15,1.5451676336778943,114.87017272147199,47.687594655346835
PL,2020-07-27,15,1.5427799856106805,112.69689088492801,46.68544320977475
PL,2020-07-28,15,1.538226695043744,93.51064264953601,35.4597854699117
PL,2020-07-29,14,1.5336734044768074,99.07276863455999,39.430464174119514
PL,2020-07-30,14,1.5291201139098707,111.13508520575999,45.68713374740963
PL,2020-07-31,14,1.5238370879206928,108.84449483712001,44.507514793870385
PL,2020-08-01,14,1.516364855664792,100.53983944569602,40.39862435180051
PL,2020-08-02,14,1.508892623408891,107.07067680825598,43.90981491037755
PL,2020-08-03,14,1.50142039115299,101.70680783155201,40.92878337052289
PL,2020-08-04,14,1.4932488581258934,106.46972674732798,43.90445031883362
PL,2020-08-05,14,1.48297942278521,99.94152867148802,41.180327274475424
PL,2020-08-06,14,1.4727099874445266,94.424146358976,39.01882581055053
PL,2020-08-07,14,1.462440552103843,104.52727382227198,43.18946890665047
PL,2020-08-08,14,1.4515384508533153,103.749491551104,42.89187364552412
PL,2020-08-09,14,1.4387383518732537,89.21155508697599,34.90939896801075
PL,2020-08-10,14,1.425938252893192,102.88650689452801,43.090420764651384
PL,2020-08-11,14,1.4131381539131307,102.898864966464,43.07514162697521
PL,2020-08-12,14,1.399801320858642,88.855655035392,37.228399143264745
PL,2020-08-13,14,1.3848542855808712,97.67726906918399,41.05392828243188
PL,2020-08-14,14,1.3699072503031002,101.86587919468799,43.25774287132775
PL,2020-08-15,14,1.3549602150253293,100.81044396057598,42.978254771395065
PL,2020-08-16,14,1.3395918694083613,93.41963383334398,39.424536751537715
PL,2020-08-17,14,1.3229595927738007,96.64183031328,41.416512138625045
PL,2020-08-18,14,1.3063273161392404,93.42205576703998,40.434707277368624
PL,2020-08-19,14,1.28969503950468,84.94435631808001,35.762355464978164
PL,2020-08-20,14,1.272765723180346,82.07302971974399,34.4747354389408
PL,2020-08-21,14,1.2549452877866927,94.539436612992,41.62840071179442
PL,2020-08-22,14,1.2371248523930394,93.642700136832,41.40303229481882
PL,2020-08-23,14,1.2193044169993859,93.24488200204799,41.590155419037714
PL,2020-08-24,14,1.2013102765621664,79.90682738169599,34.72419650293464
PL,2020-08-25,14,1.182795020994248,81.822204330048,37.19040296105875
PL,2020-08-26,14,1.1642797654263295,88.93952225222401,41.026731554968705
PL,2020-08-27,14,1.1457645098584113,85.745209060224,40.379807930995426
PL,2020-08-28,14,1.1271901210402602,88.263616448448,40.398622925163
PL,2020-08-29,14,1.1084383324714104,91.46146938969599,42.83230561871571
PL,2020-08-30,14,1.0896865439025607,91.688696451072,43.31414324035849
PL,2020-08-31,14,1.070934755333711,47.39485154745601,20.947277396465974
PL,2020-09-01,14,1.052224240644743,88.29084767731199,42.354926298054664
PL,2020-09-02,14,1.033637547595421,85.60600997356799,41.33343426013298
PL,2020-09-03,14,1.0150508545460988,87.44161836211198,42.67127869941435
PL,2020-09-04,12,0.9964641614967766,83.93661454751998,41.11001013792474
PL,2020-09-05,12,0.9780019784983522,80.36038104191998,39.134428924063094
PL,2020-09-06,12,0.9599133256526211,84.6124272,42.234319067017765
PL,2020-09-07,12,0.94182467280689,41.250716265023996,19.680837513715584
PL,2020-09-08,12,0.9237360199611588,86.12737777727999,43.67424218988997
PL,2020-09-09,12,0.905836983876463,84.34818802368,43.14128146014149
PL,2020-09-10,12,0.8885067980748733,83.26483845119999,42.913851545569656
PL,2020-09-11,12,0.8711766122732836,82.70440920403199,42.98303217052889
PL,2020-09-12,12,0.8538464264716938,81.85812967987201,42.859962153619556
PL,2020-09-13,12,0.8367534283974533,81.78230452492801,43.12736920454558
PL,2020-09-14,12,0.8203719935052598,78.307109125056,41.451042577145984
PL,2020-09-15,12,0.8039905586130665,76.40983457855998,40.88629769678254
PL,2020-09-16,12,0.7876091237208731,78.27584134003199,42.10574979617966
PL,2020-09-17,12,0.771496542648352,77.99868518400001,42.39760327606685
PL,2020-09-18,12,0.756190523034848,72.008870548608,39.901368760347346
PL,2020-09-19,12,0.7408845034213442,44.417208269952,25.04679267852502
PL,2020-09-20,12,0.7255784838078402,67.461596883072,38.64560369878121
PL,2020-09-21,12,0.7105592918139049,71.20429175462401,39.77725381547332
PL,2020-09-22,12,0.6964005826786754,66.376850041152,37.64534678550855
PL,2020-09-23,12,0.682241873543446,65.276484831936,37.303072498979276
PL,2020-09-24,12,0.6680831644082166,45.031323714048,26.276946847788885
PL,2020-09-25,12,0.6542179997406743,38.188243207296004,22.543111471940673
PL,2020-09-26,12,0.6412334684761936,47.414692773504,28.761163781895693
PL,2020-09-27,12,0.6282489372117127,67.671870408576,39.9721977511135
PL,2020-09-28,12,0.6152644059472319,67.86236480889599,39.957817775735215
PL,2020-09-29,12,0.6025712817128408,68.628472117632,40.65557420183446
PL,2020-09-30,12,0.590752378568719,67.44535750713601,40.19036885609568
PL,2020-10-01,12,0.578933475424597,60.772619670336006,36.53422140990388
PL,2020-10-02,12,0.5671145722804751,64.793681664768,39.11780181297349
PL,2020-10-03,12,0.5555782920126828,64.22316102719999,39.03710787437287
PL,2020-10-04,11,0.5448898803738788,64.293987062592,39.27362572984103
PL,2020-10-05,11,0.5342014687350747,62.867530216511994,38.60207722037718
PL,2020-10-06,11,0.5235130570962706,61.349257243008005,37.9492306289734
PL,2020-10-07,11,0.513093762093573,62.05773494995199,38.531341725287625
PL,2020-10-08,11,0.503481816999195,61.909872792768,38.595696581522944
PL,2020-10-09,11,0.493869871904817,58.53689541503999,36.788115991246926
PL,2020-10-10,11,0.484257926810439,50.188427864063996,32.343812153470694
PL,2020-10-11,11,0.47489847844710276,25.665433204320003,17.496291293674588
PL,2020-10-12,11,0.466296520276892,35.146977594624,23.6366451891782
PL,2020-10-13,11,0.45769456210668125,26.587817337311996,18.395394707576397
PL,2020-10-14,11,0.4490926039364705,41.3638329888,27.798595990055865
PL,2020-10-15,11,0.44072470441901984,38.449749945600004,26.22605003708261
PL,2020-10-16,11,0.4330589808598495,27.918778579776,19.170638324659915
PL,2020-10-17,11,0.4253932573006792,22.382967835871998,15.923449792963599
PL,2020-10-18,11,0.41772753374150884,23.097500377056004,16.64094790419426
PL,2020-10-19,11,0.4102766204393629,36.692947553471996,25.233356496492863
PL,2020-10-20,11,0.4034701379082902,43.99178630112,29.792873677475107
PL,2020-10-21,10,0.39666365537721754,28.74850822368,20.457032475892774
PL,2020-10-22,10,0.38985717284614485,46.24713442943999,31.181842723603324
PL,2020-10-23,10,0.3832461986253364,42.033652907904,28.399855807816078
PL,2020-10-24,10,0.37722174933532043,22.15898554464,16.30265328929902
PL,2020-10-25,10,0.3711973000453045,50.59785886041599,33.949523864578254
PL,2020-10-26,10,0.36517285075528855,39.11547120768,26.891890521717496
PL,2020-10-27,10,0.3593251003623022,46.506995494848,31.475338234019585
PL,2020-10-28,10,0.35400744666040473,44.11142361561599,30.068768718740255
PL,2020-10-29,10,0.34868979295850727,44.46021311827201,30.314549460288212
PL,2020-10-30,10,0.3433721392566098,40.374473073984,28.065392098401425
PL,2020-10-31,10,0.3382132425625264,45.09966571487999,30.881454882936207
PL,2020-11-01,10,0.33339013812176577,41.240593824192,28.478121706617348
PL,2020-11-02,10,0.32865288181830027,41.128657016831994,28.435546388887833
PL,2020-11-03,10,0.3239702561476589,40.65082191878399,28.174259005457095
PL,2020-11-04,10,0.3194532068931052,34.16463507744,24.324786482753797
PL,2020-11-05,10,0.3153382717919073,37.524136567679996,26.291873491243813
PL,2020-11-06,10,0.31122333669070945,36.57849566112,25.736729843604035
PL,2020-11-07,10,0.3071084015895116,31.026119511744,22.19622118713967
PL,2020-11-08,10,0.30314085401404167,21.636655177535992,16.5902055530498
PL,2020-11-09,9,0.29953124757248245,32.099036139072,23.11672224760654
PL,2020-11-10,9,0.29592164113092323,17.692567204032,13.635327533407047
PL,2020-11-11,9,0.292312034689364,22.351063516992003,16.721818331574976
PL,2020-11-12,9,0.28883314690033834,35.831919074111994,25.339219407261954
PL,2020-11-13,9,0.28567171869603714,25.21385124652799,18.664216797269372
PL,2020-11-14,9,0.2825102904917359,21.361020492672,16.394573505246683
PL,2020-11-15,9,0.2793488622874347,28.697088708288,20.95038787024798
PL,2020-11-16,9,0.27630300732585245,23.319619642368,17.563327719554906
PL,2020-11-17,9,0.2735378302394447,30.845064442751998,22.2405384070442
PL,2020-11-18,9,0.270772653153037,26.325767216447996,19.47564672261864
PL,2020-11-19,9,0.2680074760666293,26.17691144544,19.490687418901015
PL,2020-11-20,9,0.26534420811124637,31.424682856896,22.62256282831336
PL,2020-11-21,9,0.2629284337597809,30.225701475648005,21.87094551772983
PL,2020-11-22,9,0.2605126594083155,31.330196392319994,22.542973734929358
PL,2020-11-23,9,0.25809688505685,25.510879679039995,18.91729818843886
PL,2020-11-24,9,0.2557707645671415,27.92644803648,20.440371597314673
PL,2020-11-25,9,0.25366237488455673,25.141317437376003,18.705009592145935
PL,2020-11-26,9,0.251553985201972,25.188327791423998,18.737293328040007
PL,2020-11-27,9,0.24944559551938722,28.965674945088,21.05460590346142
PL,2020-11-28,9,0.2474159221519129,25.444711208448002,18.896316883902994
PL,2020-11-29,9,0.2455774169782783,28.866717218303997,20.985198354117568
PL,2020-11-30,9,0.24373891180464372,25.696592312832,18.99294683281233
PL,2020-12-01,9,0.24190040663100912,30.368906068031997,22.126090166213995
PL,2020-12-02,8,0.24013089679272798,29.70144598176,21.67619450872657
PL,2020-12-03,8,0.23852894705459088,30.025705643136,21.930970322971994
PL,2020-12-04,8,0.23692699731645378,28.404003680640002,20.768337374783787
PL,2020-12-05,8,0.23532504757831668,29.453849836991992,21.565549710162447
PL,2020-12-06,8,0.23378348381881361,29.445528321215996,21.586235326255775
PL,2020-12-07,8,0.23238857172170754,29.501822754431995,21.639012899352938
PL,2020-12-08,8,0.23099365962460147,25.247758318271995,18.7659719741632
PL,2020-12-09,8,0.2295987475274954,18.202166894016003,14.209592042288865
PL,2020-12-10,8,0.228256619337126,28.595212240896,21.061152253381294
PL,2020-12-11,8,0.22704268063454558,17.877534627455997,13.902669625409468
PL,2020-12-12,8,0.22582874193196517,24.632525058624,18.426794207374968
PL,2020-12-13,8,0.22461480322938476,24.387350847552,18.2379929069922
PL,2020-12-14,8,0.22344695288898758,18.860560254143998,14.786937798342105
PL,2020-12-15,8,0.2223910314281783,24.162483619007997,18.115755212086217
PL,2020-12-16,8,0.221335109967369,26.877937048704,19.950258810547872
PL,2020-12-17,8,0.2202791885065597,21.249425240064003,16.231020554717382
PL,2020-12-18,8,0.219263471122369,26.849650105151998,19.969860256987875
PL,2020-12-19,8,0.21834539220996624,19.815888895487998,15.444445614309215
PL,2020-12-20,8,0.21742731329756348,20.061373610880004,15.605431967150388
PL,2020-12-21,8,0.21650923438516073,19.380561838848003,15.160780519556113
PL,2020-12-22,8,0.21562619786429563,12.030738281855998,9.887986035801125
PL,2020-12-23,8,0.21482826429430765,27.005771677247996,20.177181476192114
PL,2020-12-24,8,0.21403033072431968,27.777374912448,20.78740201046711
PL,2020-12-25,8,0.2132323971543317,25.855974180287994,19.415418368151034
PL,2020-12-26,8,0.21246498539336484,20.623852186559997,16.108035228797487
PL,2020-12-27,8,0.21177169802573498,27.95734321632,20.998328770024585
PL,2020-12-28,8,0.21107841065810512,28.47122786592,21.40966124991968
PL,2020-12-29,8,0.21038512329047526,28.808715011327998,21.690091043438983
PL,2020-12-30,8,0.20971221570657872,17.016583774176002,13.706314615762484
PL,2020-12-31,8,0.20908880188317736,23.397990932735997,18.02405330191503
PL,2021-01-01,8,0.20848353650680002,27.452928948480004,20.76905906663686
PL,2021-01-02,8,0.2079223459303382,23.364083860992004,18.005033853867893
PL,2021-01-03,8,0.2073611553538764,19.015688212416002,15.2115163951119
PL,2021-01-04,8,0.20679996477741458,22.821601763520004,17.742147994289574
PL,2021-01-05,8,0.2062603301072904,24.405732703296003,18.930246675191817
PL,2021-01-06,8,0.2057730454954147,28.467129208895997,21.6718295148361
PL,2021-01-07,8,0.205285760883539,24.059240932607995,18.673672562130523
PL,2021-01-08,8,0.2047984762716633,30.084080455296,22.94462356515701
PL,2021-01-09,8,0.20432993293400697,30.162886451711998,23.036975140420637
PL,2021-01-10,8,0.20390690411945478,30.393218556288,23.265078626467538
PL,2021-01-11,8,0.20348387530490258,27.64295759232,21.268249336567894
PL,2021-01-12,9,0.2030608464903504,21.034618351488,16.86562493323331
PL,2021-01-13,9,0.20265410582230595,24.590358571968,19.375462671618354
PL,2021-01-14,9,0.20228692208149465,32.251990567104,24.804035297465784
PL,2021-01-15,9,0.20191973834068336,21.960666435455998,17.578090738357314
PL,2021-01-16,9,0.20155255459987206,26.838037243583997,20.98981879935243
PL,2021-01-17,9,0.20119952245509579,16.168643051904,13.432621186641454
PL,2021-01-18,9,0.2008808584721188,14.661734536511998,12.299918571474882
PL,2021-01-19,9,0.20056219448914184,34.673675859648,26.850052204258006
PL,2021-01-20,9,0.20024353050616486,33.344655269183995,25.85615283031305
PL,2021-01-21,9,0.19993715842164994,29.317414238784,23.03525040686945
PL,2021-01-22,9,0.19966063809054285,34.700037676415995,26.99823560299656
PL,2021-01-23,9,0.19938411775943576,36.762065815104,28.643154368409366
PL,2021-01-24,9,0.19910759742832868,36.434173253184,28.42061143192638
PL,2021-01-25,9,0.1988417511260136,36.049986258048,28.131637827246198
PL,2021-01-26,9,0.19860182746505056,36.92554633958401,28.890615131989506
PL,2021-01-27,9,0.19836190380408752,32.02541556479999,25.37045983851194
PL,2021-01-28,9,0.1981219801431245,30.7453615056,24.485134592235116
PL,2021-01-29,9,0.19789132366129167,31.826941203456,25.34854413124861
PL,2021-01-30,9,0.1976831731859179,26.452452979008,21.437210746212394
PL,2021-01-31,9,0.19747502271054415,39.412437539328,31.080567833254577
PL,2021-02-01,9,0.1972668722351704,27.587253117311995,22.474671139165707
PL,2021-02-02,10,0.19706676606570023,33.037814900159994,26.692459519603
PL,2021-02-03,10,0.19688619606771024,31.26359321568,25.032095263573837
PL,2021-02-04,10,0.19670562606972025,31.670260723583997,25.72912628083737
PL,2021-02-05,10,0.19652505607173026,35.244755404992,28.59715148649401
PL,2021-02-06,10,0.1963514677846482,16.745591128896,14.291856645064659
PL,2021-02-07,10,0.1961948350811997,25.558014234816,21.084241118480787
PL,2021-02-08,10,0.1960382023777512,26.030865738528,21.72527903175803
PL,2021-02-09,10,0.19588156967430267,35.973943750080004,29.227907236106827
PL,2021-02-10,10,0.1957309956290053,38.762645148864,31.262048892465415
PL,2021-02-11,10,0.19559513546778934,33.26541456672,27.281185253270603
PL,2021-02-12,10,0.19545927530657337,23.812296846911998,19.819471930598947
PL,2021-02-13,10,0.1953234151453574,41.45273037561599,33.57471524430758
PL,2021-02-14,10,0.19519281201062744,26.665210539071996,22.24820389604254
PL,2021-02-15,10,0.19507497594022066,42.759767260223995,34.70957171734916
PL,2021-02-16,10,0.1949571398698139,31.413380499647996,26.055819003879957
PL,2021-02-17,10,0.19483930379940712,41.440310202816,34.02058243333839
PL,2021-02-18,10,0.19472602872605982,52.282779502464,42.46800403228266
PL,2021-02-19,10,0.19462383035985692,40.634955148031985,33.564570123061394
PL,2021-02-20,10,0.19452163199365402,50.711192937216,41.431772652107895
PL,2021-02-21,10,0.19441943362745112,37.019660198976005,30.78304858307203
PL,2021-02-22,11,0.1931929478529101,37.142806212288,30.78063605247473
PL,2021-02-23,11,0.18923604980097652,41.238668697407995,34.391557221942165
PL,2021-02-24,11,0.18527915174904294,49.68842275756799,41.325387966772794
PL,2021-02-25,11,0.18132225369710936,48.089418660864,40.02174804498113
PL,2021-02-26,11,0.1787563065415651,55.35211470566401,46.21263263730162
PL,2021-02-27,11,0.17956838299153777,51.704123651712,43.40475020032689
PL,2021-02-28,11,0.18038045944151043,52.749281192831994,44.24865853052994
PL,2021-03-01,11,0.18119253589148313,66.99040657747199,56.11049295945461
PL,2021-03-02,11,0.18206126280175705,55.694290466304,46.90967787151311
PL,2021-03-03,11,0.1830675694013341,69.56709562655999,58.31806873878584
PL,2021-03-04,11,0.1840738760009111,70.66345533004801,59.25376671621248
PL,2021-03-05,11,0.1850801826004881,71.40726842860799,59.902322242789914
PL,2021-03-06,11,0.18615096064171116,63.210885893568005,53.38293096317854
PL,2021-03-07,11,0.1873783121840745,67.975419431808,57.207401975995154
PL,2021-03-08,11,0.18860566372643783,55.76269456799999,46.90256379735357
PL,2021-03-09,11,0.18983301526880117,54.044022106368,45.78285261174781
PL,2021-03-10,11,0.19113361810619509,72.505770611904,61.00850954945496
PL,2021-03-11,12,0.19261211694580613,75.07559751551999,63.016847209701375
PL,2021-03-12,12,0.1940906157854172,77.635985087808,65.14406517335168
PL,2021-03-13,12,0.19556911462502824,78.96531618259199,66.34860307564833
PL,2021-03-14,12,0.19707640829230694,79.269858819648,66.60355398534068
PL,2021-03-15,12,0.19882066465421394,68.138713653696,57.35399713405005
PL,2021-03-16,12,0.20058408866844957,80.553545779392,67.65252983422202
PL,2021-03-17,12,0.2023475126826852,81.803884575168,68.68303989174636
PL,2021-03-18,12,0.20419163962493422,79.592007051648,66.79146237848188
PL,2021-03-19,12,0.20627787535122355,68.214166203456,57.353884308004915
PL,2021-03-20,12,0.20836411107751288,63.65114996889599,53.17079677289894
PL,2021-03-21,12,0.21045034680380217,55.574622101375994,46.881913755068666
PL,2021-03-22,12,0.21262790514518237,67.99845885235197,57.06795274191301
PL,2021-03-23,12,0.2150794313318352,55.954058380416,46.995507495696906
PL,2021-03-24,12,0.21753095751848806,68.69467163865598,57.32165714407394
PL,2021-03-25,12,0.2199824837051409,78.12704766988799,65.46717683305556
PL,2021-03-26,12,0.22253723519917148,56.739106452672,47.502120606857986
PL,2021-03-27,12,0.22540166261533529,89.179883646336,74.48742668436748
PL,2021-03-28,12,0.22826609003149906,91.65283320211199,76.46937048051784
PL,2021-03-29,12,0.23113051744766283,54.867727966464,45.972802855496795
PL,2021-03-30,12,0.2341115065166795,72.81195892185598,60.428502418187286
PL,2021-03-31,12,0.2374421805442548,94.78697065689599,78.74281048272954
PL,2021-04-01,12,0.24077285457183012,92.06390987136001,76.22903505571679
PL,2021-04-02,12,0.2441035285994054,91.00710841824,75.2551847652698
PL,2021-04-03,12,0.24756570244127146,84.39926598432001,69.42055595544088
PL,2021-04-04,12,0.2514223757260099,88.25898993408,72.90783840805348
PL,2021-04-05,12,0.25527904901074827,56.96136544492799,46.09479791766508
PL,2021-04-06,12,0.25913572229548665,95.16926357567998,78.27324083795433
PL,2021-04-07,13,0.2631406230776711,96.979752164736,79.57263453273946
PL,2021-04-08,13,0.2675902063521939,51.904321312031996,41.880128365470014
PL,2021-04-09,13,0.27203978962671665,97.88595902265597,80.05216918622659
PL,2021-04-10,13,0.2764893729012394,47.950778481983996,37.66928410430011
PL,2021-04-11,14,0.28110591038215804,49.821442808255995,39.34473299552666
PL,2021-04-12,14,0.28622331048226435,73.661840296128,59.560088854256286
PL,2021-04-13,14,0.2913407105823706,89.11287681408001,72.06427018853309
PL,2021-04-14,14,0.29645811068247685,66.69576902822402,53.539088130328004
PL,2021-04-15,14,0.3017634245134587,89.421161028192,73.1369182217267
PL,2021-04-16,14,0.307632479537067,92.11939699334398,73.99659228994385
PL,2021-04-17,14,0.3135015345606753,99.36200340863999,79.29977498753718
PL,2021-04-18,14,0.31937058958428366,88.497395150976,70.45824482340447
PL,2021-04-19,14,0.32545101142350663,87.06999126672001,70.20812075710438
PL,2021-04-20,14,0.3321655337095737,97.98668662406398,77.41863495867771
PL,2021-04-21,14,0.3388800559956407,110.049158447424,87.10229520238362
PL,2021-04-22,14,0.3455945782817077,80.971484594112,63.08916226736564
PL,2021-04-23,14,0.3525467043268388,86.57655332659198,67.69378792223243
PL,2021-04-24,14,0.36021164164916203,84.370575385152,65.16686487596574
PL,2021-04-25,14,0.36787657897148524,81.34576650144,62.29899685471291
PL,2021-04-26,14,0.3755415162938085,94.355928559872,72.24903907301739
PL,2021-04-27,14,0.383473399576822,96.585349577472,74.11816625565008
PL,2021-04-28,14,0.3922061207419067,108.33147959961599,83.29684641460946
PL,2021-04-29,14,0.40093884190699136,104.22447000940802,79.40638909382534
PL,2021-04-30,14,0.409671563072076,107.97821883475201,82.30841495814107
PL,2021-05-01,14,0.41870402707822707,88.22290933209601,65.27455313965966
PL,2021-05-02,14,0.4286357196075777,71.34976302854399,51.075745555492546
PL,2021-05-03,14,0.4385674121369283,93.200635136448,69.27111462179154
PL,2021-05-04,14,0.4484991046662789,77.36770935532799,55.871588158637735
PL,2021-05-05,14,0.458767148534142,112.59057420576,83.4602727922753
PL,2021-05-06,14,0.4700442464175427,111.19715501932801,82.02084481230388
PL,2021-05-07,14,0.4813213443009434,69.441403477824,48.13471116095203
PL,2021-05-08,14,0.4925984421843441,45.32751378489599,31.566701461130137
PL,2021-05-09,14,0.5042525925414132,79.90508855750402,55.8277670388279
PL,2021-05-10,14,0.5170379003194874,69.97727183327999,46.68175407919507
PL,2021-05-11,14,0.5298232080975616,79.25573087308798,54.21093434384991
PL,2021-05-12,14,0.5426085158756359,90.84266533036799,61.74503321016367
PL,2021-05-13,14,0.5558155673568238,114.83505468288001,80.86752810845132
PL,2021-05-14,14,0.570287849947353,97.611100598592,67.29174615717083
PL,2021-05-15,14,0.5847601325378824,110.58005873376,76.22799959299113
PL,2021-05-16,14,0.5992324151284116,116.61517594943999,80.3683661896898
PL,2021-05-17,14,0.6141735367049064,115.64655772319998,78.9931197561107
PL,2021-05-18,14,0.6305211752392974,91.47298909996799,59.436367145555316
PL,2021-05-19,14,0.6468688137736885,64.373972975424,39.53293385641482
PL,2021-05-20,15,0.6632164523080797,48.839938652736,30.14015784645314
PL,2021-05-21,15,0.6800755022268279,67.61014214976001,42.41222649351407
PL,2021-05-22,15,0.6984687862986478,118.660436854848,77.92914358738514
PL,2021-05-23,15,0.7168620703704678,69.74492145062399,41.72468568373763
PL,2021-05-24,16,0.7352553544422877,72.55287411724798,43.16545395119917
PL,2021-05-25,16,0.7541728074263373,112.25293180819199,71.6565303923498
PL,2021-05-26,16,0.7746627671470756,75.90663127756798,44.655252635356675
PL,2021-05-27,16,0.7951527268678139,113.27899333363197,68.968165568862
PL,2021-05-28,16,0.8156426865885523,108.37622327212797,65.31669635693112
PL,2021-05-29,16,0.8365570165957534,123.4712665872,75.83840139489216
PL,2021-05-30,16,0.8587444574623434,123.82592462150397,75.1819111183674
PL,2021-05-31,16,0.8809318983289334,116.87398130016,69.23267868178911
PL,2021-06-01,16,0.9031193391955232,109.01312973331198,62.29433060639747
PL,2021-06-02,16,0.9253036773562217,114.31930700736001,65.22042786754865
PL,2021-06-03,16,0.9474787073992459,110.49535315526398,62.45754743119611
PL,2021-06-04,16,0.9696537374422701,105.68402661599998,57.0846625645534
PL,2021-06-05,16,0.9918287674852944,114.79664529849599,63.33645863637813
PL,2021-06-06,16,1.0129953558215234,91.65873278419198,45.64128181592227
PL,2021-06-07,16,1.0311366190373672,115.42777637932801,62.552197490066966
PL,2021-06-08,16,1.0492778822532112,101.699883585216,53.941561445108555
PL,2021-06-09,16,1.0674191454690551,102.06964765468801,53.30315864081546
PL,2021-06-10,16,1.0834964281014476,88.41203751340801,42.970066810282816
PL,2021-06-11,16,1.0933817689834864,103.439484038016,52.56807764029997
PL,2021-06-12,16,1.1032671098655251,100.37452694572802,53.5994913032892
PL,2021-06-13,16,1.1131524507475639,113.22356831251201,59.07010497683212
PL,2021-06-14,16,1.1210835359569764,117.42792100703998,60.83192208221096
PL,2021-06-15,16,1.1231518541485102,116.18149456569598,59.926225879859906
PL,2021-06-16,16,1.125220172340044,118.555796899008,61.58907560418333
PL,2021-06-17,16,1.1272884905315779,118.21638462681601,61.311090299015476
PL,2021-06-18,16,1.1282830057294844,117.76543920287999,60.92069811445331
PL,2021-06-19,16,1.1260561119465093,106.299880884288,53.28369337437818
PL,2021-06-20,16,1.1238292181635343,71.3764042992,32.57228164145586
PL,2021-06-21,16,1.1216023243805593,117.48381178464,60.91052317276555
PL,2021-06-22,16,1.1189271587700003,115.46429168736002,59.83101225510544
PL,2021-06-23,16,1.1149071776766895,115.85012435539197,60.217372705633046
PL,2021-06-24,16,1.1108871965833784,115.07650284211202,59.821050260238614
PL,2021-06-25,16,1.1068672154900676,104.04493641158399,53.5847168651861
PL,2021-06-26,16,1.1026615528325423,113.90540474880001,59.58963476263549
PL,2021-06-27,16,1.0978988454823735,113.056920643968,58.95451996413616
PL,2021-06-28,16,1.0931361381322047,115.130841098112,60.397638492570266
PL,2021-06-29,16,1.0883734307820356,116.479765015488,61.43660569269865
PL,2021-06-30,16,1.0835150270560339,115.341114623616,60.913897336374646
PL,2021-07-01,16,1.078369534202533,107.71096776652801,56.171576798174115
PL,2021-07-02,16,1.0732240413490324,114.78540504211199,61.27090595000151
PL,2021-07-03,16,1.0680785484955315,120.19057109337598,65.23715963494146
PL,2021-07-04,16,1.0628654937094082,106.987772154816,55.456175005579354
PL,2021-07-05,16,1.0574497531254174,104.945709443904,54.88048440956999
PL,2021-07-06,16,1.0520340125414267,120.05770629484803,65.73263576723771
PL,2021-07-07,16,1.0466182719574357,93.398488489152,47.161028209247014
PL,2021-07-08,16,1.041142921810212,120.51914676479998,66.405619358043
PL,2021-07-09,16,1.0354887429732886,112.95982594310398,60.41944401734821
PL,2021-07-10,16,1.0298345641363653,120.35138128070398,66.54356381406436
PL,2021-07-11,16,1.024180385299442,119.26933582636799,65.96557045637596
PL,2021-07-12,16,1.0184682451351834,118.50357007238398,65.47983404869541
PL,2021-07-13,16,1.0125822209889188,116.58530543385598,64.68546744700583
PL,2021-07-14,16,1.0066961968426542,118.389739188672,65.96178017318879
PL,2021-07-15,16,1.0008101726963894,114.86439734112,64.86405462934756
PL,2021-07-16,15,0.9948660130346224,116.962754485248,65.69048542807921
PL,2021-07-17,15,0.9887474468263481,117.78646034534398,66.10653944516899
PL,2021-07-18,15,0.9826288806180737,116.796603623616,65.64289099977042
PL,2021-07-19,15,0.9765103144097993,88.860064196736,46.80788165918833
PL,2021-07-20,15,0.9703330867552875,80.99294044262398,44.337228576495285
PL,2021-07-21,15,0.9639798747620631,95.09579825356799,51.99283600092017
PL,2021-07-22,15,0.9576266627688388,114.825335897664,64.96299331248488
PL,2021-07-23,15,0.9512734507756144,116.493365104704,66.24021842340386
PL,2021-07-24,15,0.9448612291045441,115.858725325056,66.0057163240424
PL,2021-07-25,15,0.9382719783999356,114.61652174246399,65.3584589399969
PL,2021-07-26,15,0.9316827276953272,111.94447681670401,63.91027632758255
PL,2021-07-27,15,0.9250934769907188,106.859409668928,60.40946066313522
PL,2021-07-28,15,0.9184452922165012,107.426235305088,61.74665975579206
PL,2021-07-29,14,0.9116203052334558,67.48826920416,36.72435490685752
PL,2021-07-30,14,0.9047953182504105,109.65506636447999,62.82033824417779
PL,2021-07-31,14,0.8979703312673653,108.71905109183999,62.412934812866105
PL,2021-08-01,14,0.891087080881399,90.33166837094399,51.92403054983698
PL,2021-08-02,14,0.8840290402866694,66.642269133887993,36.11580524641372
PL,2021-08-03,14,0.8769709996919397,104.797505731968,60.383459563878
PL,2021-08-04,14,0.86991295909721,104.89956850195199,60.76739332792991
PL,2021-08-05,14,0.8627980829557738,91.54505715263998,51.82138498952783
PL,2021-08-06,14,0.8555127001742174,95.654768130432,54.53630893422428
PL,2021-08-07,14,0.8482273173926611,99.284812034688,58.17093713532057
PL,2021-08-08,14,0.8409419346111048,82.075575855168,46.15937661900003
PL,2021-08-09,14,0.8336020741096846,100.35856702368,58.97869721200359
PL,2021-08-10,14,0.8260987804486729,99.22295957414399,57.574213810684945
PL,2021-08-11,14,0.8185954867876613,101.083718812608,59.56096741039857
PL,2021-08-12,14,0.8110921931266495,101.53773822931198,60.05194159859506
PL,2021-08-13,14,0.8035378962886315,101.69249358239999,60.263926512440456
PL,2021-08-14,14,0.795830589919594,101.160972287424,60.13511236625976
PL,2021-08-15,14,0.7881232835505565,99.7751294064,59.422706447565886
PL,2021-08-16,14,0.7804159771815191,89.63592134112001,52.93653910035326
PL,2021-08-17,14,0.7726624550002579,84.33260070681597,49.772226270496965
PL,2021-08-18,14,0.7647702853823249,73.219387165344,43.42182391321157
PL,2021-08-19,14,0.756878115764392,74.01121975699199,42.6552405211804
PL,2021-08-20,14,0.7489859461464591,83.28314268086397,50.62095832684185
PL,2021-08-21,14,0.7410538556355902,66.07792753228799,39.0077844363221
PL,2021-08-22,14,0.7330020024459136,96.08587232831998,58.34184773601556
PL,2021-08-23,14,0.724950149256237,96.172906689216,58.60715366355458
PL,2021-08-24,14,0.7168982960665604,96.273541139328,58.89171437951353
PL,2021-08-25,14,0.7088145007482443,86.898763659456,52.93413340190075
PL,2021-08-26,14,0.7006348790440095,72.90982988352,43.45422224928753
PL,2021-08-27,14,0.6924552573397746,70.88080835404801,42.017297662972844
PL,2021-08-28,14,0.6842756356355398,88.58213177990399,54.54323031265683
PL,2021-08-29,14,0.6760738684547425,91.005059089728,56.401717499989125
PL,2021-08-30,14,0.6678056648442573,90.152507378304,56.12554720144867
PL,2021-08-31,14,0.6595374612337721,90.04873683455999,56.25720732493442
PL,2021-09-01,14,0.6512692576232869,91.78619480755201,57.692484080290285
PL,2021-09-02,14,0.6429905847393917,89.24291602329599,56.186046452557164
PL,2021-09-03,14,0.6346805040352669,88.81398535564799,56.067991601777926
PL,2021-09-04,14,0.626370423331142,84.531416622912,53.776634667252466
PL,2021-09-05,12,0.6180603426270173,86.46241193856001,54.92706586052726
PL,2021-09-06,12,0.609753303291236,84.59162341056002,53.764618182072
PL,2021-09-07,12,0.6014553880604855,83.81070504576,53.53188420719046
PL,2021-09-08,12,0.5931574728297349,84.64766944031999,54.30446843018871
PL,2021-09-09,12,0.5848595575989843,81.03728045951999,51.95970001365151
PL,2021-09-10,12,0.5765798426702615,71.895660673536,45.85579989336427
PL,2021-09-11,12,0.5683547286476218,79.76390224320002,51.543742212067244
PL,2021-09-12,12,0.560129614624982,74.882836433664,48.273954965867766
PL,2021-09-13,12,0.5519045006023422,76.919030612928,50.10199552556531
PL,2021-09-14,12,0.5437140398066145,79.41023782271998,51.898466832276895
PL,2021-09-15,12,0.5356275386916225,77.62955764838401,50.898488518394984
PL,2021-09-16,12,0.5275410375766305,80.80539583334398,53.17854136924789
PL,2021-09-17,12,0.5194545364616385,74.99530109836799,49.503432570043934
PL,2021-09-18,12,0.5114199020307202,68.541220403712,46.10041722559339
PL,2021-09-19,12,0.5035408676520228,58.493207457215995,38.96655456052362
PL,2021-09-20,12,0.4956618332733254,39.044769374016,26.502151904936262
PL,2021-09-21,12,0.48778279889462806,75.15344094854402,50.30814262601395
PL,2021-09-22,12,0.47997290675719106,72.24128303212801,48.51957216193169
PL,2021-09-23,12,0.4723704413435351,68.21137166457599,45.85625195156557
PL,2021-09-24,12,0.4647679759298792,71.412671203776,48.37016138808039
PL,2021-09-25,12,0.45716551051622323,70.62610166035202,48.00336618029565
PL,2021-09-26,12,0.4496487070418839,70.500968419392,48.03724042926806
PL,2021-09-27,12,0.4423888893854945,69.57445457894399,47.59386933604366
PL,2021-09-28,12,0.43512907172910503,41.986984108608,29.37410876324345
PL,2021-09-29,12,0.4278692540727156,69.246996723072,47.6638627000504
PL,2021-09-30,12,0.42071000097767874,67.767164184384,46.77105579522055
PL,2021-10-01,12,0.41385244156669976,62.219197196352006,43.31051356020815
PL,2021-10-02,12,0.40699488215572077,66.58929709689599,46.294995478181846
PL,2021-10-03,12,0.4001373227447418,64.1253521664,44.73413238119815
PL,2021-10-04,12,0.3933928067552953,64.1820192048,44.929655403808056
PL,2021-10-05,11,0.3869874210304463,63.556353,44.54624168871704
PL,2021-10-06,11,0.3805820353055973,55.962938803968,39.57369018310735
PL,2021-10-07,11,0.3741766495807483,35.924076756288,26.32699501182888
PL,2021-10-08,11,0.36789371190143016,50.123377209024,36.06542702159157
PL,2021-10-09,11,0.36197811835870464,60.53371764652799,42.98078300190348
PL,2021-10-10,11,0.3560625248159791,41.794254077184,30.4763041333908
PL,2021-10-11,11,0.3501469312732536,46.439833410431994,33.7511834315995
PL,2021-10-12,11,0.3443597057351286,26.212541816159998,19.88323411700178
PL,2021-10-13,11,0.33895758421080524,53.62288509715201,38.622894326327845
PL,2021-10-14,11,0.3335554626864819,29.257921611072003,22.32549035454007
PL,2021-10-15,11,0.32815334116215855,48.537942151104005,35.619173493835774
PL,2021-10-16,11,0.3228818994845257,54.817550468351996,39.75815485143736
PL,2021-10-17,11,0.31800249734696445,53.817167650175996,39.081191163262964
PL,2021-10-18,11,0.3131230952094032,52.386394794048,38.219744418911695
PL,2021-10-19,11,0.3082436930718419,51.78032141184,37.827236010259995
PL,2021-10-20,11,0.30349383822320686,44.782951308479994,33.24638199165283
PL,2021-10-21,11,0.29913262524135037,49.517117524224005,36.39954906042585
PL,2021-10-22,10,0.2947714122594939,32.688187035839995,24.302644772095267
PL,2021-10-23,10,0.2904101992776374,31.104708155136,23.989718429050633
PL,2021-10-24,10,0.2861743635505086,44.85756549657599,33.40642614757921
PL,2021-10-25,10,0.28231465958756297,26.502040518911997,20.81333541158969
PL,2021-10-26,10,0.2784549556246173,26.162317742400003,20.401076042660325
PL,2021-10-27,10,0.27459525166167165,28.739720951423998,22.52892824930061
PL,2021-10-28,10,0.27085429285165596,18.188209724832,14.457363017130458
PL,2021-10-29,10,0.2674695695004303,39.143106092160004,29.71096334698766
PL,2021-10-30,10,0.2640848461492047,45.42072718175999,33.865942666303596
PL,2021-10-31,10,0.26070012279797905,45.057623429951995,33.64736350042115
PL,2021-11-01,10,0.25742570769347306,40.999549320575994,30.832334399596284
PL,2021-11-02,10,0.2544822173291259,31.944932845055998,24.549828068685695
PL,2021-11-03,10,0.25153872696477875,31.158301200768,24.220541051118452
PL,2021-11-04,10,0.24859523660043156,28.290762755135997,21.878875919442358
PL,2021-11-05,10,0.2457524712825594,33.701145278976,25.914281166243885
PL,2021-11-06,10,0.24321188110411218,20.989439972928,16.834839709530723
PL,2021-11-07,10,0.24059507322031157,25.045247400767998,19.778936601615808
PL,2021-11-08,10,0.23802484282311578,37.63781219923199,28.49934467431027
PL,2021-11-09,9,0.2355899445902118,20.838628024703997,16.893325735022348
PL,2021-11-10,9,0.23341172679648417,18.975974709888,15.478876369534104
PL,2021-11-11,9,0.23123350900275655,19.332744173567995,15.324717586881762
PL,2021-11-12,9,0.22905529120902893,18.714840576767998,15.413952396304262
PL,2021-11-13,9,0.2269708854454611,32.133408967296,24.765821304695244
PL,2021-11-14,9,0.22511430889799564,28.28585678688,22.224848182669955
PL,2021-11-15,9,0.22325773235053017,32.202868783679996,24.703677498683433
PL,2021-11-16,9,0.22140115580306471,23.048114664959996,18.434820570392535
PL,2021-11-17,9,0.21962689788242573,33.784236235007995,25.753906073680632
PL,2021-11-18,9,0.21805255662693673,27.681429077568,21.562622988720925
PL,2021-11-19,9,0.21647821537144774,21.491758336608004,17.334740695459505
PL,2021-11-20,9,0.21490387411595874,31.472065816127998,24.116077189682535
PL,2021-11-21,9,0.2134010570623185,27.269886651839997,21.35741145473193
PL,2021-11-22,9,0.21207194164173948,31.15302262732799,23.861380313835255
PL,2021-11-23,9,0.21074282622116047,26.006227220735997,20.319828850168626
PL,2021-11-24,9,0.20941371080058147,30.180057340608002,23.160284671439932
PL,2021-11-25,9,0.2081462183245193,16.607261454335998,13.83157196182433
PL,2021-11-26,9,0.20702838157085512,14.334711386687998,11.975129613115515
PL,2021-11-27,9,0.20591054481719095,21.262497471935998,17.173471365607405
PL,2021-11-28,9,0.20479270806352678,26.924761100159994,20.864740658361548
PL,2021-11-29,9,0.20372758379809427,18.503635538304,15.03248733707162
PL,2021-11-30,9,0.20279047557551014,20.217805687296,16.340359379579954
PL,2021-12-01,9,0.201853367352926,28.434619406592,21.834755509335118
PL,2021-12-02,9,0.20091625913034186,28.984833061631992,22.26795177197392
PL,2021-12-03,8,0.20002396808958728,26.151977948543998,20.23072072456416
PL,2021-12-04,8,0.19924051877613302,21.677952252096,17.263879946214576
PL,2021-12-05,8,0.19845706946267877,19.62884109312,15.821126258645794
PL,2021-12-06,8,0.19767362014922452,20.534551144128,16.49921602498847
PL,2021-12-07,8,0.19692808049073396,19.989491860799998,16.02327924097518
PL,2021-12-08,8,0.19627460713715528,21.841122272255994,17.285846396161094
PL,2021-12-09,8,0.1956211337835766,24.471031761792,19.078802427343675
PL,2021-12-10,8,0.1949676604299979,24.133544616384,18.84390448193826
PL,2021-12-11,8,0.1943461160826071,22.668585234623997,17.82916813399161
PL,2021-12-12,8,0.1938021136073868,21.367603184255994,17.02328895172024
PL,2021-12-13,8,0.1932581111321665,21.878755395839995,17.302283933909074
PL,2021-12-14,8,0.19271410865694621,21.259858185216004,16.85745504543531
PL,2021-12-15,8,0.19219690126567077,25.062511440959998,19.412996797788757
PL,2021-12-16,8,0.19174476764968992,24.676865075520002,19.13816505646236
PL,2021-12-17,8,0.19129263403370908,28.912547655936,22.294542504312325
PL,2021-12-18,8,0.19084050041772824,20.621802858047996,16.416766181389608
PL,2021-12-19,8,0.19041078583435186,19.840139282879996,15.801165053508612
PL,2021-12-20,8,0.19003551747301492,20.716258272192,16.46697678426357
PL,2021-12-21,8,0.18966024911167798,27.377259045695997,21.148652182135887
PL,2021-12-22,8,0.18928498075034103,18.375024648959997,14.893679994231576
PL,2021-12-23,8,0.18745427551172567,23.979099767616,18.695880514064406
PL,2021-12-24,8,0.1820889378568627,25.588692061631996,19.955637651646335
PL,2021-12-25,8,0.1767236002019997,23.023646924544,18.370940010765818
PL,2021-12-26,8,0.1713582625471367,26.404604263295997,20.847566667659123
PL,2021-12-27,8,0.16748782067702847,22.808327703840003,18.527665465372205
PL,2021-12-28,8,0.16724783999846743,22.288372694783998,18.140617476703344
PL,2021-12-29,8,0.1670078593199064,12.589180301376,10.951097862188966
PL,2021-12-30,8,0.16676787864134535,25.272474462143993,20.215377410490312
PL,2021-12-31,8,0.1665978923273646,19.849702815936,16.277509556037092
DL,2020-05-31,4,0.9551047510697435,13.35929311584,5.259255710309426
DL,2020-06-01,16,0.9599836869041944,85.07337086304,44.717935301853814
DL,2020-06-02,16,0.9794994302419981,115.759829699136,64.4219842618284
DL,2020-06-03,16,0.9990151735798019,103.73393528467199,54.06858818992939
DL,2020-06-04,16,1.0185309169176056,103.93601149612797,55.65661104961677
DL,2020-06-05,16,1.0384813450167818,102.68874669312001,54.395267298837595
DL,2020-06-06,16,1.0597358274000759,81.46922301907199,39.76522317285393
DL,2020-06-07,16,1.0809903097833702,74.872465589376,36.39067147868722
DL,2020-06-08,16,1.1022447921666643,84.00135469824,40.036174061206175
DL,2020-06-09,16,1.123941004457982,80.72699349254401,38.709850231390554
DL,2020-06-10,16,1.1469624064733712,109.00238628384,54.19973854146952
DL,2020-06-11,16,1.1699838084887604,110.68249410892801,55.305405426150806
DL,2020-06-12,16,1.1930052105041495,113.052573583488,55.664012460847694
DL,2020-06-13,16,1.2164272825599558,114.05332900684799,55.82502360289133
DL,2020-06-14,16,1.2410513647370136,87.59270976422401,40.06477339946699
DL,2020-06-15,16,1.2656754469140712,82.77520418899199,36.22403946841704
DL,2020-06-16,16,1.2902995290911288,75.62998745366401,33.92474821350397
DL,2020-06-17,16,1.3151654062087375,69.768643980672,28.565525568168532
DL,2020-06-18,16,1.340756668147998,77.640425299584,32.754988508918395
DL,2020-06-19,16,1.3663479300872587,102.75907592160002,44.36856736578373
DL,2020-06-20,16,1.3919391920265194,84.22212326976,34.40138936630975
DL,2020-06-21,16,1.4173683355854636,104.16761666841604,44.71192484209282
DL,2020-06-22,16,1.4423111240034587,106.96845878611201,46.35397515446194
DL,2020-06-23,16,1.4672539124214536,113.918383829376,49.51040524513799
DL,2020-06-24,16,1.4921967008394486,104.04661313491198,44.5080106345847
DL,2020-06-25,16,1.5162132384969311,112.48397807270399,47.295020164697426
DL,2020-06-26,16,1.5374510238728754,114.439875834816,47.99291684010741
DL,2020-06-27,16,1.5586888092488196,106.303886390016,44.68891530735569
DL,2020-06-28,16,1.579926594624764,85.542263436672,31.81580957634766
DL,2020-06-29,16,1.5993096998659668,64.16643188793599,21.52192901857889
DL,2020-06-30,16,1.6131287647029453,62.71206070348799,21.86727133711139
DL,2020-07-01,16,1.6269478295399238,112.279014171072,44.25326306277478
DL,2020-07-02,16,1.6407668943769023,123.25683230380804,50.68357493698365
DL,2020-07-03,16,1.6522956596576108,113.55260974041602,45.72100244066341
DL,2020-07-04,16,1.6569535262695092,109.64056581273599,43.345725398690824
DL,2020-07-05,16,1.6616113928814076,120.86042206291195,48.76586381958092
DL,2020-07-06,16,1.6662692594933057,118.88440362086402,46.975710874467474
DL,2020-07-07,16,1.6690186139173453,110.69202659155198,41.57105666975475
DL,2020-07-08,16,1.666042431777808,111.88107183455998,43.83702453528783
DL,2020-07-09,16,1.6630662496382707,121.66962737126399,49.076615160193306
DL,2020-07-10,16,1.6600900674987336,115.27929321350399,47.37483168566747
DL,2020-07-11,16,1.655910028513977,121.028560152192,49.112567547654926
DL,2020-07-12,16,1.6481184189935618,116.17832742163202,46.31054085205888
DL,2020-07-13,16,1.6403268094731465,118.09857928780801,47.217741229384345
DL,2020-07-14,16,1.632535199952731,121.05619503667201,49.321928920205224
DL,2020-07-15,16,1.6240764886868497,119.60312797036798,48.60317332221642
DL,2020-07-16,16,1.6136164721845694,118.28190103833599,48.135166041507674
DL,2020-07-17,15,1.603156455682289,108.88439464224004,44.8329330148125
DL,2020-07-18,15,1.5926964391800087,115.44109701465601,47.79817938108562
DL,2020-07-19,15,1.5818617371930308,116.82967233369602,47.87398721379938
DL,2020-07-20,15,1.56990297875196,115.709869554048,47.54883925405035
DL,2020-07-21,15,1.5579442203108895,114.888802980672,47.26378777627945
DL,2020-07-22,15,1.545985461869819,111.82393903967997,46.42049257837393
DL,2020-07-23,15,1.5337897860835488,86.151007156032,33.54253407817242
DL,2020-07-24,15,1.52088335826168,115.105441844736,48.257491587762885
DL,2020-07-25,15,1.5079769304398114,116.46486080812797,49.135487347409516
DL,2020-07-26,15,1.495070502617943,115.735889816064,48.92183855902033
DL,2020-07-27,14,1.481989640018398,113.81613475680001,48.25281586019668
DL,2020-07-28,14,1.4683854730858246,93.62155479263998,36.637986670581796
DL,2020-07-29,14,1.454781306153251,103.21474101119999,42.66780490991494
DL,2020-07-30,14,1.4411771392206776,111.77891591328002,47.76612464822255
DL,2020-07-31,14,1.427428825739534,104.87749164479999,43.954398357971975
DL,2020-08-01,14,1.41324807261268,101.464769714112,42.81594803348612
DL,2020-08-02,14,1.399067319485826,106.703629651584,45.96106050074858
DL,2020-08-03,14,1.3848865663589722,102.61133796614399,43.89952011045816
DL,2020-08-04,14,1.370579893729168,106.473980656512,46.33289561973019
DL,2020-08-05,14,1.3558954625905133,101.25173270015998,44.368975845781236
DL,2020-08-06,14,1.3412110314518586,94.92399621331201,41.86360670421912
DL,2020-08-07,14,1.326526600313204,104.1066646704,45.867495660221415
DL,2020-08-08,14,1.3117314088385514,103.36328627788798,45.73861306427821
DL,2020-08-09,14,1.2966039363559054,87.97351226227201,37.129278749278235
DL,2020-08-10,14,1.2814764638732594,102.95618406393601,46.18646600262353
DL,2020-08-11,14,1.2663489913906134,101.84231191679997,45.86987618525682
DL,2020-08-12,14,1.2511268864780565,84.16256854118399,37.86272236081564
DL,2020-08-13,14,1.2356208842757666,95.66355540268798,43.31486431730862
DL,2020-08-14,14,1.2201148820734766,101.580184169856,46.6812725384058
DL,2020-08-15,14,1.2046088798711865,100.56393458092798,46.41035646438403
DL,2020-08-16,14,1.189027199509791,94.20819060441603,43.16851828875784
DL,2020-08-17,14,1.1732184846710787,96.16672765324799,44.726671692234795
DL,2020-08-18,14,1.1574097698323662,93.97674068428803,44.02423521558457
DL,2020-08-19,14,1.141601054993654,84.44754940608001,39.36561983365783
DL,2020-08-20,14,1.1257392772783463,86.29939717056,40.020346496964905
DL,2020-08-21,14,1.1097183109332527,93.84412428921597,44.74092069611152
DL,2020-08-22,14,1.093697344588159,94.392878573952,45.340180007129064
DL,2020-08-23,14,1.0776763782430652,94.44082044095998,45.76568536692204
DL,2020-08-24,14,1.0616288791242936,80.87612871743998,38.641966147045004
DL,2020-08-25,14,1.0455017816844885,82.11342633177601,40.34748191134582
DL,2020-08-26,14,1.0293746842446834,90.97695844876802,45.14033694089777
DL,2020-08-27,14,1.0132475868048783,83.51119257868798,42.58927166648913
DL,2020-08-28,14,0.9971242165056475,88.08889566758398,43.65086150899942
DL,2020-08-29,14,0.9810120276281399,91.019714893632,45.96462965762251
DL,2020-08-30,14,0.9648998387506322,89.199693821952,45.20389993276424
DL,2020-08-31,14,0.9487876498731245,52.534505354687994,25.357626400336287
DL,2020-09-01,14,0.9327125834483867,88.003848534336,45.46936552712909
DL,2020-09-02,14,0.9167488843819586,85.302771454656,44.25058539770798
DL,2020-09-03,13,0.9007851853155304,87.35548446374396,45.756731615271114
DL,2020-09-04,13,0.8848214862491023,86.61250972684799,45.66041851696037
DL,2020-09-05,12,0.8689304443881456,77.64874681535998,40.41509678649358
DL,2020-09-06,12,0.8532573741436036,84.23454344256,45.007401138157825
DL,2020-09-07,12,0.8375843038990615,35.902776159935996,18.572447273744228
DL,2020-09-08,12,0.8219112336545193,85.49922753791999,46.275590233680916
DL,2020-09-09,12,0.8063471325745319,84.01206709728001,45.86202686207573
DL,2020-09-10,12,0.7911099389882079,83.02295558592,45.63746854271647
DL,2020-09-11,12,0.7758727454018839,82.44184675104,45.66661250471804
DL,2020-09-12,12,0.7606355518155599,81.41274228326401,45.38448629774376
DL,2020-09-13,12,0.7455427763768623,81.29639631456,45.600472351320626
DL,2020-09-14,12,0.7308832553810445,79.980044300352,45.13640995267467
DL,2020-09-15,12,0.7162237343852266,72.944575316928,41.42428855633605
DL,2020-09-16,12,0.7015642133894087,77.327654298048,44.15911584451548
DL,2020-09-17,12,0.6870819257701414,77.531655636288,44.73418493644422
DL,2020-09-18,12,0.6731313382805254,72.88461693273601,42.59246642798946
DL,2020-09-19,12,0.6591807507909094,43.246669084416006,25.765293682127453
DL,2020-09-20,12,0.6452301633012935,70.94700787507202,42.39084032101002
DL,2020-09-21,12,0.6314852815634768,68.64166855123199,40.56789384932662
DL,2020-09-22,12,0.6183575170810583,64.902358176768,38.902534633421624
DL,2020-09-23,12,0.6052297525986399,65.12126372236798,39.35780836912309
DL,2020-09-24,12,0.5921019881162214,47.54845803455999,29.494922040751913
DL,2020-09-25,12,0.579202616885381,40.161684463488,24.915899005060627
DL,2020-09-26,12,0.5669884254092745,48.899834936064,30.622635370396832
DL,2020-09-27,12,0.554774233933168,68.61648665087999,42.64080310528096
DL,2020-09-28,12,0.5425600424570616,67.40669971929601,42.015247089882756
DL,2020-09-29,12,0.5305901490911448,67.782968854272,42.54604859744648
DL,2020-09-30,12,0.5193531500557972,66.76734027398399,42.14129031580154
DL,2020-10-01,12,0.5081161510204496,61.465323757823995,39.11655452630758
DL,2020-10-02,12,0.496879151985102,65.304150766848,41.820958950511084
DL,2020-10-03,12,0.4858951305875485,64.69981620883199,41.714289833220306
DL,2020-10-04,11,0.4756700421033774,64.90797830496001,42.056163990290585
DL,2020-10-05,11,0.46544495361920624,63.270875328192,41.21536320355804
DL,2020-10-06,11,0.4552198651350351,61.63597693209599,40.45587488644149
DL,2020-10-07,11,0.44524934306942826,62.37298998604799,41.090697273369486
DL,2020-10-08,11,0.43604252025951423,62.35168938969599,41.24933722539579
DL,2020-10-09,11,0.4268356974496002,58.84227641376001,39.252399090952046
DL,2020-10-10,11,0.4176288746396862,50.657009933376,34.540539442328104
DL,2020-10-11,11,0.4086717623504974,30.737195241984,21.84965620045852
DL,2020-10-12,11,0.4004637816234845,38.145735165888,26.884045418768366
DL,2020-10-13,11,0.3922558008964716,25.722038141856,18.668844175634597
DL,2020-10-14,11,0.3840478201694587,44.507409774912006,31.204206146580724
DL,2020-10-15,11,0.3760792750567116,40.799305084607994,29.067923839107607
DL,2020-10-16,11,0.3688290367867619,28.931457369023995,21.055435473830343
DL,2020-10-17,11,0.36157879851681213,25.27714755216,18.64614511233581
DL,2020-10-18,11,0.3543285602468624,23.526229216896002,17.749714843899973
DL,2020-10-19,11,0.34730330517623853,36.686085408,26.73336853948611
DL,2020-10-20,11,0.3409529997035925,46.135508126400005,32.980768143524074
DL,2020-10-21,10,0.33460269423094646,33.658885641024,24.869036278611777
DL,2020-10-22,10,0.32825238875830043,50.059133865216005,35.51459678517748
DL,2020-10-23,10,0.3221097330919803,42.709713963839995,30.55336378665835
DL,2020-10-24,10,0.3165900268446379,22.516313916096,17.378922813993402
DL,2020-10-25,10,0.31107032059729545,51.2464092336,36.56999142504131
DL,2020-10-26,10,0.305550614349953,40.485416267519994,29.409041991327644
DL,2020-10-27,10,0.3002195634470173,46.89379072627199,33.70740832149352
DL,2020-10-28,10,0.29545447857730167,43.39558695628799,31.480832037870545
DL,2020-10-29,10,0.29068939370758606,44.792980598016,32.41596793009383
DL,2020-10-30,10,0.28592430883787046,40.72493929996801,29.894127966978512
DL,2020-10-31,10,0.2813282778313273,45.028311822144005,32.75899893961589
DL,2020-11-01,10,0.27711674233179057,43.637531922432,31.805873337043757
DL,2020-11-02,10,0.2729801694382327,43.615982922624,31.85939392316252
DL,2020-11-03,10,0.2688913000212068,43.215401299391985,31.64626104831194
DL,2020-11-04,10,0.26497706646189206,34.209906607296,25.67012144379018
DL,2020-11-05,10,0.26148694855701876,39.0591146736,28.843596542473797
DL,2020-11-06,10,0.25799683065214546,38.98493519155199,28.808506613378952
DL,2020-11-07,9,0.25450671274727216,33.16922032838401,24.864121985433304
DL,2020-11-08,9,0.2511696371578507,21.989419135487996,17.286661793013458
DL,2020-11-09,9,0.24820423576309777,34.787786197247996,26.199475190975804
DL,2020-11-10,9,0.2452388343683449,21.725055757439996,17.081297400633627
DL,2020-11-11,9,0.24227343297359202,20.805543789408,16.389101897401478
DL,2020-11-12,9,0.23944096727801845,38.032028483904,28.365010687802297
DL,2020-11-13,9,0.23693134542330885,26.776091631744,20.632292309371156
DL,2020-11-14,9,0.23442172356859925,27.479197613951996,21.204302917338715
DL,2020-11-15,9,0.23191210171388965,30.42693932544,23.20571134765965
DL,2020-11-16,9,0.22951708016563688,24.751727667071997,19.363545310273302
DL,2020-11-17,9,0.22740037364735066,32.274781584192,24.360900051719664
DL,2020-11-18,9,0.22528366712906445,28.961265783744,22.123087167580533
DL,2020-11-19,9,0.22316696061077823,28.347274541376002,21.718699748628172
DL,2020-11-20,9,0.22114841454387854,33.115844635776,24.998455574083458
DL,2020-11-21,9,0.21936825814463187,29.132850470976,22.24338806681392
DL,2020-11-22,9,0.2175881017453852,33.042720868416,24.988462442860296
DL,2020-11-23,9,0.21580794534613854,26.720977114944,20.579019774391462
DL,2020-11-24,9,0.21411141122086091,29.973696169536,22.790713309523433
DL,2020-11-25,9,0.21261795976093673,26.8399934208,20.663825103554693
DL,2020-11-26,9,0.21112450830101254,26.425252800575997,20.39813529136812
DL,2020-11-27,9,0.20963105684108835,30.592810733184,23.24409380710642
DL,2020-11-28,9,0.20820851600848575,27.096935745599996,20.80146053608228
DL,2020-11-29,9,0.20695818669937846,30.263738254848,23.04455783563409
DL,2020-11-30,9,0.20570785739027117,27.377911104768,20.971937271218284
DL,2020-12-01,8,0.20445752808116388,26.515640608128,20.373865514893506
DL,2020-12-02,8,0.20326709799050693,26.022652899264,20.033416316545345
DL,2020-12-03,8,0.20222213743037223,26.274627154944,20.177300501941794
DL,2020-12-04,8,0.20117717687023753,23.579139153024,18.38171469774251
DL,2020-12-05,8,0.20013221631010283,25.863892040447997,19.88486018379282
DL,2020-12-06,8,0.1991376895085546,25.879603559039996,19.893461256369292
DL,2020-12-07,8,0.19826564469214492,25.807783909824,19.849710062176502
DL,2020-12-08,8,0.19739359987573524,22.252788899711998,17.477703344324272
DL,2020-12-09,8,0.19652155505932556,15.680996017343999,12.82343308979118
DL,2020-12-10,8,0.1956918590212852,25.066547997119997,19.325106656880234
DL,2020-12-11,8,0.19496501001642744,13.856410532159998,11.585269897551655
DL,2020-12-12,8,0.19423816101156968,23.087797117056,18.07795047504549
DL,2020-12-13,8,0.19351131200671193,21.597500582783994,17.004197525232083
DL,2020-12-14,8,0.19281994216744067,16.336066981247995,13.457512798920298
DL,2020-12-15,8,0.19221473601602232,20.518187566463997,16.314388655727424
DL,2020-12-16,8,0.19160952986460397,23.58932369472,18.36209970664764
DL,2020-12-17,8,0.19100432371318563,18.999107281727998,15.236850095109686
DL,2020-12-18,8,0.19042878513062383,23.269690547712,18.16675338829886
DL,2020-12-19,8,0.1899252963581422,17.900294594112,14.58537080816265
DL,2020-12-20,8,0.18942180758566057,18.043188682175998,14.720244697567045
DL,2020-12-21,8,0.18891831881317894,16.391740405824002,13.484299928084175
DL,2020-12-22,8,0.18843959876215222,13.88901348576,11.525038969085308
DL,2020-12-23,8,0.18802103132037318,23.765286492863993,18.524530123868697
DL,2020-12-24,8,0.18760246387859414,24.407719930944,18.97446100869232
DL,2020-12-25,8,0.1871838964368151,22.876871532480003,17.983363661073486
DL,2020-12-26,8,0.18678598056770349,16.643373106751998,13.73384271805587
DL,2020-12-27,8,0.186438218517927,24.480657395712004,19.085584734630935
DL,2020-12-28,8,0.1860904564681505,24.921418277952,19.408808187674474
DL,2020-12-29,8,0.18574269441837402,25.33823927712,19.72531269992269
DL,2020-12-30,8,0.18540821752936723,13.201510345632,11.153198520373179
DL,2020-12-31,8,0.18510600460222973,20.34362203776,16.43132881345074
DL,2021-01-01,8,0.1848151918338035,23.937243785279996,18.84740281090956
DL,2021-01-02,8,0.1845520651651046,18.9780240384,15.434637586060902
DL,2021-01-03,8,0.18428893849640574,18.204185172096,15.047542871111947
DL,2021-01-04,8,0.18402581182770686,20.334679513344,16.471929960622774
DL,2021-01-05,8,0.18377573683192716,22.324080691583998,17.91946274681869
DL,2021-01-06,8,0.18355735875609402,24.704468909568,19.54603173889477
DL,2021-01-07,8,0.1833389806802609,20.431432659455997,16.619816609836843
DL,2021-01-08,8,0.18312060260442775,26.166633752448,20.60186244631142
DL,2021-01-09,8,0.18291307308897287,24.020055287424,19.167595110880683
DL,2021-01-10,8,0.18273189007729373,26.847693927936003,21.161443737790037
DL,2021-01-11,8,0.1825507070656146,24.826341855168,19.761682386182347
DL,2021-01-12,8,0.18236952405393547,18.371950656192002,15.26948034411681
DL,2021-01-13,9,0.18219735320779631,20.996395269696002,17.28161258042416
DL,2021-01-14,9,0.18204706904939708,28.381616319167996,22.423816188285436
DL,2021-01-15,9,0.18189678489099784,21.138792550848002,17.358399599132376
DL,2021-01-16,9,0.1817465007325986,23.322942038592,18.927802921678875
DL,2021-01-17,9,0.18160369964131995,13.82536010016,11.85187162082898
DL,2021-01-18,9,0.18147907171304845,12.899870923967999,11.082258193128864
DL,2021-01-19,9,0.18135444378477694,30.417189489792,24.146789196864656
DL,2021-01-20,9,0.18122981585650544,29.315054405951994,23.421041992725417
DL,2021-01-21,9,0.18111139888810884,26.323593686208,21.363398841672424
DL,2021-01-22,9,0.18100806567940847,31.122531103104,24.84526655180375
DL,2021-01-23,9,0.1809047324707081,32.33405685888,25.800344021238196
DL,2021-01-24,9,0.18080139926200772,31.770181013760002,25.43208056276744
DL,2021-01-25,9,0.18070321947440482,31.361464177343997,25.183435026433266
DL,2021-01-26,9,0.18061755513803868,32.48980582579199,26.10110524186308
DL,2021-01-27,9,0.18053189080167253,28.041427786175998,22.942907332105637
DL,2021-01-28,9,0.1804462264653064,27.154472196095995,22.3284315489227
DL,2021-01-29,9,0.1803648369174141,27.503292749184002,22.640133824972043
DL,2021-01-30,9,0.1802938289986725,24.833235051071995,20.625708086178737
DL,2021-01-31,9,0.1802228210799309,34.39356991257599,27.82992622184401
DL,2021-02-01,9,0.1801518131611893,24.643113255936,20.555285824870523
DL,2021-02-02,10,0.18008435040262638,31.425893823743994,25.953610826998656
DL,2021-02-03,10,0.18002549731878303,32.930132001984,26.837883446422794
DL,2021-02-04,10,0.1799666442349397,31.06508780390399,25.65096616239314
DL,2021-02-05,10,0.17990779115109634,32.425220927232004,26.75878261031232
DL,2021-02-06,10,0.17985187758470825,15.047784557567999,13.021116331016131
DL,2021-02-07,10,0.17980310284642578,20.670179431103996,17.63830645862693
DL,2021-02-08,10,0.17975432810814332,23.432286134879995,19.992493153938465
DL,2021-02-09,10,0.17970555336986085,29.949197378688,25.091321356652635
DL,2021-02-10,10,0.17965921559515557,33.47876208499199,27.72602547509563
DL,2021-02-11,10,0.17961879616056636,30.36840926112,25.474702448557313
DL,2021-02-12,10,0.17957837672597715,26.949880899648,22.653946605915245
DL,2021-02-13,10,0.17953795729138794,39.982647672576,32.975176152511715
DL,2021-02-14,10,0.1794995579264608,25.235244994176,21.479417909285814
DL,2021-02-15,10,0.1794660644449987,39.6762420096,32.85170414491432
DL,2021-02-16,10,0.17943257096353663,29.914296693120004,25.25897787988301
DL,2021-02-17,10,0.17939907748207454,35.669432163456,29.97012720816371
DL,2021-02-18,10,0.17936725831690348,48.99696068736,40.44144172160394
DL,2021-02-19,10,0.17933950534843912,36.497360882303994,30.781971154474956
DL,2021-02-20,10,0.17931175237997476,44.958820955328,37.39273253757577
DL,2021-02-21,10,0.1792839994115104,37.247508268992,31.388956248931606
DL,2021-02-22,10,0.17770088340587148,37.033726044672,31.18561128903637
DL,2021-02-23,11,0.1723404571670944,35.67787788096,30.32913885685672
DL,2021-02-24,11,0.16698003092831729,48.056163648192005,40.79165441310415
DL,2021-02-25,11,0.16161960468954018,44.379264642048,37.76559867377207
DL,2021-02-26,11,0.15800327115388185,49.713263103167996,42.59694364772755
DL,2021-02-27,11,0.15862259132579756,47.738486678399994,40.98140798110575
DL,2021-02-28,11,0.15924191149771327,48.595913307648004,41.715706631631264
DL,2021-03-01,11,0.159861231669629,61.728817723776,52.714917800292255
DL,2021-03-02,11,0.16054099418744291,48.340150899264,41.6718942271478
DL,2021-03-03,11,0.16136754525958097,64.0811053008,54.78155298197461
DL,2021-03-04,11,0.16219409633171902,65.354731920576,55.88021674904995
DL,2021-03-05,11,0.16302064740385708,65.972387113919993,56.42775670906732
DL,2021-03-06,11,0.16391857746242922,60.58290153081598,51.972309038178054
DL,2021-03-07,11,0.16498985648805553,61.340935727232,52.77193798774139
DL,2021-03-08,11,0.16606113551368187,51.83798206406399,44.51246248001818
DL,2021-03-09,11,0.16713241453930822,48.132330357888016,41.53192504120098
DL,2021-03-10,11,0.1682876175039675,70.46156542118402,60.374748471584816
DL,2021-03-11,12,0.1696466357491355,70.958838089664,60.742942400651316
DL,2021-03-12,12,0.1710056539943035,71.764286295744,61.37256266846765
DL,2021-03-13,12,0.1723646722394715,73.251912492864,62.735858750896575
DL,2021-03-14,12,0.17376969385504845,73.573967573568,63.00937467839828
DL,2021-03-15,12,0.1754470653535644,64.95983252639998,55.63097531155654
DL,2021-03-16,12,0.17714286950591024,74.88668668723199,64.09442750699608
DL,2021-03-17,12,0.17883867365825604,75.76808424998401,64.82730371481304
DL,2021-03-18,12,0.180632554872088,75.23631455155201,64.3427968794323
DL,2021-03-19,12,0.18272066727037856,63.06954432710399,54.0141886205764
DL,2021-03-20,12,0.1848087796686691,62.97148706284799,53.512353354878236
DL,2021-03-21,12,0.18689689206695964,51.4319355648,44.246835421556874
DL,2021-03-22,12,0.18909865116051258,62.643532400064004,53.56428123296888
DL,2021-03-23,12,0.1916413503398527,49.975856606592,42.65843909481537
DL,2021-03-24,12,0.1941840495191928,62.236492286976,52.76131841918872
DL,2021-03-25,12,0.1967267486985329,66.984848550144,56.842332812241146
DL,2021-03-26,12,0.19940035520589683,59.082016799231994,50.42370776290566
DL,2021-03-27,12,0.20246668369733228,82.757257039296,70.30006283873028
DL,2021-03-28,12,0.2055330121887677,85.16736052070402,72.23249789205317
DL,2021-03-29,12,0.20859934068020314,53.64828435052801,45.454405335166975
DL,2021-03-30,12,0.21181542273646467,66.12236070048,55.641138522781915
DL,2021-03-31,12,0.21548076548720438,88.01974635552001,74.19033041409126
DL,2021-04-01,12,0.2191461082379441,90.12589715807998,75.8049577805812
DL,2021-04-02,12,0.2228114509886838,89.07266650463998,74.75267073003266
DL,2021-04-03,12,0.2266467142911892,81.63562228416,68.12124677704676
DL,2021-04-04,12,0.23099173924899177,85.69965807647999,71.60322982467028
DL,2021-04-05,12,0.23533676420679434,62.58195939340799,51.72375560188762
DL,2021-04-06,12,0.23968178916459687,93.12102182879998,77.59033945551458
DL,2021-04-07,13,0.2442177320777768,94.75430560243203,78.75354320358512
DL,2021-04-08,13,0.24932642885708886,49.078514647008,39.97444365079396
DL,2021-04-09,13,0.2544351256364009,95.71631008665602,79.15402417866395
DL,2021-04-10,14,0.25954382241571294,46.09259642937601,36.65275519246967
DL,2021-04-11,14,0.26486447092080545,40.337569635552015,32.4809337643843
DL,2021-04-12,14,0.2708209746032391,76.802094686016,62.335146869721044
DL,2021-04-13,14,0.2767774782856728,87.908616859392,71.63765756832726
DL,2021-04-14,14,0.2827339819681065,62.43085246608,50.95427742680641
DL,2021-04-15,14,0.2889223259966681,92.45762934912001,76.33562538937065
DL,2021-04-16,14,0.29580619106361344,93.36917688134399,75.52535970581144
DL,2021-04-17,14,0.30269005613055877,96.67530267897598,77.37928576705
DL,2021-04-18,14,0.3095739211975041,81.090656152128,64.4559721064353
DL,2021-04-19,14,0.3167067267152045,87.51533208767998,70.47975982409415
DL,2021-04-20,14,0.32458635358517013,100.302645195648,79.66634867216605
DL,2021-04-21,14,0.33246598045513576,107.68780414425599,85.44252695719759
DL,2021-04-22,14,0.3403456073251014,73.629858351168,57.06025767676211
DL,2021-04-23,14,0.34848634239059195,81.113416118784,63.80376257594064
DL,2021-04-24,14,0.35741040204265745,82.961227327104,64.10236522032412
DL,2021-04-25,14,0.36633446169472295,79.402599416448,60.806488672437176
DL,2021-04-26,14,0.3752585213467885,93.429601022016,71.78315706108425
DL,2021-04-27,14,0.3844483169699652,96.522006696192,73.95095908217392
DL,2021-04-28,14,0.3944353205064754,105.491762341056,80.56648171148566
DL,2021-04-29,14,0.4044223240429856,100.189590572736,75.65652985760931
DL,2021-04-30,14,0.41440932757949583,107.053847474112,81.12437202371976
DL,2021-05-01,14,0.4246562451323288,84.92246576352002,62.25317502441875
DL,2021-05-02,14,0.43568290473412985,66.196291779072,47.23823076468683
DL,2021-05-03,14,0.4467095643359309,92.936954867904,68.5169850604983
DL,2021-05-04,14,0.45773622393773195,77.863522653504,55.470971254610845
DL,2021-05-05,14,0.46900364727892196,110.80222457472,81.16158468365093
DL,2021-05-06,14,0.4809933618382787,110.83439282227198,80.80959668177023
DL,2021-05-07,14,0.4929830763976354,63.723652727616,43.79371017800668
DL,2021-05-08,14,0.5049727909569921,53.953975853568004,37.043084857767646
DL,2021-05-09,14,0.5171684667557184,83.088223593984,57.97672782005571
DL,2021-05-10,14,0.5299820262725538,78.453480861504,52.64865366322344
DL,2021-05-11,14,0.5427955857893891,61.505658268992,40.612891484831984
DL,2021-05-12,14,0.5556091453062244,89.51026024281599,60.49927486427063
DL,2021-05-13,14,0.5685771105303677,114.0389216064,79.38395992832069
DL,2021-05-14,14,0.5820082928764351,99.434071461312,67.96217544796308
DL,2021-05-15,14,0.5954394752225025,109.70676533376,74.5487729567685
DL,2021-05-16,14,0.60887065756857,115.89775571807999,79.05744245303053
DL,2021-05-17,14,0.6223887335073126,115.08997872959998,77.88447500268772
DL,2021-05-18,14,0.6361674902240814,90.939573728639985,58.77513150006878
DL,2021-05-19,15,0.6499462469408501,62.740471848768,38.54498206493298
DL,2021-05-20,15,0.6637250036576188,43.232944793472,26.437766992004722
DL,2021-05-21,15,0.6775103301917978,61.020479743776,37.87760361957115
DL,2021-05-22,15,0.6913153661782079,117.99592655961598,77.4016416927233
DL,2021-05-23,15,0.7051204021646178,67.18102517951999,40.225773364508704
DL,2021-05-24,16,0.7189254381510278,74.73885558048,45.198986017316216
DL,2021-05-25,16,0.7326493777582399,110.225711203776,70.90353027363155
DL,2021-05-26,16,0.7461300282278578,73.757755080576,44.65421627920417
DL,2021-05-27,16,0.7596106786974757,111.67480381478398,68.81284491665623
DL,2021-05-28,16,0.7730913291670936,108.82148646700801,66.70135924130574
DL,2021-05-29,16,0.7864030164364457,122.27523499699201,76.61424100033943
DL,2021-05-30,16,0.7992078141050003,122.63293597363197,76.31075709375185
DL,2021-05-31,16,0.8120126117735549,115.091872805952,70.2297412661455
DL,2021-06-01,16,0.8248174094421095,106.54912270195202,63.42512059531089
DL,2021-06-02,16,0.8373727825674486,113.248408658112,67.70971916070023
DL,2021-06-03,16,0.8491798820631411,110.30436194803201,66.18110961753462
DL,2021-06-04,16,0.8609869815588336,107.29178693452798,62.22468476807414
DL,2021-06-05,16,0.872794081054526,114.25636778169599,67.07301472802543
DL,2021-06-06,16,0.8842853297370845,92.79188724960002,50.55414132501154
DL,2021-06-07,16,0.8948290259802412,113.416764100416,65.76384738630806
DL,2021-06-08,16,0.9053727222233978,100.06591670207999,57.40034783994837
DL,2021-06-09,16,0.9159164184665544,100.62302355302401,57.09399833710971
DL,2021-06-10,16,0.9260963109376982,89.24589686476801,47.93340665228932
DL,2021-06-11,16,0.9351847920928036,104.86379840428799,58.29715112956787
DL,2021-06-12,16,0.9442732732479091,100.185678218304,57.93519925370903
DL,2021-06-13,16,0.9533617544030145,114.018676724736,64.62278726058608
DL,2021-06-14,16,0.9620585888639566,116.47492114809602,65.5523467493782
DL,2021-06-15,16,0.9695804832424083,115.34546168409601,64.49003081605706
DL,2021-06-16,16,0.97710237762086,117.86694306508798,66.11407281391497
DL,2021-06-17,16,0.9846242719993118,117.53641121644797,65.65128523926822
DL,2021-06-18,16,0.99174574013528,117.058700320128,65.02876250216143
DL,2021-06-19,16,0.9976659295437982,103.99066025644798,55.76385180776619
DL,2021-06-20,16,1.003586118952316,73.619984313792,37.5306074772271
DL,2021-06-21,16,1.0095063083608342,115.97367402431998,63.648759614521055
DL,2021-06-22,16,1.0150333143950312,115.14596265849599,63.030532811221256
DL,2021-06-23,16,1.019380770306264,114.42074876870399,62.38479359111954
DL,2021-06-24,16,1.023728226217497,115.394179811904,63.00214819095575
DL,2021-06-25,16,1.0280756821287298,102.15154316908801,54.822576523052874
DL,2021-06-26,16,1.0320491270133223,113.70733404307201,61.602769796216215
DL,2021-06-27,16,1.0349005388179944,112.248025839936,60.388920464486525
DL,2021-06-28,16,1.0377519506226665,114.41298616070398,61.79060443668506
DL,2021-06-29,16,1.0406033624273388,115.783614330048,62.60491408504618
DL,2021-06-30,16,1.0431076048354346,115.40532691699197,62.151239154578384
DL,2021-07-01,16,1.0445703390538017,109.407842824896,57.79495632108659
DL,2021-07-02,16,1.0460330732721685,112.72679245094399,60.44671828239335
DL,2021-07-03,16,1.0474958074905356,120.946307557824,66.06414942380745
DL,2021-07-04,16,1.048642091335966,112.28556581222402,58.88243552830921
DL,2021-07-05,16,1.0488390240625858,103.806065438208,53.85864633724155
DL,2021-07-06,16,1.0490359567892058,121.01353174310398,66.11648220597124
DL,2021-07-07,16,1.0492328895158258,93.05090995334399,46.3902285785425
DL,2021-07-08,16,1.0491449803761352,121.482859022784,66.43881470952488
DL,2021-07-09,16,1.0482025456375137,109.29559551321599,56.86330663760205
DL,2021-07-10,16,1.0472601108988921,121.29019109222402,66.22438834849125
DL,2021-07-11,16,1.0463176761602706,120.41019079891198,65.64612284618616
DL,2021-07-12,16,1.045120797572205,120.24627556838401,65.6366432598187
DL,2021-07-13,16,1.0431605874358074,114.75034910438397,62.63022777314355
DL,2021-07-14,16,1.0412003772994096,119.32373618323196,65.06723430667587
DL,2021-07-15,16,1.0392401671630118,116.83594452096,64.25121860525344
DL,2021-07-16,16,1.0370534095138253,118.331519628672,64.69532544479767
DL,2021-07-17,16,1.0341870093262724,118.72039523903999,64.84193920315765
DL,2021-07-18,15,1.0313206091387193,117.64334890425597,64.20120751092564
DL,2021-07-19,15,1.0284542089511661,88.988706136512,45.321427157066
DL,2021-07-20,15,1.0253860165083726,85.31357700499201,45.98655526415578
DL,2021-07-21,15,1.0217124472998564,97.91828252236802,52.62377626178012
DL,2021-07-22,15,1.0180388780913403,115.53362730201601,63.204038623802035
DL,2021-07-23,15,1.014365308882824,117.49284746035197,64.3804939200619
DL,2021-07-24,15,1.0105114006843778,116.776917649728,64.00180945920607
DL,2021-07-25,15,1.0061164755161423,115.50580611494401,63.280588418061384
DL,2021-07-26,15,1.0017215503479064,113.581641894336,62.065532351511315
DL,2021-07-27,15,0.9973266251796709,108.964877361984,59.16937356057914
DL,2021-07-28,14,0.9927696752305205,108.23839040448001,59.48861190496744
DL,2021-07-29,14,0.9877266509386257,66.35160603993602,34.74600573791513
DL,2021-07-30,14,0.9826836266467308,111.01367801664001,60.75243845685309
DL,2021-07-31,14,0.9776406023548361,109.41737530751999,60.06623787776045
DL,2021-08-01,14,0.9724510935695907,94.66543926604798,52.40481480950389
DL,2021-08-02,14,0.9668221313042937,63.29826180921599,32.06757462197721
DL,2021-08-03,14,0.9611931690389968,103.86335348524798,56.61059834199659
DL,2021-08-04,14,0.9555642067736998,104.17764595795201,57.24067079480813
DL,2021-08-05,14,0.949802006492287,96.02982629855998,52.33802311232671
DL,2021-08-06,14,0.9436400921625268,101.60285098521604,55.58510058381217
DL,2021-08-07,14,0.9374781778327664,97.890306083136025,54.32983834327815
DL,2021-08-08,14,0.9313162635030061,81.514494548928,43.47586641873108
DL,2021-08-09,14,0.9250326010847758,97.096377587328,53.858190659802375
DL,2021-08-10,14,0.9183836944011355,98.39779434374398,53.67552663619062
DL,2021-08-11,14,0.9117347877174953,100.96392624595198,56.021373669785476
DL,2021-08-12,14,0.9050858810338551,101.22707865715199,56.330589414516794
DL,2021-08-13,14,0.8983255182635079,101.32035415487998,56.43720127365272
DL,2021-08-14,14,0.8912307872330398,100.91530126943998,56.37565495451866
DL,2021-08-15,14,0.8841360562025717,99.56740201632,55.68135281091538
DL,2021-08-16,14,0.8770413251721036,93.26494058111999,52.164633759282246
DL,2021-08-17,14,0.8698447908951543,84.573893613888,47.01691413881496
DL,2021-08-18,14,0.862342846878761,69.304082942304,37.85292864527206
DL,2021-08-19,14,0.8548409028623676,68.527713465792,36.503574500704865
DL,2021-08-20,14,0.8473389588459743,78.65696986761601,44.621116096289654
DL,2021-08-21,14,0.8397447708276076,68.33942364614398,37.629993496178834
DL,2021-08-22,14,0.8318738508033199,95.62374874886399,54.28943724812593
DL,2021-08-23,14,0.8240029307790323,95.82185050502399,54.605392045948484
DL,2021-08-24,14,0.8161320107547447,95.95856555711998,54.868196095869166
DL,2021-08-25,14,0.8081788336299234,87.79882253183999,49.89036433855456
DL,2021-08-26,14,0.7999788852035012,78.080316769728,44.24404587789397
DL,2021-08-27,14,0.7917789367770791,70.35068432851202,38.92960914116361
DL,2021-08-28,14,0.7835789883506571,85.29826914201601,49.039208670372176
DL,2021-08-29,14,0.7753076807836452,90.27782692185598,52.16167779360749
DL,2021-08-30,14,0.7668222957948644,89.805798254592,52.16001121435105
DL,2021-08-31,14,0.7583369108060836,89.68752715910401,52.2155140733702
DL,2021-09-01,14,0.7498515258173026,91.53493471180799,53.694139459520116
DL,2021-09-02,14,0.741307016707047,89.04410010719998,52.30762105276233
DL,2021-09-03,14,0.7325851352323677,88.521303983616,52.13282603508881
DL,2021-09-04,13,0.7238632537576883,83.400746192064,49.51144510476964
DL,2021-09-05,13,0.7151413722830089,86.10486621407999,50.99292120520608
DL,2021-09-06,12,0.7063742795663711,82.61169261408003,48.77936035948118
DL,2021-09-07,12,0.6974715531238578,83.00525683968,49.4317742075752
DL,2021-09-08,12,0.6885688266813444,84.360918700799985,50.46342492508796
DL,2021-09-09,12,0.6796661002388311,80.77894086528,48.27888915675861
DL,2021-09-10,12,0.6707339725738316,72.386381700864,42.94607057955625
DL,2021-09-11,12,0.6617136412413738,75.815032503168,45.83530904895088
DL,2021-09-12,12,0.652693309908916,74.58580800115199,44.820972746638176
DL,2021-09-13,12,0.6436729785764583,76.307896010304,46.37659907048892
DL,2021-09-14,12,0.6346410086274018,79.00263880185601,48.1530502367207
DL,2021-09-15,12,0.6255741228285492,76.151836539072,46.541250388188104
DL,2021-09-16,12,0.6165072370296966,80.34814717171199,49.338434685091094
DL,2021-09-17,12,0.60744035123084394,72.90178782163201,44.803568893114615
DL,2021-09-18,12,0.5983813914517745,69.268048915968,43.445987754829616
DL,2021-09-19,12,0.5893462097320543,54.234050750208,33.890712377899874
DL,2021-09-20,12,0.5803110280123343,39.084048170496,24.779283300740982
DL,2021-09-21,12,0.5712758462926141,74.63017906848002,46.70230730526768
DL,2021-09-22,12,0.5622695685786598,72.02939488416001,45.23109649761819
DL,2021-09-23,12,0.5533500028820035,66.91448827123199,42.15008352097351
DL,2021-09-24,12,0.5444304371853472,71.00808407481598,45.02980043432096
DL,2021-09-25,12,0.5355108714886909,70.11355217932802,44.66494788015438
DL,2021-09-26,12,0.5266419647951158,70.071851449152,44.7508182789564
DL,2021-09-27,12,0.5179250351107844,69.13179962035198,44.36631688133602
DL,2021-09-28,12,0.5092081054264528,41.051093037696,26.571606062631748
DL,2021-09-29,12,0.5004911757421212,68.69358487353601,44.42657232919782
DL,2021-09-30,12,0.49184657835388534,67.30355018419202,43.647293992546174
DL,2021-10-01,12,0.4834189778539363,61.44905333145601,40.4339217015258
DL,2021-10-02,12,0.4749913773539872,67.19552573126401,44.050645628138845
DL,2021-10-03,12,0.46656377685403816,64.869382617984,42.691612421216206
DL,2021-10-04,12,0.4582290865574785,64.69711482124801,42.763896450331515
DL,2021-10-05,11,0.45017312687108707,64.271382348096,42.57518964585647
DL,2021-10-06,11,0.4421171671846956,57.097801043136,38.27486938505183
DL,2021-10-07,11,0.4340612074983042,36.718502059008,25.681922251105238
DL,2021-10-08,11,0.4261165790187066,48.13546645152,33.275132392051724
DL,2021-10-09,11,0.4185059441594907,61.031269768895996,41.122458300338245
DL,2021-10-10,11,0.41089530930027485,43.361462531520004,30.016436568942726
DL,2021-10-11,11,0.403284674441059,48.41433038131199,33.53794076451874
DL,2021-10-12,11,0.3958006575523764,24.222736982304,17.752547300193434
DL,2021-10-13,11,0.38869649457529365,54.85437628070399,37.7821892771663
DL,2021-10-14,11,0.3815923315982109,37.340255909376005,26.709220975726584
DL,2021-10-15,11,0.3744881686211281,46.732049025984,32.98441140775313
DL,2021-10-16,11,0.3675220144572724,55.145939837184,38.27116999819569
DL,2021-10-17,11,0.3609698867330978,54.54033221145599,37.926645174439706
DL,2021-10-18,11,0.35441775900892325,52.98632019072,37.073491695239476
DL,2021-10-19,11,0.3478656312847487,52.17543815904,36.602325364160706
DL,2021-10-20,11,0.34145856301646493,47.916064099008,33.993093382146405
DL,2021-10-21,11,0.33548667311585384,48.98379530419201,34.791849135869384
DL,2021-10-22,10,0.32951478321524275,33.110379759744,24.025347675821664
DL,2021-10-23,10,0.32354289331463165,34.773130393344,25.900420340623462
DL,2021-10-24,10,0.31771869523334756,45.080662850496005,32.42628280522632
DL,2021-10-25,10,0.31233757261004436,27.90673101216,21.190274192517126
DL,2021-10-26,10,0.30695644998674115,30.880244582207993,23.229421511522176
DL,2021-10-27,10,0.30157532736343795,30.398435028864,23.06441636838641
DL,2021-10-28,10,0.29634038549976927,17.615779485696002,13.806110463355926
DL,2021-10-29,10,0.2915439859150042,38.484588530304,28.502063040330913
DL,2021-10-30,10,0.2867475863302391,45.702882457343996,33.20831943849469
DL,2021-10-31,10,0.28195118674547404,45.38623015180799,33.07096401702777
DL,2021-11-01,10,0.27729587357879637,43.821847286784,32.025415937439256
DL,2021-11-02,10,0.2730638196663808,30.600324937728,23.101000782217486
DL,2021-11-03,10,0.2688317657539653,32.440280386751994,24.597834313336918
DL,2021-11-04,10,0.26459971184154973,28.79787841056,21.998453899143218
DL,2021-11-05,10,0.26050081067071057,36.828389537856,27.566175545236916
DL,2021-11-06,10,0.25680136772460066,25.182148755455998,19.6326591278921
DL,2021-11-07,9,0.2529909414901075,29.183400574272,22.36107078379901
DL,2021-11-08,9,0.24924833837629293,40.08601456070399,29.78943516688898
DL,2021-11-09,9,0.2456926258375592,21.060824916096,16.837846748365106
DL,2021-11-10,9,0.24248597285959617,24.6260976192,19.419181848332318
DL,2021-11-11,9,0.23927931988163315,21.658421530367995,16.87243248947656
DL,2021-11-12,9,0.23607266690367013,20.704397007167998,16.789213012161056
DL,2021-11-13,9,0.2329966987826504,34.125697835712,25.88689227537448
DL,2021-11-14,9,0.23023810817135004,29.008741894272,22.537155168878773
DL,2021-11-15,9,0.2274795175600497,34.304393071872,25.947935086407714
DL,2021-11-16,9,0.22472092694874934,25.369010255232006,19.94691486238551
DL,2021-11-17,9,0.2220793636341696,35.873868207744,27.168263748664
DL,2021-11-18,9,0.2197220094687685,28.995110754624,22.36321668125651
DL,2021-11-19,9,0.21736465530336738,21.604409303903992,17.38836167388437
DL,2021-11-20,9,0.21500730113796626,33.319162864512,25.359099847675527
DL,2021-11-21,9,0.21275336936479133,27.846927880127996,21.718367617308342
DL,2021-11-22,9,0.21075060625845143,32.99900186016,25.19363352367354
DL,2021-11-23,9,0.20874784315211153,27.053806695551998,21.031746546806453
DL,2021-11-24,9,0.20674508004577163,31.954185873792003,24.473524259894
DL,2021-11-25,9,0.20483268287356385,17.614258014527998,14.599539811244105
DL,2021-11-26,9,0.2031397458271055,15.96783990816,13.234327680618316
DL,2021-11-27,9,0.20144680878064716,21.775140104256,17.563802421563963
DL,2021-11-28,9,0.19975387173418882,27.743343638976,21.484936121347417
DL,2021-11-29,9,0.19813912826229002,22.176311685696,17.67455141100003
DL,2021-11-30,9,0.1967142834714644,20.246713639488,16.41757601921947
DL,2021-12-01,9,0.1952894386806388,24.583248023039996,19.339204515041608
DL,2021-12-02,8,0.1938645938898132,25.014911128704,19.63331119068699
DL,2021-12-03,8,0.19250685250156263,23.408920684799995,18.52845933845845
DL,2021-12-04,8,0.19131207651956572,18.01685791584,14.742548908851186
DL,2021-12-05,8,0.1901173005375688,17.276864020416,14.250416476252623
DL,2021-12-06,8,0.1889225245555719,18.546485134464,15.258582624771831
DL,2021-12-07,8,0.18778493294565332,18.631656469440003,15.223255721140616
DL,2021-12-08,8,0.18678621766792494,19.78424850528,16.044933794539638
DL,2021-12-09,8,0.18578750239019656,22.060773028224002,17.64881077066549
DL,2021-12-10,8,0.18478878711246818,23.565073307327996,18.64069298160146
DL,2021-12-11,8,0.18383851674842866,19.703952088128002,15.991356337336939
DL,2021-12-12,8,0.18300589831763353,19.011931110144,15.551306916020012
DL,2021-12-13,8,0.1821732798868384,18.774426355776,15.343727213260017
DL,2021-12-14,8,0.18134066145604327,17.938952381952,14.776203680117781
DL,2021-12-15,8,0.18054888141102132,21.957375089663994,17.557944330212077
DL,2021-12-16,8,0.17985628030287704,22.359012427583995,17.79675514004597
DL,2021-12-17,8,0.17916367919473275,25.424901032832,19.931096012976628
DL,2021-12-18,8,0.17847107808658846,17.9285194368,14.737192469556275
DL,2021-12-19,8,0.1763692825646223,17.880888074112,14.621139734912246
DL,2021-12-20,8,0.17084515775194592,18.852362940096,15.499920345279547
DL,2021-12-21,8,0.1653210329392695,23.652604475136002,18.959039424413607
DL,2021-12-22,8,0.15979690812659308,17.624038900608003,14.845481991477161
DL,2021-12-23,8,0.15584358296714146,21.346054184448,17.581787842720587
DL,2021-12-24,8,0.15570505696552142,22.379878317888,18.349486737413294
DL,2021-12-25,8,0.15556653096390138,21.247965869759994,17.542964587607646
DL,2021-12-26,8,0.15542800496228135,22.939655505983996,18.73009895895808
DL,2021-12-27,8,0.15529715688231505,18.553688834687996,15.635793696141057
DL,2021-12-28,8,0.1551849551835078,20.010388801536003,16.606300215399113
DL,2021-12-29,8,0.15507275348470057,12.057286401215999,10.587291435720656
DL,2021-12-30,8,0.15496055178589332,20.910633976511996,17.332377411258985
DL,2021-12-31,8,0.15488107558257153,19.91357355456,16.477315431189705
GR,2020-05-31,4,1.2202289095874577,13.35929311584,4.212460531540893
GR,2020-06-01,16,1.2278021606518938,85.07337086304,38.1855603887502
GR,2020-06-02,16,1.2580951649096388,115.759829699136,55.69426181831186
GR,2020-06-03,16,1.288388169167384,103.73393528467199,45.88518203990437
GR,2020-06-04,16,1.3186811734251291,103.93601149612797,47.42376267832367
GR,2020-06-05,16,1.3495638080317134,102.68874669312001,46.13114968132872
GR,2020-06-06,16,1.3822153336848149,81.46922301907199,32.797112255843174
GR,2020-06-07,16,1.4148668593379163,74.872465589376,29.969226360933373
GR,2020-06-08,16,1.4475183849910178,84.00135469824,32.70748613761475
GR,2020-06-09,16,1.4806618851427813,80.72699349254401,31.64339754325146
GR,2020-06-10,16,1.5152813087905308,109.00238628384,44.70284735315966
GR,2020-06-11,16,1.5499007324382803,110.68249410892801,45.57739800412907
GR,2020-06-12,16,1.5845201560860298,113.052573583488,45.638376422662056
GR,2020-06-13,16,1.6194478866533877,114.05332900684799,45.575434087667595
GR,2020-06-14,16,1.6553005379795713,87.59270976422401,31.982006146823032
GR,2020-06-15,16,1.691153189305755,82.77520418899199,28.535504480304063
GR,2020-06-16,16,1.7270058406319386,75.62998745366401,26.85721634459038
GR,2020-06-17,16,1.762872550304949,69.768643980672,21.928106266919173
GR,2020-06-18,16,1.7987814350184388,77.640425299584,25.408696115665116
GR,2020-06-19,16,1.8346903197319289,102.75907592160002,34.69734857570446
GR,2020-06-20,16,1.870599204445419,84.22212326976,26.409199870002134
GR,2020-06-21,16,1.9061076956860923,104.16761666841604,34.98044099709773
GR,2020-06-22,16,1.9404150065083159,106.96845878611201,36.30720776686053
GR,2020-06-23,16,1.9747223173305397,113.918383829376,38.824915232673725
GR,2020-06-24,16,2.0090296281527635,104.04661313491198,34.655054396103154
GR,2020-06-25,16,2.0424258817921865,112.48397807270399,36.724053997980256
GR,2020-06-26,16,2.0730889638832077,114.439875834816,37.22481905541072
GR,2020-06-27,16,2.103752045974229,106.303886390016,34.56001641949163
GR,2020-06-28,16,2.1344151280652497,85.542263436672,23.691175398449328
GR,2020-06-29,16,2.1636306297333627,64.16643188793599,15.422907144460902
GR,2020-06-30,16,2.1885033901327517,62.71206070348799,15.779664758034198
GR,2020-07-01,16,2.2133761505321408,112.279014171072,33.44885086476026
GR,2020-07-02,16,2.2382489109315298,123.25683230380804,38.64386903455694
GR,2020-07-03,16,2.2612174241803498,113.55260974041602,34.507768626934684
GR,2020-07-04,16,2.2784731959774622,109.64056581273599,32.39533245984179
GR,2020-07-05,16,2.2957289677745747,120.86042206291195,36.51508722566943
GR,2020-07-06,16,2.312984739571687,118.88440362086402,34.768306608224535
GR,2020-07-07,16,2.3280596766614132,110.69202659155198,30.124522822418477
GR,2020-07-08,16,2.33659210962898,111.88107183455998,31.978873308033258
GR,2020-07-09,16,2.3451245425965466,121.66962737126399,35.94227755951039
GR,2020-07-10,16,2.3536569755641135,115.27929321350399,34.57755708049073
GR,2020-07-11,16,2.35995943495136,121.028560152192,35.60138526984772
GR,2020-07-12,16,2.359571973597646,116.17832742163202,33.24591443546226
GR,2020-07-13,16,2.359184512243931,118.09857928780801,33.74107206584687
GR,2020-07-14,16,2.3587970508902165,121.05619503667201,35.27072464347829
GR,2020-07-15,16,2.3563354129721104,119.60312797036798,34.55247928579093
GR,2020-07-16,16,2.347651245360827,118.28190103833599,34.12305491855473
GR,2020-07-17,15,2.338967077749544,108.88439464224004,31.729018746206886
GR,2020-07-18,15,2.330282910138261,115.44109701465601,33.81548632038321
GR,2020-07-19,15,2.3198164778394794,116.82967233369602,33.68890292933225
GR,2020-07-20,15,2.304003251478202,115.709869554048,33.4528644220459
GR,2020-07-21,15,2.2881900251169247,114.888802980672,33.226467746042516
GR,2020-07-22,15,2.2723767987556474,111.82393903967997,32.65115260571764
GR,2020-07-23,15,2.2551333000634792,86.151007156032,22.95680513634855
GR,2020-07-24,15,2.233598984378639,115.105441844736,34.100616690668325
GR,2020-07-25,15,2.2120646686937984,116.46486080812797,34.83512074734872
GR,2020-07-26,15,2.190530353008958,115.735889816064,34.74109855736042
GR,2020-07-27,14,2.167920789809928,113.81613475680001,34.32661633955543
GR,2020-07-28,14,2.14208548406833,93.62155479263998,25.434024883515608
GR,2020-07-29,14,2.116250178326732,103.21474101119999,30.238628666707648
GR,2020-07-30,14,2.0904148725851335,111.77891591328002,34.34808459111825
GR,2020-07-31,14,2.0638302740294656,104.87749164479999,31.48124625574266
GR,2020-08-01,14,2.034997797031588,101.464769714112,30.823340447063703
GR,2020-08-02,14,2.006165320033711,106.703629651584,33.46146686103024
GR,2020-08-03,14,1.9773328430358332,102.61133796614399,32.02854573681163
GR,2020-08-04,14,1.9480348608022997,106.473980656512,34.127484003667
GR,2020-08-05,14,1.9173403628617978,101.25173270015998,32.90008061557206
GR,2020-08-06,14,1.886645864921296,94.92399621331201,31.2570962772874
GR,2020-08-07,14,1.8559513669807943,104.1066646704,34.42087097425123
GR,2020-08-08,14,1.8250306147556934,103.36328627788798,34.543657134694
GR,2020-08-09,14,1.793431099676796,87.97351226227201,27.768615386526577
GR,2020-08-10,14,1.7618315845978982,102.95618406393601,35.41055721617659
GR,2020-08-11,14,1.7302320695190005,101.84231191679997,35.415887394655876
GR,2020-08-12,14,1.6986033254049533,84.16256854118399,29.40134627317508
GR,2020-08-13,14,1.6668868941854567,95.66355540268798,33.93141868699291
GR,2020-08-14,14,1.6351704629659598,101.580184169856,36.86185223059989
GR,2020-08-15,14,1.6034540317464632,100.56393458092798,36.91103889079862
GR,2020-08-16,14,1.571866947500932,94.20819060441603,34.5307430294423
GR,2020-08-17,14,1.540667904177297,96.16672765324799,36.06701380804783
GR,2020-08-18,14,1.509468860853662,93.97674068428803,35.783047691714366
GR,2020-08-19,14,1.4782698175300268,84.44754940608001,32.13993775654566
GR,2020-08-20,14,1.4473242092410477,86.29939717056,32.86793288718001
GR,2020-08-21,14,1.4171389060560344,93.84412428921597,37.16039102105855
GR,2020-08-22,14,1.3869536028710212,94.392878573952,37.924857523721705
GR,2020-08-23,14,1.3567682996860082,94.44082044095998,38.572342571473406
GR,2020-08-24,14,1.3269298593358847,80.87612871743998,32.680361574226616
GR,2020-08-25,14,1.2981320074904301,82.11342633177601,34.487993595895915
GR,2020-08-26,14,1.2693341556449755,90.97695844876802,38.83749536055618
GR,2020-08-27,14,1.240536303799521,83.51119257868798,37.04817694582577
GR,2020-08-28,14,1.212151796790125,88.08889566758398,37.98755385588206
GR,2020-08-29,14,1.1850073242889043,91.019714893632,40.305847965538526
GR,2020-08-30,14,1.1578628517876837,89.199693821952,39.86140285291696
GR,2020-08-31,14,1.130718379286463,52.534505354687994,22.383947371240502
GR,2020-09-01,14,1.1040304501860723,88.003848534336,40.608044531036576
GR,2020-09-02,14,1.078712151288172,85.302771454656,39.72311734569656
GR,2020-09-03,13,1.053393852390272,87.35548446374396,41.28868939153241
GR,2020-09-04,13,1.0280755534923718,86.61250972684799,41.42083944326709
GR,2020-09-05,12,1.003237327213514,77.64874681535998,36.795621094229375
GR,2020-09-06,12,0.9798393187917829,84.23454344256,41.23167989322279
GR,2020-09-07,12,0.9564413103700518,35.902776159935996,17.05782796660721
GR,2020-09-08,12,0.9330433019483206,85.49922753791999,42.76686454424737
GR,2020-09-09,12,0.9101327355210165,84.01206709728001,42.59193317658844
GR,2020-09-10,12,0.8886844950769931,83.02295558592,42.54141987499832
GR,2020-09-11,12,0.8672362546329697,82.44184675104,42.730194217472075
GR,2020-09-12,12,0.8457880141889463,81.41274228326401,42.62782190385997
GR,2020-09-13,12,0.8248217429754658,81.29639631456,42.992035419186
GR,2020-09-14,12,0.805301379453614,79.980044300352,42.68284509211153
GR,2020-09-15,12,0.7857810159317622,72.944575316928,39.304786005932726
GR,2020-09-16,12,0.7662606524099104,77.327654298048,42.01600010733505
GR,2020-09-17,12,0.747206981509769,77.531655636288,42.69933654456564
GR,2020-09-18,12,0.7295533884747593,72.88461693273601,40.773903087424976
GR,2020-09-19,12,0.7118997954397495,43.246669084416006,24.78460691249083
GR,2020-09-20,12,0.6942462024047397,70.94700787507202,40.78996734835836
GR,2020-09-21,12,0.6770369128740019,68.64166855123199,39.1048923918196
GR,2020-09-22,12,0.6611605338560804,64.902358176768,37.588429991820064
GR,2020-09-23,12,0.6452841548381589,65.12126372236798,38.09412069007345
GR,2020-09-24,12,0.6294077758202374,47.54845803455999,28.659211489594224
GR,2020-09-25,12,0.6139485045885931,40.161684463488,24.251089914006496
GR,2020-09-26,12,0.5997405567157803,48.899834936064,29.830551407764613
GR,2020-09-27,12,0.5855326088429675,68.61648665087999,41.52933407085123
GR,2020-09-28,12,0.5713246609701548,67.40669971929601,40.973033034346045
GR,2020-09-29,12,0.5575037299088694,67.782968854272,41.55002328209213
GR,2020-09-30,12,0.5448438492821661,66.76734027398399,41.19457475835016
GR,2020-10-01,12,0.5321839686554628,61.465323757823995,38.287360514400326
GR,2020-10-02,12,0.5195240880287595,65.304150766848,40.96604285408642
GR,2020-10-03,12,0.5072197700333013,64.69981620883199,40.90238401312447
GR,2020-10-04,11,0.4959821399315786,64.90797830496001,41.263310232346974
GR,2020-10-05,11,0.48474450982985584,63.270875328192,40.46874278987496
GR,2020-10-06,11,0.4735068797281331,61.63597693209599,39.75579941301464
GR,2020-10-07,11,0.4625931802507456,62.37298998604799,40.4037180095931
GR,2020-10-08,11,0.4526512726463636,62.35168938969599,40.58457831221948
GR,2020-10-09,11,0.44270936504198166,58.84227641376001,38.64169010043709
GR,2020-10-10,11,0.4327674574375997,50.657009933376,34.04967753236757
GR,2020-10-11,11,0.42311855218173183,30.737195241984,21.591633868489236
GR,2020-10-12,11,0.41434865397140636,38.145735165888,26.550438054737864
GR,2020-10-13,11,0.4055787557610809,25.722038141856,18.472409974667308
GR,2020-10-14,11,0.3968088575507554,44.507409774912006,30.815707243198855
GR,2020-10-15,11,0.38830236192693257,40.799305084607994,28.731680311213644
GR,2020-10-16,11,0.3805860740626176,28.931457369023995,20.839483027012726
GR,2020-10-17,11,0.3728697861983026,25.27714755216,18.46836417939479
GR,2020-10-18,11,0.3651534983339876,23.526229216896002,17.60086494334821
GR,2020-10-19,11,0.3576727565437797,36.686085408,26.46333562121897
GR,2020-10-20,11,0.3508986529758933,46.135508126400005,32.62285184554611
GR,2020-10-21,10,0.34412454940800685,33.658885641024,24.638821599598547
GR,2020-10-22,10,0.3373504458401204,50.059133865216005,35.1440871553379
GR,2020-10-23,10,0.3307860231918861,42.709713963839995,30.258480292112306
GR,2020-10-24,10,0.32485064330260816,22.516313916096,17.258016691054166
GR,2020-10-25,10,0.3189152634133302,51.2464092336,36.23319111286548
GR,2020-10-26,10,0.31297988352405226,40.485416267519994,29.149825260171273
GR,2020-10-27,10,0.30723043065354616,46.89379072627199,33.4151342378275
GR,2020-10-28,10,0.3020387588393558,43.39558695628799,31.221862212793052
GR,2020-10-29,10,0.2968470870251655,44.792980598016,32.15817791351668
GR,2020-10-30,10,0.29165541521097516,40.72493929996801,29.673138899776266
GR,2020-10-31,10,0.28662805215028797,45.028311822144005,32.53628213526243
GR,2020-11-01,10,0.28195758224610495,43.637531922432,31.59766372276604
GR,2020-11-02,10,0.27737024368325847,43.615982922624,31.672481060267632
GR,2020-11-03,10,0.27283580688308073,43.215401299391985,31.475623678689715
GR,2020-11-04,10,0.26847028235206605,34.209906607296,25.540044685249306
GR,2020-11-05,10,0.264514973331876,39.0591146736,28.7046911159824
GR,2020-11-06,10,0.260559664311686,38.98493519155199,28.687310415043214
GR,2020-11-07,9,0.25660435529149594,33.16922032838401,24.772859579756815
GR,2020-11-08,9,0.2527975109655655,21.989419135487996,17.245753039390827
GR,2020-11-09,9,0.2493512237542655,34.787786197247996,26.130659946330574
GR,2020-11-10,9,0.24590493654296547,21.725055757439996,17.04969546990785
GR,2020-11-11,9,0.24245864933166544,20.805543789408,16.37039814574452
GR,2020-11-12,9,0.2391425714951022,38.032028483904,28.347661990453908
GR,2020-11-13,9,0.2361427164257569,26.776091631744,20.618294539811313
GR,2020-11-14,9,0.2331428613564116,27.479197613951996,21.19918503493286
GR,2020-11-15,9,0.2301430062870663,30.42693932544,23.214443130750514
GR,2020-11-16,9,0.2272571359416108,24.751727667071997,19.381338169293482
GR,2020-11-17,9,0.22464808563988758,32.274781584192,24.405900341820733
GR,2020-11-18,9,0.22203903533816438,28.961265783744,22.173064626021027
GR,2020-11-19,9,0.21942998503644118,28.347274541376002,21.774614465099223
GR,2020-11-20,9,0.21692055484821218,33.115844635776,25.104113049989603
GR,2020-11-21,9,0.2146530592213263,29.132850470976,22.331666577630614
GR,2020-11-22,9,0.2123855635944404,33.042720868416,25.12558745194252
GR,2020-11-23,9,0.21011806796755453,26.720977114944,20.678343474826665
GR,2020-11-24,9,0.20793751619872236,29.973696169536,22.92789805968076
GR,2020-11-25,9,0.20596811379944924,26.8399934208,20.79327475876411
GR,2020-11-26,9,0.2039987114001761,26.425252800575997,20.531792598616033
GR,2020-11-27,9,0.202029309000903,30.592810733184,23.445899047337807
GR,2020-11-28,9,0.20013569535443151,27.096935745599996,20.970729985489648
GR,2020-11-29,9,0.19842614010762114,30.263738254848,23.216209205333552
GR,2020-11-30,9,0.19671658486081076,27.377911104768,21.17337297918411
GR,2020-12-01,8,0.19500702961400038,26.515640608128,20.575570264561026
GR,2020-12-02,8,0.1933634700980974,26.022652899264,20.23874597481921
GR,2020-12-03,8,0.19188018592868383,26.274627154944,20.402223164988254
GR,2020-12-04,8,0.19039690175927027,23.579139153024,18.583054441048237
GR,2020-12-05,8,0.1889136175898567,25.863892040447997,20.13194928812902
GR,2020-12-06,8,0.18748774952507985,25.879603559039996,20.156488502498004
GR,2020-12-07,8,0.18620132057156358,25.807783909824,20.123338026703106
GR,2020-12-08,8,0.1849148916180473,22.252788899711998,17.70275643541866
GR,2020-12-09,8,0.18362846266453103,15.680996017343999,12.972271558465014
GR,2020-12-10,8,0.18239194647450585,25.066547997119997,19.621319735480697
GR,2020-12-11,8,0.18127664699581625,13.856410532159998,11.710108196144308
GR,2020-12-12,8,0.18016134751712665,23.087797117056,18.348456992601548
GR,2020-12-13,8,0.17904604803843704,21.597500582783994,17.27079702970253
GR,2020-12-14,8,0.17797410918249612,16.336066981247995,13.630847141657409
GR,2020-12-15,8,0.17700747469608769,20.518187566463997,16.566564928912555
GR,2020-12-16,8,0.17604084020967925,23.58932369472,18.68660200806215
GR,2020-12-17,8,0.17507420572327081,18.999107281727998,15.479539297199997
GR,2020-12-18,8,0.17414521778586936,23.269690547712,18.50321103101838
GR,2020-12-19,8,0.17330765718177057,17.900294594112,14.809799986361782
GR,2020-12-20,8,0.1724700965776718,18.043188682175998,14.951991813626991
GR,2020-12-21,8,0.171632535973573,16.391740405824002,13.691440606094273
GR,2020-12-22,8,0.1708276443042159,13.88901348576,11.697849706442458
GR,2020-12-23,8,0.1701020914763743,23.765286492863993,18.919426265159128
GR,2020-12-24,8,0.16937653864853272,24.407719930944,19.396872185952212
GR,2020-12-25,8,0.16865098582069113,22.876871532480003,18.371119040294374
GR,2020-12-26,8,0.16795377004306208,16.643373106751998,13.969795530562575
GR,2020-12-27,8,0.16732537281594925,24.480657395712004,19.52947704403556
GR,2020-12-28,8,0.16669697558883642,24.921418277952,19.87517791779864
GR,2020-12-29,8,0.1660685783617236,25.33823927712,20.213565975748708
GR,2020-12-30,8,0.16545903955601038,13.201510345632,11.341741448447692
GR,2020-12-31,8,0.1648952997736962,20.34362203776,16.777966462832556
GR,2021-01-01,8,0.16434830127054814,23.937243785279996,19.301296648464923
GR,2021-01-02,8,0.1638419601596606,18.9780240384,15.759025513119676
GR,2021-01-03,8,0.16333561904877306,18.204185172096,15.34407208848123
GR,2021-01-04,8,0.1628292779378855,20.334679513344,16.834885021283917
GR,2021-01-05,8,0.16234276269378034,22.324080691583998,18.346015166091167
GR,2021-01-06,8,0.16190439598328943,24.704468909568,20.044294701909624
GR,2021-01-07,8,0.16146602927279852,20.431432659455997,16.989083783878197
GR,2021-01-08,8,0.1610276625623076,26.166633752448,21.156664387953356
GR,2021-01-09,8,0.16060647363412786,24.020055287424,19.65695631457622
GR,2021-01-10,8,0.16022700217727529,26.847693927936003,21.747343303544174
GR,2021-01-11,8,0.1598475307204227,24.826341855168,20.28759867508844
GR,2021-01-12,8,0.15946805926357013,18.371950656192002,15.600985852971576
GR,2021-01-13,9,0.15910346781180051,20.996395269696002,17.67608528093289
GR,2021-01-14,9,0.15877501351523238,28.381616319167996,23.069701886000903
GR,2021-01-15,9,0.15844655921866424,21.138792550848002,17.773425625604734
GR,2021-01-16,9,0.1581181049220961,23.322942038592,19.405873306241528
GR,2021-01-17,9,0.1578025376752479,13.82536010016,12.08250412784223
GR,2021-01-18,9,0.15751826754914813,12.899870923967999,11.295856115051025
GR,2021-01-19,9,0.15723399742304836,30.417189489792,24.860245564492555
GR,2021-01-20,9,0.1569497272969486,29.315054405951994,24.085347672205184
GR,2021-01-21,9,0.15667661629033106,26.323593686208,21.929765969590363
GR,2021-01-22,9,0.1564306060024561,31.122531103104,25.569087555694725
GR,2021-01-23,9,0.15618459571458113,32.33405685888,26.568696045381856
GR,2021-01-24,9,0.15593858542670616,31.770181013760002,26.176391498874416
GR,2021-01-25,9,0.15570223658964866,31.361464177343997,25.916093167264872
GR,2021-01-26,9,0.15548935127600494,32.48980582579199,26.865219713359142
GR,2021-01-27,9,0.15527646596236122,28.041427786175998,23.559948225768185
GR,2021-01-28,9,0.1550635806487175,27.154472196095995,22.908757541666244
GR,2021-01-29,9,0.15485905905361602,27.503292749184002,23.23031970584594
GR,2021-01-30,9,0.1546748493464029,24.833235051071995,21.14438885756386
GR,2021-01-31,9,0.1544906396391898,34.39356991257599,28.64060613681327
GR,2021-02-01,9,0.15430642993197669,24.643113255936,21.071849434700262
GR,2021-02-02,10,0.15412945972508155,31.425893823743994,26.644526629898472
GR,2021-02-03,10,0.15397007116181574,32.930132001984,27.601591415639575
GR,2021-02-04,10,0.15381068259854994,31.06508780390399,26.337567525674224
GR,2021-02-05,10,0.15365129403528413,32.425220927232004,27.48945310356608
GR,2021-02-06,10,0.15349817126960524,15.047784557567999,13.295553436665124
GR,2021-02-07,10,0.15336026544092313,20.670179431103996,18.039736942092187
GR,2021-02-08,10,0.153222359612241,23.432286134879995,20.449554634634094
GR,2021-02-09,10,0.1530844537835589,29.949197378688,25.725382894854373
GR,2021-02-10,10,0.15295197056414375,33.47876208499199,28.47883930434023
GR,2021-02-11,10,0.1528326565386627,30.36840926112,26.1192906142897
GR,2021-02-12,10,0.15271334251318167,26.949880899648,23.223940431293997
GR,2021-02-13,10,0.15259402848770062,39.982647672576,33.90502703871318
GR,2021-02-14,10,0.15247940701625012,25.235244994176,21.987816082459844
GR,2021-02-15,10,0.15237618174744522,39.6762420096,33.76468557826953
GR,2021-02-16,10,0.1522729564786403,29.914296693120004,25.88838726092863
GR,2021-02-17,10,0.1521697312098354,35.669432163456,30.74550711724988
GR,2021-02-18,10,0.15141795843710906,48.99696068736,41.61700639741701
GR,2021-02-19,10,0.14909114172628782,36.497360882303994,31.638261152252557
GR,2021-02-20,10,0.14676432501546657,44.958820955328,38.61101210093398
GR,2021-02-21,10,0.14443750830464536,37.247508268992,32.40737312602386
GR,2021-02-22,10,0.14299037351898883,37.033726044672,32.26334463317713
GR,2021-02-23,11,0.14367960912301814,35.67787788096,31.162925759144684
GR,2021-02-24,11,0.14436884472704742,48.056163648192005,41.738995176735955
GR,2021-02-25,11,0.1450580803310767,44.379264642048,38.42275832417305
GR,2021-02-26,11,0.14579633961796445,49.713263103167996,43.08861547619473
GR,2021-02-27,11,0.1466536564203656,47.738486678399994,41.44212657361318
GR,2021-02-28,11,0.1475109732227667,48.595913307648004,42.17170978025378
GR,2021-03-01,11,0.14836829002516783,61.728817723776,53.30072181303408
GR,2021-03-02,11,0.1492824925118734,48.340150899264,42.09305390717334
GR,2021-03-03,11,0.1503348459461754,64.0811053008,55.35599758095628
GR,2021-03-04,11,0.15138719938047743,65.354731920576,56.452438067720145
GR,2021-03-05,11,0.15243955281477947,65.972387113919993,56.98895977656737
GR,2021-03-06,11,0.15355777934424275,60.58290153081598,52.46335918602242
GR,2021-03-07,11,0.1548359833905262,61.340935727232,53.246268349093626
GR,2021-03-08,11,0.1561141874368097,51.83798206406399,44.90540689631084
GR,2021-03-09,11,0.15739239148309317,48.132330357888016,41.87698232240027
GR,2021-03-10,11,0.15874673574549975,70.46156542118402,60.889858972045026
GR,2021-03-11,12,0.16028599196134818,70.958838089664,61.2474300606062
GR,2021-03-12,12,0.16182524817719662,71.764286295744,61.868401729380196
GR,2021-03-13,12,0.16336450439304506,73.251912492864,63.22790382380429
GR,2021-03-14,12,0.16493494073807882,73.573967573568,63.48918022679748
GR,2021-03-15,12,0.16675543311939164,64.95983252639998,56.04184348452399
GR,2021-03-16,12,0.1685959309114881,74.88668668723199,64.55695251267639
GR,2021-03-17,12,0.17043642870358458,75.76808424998401,65.2834757001012
GR,2021-03-18,12,0.17236370146263952,75.23631455155201,64.78418965356458
GR,2021-03-19,12,0.17455129912256984,63.06954432710399,54.3726241914929
GR,2021-03-20,12,0.17673889678250015,62.97148706284799,53.87721512978985
GR,2021-03-21,12,0.17892649444243047,51.4319355648,44.52355580015866
GR,2021-03-22,12,0.18121394201201327,62.643532400064004,53.89983265855525
GR,2021-03-23,12,0.1838009393105534,49.975856606592,42.926606182123
GR,2021-03-24,12,0.18638793660909353,62.236492286976,53.09594753576938
GR,2021-03-25,12,0.18897493390763367,66.984848550144,57.19409809764362
GR,2021-03-26,12,0.19167668552522227,59.082016799231994,50.723489923479704
GR,2021-03-27,12,0.19472270009995632,82.757257039296,70.71862008336923
GR,2021-03-28,12,0.19776871467469037,85.16736052070402,72.66052427553714
GR,2021-03-29,12,0.2008147292494244,53.64828435052801,45.72637719599756
GR,2021-03-30,12,0.20399248053152558,66.12236070048,55.98082736745586
GR,2021-03-31,12,0.2075654419357282,88.01974635552001,74.63386645505665
GR,2021-04-01,12,0.21113840333993084,90.12589715807998,76.2617280994429
GR,2021-04-02,12,0.2147113647441335,89.07266650463998,75.20892927782391
GR,2021-04-03,12,0.21843540508017129,81.63562228416,68.54867583729131
GR,2021-04-04,12,0.22261268221171449,85.69965807647999,72.05030301351017
GR,2021-04-05,12,0.22678995934325769,62.58195939340799,52.06847464483593
GR,2021-04-06,12,0.23096723647480089,93.12102182879998,78.08365164046498
GR,2021-04-07,13,0.23531761425451606,94.75430560243203,79.26027798236522
GR,2021-04-08,13,0.24018729397874722,49.078514647008,40.264294690254175
GR,2021-04-09,13,0.24505697370297835,95.71631008665602,79.68435177624151
GR,2021-04-10,14,0.24992665342720952,46.09259642937601,36.948965548659565
GR,2021-04-11,14,0.2549944975061089,40.337569635552015,32.73195574302089
GR,2021-04-12,14,0.26065683464901307,76.802094686016,62.8019333797971
GR,2021-04-13,14,0.2663191717919172,87.908616859392,72.16613550990832
GR,2021-04-14,14,0.27198150893482137,62.43085246608,51.33804361978583
GR,2021-04-15,14,0.27787052717103433,92.45762934912001,76.87583335297562
GR,2021-04-16,14,0.28443958868717367,93.36917688134399,76.11008282705559
GR,2021-04-17,14,0.29100865020331296,96.67530267897598,78.01021321362393
GR,2021-04-18,14,0.2975777117194523,81.090656152128,65.0000701135456
GR,2021-04-19,14,0.3044058900846511,87.51533208767998,71.0464466492277
GR,2021-04-20,14,0.3120114189970282,100.302645195648,80.33947973854501
GR,2021-04-21,14,0.31961694790940537,107.68780414425599,86.15895195021633
GR,2021-04-22,14,0.3272224768217825,73.629858351168,57.58965083411023
GR,2021-04-23,14,0.3351240053026692,81.113416118784,64.36501550185304
GR,2021-04-24,14,0.3439135324890846,82.961227327104,64.69438558742117
GR,2021-04-25,14,0.3527030596755,79.402599416448,61.38182073195692
GR,2021-04-26,14,0.3614925868619154,93.429601022016,72.43695051330042
GR,2021-04-27,14,0.37062004029831574,96.522006696192,74.61955022863391
GR,2021-04-28,14,0.38076127248467134,105.491762341056,81.27377949905467
GR,2021-04-29,14,0.39090250467102694,100.189590572736,76.32341125572266
GR,2021-04-30,14,0.4010437368573825,107.053847474112,81.80363210923107
GR,2021-05-01,14,0.41157053685297285,84.92246576352002,62.81424019085498
GR,2021-05-02,14,0.42325404027626745,66.196291779072,47.67193370781409
GR,2021-05-03,14,0.43493754369956206,92.936954867904,69.03224427224742
GR,2021-05-04,14,0.44662104712285666,77.863522653504,55.90498651134384
GR,2021-05-05,14,0.45874421354992345,110.80222457472,81.67693178805291
GR,2021-05-06,14,0.4721863689883068,110.83439282227198,81.24245151976393
GR,2021-05-07,14,0.4856285244266902,63.723652727616,44.033377381386146
GR,2021-05-08,14,0.4990706798650736,53.953975853568004,37.2021878357797
GR,2021-05-09,14,0.5130138045273841,83.088223593984,58.14062498951422
GR,2021-05-10,14,0.5284598368614761,78.453480861504,52.71478576600586
GR,2021-05-11,14,0.5439058691955682,61.505658268992,40.593494813095035
GR,2021-05-12,14,0.5593519015296603,89.51026024281599,60.36232973604883
GR,2021-05-13,14,0.575367986215075,114.0389216064,79.06790905407438
GR,2021-05-14,14,0.593094227954458,99.434071461312,67.52361348116996
GR,2021-05-15,14,0.6108204696938409,109.70676533376,73.86717776152771
GR,2021-05-16,14,0.6285467114332238,115.89775571807999,78.15771653471887
GR,2021-05-17,14,0.646919440175014,115.08997872959998,76.79599901535833
GR,2021-05-18,14,0.667231629924026,90.939573728639985,57.66404816492184
GR,2021-05-19,15,0.6875438196730378,62.740471848768,37.58283367232079
GR,2021-05-20,15,0.7078560094220496,43.232944793472,25.66332052618913
GR,2021-05-21,15,0.7288941225423026,61.020479743776,36.66311121757658
GR,2021-05-22,15,0.7521100057762783,117.99592655961598,74.83973770987883
GR,2021-05-23,15,0.775325889010254,67.18102517951999,38.42263421083561
GR,2021-05-24,16,0.7985417722442297,74.73885558048,43.00106408087578
GR,2021-05-25,16,0.8225472914700538,110.225711203776,67.53357977039883
GR,2021-05-26,16,0.8489217186714229,73.757755080576,41.97003325521621
GR,2021-05-27,16,0.875296145872792,111.67480381478398,64.42676599681504
GR,2021-05-28,16,0.9016705730741612,108.82148646700801,62.03375733836162
GR,2021-05-29,16,0.9288147094364223,122.27523499699201,71.0357483497754
GR,2021-05-30,16,0.9582679732813594,122.63293597363197,70.15405824637945
GR,2021-05-31,16,0.9877212371262964,115.091872805952,63.879505037345176
GR,2021-06-01,16,1.0171745009712336,106.54912270195202,57.02694051858921
GR,2021-06-02,16,1.0470842340376048,113.248408658112,60.45966808741876
GR,2021-06-03,16,1.0783633747682784,110.30436194803201,58.61680308900973
GR,2021-06-04,16,1.1096425154989522,107.29178693452798,54.23528914467673
GR,2021-06-05,16,1.140921656229626,114.25636778169599,58.13782757336931
GR,2021-06-06,16,1.1716271015063278,92.79188724960002,42.60980353211744
GR,2021-06-07,16,1.200611460421114,113.416764100416,55.91825681377818
GR,2021-06-08,16,1.2295958193359005,100.06591670207999,48.29234868775982
GR,2021-06-09,16,1.2585801782506867,100.62302355302401,47.44586195923165
GR,2021-06-10,16,1.2852712972588411,89.24589686476801,38.835174000613115
GR,2021-06-11,16,1.3050826965471,104.86379840428799,47.7059868075649
GR,2021-06-12,16,1.324894095835359,100.185678218304,47.830003763085536
GR,2021-06-13,16,1.344705495123618,114.018676724736,52.809630169272545
GR,2021-06-14,16,1.3614704699850455,116.47492114809602,53.308048893036954
GR,2021-06-15,16,1.369096171565979,115.34546168409601,52.41108661292788
GR,2021-06-16,16,1.3767218731469126,117.86694306508798,53.87188199248776
GR,2021-06-17,16,1.3843475747278462,117.53641121644797,53.49946948004755
GR,2021-06-18,16,1.3899007029944523,117.058700320128,52.99752624926147
GR,2021-06-19,16,1.3892361113180764,103.99066025644798,45.09244771506067
GR,2021-06-20,16,1.3885715196417006,73.619984313792,29.91938073535828
GR,2021-06-21,16,1.3879069279653249,115.97367402431998,52.38218862347257
GR,2021-06-22,16,1.3862976601169907,115.14596265849599,52.04915735879687
GR,2021-06-23,16,1.3818543637527818,114.42074876870399,51.71324681418168
GR,2021-06-24,16,1.3774110673885729,115.394179811904,52.52415112060784
GR,2021-06-25,16,1.372967771024364,102.15154316908801,45.73108672131643
GR,2021-06-26,16,1.3681350434884085,113.70733404307201,51.77279484404
GR,2021-06-27,16,1.3621340224372132,112.248025839936,50.91562939262628
GR,2021-06-28,16,1.356133001386018,114.41298616070398,52.39960759635278
GR,2021-06-29,16,1.3501319803348228,115.783614330048,53.366453149235134
GR,2021-06-30,16,1.3439409886890052,115.40532691699197,53.18353972602318
GR,2021-07-01,16,1.3371800852593199,109.407842824896,49.4439762968571
GR,2021-07-02,16,1.3304191818296345,112.72679245094399,52.13079200138935
GR,2021-07-03,16,1.3236582783999493,120.946307557824,57.422879098214914
GR,2021-07-04,16,1.31677005509108,112.28556581222402,50.96859331927737
GR,2021-07-05,16,1.309499872144658,103.806065438208,46.70969059620231
GR,2021-07-06,16,1.3022296891982361,121.01353174310398,58.139261500541565
GR,2021-07-07,16,1.2949595062518142,93.05090995334399,40.22275710317401
GR,2021-07-08,16,1.2875794580019593,121.482859022784,58.85880668907723
GR,2021-07-09,16,1.2798698138418052,109.29559551321599,50.06456922824159
GR,2021-07-10,16,1.2721601696816511,121.29019109222402,59.03028103495019
GR,2021-07-11,16,1.264450525521497,120.41019079891198,58.68808620132193
GR,2021-07-12,16,1.2566344889785213,120.24627556838401,58.8785964387346
GR,2021-07-13,16,1.2484992752870812,114.75034910438397,56.353984027282195
GR,2021-07-14,16,1.240364061595641,119.32373618323196,58.69293742041007
GR,2021-07-15,16,1.2322288479042007,116.83594452096,58.18524160685805
GR,2021-07-16,16,1.2239868262703897,118.331519628672,58.71163072000601
GR,2021-07-17,16,1.215424380809466,118.72039523903999,58.99123061542368
GR,2021-07-18,15,1.2068619353485424,117.64334890425597,58.55370309152118
GR,2021-07-19,15,1.198299489887619,88.988706136512,41.058639984587465
GR,2021-07-20,15,1.1896292570207225,85.31357700499201,42.06906308858526
GR,2021-07-21,15,1.1806356619359075,97.91828252236802,48.27186617528535
GR,2021-07-22,15,1.1716420668510925,115.53362730201601,58.24198989539707
GR,2021-07-23,15,1.1626484717662775,117.49284746035197,59.48564257827413
GR,2021-07-24,15,1.153546778720386,116.776917649728,59.28060051612428
GR,2021-07-25,15,1.1441207917912637,115.50580611494401,58.74309757835552
GR,2021-07-26,15,1.1346948048621415,113.581641894336,57.731402338815016
GR,2021-07-27,15,1.1252688179330192,108.964877361984,55.13848927236073
GR,2021-07-28,14,1.1157357055526758,108.23839040448001,55.61962206359694
GR,2021-07-29,14,1.105881216818669,66.35160603993602,32.38314505143933
GR,2021-07-30,14,1.096026728084662,111.01367801664001,57.03858982583859
GR,2021-07-31,14,1.086172239350655,109.41737530751999,56.53641312620742
GR,2021-08-01,14,1.0762133324364496,94.66543926604798,49.43317597765682
GR,2021-08-02,14,1.0659411709816482,63.29826180921599,30.12972570358087
GR,2021-08-03,14,1.055669009526847,103.86335348524798,53.613039229287956
GR,2021-08-04,14,1.0453968480720457,104.17764595795201,54.36126917818389
GR,2021-08-05,14,1.035025133423955,96.02982629855998,49.78970027124048
GR,2021-08-06,14,1.0243547591959965,101.60285098521604,53.01427865396135
GR,2021-08-07,14,1.013684384968038,97.890306083136025,51.978705190817706
GR,2021-08-08,14,1.0030140107400791,81.514494548928,41.58161714427403
GR,2021-08-09,14,0.9922515266245931,97.096377587328,51.757626615086004
GR,2021-08-10,14,0.9812127128465251,98.39779434374398,51.655947804775934
GR,2021-08-11,14,0.970173899068457,100.96392624595198,54.085059647136276
GR,2021-08-12,14,0.9591350852903889,101.22707865715199,54.515851894956896
GR,2021-08-13,14,0.9480145855237067,101.32035415487998,54.74911657579854
GR,2021-08-14,14,0.9366490277911816,100.91530126943998,54.81949668397174
GR,2021-08-15,14,0.9252834700586566,99.56740201632,54.27236353904086
GR,2021-08-16,14,0.9139179123261316,93.26494058111999,50.97496444765747
GR,2021-08-17,14,0.902484417599422,84.573893613888,46.042460230455134
GR,2021-08-18,14,0.8908471118901584,69.304082942304,37.148593932749584
GR,2021-08-19,14,0.8792098061808948,68.527713465792,35.89304348569289
GR,2021-08-20,14,0.8675725004716311,78.65696986761601,44.03577658391932
GR,2021-08-21,14,0.8558845619057398,68.33942364614398,37.2176351324124
GR,2021-08-22,14,0.8440447247699654,95.62374874886399,53.824455130037514
GR,2021-08-23,14,0.8322048876341909,95.82185050502399,54.269972131839374
GR,2021-08-24,14,0.8203650504984163,95.95856555711998,54.66582395198001
GR,2021-08-25,14,0.8084954865632835,87.79882253183999,49.83286914490792
GR,2021-08-26,14,0.7965367422300758,78.080316769728,44.3043772130793
GR,2021-08-27,14,0.784577997896868,70.35068432851202,39.09442482134425
GR,2021-08-28,14,0.7726192535636602,85.29826914201601,49.34419780739391
GR,2021-08-29,14,0.7606550816049712,90.27782692185598,52.61344233691012
GR,2021-08-30,14,0.7486746267698381,89.805798254592,52.733853891062004
GR,2021-08-31,14,0.736694171934705,89.68752715910401,52.91701387895404
GR,2021-09-01,14,0.7247137170995719,91.53493471180799,54.5405597809854
GR,2021-09-02,14,0.712755000682836,89.04410010719998,53.26445229428849
GR,2021-09-03,14,0.7008614995212923,88.521303983616,53.2069053507004
GR,2021-09-04,13,0.6889679983597484,83.400746192064,50.638559109340186
GR,2021-09-05,13,0.6770744971982046,86.10486621407999,52.28789877305534
GR,2021-09-06,12,0.6652318907766576,82.61169261408003,50.150355198519115
GR,2021-09-07,12,0.6535419685751005,83.00525683968,50.91662278831874
GR,2021-09-08,12,0.6418520463735434,84.360918700799985,52.08935212798643
GR,2021-09-09,12,0.6301621241719864,80.77894086528,49.955321169791446
GR,2021-09-10,12,0.6185530318587548,72.386381700864,44.56135542414939
GR,2021-09-11,12,0.6071864292104996,75.815032503168,47.606238059354546
GR,2021-09-12,12,0.5958198265622444,74.58580800115199,46.67841263221797
GR,2021-09-13,12,0.5844532239139892,76.307896010304,48.3722667304794
GR,2021-09-14,12,0.5731966965433546,79.00263880185601,50.33009574155528
GR,2021-09-15,12,0.5622703950055816,76.151836539072,48.73073927711159
GR,2021-09-16,12,0.5513440934678088,80.34814717171199,51.75294572702036
GR,2021-09-17,12,0.5404177919300359,72.90178782163201,47.08227862215742
GR,2021-09-18,12,0.5296285362418512,69.268048915968,45.67672570570264
GR,2021-09-19,12,0.5192504181024314,54.234050750208,35.67872646824997
GR,2021-09-20,12,0.5088722999630116,39.084048170496,26.08909272413021
GR,2021-09-21,12,0.49849418182359184,74.63017906848002,49.375397371223826
GR,2021-09-22,12,0.4882762897318524,72.02939488416001,47.89069667812664
GR,2021-09-23,12,0.478539075783154,66.91448827123199,44.676218445972225
GR,2021-09-24,12,0.46880186183445566,71.00808407481598,47.77852335723249
GR,2021-09-25,12,0.4590646478857573,70.11355217932802,47.44228736927532
GR,2021-09-26,12,0.4495058001000342,70.071851449152,47.601514582465654
GR,2021-09-27,12,0.44048205080323694,69.13179962035198,47.22500482548992
GR,2021-09-28,12,0.43145830150643966,41.051093037696,28.255230259690713
GR,2021-09-29,12,0.4224345522096424,68.69358487353601,47.373058752169186
GR,2021-09-30,12,0.41360144855235415,67.30355018419202,46.584113806951365
GR,2021-10-01,12,0.4053402818135931,61.44905333145601,43.10400552633347
GR,2021-10-02,12,0.39707911507483207,67.19552573126401,47.04299957113068
GR,2021-10-03,12,0.38881794833607103,64.869382617984,45.60467062790006
GR,2021-10-04,12,0.3807535471826304,64.69711482124801,45.7045592124025
GR,2021-10-05,11,0.37327944278515085,64.271382348096,45.517063560099835
GR,2021-10-06,11,0.3658053383876713,57.097801043136,40.85624948163137
GR,2021-10-07,11,0.3583312339901918,36.718502059008,27.233193543543884
GR,2021-10-08,11,0.351054081222101,48.13546645152,35.388963246375766
GR,2021-10-09,11,0.3443677833421766,61.031269768895996,43.95538083051914
GR,2021-10-10,11,0.3376814854622522,43.361462531520004,31.920491707106837
GR,2021-10-11,11,0.33099518758232777,48.41433038131199,35.68266958847025
GR,2021-10-12,11,0.32450076279043405,24.222736982304,18.720171404416593
GR,2021-10-13,11,0.3185819572626324,54.85437628070399,40.29541913399176
GR,2021-10-14,11,0.3126631517348307,37.340255909376005,28.292297453706354
GR,2021-10-15,11,0.30674434620702906,46.732049025984,35.02786164841938
GR,2021-10-16,11,0.30100804591901464,55.145939837184,40.77817036804502
GR,2021-10-17,11,0.295819261350362,54.54033221145599,40.3854867653348
GR,2021-10-18,11,0.2906304767817094,52.98632019072,39.42636331660399
GR,2021-10-19,11,0.28544169221305676,52.17543815904,38.90088450733258
GR,2021-10-20,11,0.2804228787801367,47.916064099008,36.051270007213844
GR,2021-10-21,11,0.27591397875441437,48.98379530419201,36.87721931145473
GR,2021-10-22,10,0.271405078728692,33.110379759744,25.338348843758208
GR,2021-10-23,10,0.26689617870296967,34.773130393344,27.205648584229444
GR,2021-10-24,10,0.2625426751550677,45.080662850496005,34.25241879801114
GR,2021-10-25,10,0.25865536104062675,27.90673101216,22.166138229060508
GR,2021-10-26,10,0.2547680469261858,30.880244582207993,24.321812786782402
GR,2021-10-27,10,0.2508807328117449,30.398435028864,24.101667712695672
GR,2021-10-28,10,0.24713321837003738,17.615779485696002,14.352125792671506
GR,2021-10-29,10,0.24380510294653018,38.484588530304,29.865066468847594
GR,2021-10-30,10,0.240476987523023,45.702882457343996,34.901043442337944
GR,2021-10-31,10,0.2371488720995158,45.38623015180799,34.713100478949386
GR,2021-11-01,10,0.23394478198857,43.821847286784,33.56685863571596
GR,2021-11-02,10,0.23111276781530837,30.600324937728,24.05912940523178
GR,2021-11-03,10,0.22828075364204675,32.440280386751994,25.58370902459565
GR,2021-11-04,10,0.22544873946878513,28.79787841056,22.831986466661633
GR,2021-11-05,10,0.2227254433053581,36.828389537856,28.68237695517883
GR,2021-11-06,10,0.22032830117143476,25.182148755455998,20.291706947139804
GR,2021-11-07,9,0.21785924477349372,29.183400574272,23.149479485403823
GR,2021-11-08,9,0.21543413598134126,40.08601456070399,30.96371822916983
GR,2021-11-09,9,0.2131470420092515,21.060824916096,17.30912887955782
GR,2021-11-10,9,0.21112720785875755,24.6260976192,19.983801797466658
GR,2021-11-11,9,0.2091073737082636,21.658421530367995,17.369875726465224
GR,2021-11-12,9,0.20708753955776965,20.704397007167998,17.201252344893845
GR,2021-11-13,9,0.2051623570775952,34.125697835712,26.702944015524388
GR,2021-11-14,9,0.20346704293962523,29.008741894272,23.160636195141947
GR,2021-11-15,9,0.20177172880165525,34.304393071872,26.72838194061184
GR,2021-11-16,9,0.20007641466368528,25.369010255232006,20.439003396562327
GR,2021-11-17,9,0.1984619111036744,35.873868207744,27.943421125304603
GR,2021-11-18,9,0.1970436618044213,28.995110754624,22.921017814163026
GR,2021-11-19,9,0.19562541250516818,21.604409303903992,17.732964864344485
GR,2021-11-20,9,0.19420716320591508,33.319162864512,26.003309884093014
GR,2021-11-21,9,0.19285747976230389,27.846927880127996,22.18207542575598
GR,2021-11-22,9,0.19167431339668012,32.99900186016,25.783769889714662
GR,2021-11-23,9,0.19049114703105635,27.053806695551998,21.45519862600587
GR,2021-11-24,9,0.18930798066543258,31.954185873792003,25.00054947837925
GR,2021-11-25,9,0.1881826880340687,17.614258014527998,14.80591773744659
GR,2021-11-26,9,0.18719794590019315,15.96783990816,13.414674325179952
GR,2021-11-27,9,0.1862132037663176,21.775140104256,17.819463969556352
GR,2021-11-28,9,0.18522846163244203,27.743343638976,21.846928156623996
GR,2021-11-29,9,0.18429235568166608,22.176311685696,17.919915994102425
GR,2021-11-30,9,0.18347436617556068,20.246713639488,16.57796936091922
GR,2021-12-01,9,0.18265637666945528,24.583248023039996,19.60290027292466
GR,2021-12-02,8,0.18183838716334988,25.014911128704,19.89123990978765
GR,2021-12-03,8,0.18106112218533318,23.408920684799995,18.752204112340575
GR,2021-12-04,8,0.18038275963267472,18.01685791584,14.894212183186426
GR,2021-12-05,8,0.17970439708001626,17.276864020416,14.376966653965988
GR,2021-12-06,8,0.1790260345273578,18.546485134464,15.38794551467133
GR,2021-12-07,8,0.17838166864769123,18.631656469440003,15.35254408074047
GR,2021-12-08,8,0.17781986611671924,19.78424850528,16.17691195034367
GR,2021-12-09,8,0.17725806358574725,22.060773028224002,17.7949755777227
GR,2021-12-10,8,0.17669626105477526,23.565073307327996,18.79021839805761
GR,2021-12-11,8,0.17616276745049064,19.703952088128002,16.101243280281505
GR,2021-12-12,8,0.17569802409673252,19.011931110144,15.649529519819694
GR,2021-12-13,8,0.1752332807429744,18.774426355776,15.433034958176881
GR,2021-12-14,8,0.17476853738921627,17.938952381952,14.850646077465795
GR,2021-12-15,8,0.17172798315216778,21.957375089663994,17.655333427839143
GR,2021-12-16,8,0.16243188819855695,22.359012427583995,18.09347528713585
GR,2021-12-17,8,0.15313579324494614,25.424901032832,20.54229783832549
GR,2021-12-18,8,0.14383969829133533,17.9285194368,15.229491907465311
GR,2021-12-19,8,0.13728556722657098,17.880888074112,15.264373945222717
GR,2021-12-20,8,0.1373904913204338,18.852362940096,16.090387756792012
GR,2021-12-21,8,0.1374954154142966,23.652604475136002,19.66529541814206
GR,2021-12-22,8,0.13760033950815945,17.624038900608003,15.20002807378361
GR,2021-12-23,8,0.13771212244048267,21.346054184448,17.950034159206872
GR,2021-12-24,8,0.13784056255192406,22.379878317888,18.737355657772238
GR,2021-12-25,8,0.13796900266336545,21.247965869759994,17.89581047888044
GR,2021-12-26,8,0.13809744277480684,22.939655505983996,19.125151112241774
GR,2021-12-27,8,0.13823379649865103,18.553688834687996,15.902989325888186
GR,2021-12-28,8,0.13838936899547338,20.010388801536003,16.91966838787283
GR,2021-12-29,8,0.13854494149229574,12.057286401215999,10.728996486509866
GR,2021-12-30,8,0.1387005139891181,20.910633976511996,17.642273932475884
GR,2021-12-31,8,0.13881071117436725,19.91357355456,16.776822593996002
GC,2020-05-31,4,1.6836016488537682,13.914257486976004,2.9947580830118157
GC,2020-06-01,16,1.7018052726759467,81.22001225183996,27.62420799743817
GC,2020-06-02,16,1.7746197679646611,120.74019479020798,46.73493922390996
GC,2020-06-03,16,1.8474342632533753,109.22877498355203,37.562372828055786
GC,2020-06-04,16,1.9202487585420895,103.49115195686397,35.464953292886086
GC,2020-06-05,16,1.9968327962716355,107.195965301376,35.67093042304315
GC,2020-06-06,16,2.0847254613236754,74.76509319552,20.757500061038517
GC,2020-06-07,16,2.172618126375715,86.94310367635201,25.28691503885065
GC,2020-06-08,16,2.260510791427755,86.02675885238399,22.77971025004473
GC,2020-06-09,16,2.352713057584487,85.004469954432,23.11408306934357
GC,2020-06-10,16,2.457844127055296,109.80780343948798,31.02174079032774
GC,2020-06-11,16,2.562975196526106,114.88517008012802,30.570975665187778
GC,2020-06-12,16,2.668106265996915,117.21761643110399,29.99422025583575
GC,2020-06-13,16,2.7778214518764477,113.730715018368,27.253953317041805
GC,2020-06-14,16,2.9012889869821503,92.37646351987199,18.94669951262219
GC,2020-06-15,16,3.024756522087853,84.95134266528001,15.326287133587696
GC,2020-06-16,16,3.1482240571935556,73.738208833632,12.568869342984886
GC,2020-06-17,16,3.2758131156412995,72.148038584832,10.57856115543905
GC,2020-06-18,16,3.4157667441151665,82.31767607347201,12.314664377526759
GC,2020-06-19,16,3.555720372589033,105.70060754668802,17.15778496474066
GC,2020-06-20,16,3.6956740010629,84.22668768326402,10.891817835441433
GC,2020-06-21,16,3.8374705255770722,103.494940109568,15.888621879406218
GC,2020-06-22,16,3.984795738212162,114.09148998777599,17.88923645486742
GC,2020-06-23,16,4.132120950847252,117.528648608448,17.416525891870727
GC,2020-06-24,16,4.2794461634823415,106.844101805952,14.41876388618675
GC,2020-06-25,16,4.422772169174331,116.289394816896,14.898369676936449
GC,2020-06-26,16,4.554100554037018,118.72669847673599,14.889876900901692
GC,2020-06-27,16,4.6854289388997055,110.82774802982401,13.400249687885774
GC,2020-06-28,16,4.816757323762393,91.24184968415999,8.10055784134976
GC,2020-06-29,16,4.935283447505561,62.995489046784,3.804619167611338
GC,2020-06-30,16,5.01540278789017,63.36669696134399,4.148630885049579
GC,2020-07-01,16,5.095522128274778,114.029979081984,11.167684324954267
GC,2020-07-02,16,5.175641468659387,125.87621569689598,13.04189867859612
GC,2020-07-03,16,5.238155779479435,118.932718093056,11.755807379403196
GC,2020-07-04,16,5.247855001605798,111.69411718348802,10.352124257680684
GC,2020-07-05,16,5.257554223732161,124.73936623008001,12.332179489790727
GC,2020-07-06,16,5.267253445858524,124.113141117504,12.103075722246672
GC,2020-07-07,16,5.262595137217762,110.626851734784,8.419061617209781
GC,2020-07-08,16,5.214864236275626,104.85414171993601,9.01301604448793
GC,2020-07-09,16,5.1671333353334905,124.50912727679999,12.459764682610118
GC,2020-07-10,16,5.119402434391355,116.98153999660799,12.184680894442057
GC,2020-07-11,16,5.063162077887535,124.00253947872001,12.793524508725596
GC,2020-07-12,16,4.981393354698662,119.440051101504,12.119481454126593
GC,2020-07-13,16,4.8996246315097896,122.15423146348799,13.067112124868112
GC,2020-07-14,16,4.817855908320917,123.79891074566399,13.666228951086238
GC,2020-07-15,16,4.731837201719964,122.332212539712,13.76118451961016
GC,2020-07-16,15,4.633068544882769,121.02784599225599,14.002609061264318
GC,2020-07-17,15,4.534299888045574,109.54788027321601,12.835035468308368
GC,2020-07-18,15,4.43553123120838,118.670310892224,14.86449559682791
GC,2020-07-19,15,4.335093281316997,119.56872409171197,15.10737662468699
GC,2020-07-20,15,4.229647452263052,118.57840161350401,15.519454307972962
GC,2020-07-21,15,4.124201623209107,117.40354641792001,15.768289915126553
GC,2020-07-22,15,4.018755794155162,113.58130033958396,15.531534862237235
GC,2020-07-23,15,3.9132613015721467,91.32463013587201,10.488753728038516
GC,2020-07-24,15,3.8076208184019196,118.02927472358401,17.945082527362764
GC,2020-07-25,15,3.701980335231693,119.46486039667198,18.92546696466752
GC,2020-07-26,15,3.5963398520614662,118.68276211545599,19.453876453422076
GC,2020-07-27,15,3.491719120868651,116.71823233324798,19.903288352361642
GC,2020-07-28,15,3.3901576456080713,100.86748360416001,15.625397336315086
GC,2020-07-29,15,3.288596170347492,100.441130122368,16.260635849196106
GC,2020-07-30,14,3.1870346950869126,114.71954707583998,21.621772274921916
GC,2020-07-31,14,3.0871847456593633,109.1321770896,20.723750723566294
GC,2020-08-01,14,2.9924693737309047,102.752803734336,19.80701483674069
GC,2020-08-02,14,2.8977540018024466,108.1727187408,22.31108066140904
GC,2020-08-03,14,2.8030386298739884,104.72820116774399,22.130696395982174
GC,2020-08-04,14,2.710439922168705,108.093726441792,24.118480078094386
GC,2020-08-05,14,2.6241912071329474,104.10660256953598,24.2638522878424
GC,2020-08-06,14,2.53794249209719,94.729682609856,22.243420738594605
GC,2020-08-07,14,2.4516937770614327,100.5614815968,24.230267881054207
GC,2020-08-08,14,2.3677462061438233,103.67490841344,26.63139219019128
GC,2020-08-09,14,2.290702067580657,83.915220799872,20.707155963929306
GC,2020-08-10,14,2.2136579290174914,104.00882475916796,28.604026139317288
GC,2020-08-11,14,2.1366137904543256,103.18788238752002,29.27788570904498
GC,2020-08-12,14,2.0618924465205146,82.10743359839998,23.751094181341266
GC,2020-08-13,14,1.9941394864747681,96.631956275904,28.892974203037024
GC,2020-08-14,14,1.926386526429022,102.70765640620797,32.2282017569501
GC,2020-08-15,14,1.8586335663832758,101.88000714124799,32.85602181589224
GC,2020-08-16,14,1.7931128829315401,95.705380334592,31.29287119427894
GC,2020-08-17,14,1.7342890292618356,97.12404352224,33.06616309927904
GC,2020-08-18,14,1.675465175592131,95.60856508761597,33.528042062519454
GC,2020-08-19,14,1.6166413219224265,84.53355910271998,30.207094122111016
GC,2020-08-20,14,1.559888940720704,91.618739827776,33.222488233876106
GC,2020-08-21,14,1.5093509769229274,95.281914542976,35.83362340752078
GC,2020-08-22,14,1.4588130131251509,92.228259807936,35.55393350480833
GC,2020-08-23,14,1.4082750493273744,91.85972223052799,36.180836231663825
GC,2020-08-24,14,1.3596098773910321,81.772151033664,32.45436792603457
GC,2020-08-25,14,1.316563081038993,80.09409253708799,33.22832149734027
GC,2020-08-26,14,1.2735162846869539,91.307614499136,39.18124642018975
GC,2020-08-27,14,1.2304694883349148,87.821458296768,39.1790987926073
GC,2020-08-28,14,1.1890824302173413,90.16523805542398,39.84020019664267
GC,2020-08-29,14,1.1526745868031654,91.650349167552,41.847857414206686
GC,2020-08-30,14,1.1162667433889895,89.909848252224,41.483456857032266
GC,2020-08-31,14,1.0798588999748135,46.0446856128,20.33967352090384
GC,2020-09-01,14,1.044899310529275,86.224627730304,41.83197520549579
GC,2020-09-02,14,1.014284482989648,85.52229800889599,41.66407194716155
GC,2020-09-03,14,0.983669655450021,87.19625784844798,43.230555049388684
GC,2020-09-04,12,0.9530548279103941,86.81172929855998,43.700841991899416
GC,2020-09-05,12,0.9236883354065566,78.78767666112002,39.69916747741181
GC,2020-09-06,12,0.8980668480100875,84.7024734528,43.879125709638615
GC,2020-09-07,12,0.8724453606136184,35.203893036480004,17.77857979521429
GC,2020-09-08,12,0.8468238732171494,86.10455570975999,45.79804147959322
GC,2020-09-09,12,0.8222679664906477,84.51166854816,45.614147813379034
GC,2020-09-10,12,0.8009088017740483,83.60158038623999,45.62173391206913
GC,2020-09-11,12,0.779549637057449,83.00913814368002,45.83082267212108
GC,2020-09-12,12,0.7581904723408496,81.207219473856,45.34255927297663
GC,2020-09-13,12,0.7377338206377193,81.76575464467199,46.09199291036466
GC,2020-09-14,12,0.7199847079749964,78.92718625209599,44.86201987853408
GC,2020-09-15,12,0.7022355953122734,68.132596718592,39.12313323463067
GC,2020-09-16,12,0.6844864826495505,76.5921006144,44.19506225395199
GC,2020-09-17,12,0.6674969867898274,76.146961621248,44.54094108017256
GC,2020-09-18,12,0.6527863413391038,74.036774262528,43.861318663824086
GC,2020-09-19,12,0.6380756958883803,40.18518964051199,24.53646501448715
GC,2020-09-20,12,0.6233650504376568,70.059679679808,42.51895650381757
GC,2020-09-21,12,0.6092905177683746,69.007318438464,41.581281696069496
GC,2020-09-22,12,0.5971243234434166,65.76521863161601,40.049741666022896
GC,2020-09-23,12,0.5849581291184586,64.845535886208,39.88662478917098
GC,2020-09-24,12,0.5727919347935005,48.746352650688,30.66090892867849
GC,2020-09-25,12,0.5611562469119306,40.368169836288,25.400822000365878
GC,2020-09-26,12,0.5511120783605247,44.726222169216,28.270212656537577
GC,2020-09-27,12,0.5410679098091188,66.75361598303999,42.08899652709647
GC,2020-09-28,12,0.5310237412577129,67.890589651584,42.68572977820123
GC,2020-09-29,12,0.5214205334393152,68.347993565376,43.19642106117097
GC,2020-09-30,12,0.5131402078199419,67.36183184505599,42.72209300349617
GC,2020-10-01,12,0.5048598822005685,61.65709122585599,39.215129129153574
GC,2020-10-02,12,0.49657955658119524,63.389177474112,40.4983625223369
GC,2020-10-03,12,0.4886647687985128,62.756711224704006,40.27036357013629
GC,2020-10-04,11,0.4818465945259029,62.800523384255996,40.40512808818774
GC,2020-10-05,11,0.475028420253293,61.222385177856,39.46964491658868
GC,2020-10-06,11,0.4682102459806831,59.548176934847994,38.5930784125799
GC,2020-10-07,11,0.4616944192905065,60.328908997056004,39.11671205615083
GC,2020-10-08,11,0.4560856353476296,60.213742944768,39.07013925122051
GC,2020-10-09,11,0.4504768514047527,56.89299239366399,37.099634840940396
GC,2020-10-10,11,0.4448680674618758,45.99758210745599,30.732967007995775
GC,2020-10-11,11,0.4395089150960803,30.2155635096,21.146860594235804
GC,2020-10-12,11,0.43489865746152906,32.88209698368,22.98224024890949
GC,2020-10-13,11,0.4302883998269778,23.093588022624004,16.465547420116
GC,2020-10-14,11,0.42567814219242656,46.466257328063996,31.02409259726828
GC,2020-10-15,11,0.4212736892195175,38.147349788352,26.012762905498107
GC,2020-10-16,11,0.41748665023153514,22.617631475712,16.29727863848347
GC,2020-10-17,11,0.41369961124355276,21.539793354912003,15.29485035974816
GC,2020-10-18,11,0.4099125722555704,19.469847356063998,14.15308875737509
GC,2020-10-19,11,0.40629500236761934,27.877139950464,19.909250418259955
GC,2020-10-20,10,0.40318583977976236,40.445174907648,27.660143057840124
GC,2020-10-21,10,0.40007667719190537,29.765906678592003,20.970747353594778
GC,2020-10-22,10,0.3969675146040484,47.002995095616,31.11842867730528
GC,2020-10-23,10,0.3939977641959326,40.537612043712,27.124930123603097
GC,2020-10-24,10,0.3914462503270403,20.90695450032,15.320654971445295
GC,2020-10-25,10,0.388894736458148,49.511248992576,32.53956943647267
GC,2020-10-26,10,0.3863432225892557,39.390050177856,26.492928082623802
GC,2020-10-27,10,0.383906303133181,45.28953910656,29.841193626111888
GC,2020-10-28,10,0.3818131669155593,34.782321321216,23.655965857838748
GC,2020-10-29,10,0.3797200306979375,43.38735859180799,28.59945239780166
GC,2020-10-30,10,0.3776268944803158,36.272183149440004,24.565117350830533
GC,2020-10-31,10,0.37562789129783786,43.29666027993599,28.440392180359286
GC,2020-11-01,10,0.37385978909848006,42.051072200255994,27.644311067845557
GC,2020-11-02,10,0.3721231579738681,42.02707021632,27.566672093738866
GC,2020-11-03,10,0.37040655389682164,41.648130744191995,27.283326140559293
GC,2020-11-04,10,0.36878011421981644,26.282451863808003,18.219929257263768
GC,2020-11-05,10,0.3673726452286257,35.061868360512,23.482387210549618
GC,2020-11-06,10,0.365965176237435,36.51732631008,24.176450168094718
GC,2020-11-07,10,0.3645577072462443,32.379048934848,21.6891628215801
GC,2020-11-08,10,0.36322423135738646,24.588619747776,17.244265257609964
GC,2020-11-09,9,0.3620704530027655,32.56817711616,21.894525609759484
GC,2020-11-10,9,0.3609166746481446,15.669786811391997,11.568130826517878
GC,2020-11-11,9,0.35976289629352365,21.336816680928003,15.032267804514209
GC,2020-11-12,9,0.3586698183756917,36.415046187071994,23.659598478017944
GC,2020-11-13,9,0.35772415580434724,24.504007320576,16.97420101549038
GC,2020-11-14,9,0.3567784932330028,19.700971246655996,14.263449907342293
GC,2020-11-15,9,0.3558328306616584,25.290638964864,17.53925195852882
GC,2020-11-16,9,0.3499912203289607,23.183028791999995,16.152414822949265
GC,2020-11-17,9,0.3322594511472622,30.495622881023998,20.39942140903439
GC,2020-11-18,9,0.31452768196556374,28.523640995136,19.624354363779997
GC,2020-11-19,9,0.2967959127838653,27.029525257728,19.11056676986603
GC,2020-11-20,9,0.2840568466812588,30.740672890367996,21.63927720077775
GC,2020-11-21,9,0.28344291662787574,24.875028932544,17.964029295450395
GC,2020-11-22,9,0.2828289865744927,31.85184364992,22.23044105239668
GC,2020-11-23,9,0.2822150565211096,24.257156386176,17.573457228860633
GC,2020-11-24,9,0.2815956752356405,24.518259468864002,17.74606010423032
GC,2020-11-25,9,0.2809630552436765,25.314082041024005,18.16225977942064
GC,2020-11-26,9,0.2803304352517125,19.760215470911998,14.76157116232671
GC,2020-11-27,9,0.2796978152597485,29.406125323007995,20.465622532240662
GC,2020-11-28,9,0.27905994793234673,22.258533229632004,16.108313975766134
GC,2020-11-29,9,0.27840933707602444,29.111363572032,20.231750371823058
GC,2020-11-30,8,0.27775872621970216,25.686469872,18.1807338591635
GC,2020-12-01,8,0.2771081153633799,30.3812951904,21.149080995581386
GC,2020-12-02,8,0.27645253473019643,29.807731610495996,20.733645837727632
GC,2020-12-03,8,0.2757848846389213,30.14593291584,20.966019788321912
GC,2020-12-04,8,0.27511723454764625,24.925610086272002,17.5466212934804
GC,2020-12-05,8,0.2744495844563712,29.650181718528003,20.61801957188613
GC,2020-12-06,8,0.27377732787987313,29.592707368896,20.57765641920361
GC,2020-12-07,8,0.27309388412497654,29.428698987072,20.451796503707126
GC,2020-12-08,8,0.27241044037008,25.051643789759996,17.561718578393236
GC,2020-12-09,8,0.27172699661518346,14.657729030784001,11.210336626934478
GC,2020-12-10,8,0.2710394091798649,28.670354286335996,19.953017389241218
GC,2020-12-11,8,0.27034175852066455,14.43627734976,11.209726666954955
GC,2020-12-12,8,0.26964410786146426,23.142756381696,16.440453910889577
GC,2020-12-13,8,0.2689464572022639,24.16950101664,17.007233550860512
GC,2020-12-14,8,0.2682452409006684,15.607685947391998,12.036305578820036
GC,2020-12-15,8,0.2675353651818275,23.134279613759993,16.43869131800473
GC,2020-12-16,8,0.2668254894629867,24.446657172672,17.22417880658799
GC,2020-12-17,8,0.2661156137441458,22.143522429504,15.858410466636988
GC,2020-12-18,8,0.2654028835758962,21.585204611711994,15.590711959195918
GC,2020-12-19,8,0.2646832211733684,17.039638719935997,12.981878939578902
GC,2020-12-20,8,0.2639635587708406,17.404512346368,13.216613127439098
GC,2020-12-21,8,0.26324389636831286,16.511315619455996,12.537171201341472
GC,2020-12-22,8,0.26252224428421045,15.488576490239998,11.863473997202513
GC,2020-12-23,8,0.26179576011628386,27.077187670847998,18.990551896938396
GC,2020-12-24,8,0.26106927594835727,27.980537889024,19.66278016555855
GC,2020-12-25,8,0.2603427917804307,25.902021970944,18.267510245247248
GC,2020-12-26,8,0.25961535952750736,17.322321852863997,13.135810244887102
GC,2020-12-27,8,0.2588856247824491,27.357821475264,19.305213697398003
GC,2020-12-28,8,0.2581558900373908,28.484517450815996,20.112627319259715
GC,2020-12-29,8,0.2574261552923326,28.737050614271993,20.319277435279353
GC,2020-12-30,8,0.25669647006659535,13.296245213664003,10.458753566566438
GC,2020-12-31,8,0.25596690510206654,20.942864324927996,15.534710131269653
GC,2021-01-01,8,0.25523827432145846,25.108993937664,17.92689272065
GC,2021-01-02,8,0.2545119122732294,15.449359794624,12.090815019674142
GC,2021-01-03,8,0.2537855502250003,20.156512134528,15.171216130300792
GC,2021-01-04,8,0.2530591881767712,21.384991426175997,15.856575852096485
GC,2021-01-05,8,0.25233543844894235,22.19709994992,16.45590644043412
GC,2021-01-06,8,0.25161803292779966,25.660511710848,18.532421731418033
GC,2021-01-07,8,0.2509006274066569,20.564670063168002,15.494215480512977
GC,2021-01-08,8,0.25018322188551423,28.344759456384,20.352413018892708
GC,2021-01-09,8,0.24947032275935915,25.310728594368,18.434067559511355
GC,2021-01-10,8,0.24876836773531694,28.634087381759993,20.65475109097489
GC,2021-01-11,8,0.24806641271127472,26.130770503488,19.051958837336137
GC,2021-01-12,8,0.24736445768723248,17.515300287744,13.713120498582281
GC,2021-01-13,9,0.2466692311399988,22.812255583488,17.19767975119627
GC,2021-01-14,9,0.2459903451793002,30.545303572224,22.179410632625306
GC,2021-01-15,9,0.24531145921860165,21.200241355776,16.245114131368933
GC,2021-01-16,9,0.24463257325790308,25.30594682784,18.860897421369405
GC,2021-01-17,9,0.24396301302446566,13.156099088832,10.718379843324598
GC,2021-01-18,9,0.24331610098580536,11.378958663743997,9.36220455345493
GC,2021-01-19,9,0.24266918894714506,32.85353058624,24.086710610771508
GC,2021-01-20,9,0.24202227690848477,32.04646775769599,23.54974545187317
GC,2021-01-21,9,0.24138771658735625,27.82103181984,20.883035613158995
GC,2021-01-22,9,0.24078315329451921,33.790073716224,24.933394990779288
GC,2021-01-23,9,0.2401785900016822,34.902020736576006,25.82208208507978
GC,2021-01-24,9,0.23957402670884517,33.551451146304,24.87609358920181
GC,2021-01-25,9,0.238985330698822,33.50077684128,24.888894168207354
GC,2021-01-26,9,0.23843516951848961,31.057635700223997,23.36193012091106
GC,2021-01-27,9,0.2378850083381572,29.691758246975997,22.5608798202376
GC,2021-01-28,9,0.23733484715782482,28.597851527616,21.913294611317635
GC,2021-01-29,9,0.2368046274670993,27.745330866624,21.496844840439127
GC,2021-01-30,9,0.23632283710827606,27.671244535872003,21.41969160534922
GC,2021-01-31,9,0.23584104674945283,36.90514620575999,27.767087026708545
GC,2021-02-01,9,0.23535925639062963,28.3575832848,22.09442870298275
GC,2021-02-02,9,0.23490211876284892,35.60521987008,27.273553267882985
GC,2021-02-03,10,0.2345048520533143,35.980091735616,27.491032280308392
GC,2021-02-04,10,0.23410758534377973,32.505579445247996,25.222404709900353
GC,2021-02-05,10,0.23371031863424513,34.283216677248,26.616116294137072
GC,2021-02-06,10,0.23334314189187547,17.126114173056003,14.141829087298094
GC,2021-02-07,10,0.23304904078404928,26.588453871167996,21.2457143157934
GC,2021-02-08,10,0.23275493967622307,31.632456822624,24.90949152420719
GC,2021-02-09,10,0.23246083856839686,33.747410422656,26.471039989958847
GC,2021-02-10,10,0.23220309158990218,36.347759900928004,28.344322992016
GC,2021-02-11,10,0.2320336332112126,35.702935579583986,27.997210568197687
GC,2021-02-12,10,0.23186417483252303,32.944943058048004,26.012158431051205
GC,2021-02-13,10,0.23169471645383347,48.041321541696,37.07904616113244
GC,2021-02-14,10,0.23156881778558475,27.075076241471997,21.838631518315132
GC,2021-02-15,10,0.23154870698554958,44.857037639232,34.862420414225724
GC,2021-02-16,10,0.23152859618551438,28.732548301631997,23.196448200068343
GC,2021-02-17,10,0.2315084853854792,40.06527287212799,31.70307991485583
GC,2021-02-18,10,0.23154021115101506,56.976921711360006,44.43815545419163
GC,2021-02-19,10,0.23169782571865205,40.78654335705599,32.52968294158583
GC,2021-02-20,10,0.23185544028628904,45.254110563648,35.57712996269019
GC,2021-02-21,10,0.232013054853926,32.669960432256005,26.435617557901647
GC,2021-02-22,11,0.23223200137243286,36.762345268992,29.363508300998824
GC,2021-02-23,11,0.23259989691448077,51.415106230656,40.58463876623979
GC,2021-02-24,11,0.23296779245652866,58.423219783488,46.1064106379565
GC,2021-02-25,11,0.23333568799857657,52.586049071808006,41.44427974474502
GC,2021-02-26,11,0.2337757963728568,59.033764427903996,46.73216847816698
GC,2021-02-27,11,0.2343912787682727,60.924145778496005,48.076264326852225
GC,2021-02-28,11,0.23500676116368863,47.20348773504001,37.670044940731024
GC,2021-03-01,11,0.23562224355910452,68.12048705011199,53.998269873787855
GC,2021-03-02,11,0.2363223944540051,47.331819170496,38.049568892344965
GC,2021-03-03,11,0.23722816884765424,70.61402304230401,56.08867582269965
GC,2021-03-04,11,0.23813394324130335,72.183653430336,57.38087883730021
GC,2021-03-05,11,0.23903971763495246,73.019872614528,58.09233607385858
GC,2021-03-06,11,0.24004440555513243,62.836510834944,50.40925307429971
GC,2021-03-07,11,0.24128931203974438,55.946885730624004,45.07080691946984
GC,2021-03-08,11,0.24253421852435633,57.478479339455994,45.90839893098267
GC,2021-03-09,11,0.24377912500896828,53.07894362937599,42.79128785509371
GC,2021-03-10,11,0.24513922261685844,77.701656751488,62.04192602973402
GC,2021-03-11,12,0.24677907009556715,78.92892507628798,63.022914571973004
GC,2021-03-12,12,0.24841891757427587,78.67303846617601,62.778373756455395
GC,2021-03-13,12,0.2500587650529846,80.69137864704,64.47949695205986
GC,2021-03-14,12,0.2517677613992574,81.58029041433598,65.20325274067478
GC,2021-03-15,12,0.25384346273727365,67.58685432575999,53.94718987298079
GC,2021-03-16,12,0.2559419739801034,82.837336103424,66.18867993221048
GC,2021-03-17,12,0.2580404852229331,83.851132708224,66.99548432220398
GC,2021-03-18,12,0.26027183931247855,82.16149240051199,65.61614511077472
GC,2021-03-19,12,0.2629017219421715,67.327148512512,53.949667954311444
GC,2021-03-20,12,0.26553160457186437,63.264851544383994,50.23775019554559
GC,2021-03-21,12,0.26816148720155725,50.29670072044801,40.62748059815933
GC,2021-03-22,12,0.27094493919658047,66.240321291648,53.11360075945677
GC,2021-03-23,12,0.2741890992875945,50.389852016447996,40.46617216751587
GC,2021-03-24,12,0.2774332593786085,65.768292624384,52.079560451335446
GC,2021-03-25,12,0.28067741946962255,70.070516280576,55.99658956474925
GC,2021-03-26,12,0.284098768831807,48.141645487488,38.504212570959055
GC,2021-03-27,12,0.2880516860075028,79.27417482969598,63.063328509261176
GC,2021-03-28,12,0.29200460318319865,93.75985341676798,74.25050645793202
GC,2021-03-29,12,0.29595752035889444,52.511310681984,41.146828903422744
GC,2021-03-30,12,0.3001145295881489,67.21201351065599,53.05384868536234
GC,2021-03-31,12,0.30488381497807926,96.64024674124799,76.09331976510755
GC,2021-04-01,12,0.30965310036800964,90.684711782784,71.06894460666396
GC,2021-04-02,12,0.31442238575793996,89.69029064755199,70.1181793601738
GC,2021-04-03,12,0.31942639009494217,81.410289299136,63.22639987368367
GC,2021-04-04,12,0.32513455127315993,82.22502158438401,63.76782973268227
GC,2021-04-05,12,0.33084271245137764,49.191522694272,37.71575527635645
GC,2021-04-06,13,0.3365508736295954,93.934667348928,72.7689438226639
GC,2021-04-07,13,0.34252860451783324,95.65181833939201,73.94003176987655
GC,2021-04-08,13,0.34931504453613116,59.110381368864,45.042756128622976
GC,2021-04-09,13,0.3561014845544291,95.99309363750397,73.74012910493015
GC,2021-04-10,13,0.36288792457272706,41.70815122924801,30.50111017295306
GC,2021-04-11,14,0.3699835747479493,41.90550777503999,30.910395105656992
GC,2021-04-12,14,0.3780068553939447,71.22770378035202,53.450374752898526
GC,2021-04-13,14,0.3860301360399401,85.96035750355199,64.24318298193197
GC,2021-04-14,14,0.3940534166859354,56.45379955823998,42.358746101394345
GC,2021-04-15,14,0.4024309776124154,78.222651950016,59.261668720118415
GC,2021-04-16,14,0.4118713793803497,94.67484754694398,70.67070094815422
GC,2021-04-17,14,0.4213117811482839,98.831910433536,72.98572349971828
GC,2021-04-18,14,0.4307521829162181,82.853047622016,60.41309618146373
GC,2021-04-19,14,0.44059808697767966,86.315605496064,63.259040291960744
GC,2021-04-20,14,0.4516604979197232,94.35627011462398,68.1398257561394
GC,2021-04-21,14,0.4627229088617667,108.600779996352,79.03756896017232
GC,2021-04-22,14,0.4737853198038102,74.445397947648,52.67827871116423
GC,2021-04-23,14,0.48531141721378523,78.47006179219201,56.293705353986724
GC,2021-04-24,14,0.4982285740275548,83.24086751769599,58.40604991475394
GC,2021-04-25,14,0.5111457308413245,79.499911470336,55.26097748431825
GC,2021-04-26,14,0.5240628876550941,88.22601437529602,60.869526877213985
GC,2021-04-27,14,0.5375097729814589,89.85805613164798,62.14832305188587
GC,2021-04-28,14,0.5525458438456092,106.09650055468799,73.33816267446682
GC,2021-04-29,14,0.5675819147097596,101.05543186905601,68.87409005433915
GC,2021-04-30,14,0.5826179855739101,107.78685502233598,73.81339647236216
GC,2021-05-01,14,0.5982586369660745,84.00166520256,54.88005489522589
GC,2021-05-02,14,0.6157130299422809,80.47039272249599,51.65322575829726
GC,2021-05-03,14,0.6331674229184875,92.63126336486401,60.86437213938006
GC,2021-05-04,14,0.6506218158946939,90.67446514022402,57.908697638407645
GC,2021-05-05,14,0.6687653534143241,112.03644819628799,73.48970837490573
GC,2021-05-06,14,0.6889763245642259,113.50671720192,73.55956478705488
GC,2021-05-07,14,0.7091872957141276,55.393567032384,32.75510569005369
GC,2021-05-08,14,0.7293982668640293,55.421201916864,32.64452632297381
GC,2021-05-09,14,0.7503931827845105,73.12792811788799,43.42013416574175
GC,2021-05-10,14,0.7737399330167303,78.53371517779199,45.52164373732122
GC,2021-05-11,14,0.79708668324895,65.85719001119999,37.59311464085565
GC,2021-05-12,14,0.8204334334811698,94.541516991936,54.856128506618916
GC,2021-05-13,14,0.8446683593520647,117.61531036416,70.47398008230817
GC,2021-05-14,14,0.8715678121389857,103.92719317343999,60.92866671693985
GC,2021-05-15,14,0.8984672649259067,115.69359912767999,67.47994385965826
GC,2021-05-16,14,0.9253667177128275,119.39030830944,68.797038245732
GC,2021-05-17,14,0.9532631844036418,118.80702594431999,67.51405110735224
GC,2021-05-18,14,0.9841506928061364,82.437220236672,41.92287406537021
GC,2021-05-19,15,1.0150382012086312,63.384209404992006,30.715571341054098
GC,2021-05-20,15,1.0459257096111259,41.50650972384,19.727014991124538
GC,2021-05-21,15,1.077907458116336,58.82318039808,28.078377109969463
GC,2021-05-22,15,1.1131719269296916,121.863878873856,64.54124122951946
GC,2021-05-23,16,1.1484363957430475,65.71361281363198,29.740899653351757
GC,2021-05-24,16,1.183700864556403,59.23254929356799,25.896165204644543
GC,2021-05-25,16,1.2200984066604592,105.19162886534397,51.493101495597436
GC,2021-05-26,16,1.2598951686366173,77.14625767430401,35.148593403693205
GC,2021-05-27,16,1.2996919306127757,115.149067701696,53.49822292107612
GC,2021-05-28,16,1.339488692588934,98.42763380889599,42.56851891794522
GC,2021-05-29,16,1.3802784764417098,125.83507387449599,58.885820663496624
GC,2021-05-30,16,1.4240473259243394,126.314958301056,57.88570829636164
GC,2021-05-31,16,1.4678161754069687,118.478543424192,51.84777753968631
GC,2021-06-01,16,1.5115850248895981,111.87610376544,47.89202065159149
GC,2021-06-02,16,1.5557735113164797,118.11966253113599,50.13325562455212
GC,2021-06-03,16,1.6012209085761178,112.360304202048,47.05236292445956
GC,2021-06-04,16,1.6466683058357559,115.34546168409598,46.28662743755218
GC,2021-06-05,16,1.6921157030953937,118.940977507968,47.60821724099473
GC,2021-06-06,16,1.736665047998448,98.950833588096,35.11916661835861
GC,2021-06-07,16,1.7785202358317507,113.853923132544,42.58977038915661
GC,2021-06-08,16,1.8203754236650531,103.26262077734398,37.93508470632248
GC,2021-06-09,16,1.8622306114983558,99.95071959936,35.948485253884286
GC,2021-06-10,16,1.9013593983541264,86.01767660102401,26.504439148784584
GC,2021-06-11,16,1.9323089822773007,108.097483544064,37.19279029625003
GC,2021-06-12,16,1.963258566200475,101.766176257536,36.782976738383994
GC,2021-06-13,16,1.994208150123649,115.35645353702398,40.95723638175009
GC,2021-06-14,16,2.02140046358857,120.621737392128,41.79017547142062
GC,2021-06-15,16,2.0373209656787297,119.36500220735999,40.870652093596846
GC,2021-06-16,16,2.0532414677688893,122.591825201664,42.292640959209905
GC,2021-06-17,16,2.0691619698590493,122.19664635360002,41.82069292452762
GC,2021-06-18,16,2.0819045201331168,121.72890264595199,41.27841442191744
GC,2021-06-19,16,2.0851132149589073,105.54594534489598,33.24365106427238
GC,2021-06-20,16,2.088321909784698,74.219195550527985,21.28588246839564
GC,2021-06-21,16,2.0915306046104885,120.46701308947199,40.50419739968999
GC,2021-06-22,16,2.092811486523768,119.61281570515202,40.12664033634119
GC,2021-06-23,16,2.0883089296995165,118.78774362604797,39.724465892107254
GC,2021-06-24,16,2.083806372875265,117.975681677952,40.16078132830167
GC,2021-06-25,16,2.079303816051013,104.539445591616,34.51997481646754
GC,2021-06-26,16,2.073812846450003,118.65500302924798,40.036257253630225
GC,2021-06-27,16,2.06535663851872,117.87548193388798,39.66943779396118
GC,2021-06-28,16,2.056900430587437,118.943834147712,40.41545433075685
GC,2021-06-29,16,2.048444222656154,120.21801967526399,41.186981681910396
GC,2021-06-30,16,2.0394909201839413,119.579995398528,41.097552353087764
GC,2021-07-01,16,2.029046334088941,109.614825004608,36.05349692759862
GC,2021-07-02,16,2.018601747993941,116.568382948416,39.94663148486015
GC,2021-07-03,16,2.0081571618989402,124.40728185984001,44.07471224731696
GC,2021-07-04,16,1.9974348680391616,112.952218587264,37.25334878108565
GC,2021-07-05,16,1.9858794508850481,114.56041361183999,39.1715918127258
GC,2021-07-06,16,1.9743240337309345,123.84989555500798,44.363161134501276
GC,2021-07-07,16,1.9627686165768208,91.49292347731199,26.752794547980702
GC,2021-07-08,16,1.9510271412868447,124.2312259104,44.959251621761474
GC,2021-07-09,16,1.9387274915892805,109.88328703967997,36.52460470666751
GC,2021-07-10,16,1.9264278418917162,124.25001142176002,45.278402053999834
GC,2021-07-11,16,1.914128192194152,123.52526328844799,45.16172226749939
GC,2021-07-12,16,1.9016801104937437,122.33438606995203,44.55824757965353
GC,2021-07-13,16,1.8887867327848036,118.3130135712,43.68682948800159
GC,2021-07-14,16,1.8758933550758634,122.11094716128,45.15669850119827
GC,2021-07-15,16,1.8629999773669232,120.47635926950403,44.98329985954063
GC,2021-07-16,16,1.8499742972901676,121.01384224742401,45.21058671609128
GC,2021-07-17,15,1.836551710109965,121.456186701696,45.49569165213759
GC,2021-07-18,15,1.8231291229297628,120.48964885439999,45.27119822018332
GC,2021-07-19,15,1.8097065357495603,87.19439482252797,28.94552796853968
GC,2021-07-20,15,1.7961599277117304,92.26611028454398,33.98711042359614
GC,2021-07-21,15,1.7822412571010182,97.48739567750397,36.90131137051395
GC,2021-07-22,15,1.768322586490306,117.785590933248,45.343532241247424
GC,2021-07-23,15,1.754403915879594,120.38901440428799,46.20871288815358
GC,2021-07-24,15,1.7403673449012786,119.59002468806399,46.0617879184851
GC,2021-07-25,15,1.7259770728201527,118.28416771987203,45.68432957874874
GC,2021-07-26,15,1.7115868007390267,115.19340771859198,44.63412948413313
GC,2021-07-27,15,1.697196528657901,112.691581261056,43.425434398268
GC,2021-07-28,15,1.6826947491158493,112.61044648224001,43.75086576001717
GC,2021-07-29,15,1.6678584471910196,75.40175125324801,26.37066239679665
GC,2021-07-30,14,1.65302214526619,114.14666660543998,44.66913025597921
GC,2021-07-31,14,1.6381858433413603,112.37120290368,44.27443172316362
GC,2021-08-01,14,1.6232458135160714,91.689503762304,34.81474589309931
GC,2021-08-02,14,1.607994599989405,63.51977559110399,21.370013539403338
GC,2021-08-03,14,1.5927433864627385,105.9378638976,41.4075640097848
GC,2021-08-04,14,1.577492172936072,105.60863616710401,41.807670467285945
GC,2021-08-05,14,1.5621469670707948,100.690465091328,39.877414357970494
GC,2021-08-06,14,1.5465197841896852,102.97180243123199,40.66497050396283
GC,2021-08-07,14,1.5308926013085755,100.873321085376,40.516082118117055
GC,2021-08-08,14,1.5152654184274659,76.910025987648,28.168730885293844
GC,2021-08-09,14,1.4995562586926976,86.97288104064,34.126412303278265
GC,2021-08-10,14,1.483601168396953,99.25410315743999,39.28900416667092
GC,2021-08-11,14,1.4676460781012082,102.294126752832,41.790583235305895
GC,2021-08-12,14,1.4516909878054634,102.61419460588797,42.20139606697556
GC,2021-08-13,14,1.4356684004154467,102.67390458662399,42.39834762080449
GC,2021-08-14,14,1.4194433217426141,102.11136391007999,42.43504102699284
GC,2021-08-15,14,1.4032182430697815,100.849288051008,42.04930947585656
GC,2021-08-16,14,1.3869931643969489,97.718845597632,41.04779000978503
GC,2021-08-17,14,1.3707176042183145,85.56874945516799,35.77435607021806
GC,2021-08-18,14,1.3542905995222756,70.28505924048,28.563824493470197
GC,2021-08-19,14,1.337863594826237,73.78924021862399,29.464843201863296
GC,2021-08-20,14,1.3214365901301983,81.562079335968,35.62862365225528
GC,2021-08-21,14,1.3049786092866642,68.25859937164799,28.613633190311123
GC,2021-08-22,14,1.2884277000006445,95.869481867712,41.75685795821319
GC,2021-08-23,14,1.2718767907146251,97.08768346636799,42.37888729279328
GC,2021-08-24,14,1.2553258814286057,97.37033554886402,42.77585621297522
GC,2021-08-25,14,1.2387658121734095,89.786795390208,39.30359144995715
GC,2021-08-26,14,1.2221782630106843,79.687425029184,34.64346538053593
GC,2021-08-27,14,1.2055907138479593,72.89057861568,31.46460718076198
GC,2021-08-28,14,1.1890031646852341,85.94899304543999,38.34760032715452
GC,2021-08-29,14,1.1724302560290045,90.87116962694401,40.89673629355686
GC,2021-08-30,14,1.1559012688922619,90.96220949356798,41.38505391834587
GC,2021-08-31,14,1.1393722817555192,91.02058430572801,41.62902105152124
GC,2021-09-01,14,1.1228432946187765,92.08816025875198,42.422301544499334
GC,2021-09-02,14,1.1063542517630043,89.84312087385598,41.5806394806914
GC,2021-09-03,14,1.0899850417501433,89.10172970899197,41.50064566270187
GC,2021-09-04,14,1.0736158317372824,85.338634703616,40.3751660299749
GC,2021-09-05,12,1.0572466217244214,86.57465925023999,40.763349282038035
GC,2021-09-06,12,1.0409435337305546,83.21997057695998,39.13629869883727
GC,2021-09-07,12,1.0248388117936704,83.08629846720001,39.49530231001344
GC,2021-09-08,12,1.0087340898567865,84.98316935808,40.80788784469465
GC,2021-09-09,12,0.9926293679199023,81.13384730303999,39.028395952821036
GC,2021-09-10,12,0.9766170646523997,73.38319371936001,35.06701305650954
GC,2021-09-11,12,0.9608820173930422,67.873651640928,33.9625066599096
GC,2021-09-12,12,0.9451469701336848,66.83363294630401,32.40314484463861
GC,2021-09-13,12,0.9294119228743273,76.135566112704,37.954192893483686
GC,2021-09-14,12,0.9137948691779207,76.698479394432,38.24273711145312
GC,2021-09-15,12,0.8985317961703667,75.823198766784,37.89683883662726
GC,2021-09-16,12,0.8832687231628127,80.93944054828799,40.83886256808687
GC,2021-09-17,12,0.8680056501552587,70.887577348224,35.97479321359952
GC,2021-09-18,12,0.852884553033455,69.35095356940802,36.22638486921917
GC,2021-09-19,12,0.8381893835689029,54.13962638649599,28.034145228477676
GC,2021-09-20,12,0.8234942141043509,41.27347623168001,21.877364315612258
GC,2021-09-21,12,0.8087990446397988,75.110932907136,39.161129568367365
GC,2021-09-22,12,0.7942674053160358,72.42957285177599,38.012567223839824
GC,2021-09-23,12,0.7802263564146399,67.05216588672,35.39910822919458
GC,2021-09-24,12,0.766185307513244,71.53563091449601,38.07873257502285
GC,2021-09-25,12,0.7521442586118481,70.66146810240001,37.89523322321896
GC,2021-09-26,12,0.7382851332299752,70.50907258214399,37.97462314029815
GC,2021-09-27,12,0.7249717784066715,69.47347857407999,37.70075452072667
GC,2021-09-28,12,0.7116584235833677,34.59977583148799,19.79272817099455
GC,2021-09-29,12,0.698345068760064,69.234203945088,38.00848491215664
GC,2021-09-30,12,0.6852282997610171,67.54487414169598,37.3054338987989
GC,2021-10-01,12,0.6727012882347406,58.041920478528,32.558279751786635
GC,2021-10-02,12,0.6601742767084642,65.165945294016,36.42895987403681
GC,2021-10-03,12,0.6476472651821877,62.892525814272,35.374488314782255
GC,2021-10-04,12,0.6353274069011214,62.53470063590401,35.4224094649954
GC,2021-10-05,11,0.6236290083556859,62.344889345088,35.48066085833875
GC,2021-10-06,11,0.6119306098102504,57.328847307648,32.99880105447396
GC,2021-10-07,11,0.6002322112648149,38.159987314176,23.396985748074307
GC,2021-10-08,11,0.5887473026096479,49.06455747782399,29.66442046562553
GC,2021-10-09,11,0.5779028636252864,59.054133511296,34.453153522541854
GC,2021-10-10,11,0.5670584246409249,36.39126155616,22.510616920191573
GC,2021-10-11,11,0.5562139856565634,44.09661255955199,27.01866737780679
GC,2021-10-12,11,0.5455852315561958,26.228129133024,16.9668790425093
GC,2021-10-13,11,0.5356035321078098,52.32121993728,31.568635919988502
GC,2021-10-14,11,0.5256218326594237,29.741376837312,19.36751262579094
GC,2021-10-15,11,0.5156401332110377,41.830055225279985,26.309694822956967
GC,2021-10-16,11,0.5058724608445311,53.39758316255999,32.46157719663926
GC,2021-10-17,11,0.4967468697236622,52.978153927103996,32.31758605375553
GC,2021-10-18,11,0.48762127860279336,51.445721956608,31.56940826460234
GC,2021-10-19,11,0.4784956874819245,50.599877138495984,31.25659733848564
GC,2021-10-20,11,0.4695790592846225,44.69604114931199,28.31855918851046
GC,2021-10-21,10,0.46128931985802124,46.4134094928,29.331889208138385
GC,2021-10-22,10,0.45299958043141997,29.953016581824002,19.658686919129803
GC,2021-10-23,10,0.4447098410048187,33.839474953536,22.65407085639405
GC,2021-10-24,10,0.43662114650135553,43.20468890035201,27.703609126160213
GC,2021-10-25,10,0.4291355867673067,30.072094988544002,20.553641381855936
GC,2021-10-26,10,0.4216500270332578,23.099596281215998,16.368131956542985
GC,2021-10-27,10,0.41416446729920897,26.345297938176,18.156054847029157
GC,2021-10-28,10,0.40686978609666513,15.004702083168,10.939564155529565
GC,2021-10-29,10,0.4001477404886362,30.789856774656002,21.14176845834324
GC,2021-10-30,10,0.3934256948806073,44.23770572255999,28.669060191949132
GC,2021-10-31,10,0.3867036492725784,43.896585676608,28.548271034427497
GC,2021-11-01,10,0.380160677540202,42.359868746496,27.737388997912188
GC,2021-11-02,10,0.3741549274347834,24.625104005376,17.38316526031113
GC,2021-11-03,10,0.3681491773293648,29.555012144448,20.678225818782515
GC,2021-11-04,10,0.3621434272239462,27.486587616767995,19.13058828438727
GC,2021-11-05,10,0.356303883888198,34.42552080710401,23.488315984307913
GC,2021-11-06,10,0.35096296086146095,24.406912619712006,17.612905270939308
GC,2021-11-07,10,0.3454618101439218,25.366246766784002,18.078422080687464
GC,2021-11-08,10,0.3400585763485395,38.386593366911995,25.754009795558357
GC,2021-11-09,9,0.3348959095578539,18.905629956191998,14.27031872530314
GC,2021-11-10,9,0.3301661507690076,20.594447427456,15.334771374058738
GC,2021-11-11,9,0.32543639198016133,17.148346282368,12.691770281487825
GC,2021-11-12,9,0.32070663319131504,16.358982200064,12.638974530950687
GC,2021-11-13,9,0.31613934712127356,30.005522862335997,21.15518447382278
GC,2021-11-14,9,0.31196663765404387,24.154068951935994,17.789812908076883
GC,2021-11-15,9,0.30779392818681417,32.60792166912,22.557917920809583
GC,2021-11-16,9,0.3036212187195845,18.122212031616,13.822357456491128
GC,2021-11-17,9,0.29959547608162956,34.375094905535995,23.711601711845066
GC,2021-11-18,9,0.29592665288619907,27.555333273215997,19.643419924305157
GC,2021-11-19,9,0.2922578296907686,18.780993522143998,14.400438817286961
GC,2021-11-20,9,0.2885890064953381,30.429827015616,21.360356820676305
GC,2021-11-21,9,0.2850522343141988,25.340754362112,18.53853862011668
GC,2021-11-22,9,0.2818361574534811,31.788687071231998,22.22544400353886
GC,2021-11-23,9,0.27862008059276344,24.508571734079997,17.833658908650236
GC,2021-11-24,9,0.27540400373204577,27.179778298176,19.457695722240526
GC,2021-11-25,9,0.2723058754811837,13.787820127872001,11.041361530325936
GC,2021-11-26,9,0.26949419385425644,12.849724476288,10.236273378194964
GC,2021-11-27,9,0.2666825122273292,20.597831924544003,15.68317093249526
GC,2021-11-28,9,0.26387083060040195,26.909484287616,19.313259567202874
GC,2021-11-29,9,0.2611639544235199,20.030695784063997,15.082308606529216
GC,2021-11-30,9,0.2587116057681763,17.106117694848,13.265433246948577
GC,2021-12-01,8,0.2562592571128327,24.672238561151993,18.015262006111435
GC,2021-12-02,8,0.2538069084574891,28.039347407231997,20.095706941262122
GC,2021-12-03,8,0.2514472628589815,26.633942754047997,19.177109031606626
GC,2021-12-04,8,0.24931275325564697,17.586716281344,13.495211828027383
GC,2021-12-05,8,0.24717824365231247,18.643083028415997,14.372152384216534
GC,2021-12-06,8,0.24504373404897797,20.492446758335998,15.522428178932618
GC,2021-12-07,8,0.24299089631592227,16.800519343104,13.173639430944956
GC,2021-12-08,8,0.24113640455354365,22.458560112576002,16.712385973687056
GC,2021-12-09,8,0.23928191279116504,20.337846657408,15.464477152094755
GC,2021-12-10,8,0.23742742102878642,24.53620661856,18.215914569306644
GC,2021-12-11,8,0.23564463277880396,20.513250547776003,15.553025343573442
GC,2021-12-12,8,0.23403598163035497,20.305585258559997,15.495065672289412
GC,2021-12-13,8,0.23242733048190597,20.475710575488,15.546877499134425
GC,2021-12-14,8,0.23081867933345698,20.250812296511995,15.442315054655074
GC,2021-12-15,8,0.22927278970758805,22.009570865856,16.508231758380422
GC,2021-12-16,8,0.22787932092227073,24.166644376896,17.841145507563372
GC,2021-12-17,8,0.2264858521369534,29.040941192256003,21.330601503897768
GC,2021-12-18,8,0.2250923833516361,19.048415367744,14.705309022728985
GC,2021-12-19,8,0.22375370490235255,19.470421789055997,14.914996035095303
GC,2021-12-20,8,0.22254808869772244,19.761364336895998,15.17550321159861
GC,2021-12-21,8,0.22134247249309233,26.64841225536,19.70155165931858
GC,2021-12-22,8,0.22013685628846222,17.666112235967997,13.963886592961801
GC,2021-12-23,8,0.21629612897677755,23.500115803584002,17.581739046119868
GC,2021-12-24,8,0.20605584611938896,24.345184360896,18.40499304796673
GC,2021-12-25,8,0.19581556326200036,22.168486976832,17.23027756689832
GC,2021-12-26,8,0.1855752804046118,26.2593503424,20.250623788378913
GC,2021-12-27,8,0.1784023155431481,20.790251451648,16.68237295891419
GC,2021-12-28,8,0.17867855152893058,20.805776667647994,16.712001056323842
GC,2021-12-29,8,0.17895478751471308,13.72724073504,11.673752968960915
GC,2021-12-30,8,0.17923102350049558,19.20997076544,15.590018362252597
GC,2021-12-31,8,0.17942669065709152,22.828370757696,18.1252073665296
BM,2020-05-31,4,0.8890033127783983,14.121239666687996,5.88197603944319
BM,2020-06-01,16,0.8938835780097354,72.331422436224,38.21401956293307
BM,2020-06-02,16,0.9134046389350837,121.90368552768,72.02438499691348
BM,2020-06-03,16,0.9329256998604321,109.47323503468802,60.84559955702843
BM,2020-06-04,16,0.9524467607857804,104.877056938752,59.26959779990686
BM,2020-06-05,16,0.9703468843974267,107.493894196416,59.678756727365524
BM,2020-06-06,16,0.983384196067967,63.966979437983994,32.82047623211098
BM,2020-06-07,16,0.9964215077385074,86.636387509056,46.678019384953515
BM,2020-06-08,16,1.0094588194090477,83.015984763936,43.449418732649875
BM,2020-06-09,16,1.02055274615476,77.68285571491198,41.12478692838588
BM,2020-06-10,16,1.0258165181259882,109.307006546976,61.54119989136915
BM,2020-06-11,16,1.0310802900972162,115.68707853696002,63.14516541980958
BM,2020-06-12,16,1.0363440620684443,116.16385792032,63.47285644283376
BM,2020-06-13,16,1.0404932810209397,110.96921379801599,60.62929567375999
BM,2020-06-14,16,1.0412988409172366,92.287752435648,47.8065749193645
BM,2020-06-15,16,1.0421044008135332,85.49370056102399,42.89692373642558
BM,2020-06-16,16,1.04290996070983,66.527211758112,32.900224576628524
BM,2020-06-17,16,1.0432879275408626,74.19022549747199,37.343753026894134
BM,2020-06-18,16,1.0423831151761034,84.86772385190402,43.35550994556836
BM,2020-06-19,16,1.0414783028113441,109.523381482368,59.26042734661499
BM,2020-06-20,16,1.0405734904465846,81.18365219596801,40.11024891307936
BM,2020-06-21,16,1.0395119473144385,107.93713911321598,60.00917792462152
BM,2020-06-22,16,1.0379802118801318,117.915071234688,65.56471198028855
BM,2020-06-23,16,1.036448476445825,119.02049766432,66.12561757851671
BM,2020-06-24,16,1.0349167410115183,106.015769431488,57.84835074408643
BM,2020-06-25,16,1.0333090409068968,120.345450648192,66.89033938679079
BM,2020-06-26,16,1.0314734467913316,119.58188947488,66.42765881631637
BM,2020-06-27,16,1.0296378526757661,111.65223015071997,62.36635946294081
BM,2020-06-28,16,1.027802258560201,94.948122398976,50.17371705050083
BM,2020-06-29,16,1.0259105897505947,64.935333735552,32.478114625662016
BM,2020-06-30,16,1.0238506968588652,68.48237983507201,36.0230193619257
BM,2020-07-01,16,1.021790803967136,110.48445445363201,59.95864360007358
BM,2020-07-02,16,1.0197309110754067,125.08048627603199,70.47152566368536
BM,2020-07-03,16,1.0176170204867026,119.57611409452797,67.16369557163141
BM,2020-07-04,16,1.0153411368070744,110.33581603564801,60.81396427330536
BM,2020-07-05,16,1.0130652531274462,124.32266943264001,70.2062489473929
BM,2020-07-06,16,1.0107893694478178,123.66219569356798,69.76719490921795
BM,2020-07-07,16,1.0084562470137743,108.426059215488,57.88835092242832
BM,2020-07-08,16,1.005951408316485,89.38857359980803,47.19433751542644
BM,2020-07-09,16,1.003446569619196,123.640584592896,69.95062295404543
BM,2020-07-10,16,1.0009417309219069,113.24458945497601,64.98545899468583
BM,2020-07-11,16,0.9983745607926673,123.18532315891198,69.86808081472235
BM,2020-07-12,16,0.9956203963675763,118.23548064249597,65.89289331234967
BM,2020-07-13,16,0.9928662319424852,121.48590196512001,68.72544548466294
BM,2020-07-14,16,0.9901120675173942,122.782599055872,69.70348069486556
BM,2020-07-15,15,0.9872895509607637,121.39983016761602,68.79863070355454
BM,2020-07-16,15,0.9842619780095141,120.092234375232,68.00536322345451
BM,2020-07-17,15,0.9812344050582646,107.507835840384,60.07996205566262
BM,2020-07-18,15,0.9782068321070152,114.90485605401601,65.79537242384976
BM,2020-07-19,15,0.9751041723882358,118.75939458163201,67.1964457869104
BM,2020-07-20,15,0.9717762523668667,117.80537005843199,66.73030318864694
BM,2020-07-21,15,0.9684483323454975,116.389718762688,65.69031768861686
BM,2020-07-22,15,0.9651204123241285,110.87373371961601,61.86139399496323
BM,2020-07-23,15,0.9617099707642088,91.765670472,47.89252316894044
BM,2020-07-24,15,0.9580519645886376,117.323001597312,66.65206177668048
BM,2020-07-25,15,0.9543939584130664,118.64550159705598,67.60855660760821
BM,2020-07-26,15,0.9507359522374952,117.79912892160003,67.05881077211504
BM,2020-07-27,15,0.9469872436497576,115.602838714944,65.9345644212441
BM,2020-07-28,15,0.9429664278255209,105.10375614278398,58.1057556842732
BM,2020-07-29,15,0.9389456120012841,97.201886955264,52.525875608180534
BM,2020-07-30,15,0.9349247961770474,113.613468587136,64.53039688232042
BM,2020-07-31,14,0.9308042836996601,112.719185095104,63.96064486466695
BM,2020-08-01,14,0.926384681262821,102.63139654521598,57.18928542400441
BM,2020-08-02,14,0.9219650788259819,109.02433893926401,61.65617566698207
BM,2020-08-03,14,0.9175454763891427,106.529188324608,60.09489529491624
BM,2020-08-04,14,0.9130162914898156,108.324927958464,61.519931172882885
BM,2020-08-05,14,0.9081583592030239,105.69526687238398,60.02000435039331
BM,2020-08-06,14,0.9033004269162322,94.03700957279996,52.87346612308578
BM,2020-08-07,14,0.8984424946294405,96.084971865792,53.24062555049827
BM,2020-08-08,14,0.8934641162331232,103.53682714233601,58.790663172095876
BM,2020-08-09,14,0.8881243995082289,78.608329365888,43.47613038187975
BM,2020-08-10,14,0.8827846827833346,104.158022084928,59.467358913511305
BM,2020-08-11,14,0.8774449660584402,102.89343114086398,58.668173384391466
BM,2020-08-12,14,0.8719728689207232,80.66722141094398,45.09367629973023
BM,2020-08-13,14,0.866103630544538,98.92245349324797,56.078926275238736
BM,2020-08-14,14,0.8602343921683527,103.483234096704,59.26556467900288
BM,2020-08-15,14,0.8543651537921675,102.439473825024,58.64596681683959
BM,2020-08-16,14,0.8483504336358579,94.87366346303999,53.65628720474273
BM,2020-08-17,14,0.8418992681391757,97.58653970688,55.86155620490514
BM,2020-08-18,14,0.8354481026424934,95.73633761529601,54.988148845260596
BM,2020-08-19,14,0.8289969371458111,85.72024451289599,49.08503181293993
BM,2020-08-20,14,0.8223859292592572,93.56724758707199,53.202994260962704
BM,2020-08-21,14,0.8152953942030884,95.62287933676801,54.77286140551196
BM,2020-08-22,14,0.8082048591469195,88.914837158784,50.62201052019229
BM,2020-08-23,14,0.8011143240907507,89.099618279616,50.77945406280716
BM,2020-08-24,14,0.7938482588612914,79.214402748096,45.07999117062888
BM,2020-08-25,14,0.7860556031119608,78.67129964198399,45.04577363343398
BM,2020-08-26,14,0.7782629473626302,92.11793762303999,53.96587722551665
BM,2020-08-27,14,0.7704702916132997,90.476968867488,53.59098021580969
BM,2020-08-28,14,0.7624850967045491,90.57631472467202,52.637123143293486
BM,2020-08-29,14,0.7539222843175384,92.09536395897601,54.42977360754161
BM,2020-08-30,14,0.7453594719305277,93.16548604742398,55.01663106199454
BM,2020-08-31,14,0.7367966595435169,37.616294249856,21.106047101580018
BM,2020-09-01,14,0.7280231786942413,86.545813398912,52.0055804188915
BM,2020-09-02,14,0.7186176924581711,83.49607101830398,49.56703154498303
BM,2020-09-03,13,0.709212206222101,86.829396994368,51.99554619080134
BM,2020-09-04,13,0.699806719986031,88.75471008095998,53.20698678152358
BM,2020-09-05,12,0.6901720026382535,82.21486809311999,49.102662354795825
BM,2020-09-06,12,0.6798495919553543,85.97662792991999,51.90237028060892
BM,2020-09-07,12,0.6695271812724553,38.999715197183995,22.868211010392017
BM,2020-09-08,12,0.6592047705895562,87.67353403871999,53.34902587410094
BM,2020-09-09,12,0.6486359950840563,85.78706504255999,52.44801047808433
BM,2020-09-10,12,0.6373281251107543,84.84483968352,52.119655019157534
BM,2020-09-11,12,0.6260202551374523,84.1629721968,51.9685295242709
BM,2020-09-12,12,0.6147123851641503,82.35925260191999,51.10487434598042
BM,2020-09-13,12,0.6031470644969986,82.94014408377599,51.64079916027769
BM,2020-09-14,12,0.5908093917482982,80.614963533888,50.50132073374719
BM,2020-09-15,12,0.5784717189995977,73.042135774272,45.9849754067348
BM,2020-09-16,12,0.5661340462508972,77.87482501075199,49.12374184444104
BM,2020-09-17,12,0.5535446426503404,75.74852247782398,48.22662669696863
BM,2020-09-18,12,0.5402000464942147,74.793535391232,48.22100986293227
BM,2020-09-19,12,0.526855450338089,44.823068466623994,29.5257035748178
BM,2020-09-20,12,0.5135108541819632,64.09718942457599,42.54412314590668
BM,2020-09-21,12,0.4999600107218014,68.708737484352,45.01627953620865
BM,2020-09-22,12,0.48579042534953143,63.79606233504,42.54902190218799
BM,2020-09-23,12,0.4716208399772614,64.69994041056,43.57907822359684
BM,2020-09-24,12,0.45745125460499136,48.553902073151995,33.19275897007647
BM,2020-09-25,12,0.44320159045705104,38.185790223168006,26.344032623358167
BM,2020-09-26,12,0.42871168998209963,47.838438019008,33.45833981967241
BM,2020-09-27,12,0.4142217895071482,66.006201034368,46.26863345929919
BM,2020-09-28,12,0.3997318890321968,68.877186077952,48.28432436229971
BM,2020-09-29,12,0.3854136799612886,69.42879700243199,49.140661279613376
BM,2020-09-30,12,0.3716105451025102,68.46834503980797,48.91236567943161
BM,2020-10-01,12,0.35780741024373175,64.037634696,46.168036265769295
BM,2020-10-02,12,0.34400427538495326,66.29431799289598,48.27418973882443
BM,2020-10-03,12,0.3307264764613643,65.63098761408,48.20721715986779
BM,2020-10-04,12,0.31902468534334383,65.50007899276801,48.55893729523368
BM,2020-10-05,11,0.3073228942253234,63.82661596012799,47.695962796615234
BM,2020-10-06,11,0.29562110310730294,62.161598644992,46.891012305022734
BM,2020-10-07,11,0.2847238341718407,63.02262712435199,47.91511983565501
BM,2020-10-08,11,0.27624013178405343,62.67421022688,47.94064183429363
BM,2020-10-09,11,0.2677564293962662,59.37317670009599,45.6943881450031
BM,2020-10-10,11,0.259272727008479,43.639022343168,34.20858040694315
BM,2020-10-11,11,0.2516035120648652,32.929588619424,26.708538431605845
BM,2020-10-12,11,0.24637775945377197,32.592800108736,26.399158219941278
BM,2020-10-13,11,0.24115200684267873,22.89837395664,18.864635813810587
BM,2020-10-14,11,0.2359262542315855,42.322484026368,33.86109926045533
BM,2020-10-15,11,0.23130082506327665,37.718605423296,30.49131119471186
BM,2020-10-16,11,0.22847636622332085,21.300844755456,17.728080436470783
BM,2020-10-17,11,0.22565190738336505,26.249864435424005,21.391928374347707
BM,2020-10-18,10,0.22282744854340925,17.28352433808,14.497087855470975
BM,2020-10-19,10,0.220358191399258,25.151641706016004,20.94385998538569
BM,2020-10-20,10,0.21895453934252052,38.850362619264004,31.4745948413777
BM,2020-10-21,10,0.21755088728578303,32.9064715728,26.762059697533893
BM,2020-10-22,10,0.21614723522904555,45.95712339456,36.5172194100563
BM,2020-10-23,10,0.21492795939045478,42.134659963199994,33.55794407468172
BM,2020-10-24,10,0.2142618122063041,22.028760032832,18.457621688134658
BM,2020-10-25,10,0.21359566502215344,51.77479443494399,40.91533591562994
BM,2020-10-26,10,0.21292951783800276,40.740247162944,32.48707762903459
BM,2020-10-27,10,0.2123526716083026,47.23904047968,37.262217603712145
BM,2020-10-28,10,0.21204372824195392,28.22344541856,22.871053103179808
BM,2020-10-29,10,0.21173478487560524,45.57225328992,35.86372821104979
BM,2020-10-30,10,0.21142584150925656,35.01057304684801,28.075512225405603
BM,2020-10-31,10,0.2142156718019919,45.15167518848,35.45875024228711
BM,2020-11-01,10,0.22666440761007906,40.373572611456005,31.34541243052471
BM,2020-11-02,10,0.23889156397821643,40.327804274688,30.80052920216419
BM,2020-11-03,10,0.2509777152482039,39.996620366976,30.070172766178
BM,2020-11-04,10,0.25941866664343066,18.063899320319997,14.2711362542572
BM,2020-11-05,10,0.25900698977138115,27.178008423552,21.155162817619075
BM,2020-11-06,10,0.25859531289933163,32.102917443072,24.301298718435927
BM,2020-11-07,10,0.2581836360272821,31.557920260608,23.713936608435674
BM,2020-11-08,10,0.25777155477462027,22.714477773120002,17.636869896135085
BM,2020-11-09,9,0.25735849145475714,31.102845129216,23.44543687654701
BM,2020-11-10,9,0.256945428134894,11.971168028064001,9.775520256660087
BM,2020-11-11,9,0.2565323648150309,21.975275663712004,16.880836616768566
BM,2020-11-12,9,0.256118906042436,34.611388693056,25.375969285555115
BM,2020-11-13,9,0.25570448688463526,20.944882603007997,16.35500021651231
BM,2020-11-14,9,0.2552900677268346,21.700029109248,16.794315988311748
BM,2020-11-15,9,0.2548756485690339,23.520640139136002,18.09651704012485
BM,2020-11-16,9,0.25446084819360937,20.717034532992002,16.04770597489485
BM,2020-11-17,9,0.2540451220039557,28.656754197119998,21.187730271566178
BM,2020-11-18,9,0.253629395814302,26.166105895103996,19.577964681335754
BM,2020-11-19,9,0.25321366962464825,25.870381580735998,19.406057076218186
BM,2020-11-20,9,0.25279758445282535,28.665386217216,21.13565622018915
BM,2020-11-21,9,0.25238062746716305,23.605283616768,17.7207738673429
BM,2020-11-22,9,0.2519636704815007,30.619638306431998,22.18975713110063
BM,2020-11-23,9,0.25154671349583835,21.807463603968,16.618581273852563
BM,2020-11-24,9,0.25112943180604497,20.715078355776,15.906556118470053
BM,2020-11-25,9,0.2507113615490762,23.894238936960004,17.895197682239424
BM,2020-11-26,9,0.2502932912921074,15.38021048256,12.0689740300911
BM,2020-11-27,9,0.2498752210351386,28.199474485056,20.38815413174589
BM,2020-11-28,8,0.24945687844138495,16.795302870528,13.095345232968088
BM,2020-11-29,8,0.24903787445829656,28.017084247488,20.21351883649455
BM,2020-11-30,8,0.24861887047520817,23.645431825343998,17.513428815437788
BM,2020-12-01,8,0.24819986649211978,28.831040271936,20.78440626234347
BM,2020-12-02,8,0.24778066962789394,28.161903462336,20.309139716011455
BM,2020-12-03,8,0.24736100433804858,28.516530446208,20.537332899536292
BM,2020-12-04,8,0.24694133904820323,25.331439232511997,18.393314610020944
BM,2020-12-05,8,0.24652167375835787,27.963801706176003,20.12973054593791
BM,2020-12-06,8,0.24610193542005024,27.850001872896,20.04215028237271
BM,2020-12-07,8,0.24568201967833425,27.699345176831997,19.91725321370149
BM,2020-12-08,8,0.24526210393661826,22.120514059391994,16.349397772301103
BM,2020-12-09,8,0.24484218819490228,11.135523276863998,9.072086191729332
BM,2020-12-10,8,0.24442237900518424,27.066351070079993,19.469029072476363
BM,2020-12-11,8,0.24400282858460398,13.697401269888003,10.872606854311718
BM,2020-12-12,8,0.24358327816402373,19.062729616896004,14.54037961712279
BM,2020-12-13,8,0.2431637277434435,22.149949868927997,16.31053952554825
BM,2020-12-14,8,0.24274455102173392,11.610781189056,9.536527542987294
BM,2020-12-15,8,0.24232628185442448,21.293951559552,15.826494632943202
BM,2020-12-16,8,0.24190801268711504,20.36970440064,15.294680539049883
BM,2020-12-17,8,0.24148974351980562,21.396759539904,15.875790556039254
BM,2020-12-18,8,0.24107224140732675,17.372996157888004,13.408086683528499
BM,2020-12-19,8,0.2406566021422935,16.656724792511998,13.069403993433786
BM,2020-12-20,8,0.24024096287726027,16.324578321408,12.85438171527951
BM,2020-12-21,8,0.23982532361222703,14.022670070303997,11.210846432941585
BM,2020-12-22,8,0.23941102233528191,11.626182203328,9.532099495252004
BM,2020-12-23,8,0.23899997045797933,25.027517604095998,18.086903516392354
BM,2020-12-24,8,0.23858891858067674,26.502878880576,19.154251913971752
BM,2020-12-25,8,0.23817786670337418,23.91783726528,17.462689823128482
BM,2020-12-26,8,0.23776896441605969,16.851628354176,13.1390414776795
BM,2020-12-27,8,0.23736528256157338,24.81115819392,18.0310196384046
BM,2020-12-28,8,0.2369616007070871,26.926903579968,19.521413698619757
BM,2020-12-29,8,0.23655791885260083,26.71905198816,19.40983058689286
BM,2020-12-30,8,0.23615652139036114,12.75342156144,10.3118776573737
BM,2020-12-31,8,0.23576067173786328,18.432374796864003,14.284114909108544
BM,2021-01-01,8,0.23536797131633694,24.607498410432,18.007983364285078
BM,2021-01-02,8,0.23498291902717003,15.475535308799998,12.276613264626407
BM,2021-01-03,8,0.23459786673800312,19.51721479008,15.062247261460117
BM,2021-01-04,8,0.2342128144488362,21.090974885567995,15.966767884216763
BM,2021-01-05,8,0.23383338011561952,20.929000307040003,15.905936130652039
BM,2021-01-06,8,0.2334675893897104,24.7953224736,18.369191538115953
BM,2021-01-07,8,0.2331017986638013,20.135366790335997,15.518085461960778
BM,2021-01-08,8,0.2327360079378922,29.546131720895996,21.670570566138732
BM,2021-01-09,8,0.2323777980954106,28.418473181952,20.871590390784654
BM,2021-01-10,8,0.23203799896982427,29.412149106816,21.61270998216557
BM,2021-01-11,8,0.23169819984423795,26.180699598144002,19.46840238556656
BM,2021-01-12,9,0.23135840071865166,15.429891173759998,12.462811055083744
BM,2021-01-13,9,0.23102825470423158,23.970716150976,18.19699144345675
BM,2021-01-14,9,0.2307215519597866,31.643371049472,23.401746761564482
BM,2021-01-15,9,0.23041484921534164,18.460289135232003,14.509971942388722
BM,2021-01-16,9,0.23010814647089667,25.694015126976,19.407449776124526
BM,2021-01-17,9,0.22981292777250487,12.247532398079999,10.10439420131596
BM,2021-01-18,9,0.2295455989002422,11.192795798688,9.339725515357307
BM,2021-01-19,9,0.22927827002797957,34.123462204607996,25.41182845648882
BM,2021-01-20,9,0.22901094115571693,33.053371166592,24.654186763632527
BM,2021-01-21,9,0.22875626120996734,28.811385348479998,21.784917035231096
BM,2021-01-22,9,0.22853230008574948,34.998525479232,26.193773608914178
BM,2021-01-23,9,0.2283083389615316,36.326241951552,27.233969033655214
BM,2021-01-24,9,0.22808437783731372,33.323044168512,25.024724139485482
BM,2021-01-25,9,0.22787324454942606,34.954589117952004,26.250183770141977
BM,2021-01-26,9,0.22769326457834033,30.507266793023998,23.23276478345217
BM,2021-01-27,9,0.2275132846072546,30.219553490111995,23.124252556030687
BM,2021-01-28,9,0.22733330463616883,29.093416422336002,22.436469492824642
BM,2021-01-29,9,0.22716530285522954,27.949270103999996,21.848375256306564
BM,2021-01-30,9,0.227026390964646,30.039429934079998,23.196611345433347
BM,2021-01-31,9,0.22688747907406245,37.856189887488,28.72718321207397
BM,2021-02-01,9,0.2267485671834789,26.261648074367997,20.872545779966302
BM,2021-02-02,9,0.22662001347668637,33.615135582336,26.101327559925174
BM,2021-02-03,9,0.22651661535910045,30.257683420608,23.507746224871294
BM,2021-02-04,9,0.22641321724151453,29.389979098368,23.26504305030889
BM,2021-02-05,10,0.2263098191239286,33.217565851008,26.050941300980494
BM,2021-02-06,10,0.22621480159929547,16.496069857344,13.68408862747131
BM,2021-02-07,10,0.2261401369432619,30.300315663743998,23.894785797092705
BM,2021-02-08,10,0.22606547228722834,32.062381104096,25.463179484014447
BM,2021-02-09,10,0.22599080763119478,31.440704879807992,24.963498782124685
BM,2021-02-10,10,0.22592256609106393,33.667797115008,26.50918222371394
BM,2021-02-11,10,0.22586992354669683,34.454428759296,27.244969460934016
BM,2021-02-12,10,0.22581728100232973,31.236796692863997,24.90896836451127
BM,2021-02-13,10,0.22576463845796263,47.65036555238401,36.98448157703515
BM,2021-02-14,10,0.22571671723429687,24.25209516576,19.669876631782053
BM,2021-02-15,10,0.2256802620751915,44.08099419225599,34.4683206217386
BM,2021-02-16,10,0.22564380691608615,26.12723075424,21.27071682348508
BM,2021-02-17,10,0.2256073517569808,39.848696108927996,31.722855709973075
BM,2021-02-18,10,0.22405231038876292,55.18310720428799,43.31770387597789
BM,2021-02-19,10,0.21880927394127178,44.778386894975995,35.655242727768446
BM,2021-02-20,10,0.21356623749378068,48.019772541887995,38.30055338429603
BM,2021-02-21,11,0.20832320104628957,21.768107181408,18.356888962113683
BM,2021-02-22,11,0.20513145554871062,33.324845093568,27.490102722889528
BM,2021-02-23,11,0.2069214166437755,49.708512387072,40.21736384999598
BM,2021-02-24,11,0.20871137773884038,58.48591060569599,47.31413821916395
BM,2021-02-25,11,0.2105013388339053,52.30258967808,42.14032781615201
BM,2021-02-26,11,0.21234803019453366,61.146963678527996,49.25911205547558
BM,2021-02-27,11,0.21433249505724475,58.60849771123199,47.20406613795468
BM,2021-02-28,11,0.21631695991995584,32.37519868128,26.300636205030468
BM,2021-03-01,11,0.21830142478266693,67.385150719488,54.34695656793388
BM,2021-03-02,11,0.22034698946454645,41.731811658431994,34.211111300999455
BM,2021-03-03,11,0.22254093942154934,69.724303963776,56.18105365771882
BM,2021-03-04,11,0.22473488937855224,71.297039395008,57.4207537853274
BM,2021-03-05,11,0.22692883933555513,72.251374422528,58.162184442050155
BM,2021-03-06,11,0.22918856137755583,57.619324099008,46.82797046073648
BM,2021-03-07,11,0.23160801562597977,46.474454642112,37.89196064144285
BM,2021-03-08,11,0.23402746987440373,55.39452959577601,44.745057791302266
BM,2021-03-09,11,0.2364469241228277,47.476389981888,38.635703714557344
BM,2021-03-10,11,0.23893714531506943,77.03848162483199,61.87468377252555
BM,2021-03-11,11,0.24159922908515438,78.138350027136,62.71511820321212
BM,2021-03-12,12,0.24426131285523933,77.19401323872,61.89297772228486
BM,2021-03-13,12,0.24692339662532428,79.433432495424,63.62552916204266
BM,2021-03-14,12,0.2495715653587334,80.82880785907199,64.74770296667423
BM,2021-03-15,12,0.25246281001401827,62.547276060864,50.051856548923716
BM,2021-03-16,12,0.25538582658859205,81.72458177184002,65.35770676701623
BM,2021-03-17,12,0.2583088431631658,83.024011300608,66.34632271100047
BM,2021-03-18,12,0.2613019821986492,78.95671521292802,63.01849330587985
BM,2021-03-19,12,0.26450548861686146,64.444612708224,51.62458484868592
BM,2021-03-20,12,0.2677089950350737,56.027182147775996,44.73842892641816
BM,2021-03-21,12,0.27091250145328594,44.124868452672004,35.66477137906494
BM,2021-03-22,12,0.2741913527576856,65.988347035968,52.607108897890896
BM,2021-03-23,12,0.2776962387206473,47.257732839744,37.888075832998304
BM,2021-03-24,12,0.281201124683609,63.136023302016,49.98805913670022
BM,2021-03-25,12,0.28470601064657075,67.288242321216,53.91377269845407
BM,2021-03-26,12,0.28829181735792464,35.419988517984,28.286396190221396
BM,2021-03-27,12,0.292120386314455,73.28308712659201,58.23570444438597
BM,2021-03-28,12,0.2959489552709854,92.19335912236801,72.86923220555192
BM,2021-03-29,12,0.2997775242275158,61.79175694944,48.85599235619997
BM,2021-03-30,12,0.3036929635599255,59.361688040256,46.76680991429698
BM,2021-03-31,12,0.30786901401997324,95.59794583987197,75.1640413062725
BM,2021-04-01,12,0.312045064480021,89.57810543673598,69.88012450235492
BM,2021-04-02,12,0.3162211149400687,89.38456809408001,69.6217984789694
BM,2021-04-03,12,0.3204903786669331,80.103345565824,61.97359693287813
BM,2021-04-04,13,0.3250392821942475,78.379270329024,60.60491772190128
BM,2021-04-05,13,0.32958818572156184,33.55095433939199,25.729129810824926
BM,2021-04-06,13,0.3341370892488762,93.973231985472,72.77413839622379
BM,2021-04-07,13,0.33878595929673244,95.71078310976,74.01469379326308
BM,2021-04-08,13,0.3437347289062143,61.88281234128001,47.537701483308275
BM,2021-04-09,13,0.34868349851569624,94.02583141727999,72.35319390060624
BM,2021-04-10,13,0.3536322681251782,39.210004247904,28.828864394465615
BM,2021-04-11,13,0.35868817984283363,49.206147447743994,36.1260312705717
BM,2021-04-12,14,0.36406551788500996,68.0695332912,51.38668549469036
BM,2021-04-13,14,0.3694428559271863,85.34295071366401,64.26490694383531
BM,2021-04-14,14,0.3748201939693626,67.86573378076801,51.27512316514483
BM,2021-04-15,14,0.38031227418287195,75.26798599219198,57.257128580678405
BM,2021-04-16,14,0.3861485809103803,100.70192270073602,76.26746366294935
BM,2021-04-17,14,0.3919848876378887,100.766228145408,75.91188862598639
BM,2021-04-18,14,0.3978211943653971,85.48913614752,63.72291821757993
BM,2021-04-19,14,0.40378025207295576,85.740147839808,64.04301489166035
BM,2021-04-20,14,0.4101075627206651,90.134622329472,66.41547665814127
BM,2021-04-21,14,0.4164348733683745,108.47123759404799,81.17253331031414
BM,2021-04-22,14,0.4227621840160839,73.748176022304,53.86005522751984
BM,2021-04-23,14,0.42922061591404437,75.651055171776,56.09156569701781
BM,2021-04-24,14,0.436072411562758,82.383254585856,59.73810508561445
BM,2021-04-25,14,0.44292420721147163,80.48063936505599,58.3700592258995
BM,2021-04-26,14,0.44977600286018526,80.829832523328,57.958544055493405
BM,2021-04-27,14,0.4567675494952259,83.25375344697599,59.72504964272062
BM,2021-04-28,14,0.4641783490892476,106.04514314016,77.12074536245045
BM,2021-04-29,14,0.4715891486832693,102.05531788032002,73.86940053198973
BM,2021-04-30,14,0.478999948277291,106.23725216294399,77.1049328471251
BM,2021-05-01,14,0.4865591924031183,79.20164102054399,55.20489610699467
BM,2021-05-02,14,0.49456377012436264,88.723224942912,62.43268698015539
BM,2021-05-03,14,0.502568347845607,90.222029295552,64.10779353324746
BM,2021-05-04,14,0.5105729255668513,94.76610476659201,67.03949632635675
BM,2021-05-05,14,0.5187343509177067,109.680807172608,78.51434439000204
BM,2021-05-06,14,0.5273663191573951,114.027991854336,81.36148801510683
BM,2021-05-07,14,0.5359982873970834,50.630430763584,33.76464093799886
BM,2021-05-08,14,0.5446302556367718,58.202295959808,39.90860051295516
BM,2021-05-09,14,0.5534265644679588,62.83821860870399,42.69468030861524
BM,2021-05-10,14,0.5627158950736415,77.756150259648,51.840582552330034
BM,2021-05-11,14,0.5720052256793241,67.73279135616,44.85195551293799
BM,2021-05-12,14,0.5812945562850068,97.85521909497596,66.11653700333665
BM,2021-05-13,14,0.5907537532135543,119.26300153824002,82.52100621723532
BM,2021-05-14,14,0.6007225491106958,106.663264089984,73.27121463205762
BM,2021-05-15,14,0.6106913450078373,116.02599400223998,79.47588755934328
BM,2021-05-16,14,0.6206601409049788,121.09451126975996,82.6413694086067
BM,2021-05-17,14,0.6308006002107363,120.78850926239998,82.01437232709199
BM,2021-05-18,14,0.6414560497423416,73.20580260134399,45.101274889146374
BM,2021-05-19,14,0.6521114992739471,63.938024910144,39.57499053710553
BM,2021-05-20,14,0.6627669488055525,35.849617820351995,21.899979714977263
BM,2021-05-21,16,0.6735892762606543,57.974044234176006,35.0098563630483
BM,2021-05-22,16,0.6849122374862456,123.54560132140799,81.80620056038813
BM,2021-05-23,16,0.6962351987118369,64.366582972608,39.07096380761971
BM,2021-05-24,16,0.7075581599374282,47.534888995776,28.01082796540593
BM,2021-05-25,16,0.7190321878720592,100.78097710060803,64.33590662421612
BM,2021-05-26,16,0.7309594159338096,78.679838510784,48.028442806186995
BM,2021-05-27,16,0.7428866439955601,117.440061725952,74.13218384904414
BM,2021-05-28,16,0.7548138720573107,88.80578804160001,52.5425823136497
BM,2021-05-29,16,0.7668588375196989,127.19449283788799,81.19689334506123
BM,2021-05-30,16,0.7792570151840005,128.213195410944,81.38953207613196
BM,2021-05-31,16,0.791655192848302,120.11586375398402,74.7101511774833
BM,2021-06-01,16,0.8040533705126035,114.573734247168,70.9193777964443
BM,2021-06-02,16,0.8165099404605759,119.34798657062399,73.8041435662306
BM,2021-06-03,16,0.8291416872595607,110.91881894688,67.68603942450079
BM,2021-06-04,16,0.8417734340585455,115.038869718528,69.72067942473278
BM,2021-06-05,16,0.8544051808575303,119.82364813843198,73.02694765111653
BM,2021-06-06,16,0.8670010334838285,95.92223655168,53.85178318516794
BM,2021-06-07,16,0.8794892035920671,111.10269960518401,64.31118696220074
BM,2021-06-08,16,0.8919773737003055,103.52459327212799,59.81999029688476
BM,2021-06-09,16,0.904465543808544,102.50449342963199,60.47197234762851
BM,2021-06-10,16,0.9167838364281061,74.881811769408,39.6489760520983
BM,2021-06-11,16,0.9285924965816388,105.10701643814402,60.09190940285375
BM,2021-06-12,16,0.9404011567351714,95.72506630848001,55.03685037420492
BM,2021-06-13,16,0.9522098168887041,117.12853274169602,68.54611660006303
BM,2021-06-14,16,0.9636823920100894,121.14385040620799,69.86799812705154
BM,2021-06-15,16,0.9741467120350328,119.92903330463999,68.6530728236923
BM,2021-06-16,16,0.9846110320599761,123.74600080953601,70.94084969431023
BM,2021-06-17,16,0.9950753520849195,123.38404592371201,70.31757276069717
BM,2021-06-18,16,1.0050322450145315,122.94403025183999,69.62047269162804
BM,2021-06-19,16,1.0134668566581493,105.667538836608,57.07415592506657
BM,2021-06-20,16,1.0219014683017669,78.550265058048,41.05822138717964
BM,2021-06-21,16,1.0303360799453845,121.73126247878399,67.93485285916832
BM,2021-06-22,16,1.0381300565854845,120.16656910943999,66.64837790068802
BM,2021-06-23,16,1.044002128215031,118.616034737088,65.02571350664536
BM,2021-06-24,16,1.0498741998445773,114.88321390291199,63.55386396009426
BM,2021-06-25,16,1.0557462714741237,104.62722516288,56.78635842107692
BM,2021-06-26,16,1.0609214330248622,120.01498090041599,65.78950889296095
BM,2021-06-27,16,1.064005864339177,119.55177055584,65.25816388868273
BM,2021-06-28,16,1.0670902956534918,120.244257290304,65.68757708639356
BM,2021-06-29,16,1.0701747269678066,121.30913185574398,66.31292373028803
BM,2021-06-30,16,1.0725925690933045,120.78680148864001,65.89455399953833
BM,2021-07-01,16,1.0730106436523512,106.87900249152001,57.170242625285944
BM,2021-07-02,16,1.073428718211398,116.115947103744,62.530063863192005
BM,2021-07-03,16,1.0738467927704447,124.003750445568,68.0123688442638
BM,2021-07-04,16,1.073691357717974,112.30264354982398,59.02476802613647
BM,2021-07-05,16,1.0718153938309514,121.74209907955199,66.6630955953267
BM,2021-07-06,16,1.0699394299439289,123.02212208831999,67.40035224495274
BM,2021-07-07,16,1.0680634660569062,89.305824198528,42.90462537501204
BM,2021-07-08,16,1.0657317654670795,123.27238857024003,67.68354771404
BM,2021-07-09,16,1.0620328547688411,108.008399854656,56.239366294881066
BM,2021-07-10,16,1.0583339440706028,123.409258874496,67.87690471068609
BM,2021-07-11,16,1.0546350333723646,122.75865917280001,67.57656617898634
BM,2021-07-12,16,1.0505922474828104,121.69838007129599,66.80897132720796
BM,2021-07-13,16,1.0455178360193083,119.83557150432,66.05154503378648
BM,2021-07-14,16,1.0404434245558063,121.05085436236799,66.85849983580667
BM,2021-07-15,16,1.0353690130923041,120.32886971750399,66.54261208749959
BM,2021-07-16,15,1.0300416602275393,119.83029293087999,66.47437209024038
BM,2021-07-17,15,1.0239554831589868,120.430249377984,66.89714984464018
BM,2021-07-18,15,1.0178693060904342,119.59101830188798,66.53939039317322
BM,2021-07-19,15,1.011783129021882,85.507952709312,44.169264613034464
BM,2021-07-20,15,1.0055113332499117,88.54123836095998,47.62295768612895
BM,2021-07-21,15,0.9986826813676887,93.441338085312,51.28849479492465
BM,2021-07-22,15,0.9918540294854656,117.53684592249598,66.30728366912268
BM,2021-07-23,15,0.9850253776032425,119.50569171475199,67.26682103325717
BM,2021-07-24,15,0.9780582832307619,118.68648816729599,66.93199404386009
BM,2021-07-25,15,0.9706758613875088,117.37758825676798,66.27861402828671
BM,2021-07-26,15,0.9632934395442557,111.65741557286397,63.30082294883297
BM,2021-07-27,15,0.9559110177010026,110.58813184608,62.29041264498932
BM,2021-07-28,15,0.9484223529558885,108.51067164268798,61.391274829751715
BM,2021-07-29,15,0.9406149595051915,80.18007118329598,42.00649010683517
BM,2021-07-30,15,0.9328075660544946,113.40577224748799,64.55395955581358
BM,2021-07-31,14,0.9250001726037976,112.00353473836802,63.95539286993065
BM,2021-08-01,14,0.9171085209094669,88.956724191552,49.11111105541527
BM,2021-08-02,14,0.9089640944842354,67.563752804352,35.52244527108962
BM,2021-08-03,14,0.9008196680590038,106.96541584377601,60.97852577356978
BM,2021-08-04,14,0.8926752416337722,106.54247790950403,61.09617111284807
BM,2021-08-05,14,0.8844620394478905,101.290669941888,57.94936604470978
BM,2021-08-06,14,0.8760425099800578,102.172036454208,58.283863983691475
BM,2021-08-07,14,0.8676229805122252,103.59023388537601,59.74663846435813
BM,2021-08-08,14,0.8592034510443926,70.458274075392,37.912076123767434
BM,2021-08-09,14,0.8507268081717968,82.42875899395199,46.70178960623467
BM,2021-08-10,14,0.8420788250849117,99.79462907769602,57.13310367880729
BM,2021-08-11,14,0.8334308419980265,102.90259101830401,60.174610095888696
BM,2021-08-12,14,0.8247828589111413,103.40048469542397,60.733373787158534
BM,2021-08-13,14,0.8160874775647379,103.39619973580798,60.87185468000881
BM,2021-08-14,14,0.8072499014397793,102.69728556191998,60.69225963272367
BM,2021-08-15,14,0.7984123253148208,101.521312550784,60.10189995719917
BM,2021-08-16,14,0.7895747491898623,99.84536548358399,59.501822865600744
BM,2021-08-17,14,0.7806988377731943,84.80919378758401,50.637206758452606
BM,2021-08-18,14,0.7717079204813984,70.98201723715201,41.64689340177917
BM,2021-08-19,14,0.7627170031896024,83.55245860281602,49.50152820590928
BM,2021-08-20,14,0.7537260858978065,83.64478706236801,50.98524758957329
BM,2021-08-21,14,0.7447061407089657,71.224039829376,43.175165417268246
BM,2021-08-22,14,0.73559911182899,95.27890265107203,58.20390391800484
BM,2021-08-23,14,0.7264920829490141,97.77812087231999,59.571944928612375
BM,2021-08-24,14,0.7173850540690383,97.977402544896,59.89805160619003
BM,2021-08-25,14,0.7082591669339591,90.90296526931199,55.43430570066425
BM,2021-08-26,14,0.6990767050335691,79.53459480287998,47.806586938884166
BM,2021-08-27,14,0.6898942431331793,69.66856843833598,42.1871950680069
BM,2021-08-28,14,0.6807117812327894,84.541508013312,52.08170648318522
BM,2021-08-29,14,0.6715219008704094,91.35521481139199,56.58474362164657
BM,2021-08-30,14,0.6623097651220591,91.78911354815999,57.35508807809878
BM,2021-08-31,14,0.6530976293737089,92.04822940319998,57.69686927461387
BM,2021-09-01,14,0.6438854936253586,93.41733610137602,58.980548884650275
BM,2021-09-02,14,0.6346788777950317,91.42920799084798,57.877665953259104
BM,2021-09-03,14,0.6254888217187753,90.199083026304,57.30923523702459
BM,2021-09-04,13,0.6162987656425188,84.67735365331198,54.48345882877479
BM,2021-09-05,13,0.6071087095662624,87.74833452940798,56.06312590818694
BM,2021-09-06,12,0.5979386633697292,85.51661577984001,54.67643477230565
BM,2021-09-07,12,0.5888286468123661,84.084569856,53.97251857833411
BM,2021-09-08,12,0.579718630255003,86.21649251711997,55.76648686130285
BM,2021-09-09,12,0.5706086136976399,82.10013674688001,53.093555286924946
BM,2021-09-10,12,0.5615345154082626,73.36689224255998,47.26272892974526
BM,2021-09-11,12,0.5525681719228426,57.050402558688,37.42931517419275
BM,2021-09-12,12,0.5436018284374226,62.545319883648006,40.2516431398405
BM,2021-09-13,12,0.5346354849520025,78.16890365222399,51.60121790419995
BM,2021-09-14,12,0.5257220540267455,76.1286729168,50.33225808075263
BM,2021-09-15,12,0.5169673607819774,76.081817814912,50.38611386454281
BM,2021-09-16,12,0.5082126675372093,82.17499933843199,54.77430315525726
BM,2021-09-17,12,0.49945797429244115,71.46210349151998,47.8445807035265
BM,2021-09-18,12,0.49077373913484257,68.65238095027199,46.81567916519201
BM,2021-09-19,12,0.48230087823875284,55.86174544608001,37.666047101662166
BM,2021-09-20,12,0.4738280173426631,37.850911314048,26.050884324976757
BM,2021-09-21,12,0.4653551564465734,76.25601073843201,51.822047483929516
BM,2021-09-22,12,0.4569701335924228,72.980034910272,49.785767507577454
BM,2021-09-23,12,0.4488486248640894,67.69335730752,46.16819932964455
BM,2021-09-24,12,0.440727116135756,72.608671743552,49.95324962361079
BM,2021-09-25,12,0.4326056074074226,71.82508304160001,49.63291460351005
BM,2021-09-26,12,0.42458830372031287,71.447012981568,49.53246294153129
BM,2021-09-27,12,0.4168836151568741,70.32590608377598,48.98381262664731
BM,2021-09-28,12,0.40917892659343535,25.696079980703995,18.71718381183452
BM,2021-09-29,12,0.4014742380299966,67.74530468025601,47.51702468406297
BM,2021-09-30,12,0.3938882150183222,68.23071608371201,48.04479517113583
BM,2021-10-01,12,0.38665818866194107,59.112601474752,41.92949344124597
BM,2021-10-02,12,0.3794281623055599,68.04056323814399,48.23144475419642
BM,2021-10-03,12,0.3721981359491788,64.969178706432,46.24968047813089
BM,2021-10-04,12,0.3650984976862549,65.143744235136,46.4509937631371
BM,2021-10-05,12,0.35839002370370276,65.078010470592,46.63558932815357
BM,2021-10-06,11,0.3516815497211506,56.390875857792,40.6508274910499
BM,2021-10-07,11,0.3449730757385985,42.43277516083199,31.439762426295427
BM,2021-10-08,11,0.3384033177132286,50.307537321216,37.17354941997157
BM,2021-10-09,11,0.3322497075594057,61.605050701824005,44.80366462167923
BM,2021-10-10,11,0.32609609740558276,31.342911544224,23.89374610396991
BM,2021-10-11,11,0.31994248725175983,44.899763033664,33.541152938364284
BM,2021-10-12,11,0.3139321367709587,38.962485729216,29.30980133501777
BM,2021-10-13,11,0.3083515653092231,52.877146871807994,39.118184448022525
BM,2021-10-14,11,0.30277099384748746,26.955066321791996,20.938869402665226
BM,2021-10-15,11,0.29719042238575183,39.258116892287994,29.880984608304328
BM,2021-10-16,11,0.29175379798560347,55.840413799295995,41.563020570459976
BM,2021-10-17,11,0.28674901477021697,55.38381719673599,41.2535086561348
BM,2021-10-18,11,0.28174423155483047,53.80431277132801,40.258124605233206
BM,2021-10-19,10,0.27673944833944397,52.98287359276801,39.78523373867671
BM,2021-10-20,10,0.2718756845475526,42.998358779712,32.889813244682045
BM,2021-10-21,10,0.26743497902614666,48.39489281088,36.76971658643042
BM,2021-10-22,10,0.2629942735047407,29.946775444992,23.149285624457303
BM,2021-10-23,10,0.25855356798333473,32.073885289152,25.161903561059486
BM,2021-10-24,10,0.25424783975089,44.146293250752,33.925508266565586
BM,2021-10-25,10,0.25034704338532887,32.095061683775995,25.46563214484535
BM,2021-10-26,10,0.24644624701976775,16.587482329152,13.649585446543515
BM,2021-10-27,10,0.24254545065420663,24.139878904511995,19.232670511469898
BM,2021-10-28,10,0.23877114641180253,16.677140451552,13.791442703571521
BM,2021-10-29,10,0.23537631853886953,27.029928913344005,21.699820977104835
BM,2021-10-30,10,0.23198149066593654,46.37102565311999,35.686553730401826
BM,2021-10-31,10,0.22858666279300355,45.981746387136006,35.45777146543266
BM,2021-11-01,10,0.2253081415842298,40.634023635072,31.529091372064585
BM,2021-11-02,10,0.2223785403679337,21.419814485663995,17.492936741570922
BM,2021-11-03,10,0.2194489391516376,25.615426483584,20.9682128907635
BM,2021-11-04,10,0.2165193379353415,26.087920907327998,20.845955830559493
BM,2021-11-05,10,0.21369488165550737,31.375250569151994,24.966830877966707
BM,2021-11-06,10,0.21118586018505925,20.527999502976,16.95864068864494
BM,2021-11-07,10,0.2086015680704977,23.786524988352,19.460117900085415
BM,2021-11-08,10,0.20606327468289434,35.64412606137601,28.00291676374517
BM,2021-11-09,10,0.20366350658032192,17.353294658783998,14.642112264938673
BM,2021-11-10,9,0.20152906808544765,22.149080456832003,18.21008534208807
BM,2021-11-11,9,0.19939462959057339,13.289709097727998,11.173742189657
BM,2021-11-12,9,0.19726019109569912,13.796172694080001,11.794534492107651
BM,2021-11-13,9,0.19522179785975327,28.031460597503997,22.660183240645555
BM,2021-11-14,9,0.19341665739549072,21.481558269696002,17.969656746448646
BM,2021-11-15,9,0.19161151693122816,30.510775491839997,24.291867823035776
BM,2021-11-16,9,0.1898063764669656,15.920689827168,13.532303534179237
BM,2021-11-17,9,0.18808472382332564,32.589508762944,25.75411172531849
BM,2021-11-18,9,0.18656582731548343,26.06202484704,21.046664982714884
BM,2021-11-19,9,0.18504693080764123,17.450513561376003,14.787764074250696
BM,2021-11-20,9,0.18352803429979903,28.471165765055996,22.75993546359446
BM,2021-11-21,9,0.18208101179157907,23.232181625855997,19.145030310620044
BM,2021-11-22,9,0.18080854042529884,30.544123655807994,24.216349718504745
BM,2021-11-23,9,0.17953606905901862,22.588971926975994,18.481476002063143
BM,2021-11-24,9,0.1782635976927384,25.807131850752004,20.83391050222017
BM,2021-11-25,9,0.17705249463735978,9.777222129023999,8.497414860519585
BM,2021-11-26,9,0.1759904289084565,10.153615465727999,8.807602758364498
BM,2021-11-27,9,0.17492836317955324,18.865838827584,15.873022285924655
BM,2021-11-28,9,0.17386629745064996,25.654860532224,20.63571578197402
BM,2021-11-29,8,0.1728562659374556,18.412968276864,15.35535869340736
BM,2021-11-30,8,0.17197260323383998,13.546775624256,11.616001272154277
BM,2021-12-01,8,0.17108894053022436,20.00315405088,16.598221994000983
BM,2021-12-02,8,0.17020527782660874,25.221613854527998,20.277392391883843
BM,2021-12-03,8,0.16936547673587873,25.380436814207993,20.362676084212794
BM,2021-12-04,8,0.1686321967050138,14.623977211199996,12.448930833306578
BM,2021-12-05,8,0.16789891667414888,16.26281901216,13.851241809005993
BM,2021-12-06,8,0.16716563664328396,18.383811921216,15.34925117741636
BM,2021-12-07,8,0.1655695190330824,12.18372376032,10.611304043185
BM,2021-12-08,8,0.16187793873020614,20.302480215359996,16.805588661434793
BM,2021-12-09,8,0.1581863584273299,16.015253917824,13.733094369014498
BM,2021-12-10,8,0.1544947781244536,22.223849897088,18.394326214589064
BM,2021-12-11,8,0.15186044497273934,17.974908782207997,15.200378501191867
BM,2021-12-12,8,0.15179371204527553,19.36413616032,16.251631800093836
BM,2021-12-13,8,0.15172697911781174,19.651507908479996,16.437747581398654
BM,2021-12-14,8,0.15166024619034796,20.149836291647997,16.793210241349865
BM,2021-12-15,8,0.15159946968723048,19.847995042176002,16.55569664361898
BM,2021-12-16,8,0.1515531587860969,21.355928221823994,17.649080734092358
BM,2021-12-17,8,0.15150684788496332,27.434174487552003,22.242822942837684
BM,2021-12-18,8,0.15146053698382977,16.837158852863997,14.306563824906632
BM,2021-12-19,8,0.1514210994286672,18.754957734911997,15.719045069996461
BM,2021-12-20,8,0.15139835428514847,17.593423174656,14.873460687013065
BM,2021-12-21,8,0.15137560914162979,24.877699269696002,20.20336002286174
BM,2021-12-22,8,0.1513528639981111,15.436893046176,13.347627526890335
BM,2021-12-23,8,0.15133801235812144,21.257684654975996,17.554291300307487
BM,2021-12-24,8,0.15134233065527378,22.16550613536,18.21497738556172
BM,2021-12-25,8,0.15134664895242608,22.674329564544,18.552801334233674
BM,2021-12-26,8,0.15135096724957842,24.865123844735997,20.17204625643302
BM,2021-12-27,8,0.15136431302403636,16.452863181216003,14.070795025552778
BM,2021-12-28,8,0.15139958267195075,17.238237283007997,14.531293217777316
BM,2021-12-29,8,0.15143485231986517,13.504671238463997,11.83319791826568
BM,2021-12-30,8,0.1514701219677796,15.635910790079999,13.28566840354451
BM,2021-12-31,8,0.15149510463505228,15.779425886783999,13.530014875775123
BN,2020-05-31,4,1.147455906366454,14.008588699391998,4.70598746719094
BN,2020-06-01,16,1.149963853893009,69.32719998892799,30.611777063222945
BN,2020-06-02,16,1.1599956439992292,120.05714738707199,61.95678078584324
BN,2020-06-03,16,1.1700274341054493,106.76560631385601,51.210839396259004
BN,2020-06-04,16,1.1800592242116694,105.53427038246399,53.05176310454928
BN,2020-06-05,16,1.1897615382779285,105.69138556838398,51.792004203005384
BN,2020-06-06,16,1.1984754242243043,63.03472126761601,28.17368980356516
BN,2020-06-07,16,1.2071893101706803,83.84361850368,39.69624604383071
BN,2020-06-08,16,1.215903196117056,81.290605408992,37.7429820697887
BN,2020-06-09,16,1.2242643379536964,76.92668454441599,36.19267621633397
BN,2020-06-10,16,1.2315672474611306,110.52356247273602,55.913895798640354
BN,2020-06-11,16,1.2388701569685647,113.72040627494403,55.33189935266377
BN,2020-06-12,16,1.2461730664759991,113.83700064710399,55.40093793152044
BN,2020-06-13,16,1.2531100475217027,108.481266883584,52.753850555830674
BN,2020-06-14,16,1.2589492431822145,90.837821462976,41.56094419807925
BN,2020-06-15,16,1.264788438842726,83.6948869344,36.35895540076334
BN,2020-06-16,16,1.2706276345032377,64.499991153696,27.46158063169046
BN,2020-06-17,16,1.2760960745384762,73.50500456409598,32.35266945640365
BN,2020-06-18,16,1.2804522476978948,83.49461164799999,37.089060198320944
BN,2020-06-19,16,1.2848084208573134,108.63630169056,51.317207005899924
BN,2020-06-20,16,1.2891645940167322,79.85022244416,33.44379420128314
BN,2020-06-21,16,1.293151204065669,108.17352605203197,52.76929341082156
BN,2020-06-22,16,1.2960291247831606,117.40525419168,56.84665415388194
BN,2020-06-23,16,1.2989070455006522,117.57634207200002,56.71049664578032
BN,2020-06-24,16,1.3017849662181438,103.41396058291198,48.419439707036034
BN,2020-06-25,16,1.3042980490418126,119.33382757363198,57.54034792348403
BN,2020-06-26,16,1.3057166181840125,117.69073186348797,56.47410967523296
BN,2020-06-27,16,1.3071351873262127,109.356951166848,52.63872709136779
BN,2020-06-28,16,1.3085537564684127,92.713826463552,41.6267801789362
BN,2020-06-29,16,1.3096134983055054,65.743141774464,27.7024186847392
BN,2020-06-30,16,1.3095967582272774,66.507944965056,29.67824532846498
BN,2020-07-01,16,1.3095800181490491,110.78079977664001,51.27453441105445
BN,2020-07-02,16,1.3095632780708208,125.68752222163201,61.125235627600475
BN,2020-07-03,16,1.3091932691105177,120.17818197100797,58.14444883190894
BN,2020-07-04,16,1.3077634535039886,109.89639032198401,51.75404978109868
BN,2020-07-05,16,1.3063336378974595,124.965785980224,60.786321008060995
BN,2020-07-06,16,1.3049038222909306,124.35992995104003,60.3538010010174
BN,2020-07-07,16,1.3031247686977585,109.1935016928,49.53609528002154
BN,2020-07-08,16,1.3002980011446577,93.04544507731198,41.800184609742864
BN,2020-07-09,16,1.297471233591557,124.29112219372799,60.48092392685966
BN,2020-07-10,16,1.2946444660384562,114.14495883168,56.07222103104519
BN,2020-07-11,16,1.2914706138370355,123.74773963372802,60.40393439875253
BN,2020-07-12,16,1.2872555076906558,118.78544589407998,56.66010741926134
BN,2020-07-13,16,1.2830404015442762,121.91865183590399,59.20710138281628
BN,2020-07-14,15,1.2788252953978965,123.445308426048,60.35492057164835
BN,2020-07-15,15,1.2742637632907816,122.06688659827198,59.52701246165799
BN,2020-07-16,15,1.268662953301461,120.70793339135999,58.838657637935754
BN,2020-07-17,15,1.2630621433121407,108.39373571577597,52.02449829353568
BN,2020-07-18,15,1.2574613333228202,114.78969000172803,56.717991472202755
BN,2020-07-19,15,1.2515143520938092,119.409373274688,58.30922898121408
BN,2020-07-20,15,1.2445288571457274,118.45087748928002,57.978603030925946
BN,2020-07-21,15,1.2375433621976455,117.11592626630402,57.17190403120325
BN,2020-07-22,15,1.2305578672495636,110.885719186368,53.19989308006186
BN,2020-07-23,15,1.223227796175478,91.09175189587201,40.422161046480475
BN,2020-07-24,15,1.2148639967233819,117.950406626304,58.266003246751055
BN,2020-07-25,15,1.2065001972712854,119.25648094751998,59.27963735289483
BN,2020-07-26,15,1.198136397819189,118.404953900352,58.882524242834
BN,2020-07-27,15,1.1894332563357795,116.023075261632,57.908573418565595
BN,2020-07-28,15,1.179712088758429,106.399521720576,51.5408103595931
BN,2020-07-29,15,1.1699909211810786,97.81575399590398,46.04795566153713
BN,2020-07-30,15,1.1602697536037283,114.188305234752,57.0836565377061
BN,2020-07-31,14,1.1502207933385238,114.261925809024,57.65184634497956
BN,2020-08-01,14,1.1391884550097575,101.81970720230399,50.184260492722686
BN,2020-08-02,14,1.1281561166809912,108.40547277907199,54.52993199365731
BN,2020-08-03,14,1.117123778352225,106.04324906380799,53.4140994615315
BN,2020-08-04,14,1.1057842767921966,107.39571273043201,54.6714555059758
BN,2020-08-05,14,1.0935232855383827,105.135396532992,53.562571275998785
BN,2020-08-06,14,1.0812622942845689,93.410132401152,47.189452673872466
BN,2020-08-07,14,1.0690013030307548,98.10200792851201,49.31460506562301
BN,2020-08-08,14,1.0564652904582652,103.130035432704,53.1614255071195
BN,2020-08-09,14,1.0431042139297482,81.94010282035198,41.320400971660035
BN,2020-08-10,14,1.0297431374012314,103.2846044832,54.088687779710774
BN,2020-08-11,14,1.0163820608727145,101.96325334943998,53.49985784973731
BN,2020-08-12,14,1.0027911860100729,80.452693976256,41.288990461382696
BN,2020-08-13,14,0.9885109161450577,99.195666244416,52.13581472285398
BN,2020-08-14,14,0.9742306462800425,102.861014489856,54.8835305923244
BN,2020-08-15,14,0.9599503764150273,101.70922976524803,54.515007394286
BN,2020-08-16,14,0.9454987617120476,93.87517472121601,49.90417313525748
BN,2020-08-17,14,0.9305331124951743,97.16732782444801,52.515614172139145
BN,2020-08-18,14,0.915567463278301,95.232730658688,52.02355272258185
BN,2020-08-19,14,0.9006018140614276,85.69515576383999,46.84612450754782
BN,2020-08-20,14,0.8855348066786866,92.03143111948799,49.99587132028301
BN,2020-08-21,14,0.8701637247983419,96.13750919673599,53.32320070724712
BN,2020-08-22,14,0.8547926429179973,86.98809575231999,47.746263111391045
BN,2020-08-23,14,0.8394215610376528,87.646892768064,48.54120238627117
BN,2020-08-24,14,0.8240269797457347,77.699421120384,43.362197882091735
BN,2020-08-25,14,0.808561900219096,77.76086992531201,43.672215674389086
BN,2020-08-26,14,0.7930968206924572,91.65804967468802,53.085171245904554
BN,2020-08-27,14,0.7776317411658185,90.3136746456,53.09209834543891
BN,2020-08-28,14,0.7622235995176998,90.479654729856,52.5669641266456
BN,2020-08-29,14,0.7469862715051409,91.63128420230399,54.22494476490944
BN,2020-08-30,14,0.731748943492582,92.76273089395198,55.132981272531886
BN,2020-08-31,14,0.7165116154800231,36.929551845312,20.90771133646358
BN,2020-09-01,14,0.7014081002561959,87.667137649728,53.224824495842256
BN,2020-09-02,13,0.6867060233985643,83.89115671507199,50.75947976948487
BN,2020-09-03,13,0.6720039465409329,85.93557925881598,52.66776855622264
BN,2020-09-04,13,0.6573018696833014,88.41570146438399,54.432721516282804
BN,2020-09-05,12,0.6428009983410491,82.78930108511999,50.989254063549424
BN,2020-09-06,12,0.6289037435449345,85.61675342303998,53.44433451524031
BN,2020-09-07,12,0.6150064887488199,40.62269022739201,24.776226521607967
BN,2020-09-08,12,0.6011092339527053,87.31443579263998,55.27538505492217
BN,2020-09-09,12,0.5874664466613353,85.37564681856,54.44192678581427
BN,2020-09-10,12,0.5745870618841991,84.43870003296,54.18771611763304
BN,2020-09-11,12,0.5617076771070629,83.78182814399999,54.12752506794997
BN,2020-09-12,12,0.5488282923299268,82.23148007424,53.46738005053608
BN,2020-09-13,12,0.5362398517886912,82.63265165567998,54.01611284455346
BN,2020-09-14,12,0.5245242439551572,80.796080703744,53.15419577497278
BN,2020-09-15,12,0.5128086361216232,74.53575470476798,49.21826322633558
BN,2020-09-16,12,0.5010930282880892,77.83815445055998,51.55960693468323
BN,2020-09-17,12,0.48968760995587846,76.18723403155198,50.9312937169114
BN,2020-09-18,12,0.47921276012763736,74.28912112339198,50.194099888648964
BN,2020-09-19,12,0.46873791029939627,45.451529210304,31.16949377202974
BN,2020-09-20,12,0.45826306047115517,64.402508322432,44.51334727915084
BN,2020-09-21,12,0.4481018940048511,68.25040205760001,46.592756688120765
BN,2020-09-22,12,0.4388817776243584,62.693927251199995,43.387193868248055
BN,2020-09-23,12,0.42966166124386573,64.287497522304,44.79027805011495
BN,2020-09-24,12,0.42044154486337304,48.554274678335986,34.08236026716649
BN,2020-09-25,12,0.411525652518581,35.77084287436799,25.331030718535494
BN,2020-09-26,12,0.4035224322808907,49.4020135728,35.23927852254382
BN,2020-09-27,12,0.3955192120432004,65.79682797139199,46.859719429388385
BN,2020-09-28,12,0.3875159918055101,68.526378297216,48.58044101955543
BN,2020-09-29,12,0.37979799413934595,69.18172871500799,49.242491121633115
BN,2020-09-30,12,0.37293566418776014,68.177309340672,48.69437425966105
BN,2020-10-01,12,0.36607333423617433,63.84474941241599,45.77649004211976
BN,2020-10-02,12,0.3592110042845885,65.322315269568,47.02649867139141
BN,2020-10-03,12,0.35260876461328106,64.70348015980798,46.675814346274414
BN,2020-10-04,12,0.3467867957828087,64.560399769152,46.743416627085146
BN,2020-10-05,11,0.3409648269523363,62.89088014137599,45.66278721697325
BN,2020-10-06,11,0.33514285812186395,61.27464305491199,44.66975477667427
BN,2020-10-07,11,0.3295527093721067,62.15945616518399,45.38330556109881
BN,2020-10-08,11,0.3246580208644946,61.766078242176,45.205230157827785
BN,2020-10-09,11,0.3197633323568825,58.51602952473599,42.94319730742562
BN,2020-10-10,11,0.3148686438492704,41.888461087871995,31.292640025008104
BN,2020-10-11,11,0.31017673156554343,32.478239539872,25.17463222980211
BN,2020-10-12,11,0.306093147953472,30.274574855616,23.409301171645684
BN,2020-10-13,11,0.3020095643414005,22.777836179615996,17.925223194344834
BN,2020-10-14,11,0.2979259807293291,38.590532604287986,29.466600508909693
BN,2020-10-15,11,0.294017048846139,38.250313020863985,29.321096546687212
BN,2020-10-16,11,0.2906320721495932,21.747194715456,17.239764326461895
BN,2020-10-17,11,0.2872470954530474,27.394088379839992,21.145831636430156
BN,2020-10-18,10,0.2838621187565016,17.028041383584,13.632318562953408
BN,2020-10-19,10,0.2806256751417514,26.196892398432,20.75142894618381
BN,2020-10-20,10,0.2778348307723881,39.623735729088004,30.298829676665864
BN,2020-10-21,10,0.27504398640302474,32.225504548608,24.917402802987258
BN,2020-10-22,10,0.2722531420336614,47.029356912384,35.21787630164159
BN,2020-10-23,10,0.26958731412861103,41.590470091967994,31.34938359193457
BN,2020-10-24,10,0.2672965356164996,22.598380207872,18.103685718049196
BN,2020-10-25,10,0.2650057571043881,51.063553239552,38.17570811457026
BN,2020-10-26,10,0.26271497859227666,39.869468847936005,30.283164760983183
BN,2020-10-27,10,0.26052853549791755,46.734377808384,34.973270907369546
BN,2020-10-28,10,0.2586550986568154,29.968728100416,23.077473395965303
BN,2020-10-29,10,0.25678166181571327,45.03151001664,33.71884290837524
BN,2020-10-30,10,0.25490822497461113,34.036583095872,26.17192481841668
BN,2020-10-31,10,0.2531212647493206,44.622451625472,33.43131449987712
BN,2020-11-01,10,0.2515479084601293,41.216063982912,30.950291093051685
BN,2020-11-02,10,0.25000255689453205,41.178617161919995,30.86648098854359
BN,2020-11-03,10,0.2484750265166764,40.88537688211199,30.61831716356938
BN,2020-11-04,10,0.24703064861121687,19.186155084096,15.247690497848367
BN,2020-11-05,10,0.24578821242443355,27.650316544704,21.72395364250679
BN,2020-11-06,10,0.24454577623765023,31.640079703679994,24.36949013269182
BN,2020-11-07,10,0.2433033400508669,32.249661784703996,24.54080795845224
BN,2020-11-08,10,0.23819812470413046,23.438884351679995,18.380993617383307
BN,2020-11-09,9,0.2237118742546508,33.54471320256,25.830807103685387
BN,2020-11-10,9,0.20922562380517115,12.336507410976001,10.412847218486096
BN,2020-11-11,9,0.19473937335569147,21.072841433279997,17.11192167569735
BN,2020-11-12,9,0.18496066954563298,35.395722605376,28.18515816475223
BN,2020-11-13,9,0.18661457900274012,20.825058985920002,17.340213033594367
BN,2020-11-14,9,0.18826848845984726,26.569451006783996,21.44605561221904
BN,2020-11-15,9,0.1899223979169544,25.152154038144,20.417449422988124
BN,2020-11-16,9,0.19179014451569695,20.752990933247997,17.072889845451613
BN,2020-11-17,9,0.1941772098869827,29.343931307711998,23.19741349540344
BN,2020-11-18,9,0.19656427525826844,26.590565300544,21.138233268315638
BN,2020-11-19,9,0.1989513406295542,26.685331219007995,21.141893175984745
BN,2020-11-20,9,0.20163890464771692,30.50658368352,23.691005920163377
BN,2020-11-21,9,0.20505625109400938,25.737423630911998,20.153682875450897
BN,2020-11-22,9,0.20847359754030187,31.285390618943993,23.930170106925793
BN,2020-11-23,9,0.21189094398659436,22.280547985920006,17.660411551192134
BN,2020-11-24,9,0.21572089070909284,22.472936462592,17.704612081819082
BN,2020-11-25,9,0.2205528666738059,24.52471795872,18.90545802562946
BN,2020-11-26,9,0.22538484263851893,17.191289029823995,13.717454083823203
BN,2020-11-27,9,0.23021681860323198,28.801293958080002,21.338323980446273
BN,2020-11-28,8,0.2355953113371863,16.897396690943996,13.356611858724541
BN,2020-11-29,8,0.2423010590821552,28.670261135039997,20.890870658080175
BN,2020-11-30,8,0.2490068068271241,23.941777148352006,17.722090166422564
BN,2020-12-01,8,0.25571255457209296,30.305811590208,21.683762246573423
BN,2020-12-02,8,0.2631030583534938,29.302199527104,20.777240707092645
BN,2020-12-03,8,0.27215654108051485,29.69445963456,20.794736689288893
BN,2020-12-04,8,0.2812100238075359,26.805341138688,18.56077774651098
BN,2020-12-05,8,0.290263506534557,29.08136885472,19.87669067622376
BN,2020-12-06,8,0.3001040852160223,28.958905950911998,19.55570661646625
BN,2020-12-07,8,0.31185618264399473,28.816291316736002,19.150381695650317
BN,2020-12-08,8,0.3236082800719672,23.211564139008,15.610117255477203
BN,2020-12-09,8,0.33536037749993963,11.630498213375997,8.79496417338333
BN,2020-12-10,8,0.34790153402158136,28.240957862208003,17.954126760247377
BN,2020-12-11,8,0.36235897691356284,14.997079202111996,10.512694382107057
BN,2020-12-12,8,0.37681641980554426,20.811552048,13.565543711236286
BN,2020-12-13,8,0.3912738626975257,22.811386171392,14.134749646344483
BN,2020-12-14,8,0.4063551871951498,12.855593007936001,9.239501144520668
BN,2020-12-15,8,0.4229516527350489,22.339730109311997,13.443236641604102
BN,2020-12-16,8,0.4395481182749481,22.265084870784,13.205389348293881
BN,2020-12-17,8,0.4561445838148473,22.3260368688,12.930173774976533
BN,2020-12-18,8,0.47301564139068575,19.646539839359995,11.661100171891373
BN,2020-12-19,8,0.49055356533951966,19.044503013311996,11.355256910324432
BN,2020-12-20,8,0.5080914892883536,17.505022594752,10.624696669423088
BN,2020-12-21,8,0.5256294132371875,14.886989895455997,9.2700985348261
BN,2020-12-22,8,0.5428604861095032,11.202064352639997,7.347221009575689
BN,2020-12-23,8,0.5593463492245606,25.820669839104,12.828410239026875
BN,2020-12-24,8,0.5758322123396179,27.588060428544,13.450072877123999
BN,2020-12-25,8,0.5923180754546753,24.820535424383998,12.102757666829326
BN,2020-12-26,8,0.576630930897596,18.345464637696,9.929141742967158
BN,2020-12-27,8,0.4828093391367558,26.61736182336,13.931214844654
BN,2020-12-28,8,0.3889877473759156,28.031336395776,16.30987133848195
BN,2020-12-29,8,0.2951661556150755,27.692638283519994,18.051757849729526
BN,2020-12-30,8,0.20913418882430762,13.924178099999997,11.238181863536495
BN,2020-12-31,8,0.14201988267514395,19.733543149823998,16.41005208856898
BN,2021-01-01,8,0.09271738898629397,26.233361130815997,23.067611154790534
BN,2021-01-02,8,0.08667215412963453,17.472823296768,15.879003340029074
BN,2021-01-03,8,0.08062691927297508,19.850603278464,18.093510329579203
BN,2021-01-04,8,0.07458168441631563,21.964982445504,19.984648457406692
BN,2021-01-05,8,0.07221011365116885,23.194501926624,21.28894242867876
BN,2021-01-06,8,0.07876029853683851,26.343807517439995,23.79875562099196
BN,2021-01-07,8,0.08531048342250817,21.652180393535996,19.599841165071016
BN,2021-01-08,8,0.09186066830817784,31.335257612735997,27.753992311412283
BN,2021-01-09,8,0.09807611956185366,31.052170824192007,27.269821097929704
BN,2021-01-10,8,0.10347864628068734,31.089617645184,27.09982161509722
BN,2021-01-11,9,0.10888117299952102,27.460350001728003,23.82713145621882
BN,2021-01-12,9,0.1142836997183547,16.031772747648,14.362178836499641
BN,2021-01-13,9,0.11919888476014345,26.189238466943998,22.5229571055502
BN,2021-01-14,9,0.12293052572910879,33.528660129216,28.527454019597208
BN,2021-01-15,9,0.12666216669807412,19.212579001728,16.744782495773148
BN,2021-01-16,9,0.13039380766703945,26.933579422848002,22.870178486906376
BN,2021-01-17,9,0.1337623242576707,13.165879974911999,11.71663192658804
BN,2021-01-18,9,0.13624896735806205,12.350666407968,11.078418268717595
BN,2021-01-19,9,0.1387356104584534,36.116713636416,30.17468361612209
BN,2021-01-20,9,0.14122225355884474,35.051932222271994,29.219336627497373
BN,2021-01-21,9,0.14345901950862602,30.49431876288,25.420944896884876
BN,2021-01-22,9,0.1450889409497829,36.99922901472001,30.740845753496917
BN,2021-01-23,9,0.14671886239093976,38.46974642380799,31.92655933123828
BN,2021-01-24,9,0.14834878383209663,35.033829820415995,29.024172319059904
BN,2021-01-25,9,0.1498117884260559,37.051145337023996,30.6421367231702
BN,2021-01-26,9,0.1508694235339638,33.704281372608,27.906667664906742
BN,2021-01-27,9,0.1519270586418717,31.835790576576002,26.492997828064354
BN,2021-01-28,9,0.1529846937497796,30.717322965504003,25.618786841674577
BN,2021-01-29,9,0.153932723499503,30.36359644416,25.473374949125205
BN,2021-01-30,9,0.1546145688079211,33.985256731776,28.197590505799624
BN,2021-01-31,9,0.1552964141163392,39.724277027904,32.83787110254599
BN,2021-02-01,9,0.15597825942475732,25.649023051008,21.93845742472895
BN,2021-02-02,9,0.15658890792197647,33.564958084224,28.12182582432433
BN,2021-02-03,9,0.15702664987771245,29.592738419327997,24.83875829916238
BN,2021-02-04,9,0.15746439183344843,30.934023930431998,26.127026829412216
BN,2021-02-05,10,0.1579021337891844,34.961296011264004,29.442790216743454
BN,2021-02-06,10,0.15829394749820602,16.566057531071998,14.520984547551492
BN,2021-02-07,10,0.15857422117949277,30.395454187391998,25.71381581407971
BN,2021-02-08,10,0.15885449486077952,31.483383698591993,26.81548847726006
BN,2021-02-09,10,0.15913476854206626,32.3134083216,27.36661169951969
BN,2021-02-10,10,0.15924561114865246,35.239818386304,29.636082448515964
BN,2021-02-11,10,0.15894497828810875,35.261212133952,29.795144203798607
BN,2021-02-12,10,0.158644345427565,29.609598803904003,25.288359761993203
BN,2021-02-13,10,0.15834371256702126,46.944340829568,39.26415599644075
BN,2021-02-14,10,0.15898567420245263,24.198036363647997,20.85937322524595
BN,2021-02-15,10,0.16191679389953775,44.55578634796799,37.324871796149495
BN,2021-02-16,10,0.16484791359662287,27.171239429375998,23.305691982704086
BN,2021-02-17,10,0.167779033293708,41.33327936371199,34.7842997855381
BN,2021-02-18,10,0.1707876105640867,55.05222963340801,45.8228438174868
BN,2021-02-19,10,0.1739842990838927,47.260123723008,39.27483658267523
BN,2021-02-20,10,0.17718098760369871,49.778127455616016,41.29320377734348
BN,2021-02-21,11,0.1803776761235047,21.458844878688,18.525125541154164
BN,2021-02-22,11,0.1836579215609535,34.244093132928,28.858372594331215
BN,2021-02-23,11,0.18714109094124914,46.644952564224,38.60439191744482
BN,2021-02-24,11,0.19062426032154475,59.71942006732801,49.20112589365722
BN,2021-02-25,11,0.1941074297018404,51.88611023366399,42.55779505397835
BN,2021-02-26,11,0.19768070986044295,61.25759636774399,50.086385524947886
BN,2021-02-27,11,0.201472830480648,56.646141459264,46.286640627299185
BN,2021-02-28,11,0.2052649511008531,32.876011099008,26.90933183877655
BN,2021-03-01,11,0.2090570717210582,67.90608381715201,55.280651266436095
BN,2021-03-02,11,0.21294634454812605,41.891317727616,34.57475738421152
BN,2021-03-03,11,0.21707155844900355,70.267034464704,56.93359693333571
BN,2021-03-04,11,0.22119677234988105,71.838031071744,58.069758723297944
BN,2021-03-05,11,0.22532198625075855,72.708964638912,58.63802469256119
BN,2021-03-06,11,0.22955191678566525,57.519000153216,46.73560206150984
BN,2021-03-07,11,0.2340361591460714,49.004630144064,39.7955239772114
BN,2021-03-08,11,0.23852040150647755,55.51065821145598,44.67015957928655
BN,2021-03-09,11,0.2430046438668837,48.409176009599996,39.18558631840772
BN,2021-03-10,11,0.24760172826817115,77.55435350207998,61.82289086873736
BN,2021-03-11,11,0.25247285762588456,78.68052162028802,62.55657874065776
BN,2021-03-12,11,0.25734398698359795,77.835422012544,61.71386198468956
BN,2021-03-13,12,0.2622151163413114,79.91170229952,63.18039340746432
BN,2021-03-14,12,0.26704496168317166,81.38874029932798,64.22398123260871
BN,2021-03-15,12,0.272275421944005,62.955930796416006,49.58289632572472
BN,2021-03-16,12,0.2775633597901223,82.22089187692801,64.53008487324665
BN,2021-03-17,12,0.2828512976362396,83.56056276556798,65.40850438073099
BN,2021-03-18,12,0.28825147112610405,78.75678148128002,61.45842001332294
BN,2021-03-19,12,0.2939883515472101,65.007929645568,50.80697741647312
BN,2021-03-20,12,0.29972523196831613,56.952919727423996,44.39225276579807
BN,2021-03-21,12,0.3054621123894221,45.670558957632,35.943557781881566
BN,2021-03-22,12,0.3113198552270905,68.11359385420799,52.645453271986
BN,2021-03-23,12,0.3175401853144457,47.746311387263994,36.99852430250163
BN,2021-03-24,12,0.32376051540180095,64.60703751801599,49.44018802564983
BN,2021-03-25,12,0.3299808454891562,66.351016081728,51.29643954156797
BN,2021-03-26,12,0.33633130100061603,36.693428835168,28.291245856072244
BN,2021-03-27,12,0.34307213278438947,79.661218464576,60.864561906829934
BN,2021-03-28,12,0.3498129645681629,92.69969851699199,70.29846803273702
BN,2021-03-29,12,0.3565537963519364,68.259934540224,52.236040963280985
BN,2021-03-30,12,0.36343469885933744,62.983006773119996,47.34129935257358
BN,2021-03-31,12,0.37073581353762125,96.742216359936,72.48556434879592
BN,2021-04-01,12,0.37803692821590507,92.03655444076799,68.36194699073208
BN,2021-04-02,12,0.3853380428941889,92.110827074112,68.22336083462272
BN,2021-04-03,12,0.3927899051909427,82.290848500224,60.385563590782354
BN,2021-04-04,13,0.40069401034310637,80.318866614336,58.80029762459541
BN,2021-04-05,13,0.40859811549527,34.48569654432,24.941805282844896
BN,2021-04-06,13,0.4165022206474336,97.190615648448,70.96107885355259
BN,2021-04-07,13,0.42456853453699445,98.69274239731199,71.78611932271211
BN,2021-04-08,13,0.43312147463874673,63.04493685974399,45.46930246080554
BN,2021-04-09,13,0.44167441474049896,97.75396363622399,70.5029377892015
BN,2021-04-10,13,0.4502273548422512,40.979723619744,27.961932075411703
BN,2021-04-11,13,0.45895480473780925,54.38374488288001,36.765616260451424
BN,2021-04-12,14,0.4682057840147848,74.29703898355201,52.06192517786324
BN,2021-04-13,14,0.4774567632917603,91.021298465664,63.991136631846594
BN,2021-04-14,14,0.4867077425687358,80.06555719007999,56.22678365213136
BN,2021-04-15,14,0.4961464301693145,84.504464847936,59.72291055309016
BN,2021-04-16,14,0.5061482427407025,105.136545398976,73.6160072133398
BN,2021-04-17,14,0.5161500553120906,104.22701614483202,72.53720478195982
BN,2021-04-18,14,0.5261518678834786,90.57358228665602,62.25545787133529
BN,2021-04-19,14,0.5363555396973868,94.68524944166398,65.05357669338022
BN,2021-04-20,14,0.5471647892388558,97.550769609216,66.1336707135229
BN,2021-04-21,14,0.5579740387803248,111.78242461209598,76.3561241315263
BN,2021-04-22,14,0.5687832883217938,76.53557330294399,50.7181157311449
BN,2021-04-23,14,0.5798095384443007,81.09351279187202,55.08019537769161
BN,2021-04-24,14,0.5914867903099211,85.25209714963201,55.91027847996261
BN,2021-04-25,14,0.6031640421755415,83.257821053568,54.462581400001156
BN,2021-04-26,14,0.614841294041162,86.88050600544,56.39188816119301
BN,2021-04-27,14,0.6267516548902612,89.85855293856,57.91453175298837
BN,2021-04-28,14,0.6393613426897973,109.46500667020801,71.77008230617297
BN,2021-04-29,14,0.6519710304893334,105.77078152300803,68.8245634393516
BN,2021-04-30,14,0.6645807182888694,109.09500972249596,70.96276125890688
BN,2021-05-01,14,0.6774403684143346,77.57481573676799,47.268275128124394
BN,2021-05-02,14,0.6910499055175867,88.87068344448001,54.97839159099042
BN,2021-05-03,14,0.7046594426208389,90.30378508300801,56.61260833064359
BN,2021-05-04,14,0.7182689797240911,95.16460601088,59.376769947645826
BN,2021-05-05,14,0.7321452348087776,111.732247113984,70.34806998150299
BN,2021-05-06,14,0.7468216438377675,114.11216957548798,71.64415765509756
BN,2021-05-07,14,0.7614980528667573,51.772465652544,29.575041229893603
BN,2021-05-08,14,0.7761744618957471,53.930004920064,31.429550320465314
BN,2021-05-09,14,0.7911314991900242,64.610328863808,38.142189410496144
BN,2021-05-10,14,0.8069304212801627,78.474439903104,44.75780241594735
BN,2021-05-11,14,0.8227293433703011,69.28242526598402,38.99574867633426
BN,2021-05-12,14,0.8385282654604396,98.773628772672,57.192536671172924
BN,2021-05-13,14,0.8546103916656839,119.31889231584,71.00582583981713
BN,2021-05-14,14,0.8715421302162458,106.98966623116797,63.1690288470202
BN,2021-05-15,14,0.8884738687668078,114.80260698144001,67.19665226734197
BN,2021-05-16,14,0.9054056073173699,120.99809967840002,70.42979052786758
BN,2021-05-17,14,0.9225867390006279,120.72578738975999,69.70363206051711
BN,2021-05-18,14,0.9405160500819743,74.19773970201601,37.371198857372264
BN,2021-05-19,14,0.9584453611633206,64.65479308243201,32.72404690354139
BN,2021-05-20,15,0.9763746722446669,36.711298358784006,18.153070668747723
BN,2021-05-21,16,0.9944160380614094,61.070641716672,29.928638302502033
BN,2021-05-22,16,1.0127935680843407,123.12319124447997,68.20880967117766
BN,2021-05-23,16,1.0311710981072721,65.517280932096,32.238909656590344
BN,2021-05-24,16,1.0495486281302033,46.791106947648,21.857513209701434
BN,2021-05-25,16,1.0676607418030974,103.348506272256,54.5529400465818
BN,2021-05-26,16,1.08497660642588,78.79379359622398,38.557590681549456
BN,2021-05-27,16,1.1022924710486626,117.76869949824001,61.13000859238958
BN,2021-05-28,16,1.1196083356714452,93.43913350464,44.7749176015712
BN,2021-05-29,16,1.1359556420549255,126.91730563142399,66.822042995687
BN,2021-05-30,16,1.149397273720499,128.12187609043198,67.13110239938723
BN,2021-05-31,16,1.1628389053860726,119.79843518764801,61.383544283843435
BN,2021-06-01,16,1.176280537051646,113.18646304627197,57.12327047914706
BN,2021-06-02,16,1.1881314635725464,117.57637312243197,59.40329225572367
BN,2021-06-03,16,1.195210274659427,109.347729188544,54.347412780118205
BN,2021-06-04,16,1.2022890857463078,111.94130967264,55.629480730396395
BN,2021-06-05,16,1.2093678968331885,117.921591825408,59.3956159088984
BN,2021-06-06,16,1.2149769449582632,94.60479777235199,42.39607200941848
BN,2021-06-07,16,1.2161767041979212,108.94391832038403,51.754566272138554
BN,2021-06-08,16,1.2173764634375792,102.07512805593598,48.94892348166215
BN,2021-06-09,16,1.2185762226772372,101.418659822592,50.4586555285105
BN,2021-06-10,16,1.2189086112164274,70.52944166553598,30.78525185468561
BN,2021-06-11,16,1.2166388876542138,102.78099752659197,49.89435625512838
BN,2021-06-12,16,1.2143691640920005,95.399595680256,47.684580591507086
BN,2021-06-13,16,1.212099440529787,116.12846042783998,59.07123404029096
BN,2021-06-14,16,1.2094297588878273,119.22012089164801,60.172371180947664
BN,2021-06-15,16,1.2055602030066301,118.039428214848,59.54556107506077
BN,2021-06-16,16,1.201690647125433,121.89843800467199,62.06699668252896
BN,2021-06-17,16,1.1978210912442355,121.550269510656,61.96513698536155
BN,2021-06-18,16,1.1937738526912052,121.12351237324799,61.79203730435896
BN,2021-06-19,16,1.1891935661226762,104.33174925196799,50.744623699515415
BN,2021-06-20,16,1.184613279554147,79.75235148249601,38.08011473388624
BN,2021-06-21,16,1.1800329929856181,120.18085230816001,61.61788262422764
BN,2021-06-22,16,1.1753613128557667,118.11950727897599,60.53253172421003
BN,2021-06-23,16,1.1704154520419476,116.70323497459202,59.24917509444267
BN,2021-06-24,16,1.1654695912281288,111.946836649536,57.50378803412789
BN,2021-06-25,16,1.16052373041431,103.311959913792,52.61439170623883
BN,2021-06-26,16,1.155517070379547,118.12177396051199,61.14666586700575
BN,2021-06-27,16,1.1503280126819522,117.69169442687999,60.921547672722184
BN,2021-06-28,16,1.1451389549843576,118.351112451264,61.564149095574535
BN,2021-06-29,16,1.139949897286763,119.399437136448,62.4199235555136
BN,2021-06-30,16,1.13471012955991,119.368138300992,62.36980532475192
BN,2021-07-01,16,1.1293182317452821,107.64607236364802,55.765963153304035
BN,2021-07-02,16,1.1239263339306542,116.53192974124798,60.89580919791462
BN,2021-07-03,16,1.1185344361160263,124.69558512095998,66.59030727311189
BN,2021-07-04,16,1.1130946754653128,112.28783249375998,57.42422524852205
BN,2021-07-05,16,1.1075113263063425,122.901149605248,65.76919327158382
BN,2021-07-06,16,1.1019279771473722,123.71942163974398,66.41313248061839
BN,2021-07-07,16,1.096344627988402,90.84965167756802,43.05088810593082
BN,2021-07-08,16,1.0907137832096325,123.94065596774396,66.9215802223697
BN,2021-07-09,16,1.0849404515714651,109.45836187776,56.149261832896144
BN,2021-07-10,16,1.0791671199332977,124.116090908544,67.29765189498335
BN,2021-07-11,16,1.0733937882951303,123.431708336832,67.02592996303545
BN,2021-07-12,16,1.0675725427306442,122.942508780672,66.88885069572794
BN,2021-07-13,16,1.0616075553872015,120.78372749587201,65.63566228397774
BN,2021-07-14,16,1.0556425680437591,121.64568748819201,66.39371100721625
BN,2021-07-15,15,1.0496775807003167,120.97977992351998,66.10860918015563
BN,2021-07-16,15,1.0436640924493654,120.45437556364796,66.07663402090206
BN,2021-07-17,15,1.0375051014758876,121.06603802361597,66.50925277791697
BN,2021-07-18,15,1.0313461105024095,120.24183535660802,66.18010804004534
BN,2021-07-19,15,1.0251871195289317,86.099680791936,43.888150731167514
BN,2021-07-20,15,1.0189791169561362,88.99330160044798,47.35080653159513
BN,2021-07-21,15,1.0126240795853876,94.40414988076802,50.96185900236423
BN,2021-07-22,15,1.0062690422146392,118.62882751507202,66.04868325183175
BN,2021-07-23,15,0.9999140048438906,120.109871020608,66.83182852721835
BN,2021-07-24,15,0.9935096425257283,119.29066747315201,66.47428867867848
BN,2021-07-25,15,0.986957305365325,117.98940596889601,65.79214019088015
BN,2021-07-26,15,0.9804049682049217,111.358741467456,62.34321456532136
BN,2021-07-27,15,0.9738526310445184,110.31541590182398,61.26986837329209
BN,2021-07-28,15,0.967250937334806,108.08447341305602,60.11913918845802
BN,2021-07-29,15,0.9605011739771666,81.676702005696,41.8212343860152
BN,2021-07-30,15,0.9537514106195273,113.90975180927997,63.84103522801465
BN,2021-07-31,14,0.9470016472618878,112.26935748672,63.17975296314895
BN,2021-08-01,14,0.9402028562915259,88.441007566464,48.087495520881696
BN,2021-08-02,14,0.9332569824829962,69.186603632832,35.95279702601274
BN,2021-08-03,14,0.9263111086744663,106.68506149324799,59.937847260020725
BN,2021-08-04,14,0.9193652348659365,105.90501254054399,59.67454976596035
BN,2021-08-05,14,0.9123711073478166,100.147455136512,56.27426131569446
BN,2021-08-06,14,0.905232218700926,100.33506184665598,55.94073610769324
BN,2021-08-07,14,0.8980933300540355,103.18974541344,58.387525774020745
BN,2021-08-08,14,0.8909544414071449,68.56236574790398,36.08465020790971
BN,2021-08-09,14,0.88376861197843,87.361601398848,49.15001079024472
BN,2021-08-10,14,0.8764419602042426,99.20392565932798,55.53068347900466
BN,2021-08-11,14,0.869115308430055,102.244352910336,58.43851701335619
BN,2021-08-12,14,0.8617886566558675,102.787300764288,58.96624131564607
BN,2021-08-13,14,0.85441702064125,102.774942692352,59.044536413481346
BN,2021-08-14,14,0.8469104319053424,102.059323386048,58.798511412002206
BN,2021-08-15,14,0.8394038431694348,100.87301058105598,58.16135510880252
BN,2021-08-16,14,0.8318972544335272,99.14607870451198,57.51039017061521
BN,2021-08-17,14,0.8243483957157549,85.22241293664,49.66923873207995
BN,2021-08-18,14,0.8166727270523879,71.93256411196799,41.078940490663356
BN,2021-08-19,14,0.8089970583890209,86.95282246156802,50.36353313808487
BN,2021-08-20,14,0.8013213897256539,85.386623146272,50.40258767657453
BN,2021-08-21,14,0.7936070438229919,71.95142724940798,42.39020525095945
BN,2021-08-22,14,0.7857766662024446,95.39500021631997,56.28317680826917
BN,2021-08-23,14,0.7779462885818974,97.18049320761598,57.21952070369305
BN,2021-08-24,14,0.7701159109613502,97.34533995110397,57.455471531456936
BN,2021-08-25,14,0.762251449741345,90.37622574086402,53.13929351100822
BN,2021-08-26,14,0.7542847377229656,79.41144878956801,45.77487568047853
BN,2021-08-27,14,0.7463180257045862,70.44482923833601,40.96432378816257
BN,2021-08-28,14,0.7383513136862068,83.91407193388801,49.796418882485646
BN,2021-08-29,14,0.7303562290264342,90.838597723776,54.03736004436367
BN,2021-08-30,14,0.7222760264424819,91.194559876224,54.68834487496249
BN,2021-08-31,14,0.7141958238585296,91.499319866304,54.98829333751657
BN,2021-09-01,14,0.7061156212745774,92.94378596294399,56.169654481163285
BN,2021-09-02,14,0.6980139740999629,90.98633567923201,55.0564379403964
BN,2021-09-03,13,0.6898479931533619,89.69553817056,54.44892252739934
BN,2021-09-04,13,0.6816820122067608,83.961206489664,51.684778918471025
BN,2021-09-05,13,0.6735160312601598,87.378679136448,53.21952493557603
BN,2021-09-06,12,0.6653368201906236,85.384806696,52.01402548160674
BN,2021-09-07,12,0.6571179187522815,84.00647801952,51.31418268919032
BN,2021-09-08,12,0.6488990173139395,85.81392366623999,52.77336181498476
BN,2021-09-09,12,0.6406801158755975,81.66900149856,50.16254809704345
BN,2021-09-10,12,0.6324575074838161,72.28633720896,44.14978305606352
BN,2021-09-11,12,0.6242237782317169,58.55429918217599,36.302610154216545
BN,2021-09-12,12,0.6159900489796177,62.61996512217599,38.10372639724746
BN,2021-09-13,12,0.6077563197275185,79.035583310208,49.3061775478024
BN,2021-09-14,12,0.599529672384896,76.83693327072,48.0018324330756
BN,2021-09-15,12,0.5913242707707034,76.307585505984,47.75496767353238
BN,2021-09-16,12,0.5831188691565107,81.869245734528,51.51070957056654
BN,2021-09-17,12,0.574913467542318,71.257698497664,45.05569824367433
BN,2021-09-18,12,0.566727076273024,67.805821972224,43.67704715297879
BN,2021-09-19,12,0.5585977160384256,57.03445816185599,36.38516414107945
BN,2021-09-20,12,0.5504683558038272,35.2181762352,22.917488468183976
BN,2021-09-21,12,0.5423389955692289,75.92193914054398,48.51764603446457
BN,2021-09-22,12,0.5342414902041858,72.648198943488,46.59547871601928
BN,2021-09-23,12,0.5262395494478084,67.640509472256,43.2633949171879
BN,2021-09-24,12,0.5182376086914311,72.26339093971198,46.667841913680185
BN,2021-09-25,12,0.5102356679350538,71.513616158208,46.36126527363011
BN,2021-09-26,12,0.5022790150679582,71.085741205248,46.210131330382175
BN,2021-09-27,12,0.49445822586870825,69.960163045248,45.67426992228654
BN,2021-09-28,12,0.48663743666945825,23.897111101919997,16.468444444734708
BN,2021-09-29,12,0.47881664747020825,67.951200094848,44.62019175109586
BN,2021-09-30,12,0.47105474078764875,67.86040863168002,44.74007205524195
BN,2021-10-01,12,0.46346948165516066,58.490226615743985,38.95650140406428
BN,2021-10-02,12,0.4558842225226726,67.062133075392,44.510664573073335
BN,2021-10-03,12,0.4482989633901845,64.03216981996799,42.69116363663389
BN,2021-10-04,12,0.4407858363221846,64.157893019136,42.818782911682966
BN,2021-10-05,12,0.4334891054476494,64.127277293184,43.00616209750011
BN,2021-10-06,11,0.4261923745731142,54.151394500223994,36.673495784573866
BN,2021-10-07,11,0.418895643698579,42.898935296447995,29.843323980808048
BN,2021-10-08,11,0.41168339788058506,49.049653270464,34.09307318120576
BN,2021-10-09,11,0.4047246072322148,60.92169279436799,41.448957413619894
BN,2021-10-10,11,0.3977658165838446,31.038524159328,22.45880015512181
BN,2021-10-11,11,0.39080702593547434,45.075353226623996,31.710676283563206
BN,2021-10-12,11,0.3839436285220863,43.86988230508799,30.89671149919853
BN,2021-10-13,11,0.37736641081364486,51.33350569536,35.64455039568262
BN,2021-10-14,11,0.3707891931052034,28.249931437056,20.703391167323506
BN,2021-10-15,11,0.364211975396762,39.70881391276799,28.439918360048424
BN,2021-10-16,11,0.3577391240479447,55.055552029632,38.37374810803863
BN,2021-10-17,11,0.3515793717779998,54.569830121856,38.13570188217988
BN,2021-10-18,11,0.3454196195080549,53.039571681599995,37.28263810334976
BN,2021-10-19,10,0.33925986723810997,52.251946423488,36.87029643778691
BN,2021-10-20,10,0.33321113976792927,40.939342532928,29.642075014347927
BN,2021-10-21,10,0.3274954866970413,48.204771015744,34.49770983102378
BN,2021-10-22,10,0.32177983362615337,29.699707157567996,21.78158494201881
BN,2021-10-23,10,0.3160641805552654,31.526031466944,23.527478603720766
BN,2021-10-24,10,0.310463667681717,43.24353299078398,31.494131944714155
BN,2021-10-25,10,0.30520857540018725,32.158590867648,24.299083293221763
BN,2021-10-26,10,0.2999534831186575,15.991810841664002,12.635139609018285
BN,2021-10-27,10,0.29469839083712773,23.749450772544,18.193222132513576
BN,2021-10-28,10,0.28955995498217046,17.050521896351995,13.547561444889547
BN,2021-10-29,10,0.2847714884069308,26.569451006784,20.470686219862507
BN,2021-10-30,10,0.2799830218316911,45.816713341055994,33.44943728451707
BN,2021-10-31,10,0.2751945552564514,45.397967215103996,33.25099139426237
BN,2021-11-01,10,0.27052177596899185,41.41366893216,30.529992689279865
BN,2021-11-02,10,0.26619605854487244,24.37078544208,18.90098912736216
BN,2021-11-03,10,0.261870341120753,25.878237340032,20.387108594999297
BN,2021-11-04,10,0.2575446236966336,26.732248421759998,20.450991229806473
BN,2021-11-05,10,0.25333139880562583,31.62439923552001,24.11125114685084
BN,2021-11-06,10,0.24945565151395305,19.808529943104002,15.839374932109665
BN,2021-11-07,10,0.2454636318035301,26.572121343935997,20.800359141714015
BN,2021-11-08,10,0.24154266746012112,36.548438842944,27.508848575092163
BN,2021-11-09,10,0.23779226479752844,18.268071435935997,14.933610303697543
BN,2021-11-10,9,0.23434627051984455,23.914018062143995,18.900437422605204
BN,2021-11-11,9,0.23090027624216067,14.071155319872,11.46957932886603
BN,2021-11-12,9,0.22745428196447678,14.353962654527999,11.971440760240423
BN,2021-11-13,9,0.2241260627623417,30.253771066176,23.448895351155517
BN,2021-11-14,9,0.22108386874368224,23.38237256544,18.894176105276923
BN,2021-11-15,9,0.21804167472502278,30.859440792767995,23.794073039033204
BN,2021-11-16,9,0.21499948070636332,17.309948255711998,14.305083687286231
BN,2021-11-17,9,0.21206633210786352,33.451282452672,25.613183459968287
BN,2021-11-18,9,0.2093980081011801,26.487167361983996,20.811605004778087
BN,2021-11-19,9,0.20672968409449666,18.693151850016,15.41074488757243
BN,2021-11-20,9,0.20406136008781323,30.778368114815997,23.795753346349734
BN,2021-11-21,9,0.20149267648615496,23.790778897535997,19.13132871262727
BN,2021-11-22,9,0.19916597672527206,31.20972071616,24.13586165641197
BN,2021-11-23,9,0.19683927696438916,23.259009199104,18.593494741135256
BN,2021-11-24,9,0.19451257720350626,28.723978382400002,22.42798407007608
BN,2021-11-25,9,0.19227586288156187,9.620231144832003,8.25921449757948
BN,2021-11-26,9,0.19025768462561102,10.318648511808,8.844456532657158
BN,2021-11-27,9,0.18823950636966016,19.469738679552005,16.10093124752601
BN,2021-11-28,9,0.1862213281137093,26.62605594432,20.98888968178925
BN,2021-11-29,8,0.1842835789413103,18.952686885888,15.571319050571025
BN,2021-11-30,8,0.1825411575432515,13.466013450623997,11.455210037135515
BN,2021-12-01,8,0.1807987361451927,22.22807275584,17.977643156922237
BN,2021-12-02,8,0.1790563147471339,26.245005042816,20.744156722566395
BN,2021-12-03,8,0.17738513096290617,26.605717911360003,21.035231393233353
BN,2021-12-04,8,0.17588695281226815,15.379154767872,12.92612778219094
BN,2021-12-05,8,0.17438877466163014,17.698808340864,14.821204080631219
BN,2021-12-06,8,0.17289059651099212,19.256266959551997,15.854485628302205
BN,2021-12-07,8,0.17145501700437427,13.293279897408,11.457698655302181
BN,2021-12-08,8,0.1701714627760912,21.265447262975997,17.319220866203604
BN,2021-12-09,8,0.1688879085478081,17.916130314432,14.975379742250233
BN,2021-12-10,8,0.16760435431952503,24.72257131142399,19.93371531162241
BN,2021-12-11,8,0.16637543060029136,19.03189653792,15.713612302489858
BN,2021-12-12,8,0.16527918097446337,20.301113996352,16.68737268138809
BN,2021-12-13,8,0.16418293134863537,21.175276808448,17.273134527992536
BN,2021-12-14,8,0.16308668172280738,21.656403252287998,17.606064095470302
BN,2021-12-15,8,0.16203782656784216,21.90747704544,17.802988505411673
BN,2021-12-16,8,0.16110407227068652,21.959020762559998,17.872584395922633
BN,2021-12-17,8,0.16017031797353087,28.584996648768,22.894661869950387
BN,2021-12-18,8,0.15923656367637523,17.270933387904,14.493732379664953
BN,2021-12-19,8,0.15834371690638183,19.917889564608,16.41921003358219
BN,2021-12-20,8,0.15755021698806815,18.665253036863998,15.536977619709866
BN,2021-12-21,8,0.15675671706975447,26.539642592064002,21.357689039613422
BN,2021-12-22,8,0.1559632171514408,15.521614149888,13.31256682042501
BN,2021-12-23,8,0.15520487159868718,21.922567555392,17.928888300453007
BN,2021-12-24,8,0.15453190093372232,23.529551613120002,19.070497548688962
BN,2021-12-25,8,0.15385893026875747,24.332298431616,19.696027499950365
BN,2021-12-26,8,0.1531859596037926,26.317725154559994,21.26920223124058
BN,2021-12-27,8,0.15254308660756818,16.968362453279997,14.45577916579949
BN,2021-12-28,8,0.15197330794971334,18.157640574528,15.238601497700136
BN,2021-12-29,8,0.1514035292918585,14.309653688064,12.457522244654953
BN,2021-12-30,8,0.15083375063400364,16.459088792832002,13.935807011861646
BN,2021-12-31,8,0.15043015741802312,14.101025835456,12.235935124718317
