model,smooth_par,k.,edf,k.index,p.value
biofilm AFDM,s(doy),9,4.317550189704357,0.9389826243304102,0.08
biofilm AFDM,"s(doy, site_year)",120,29.071301709451195,0.9389826243304102,0.1075
filamentous AFDM,s(doy),9,1.002516801689517,1.0989867637410846,0.9475
filamentous AFDM,"s(doy, site_year)",110,14.471000779730826,1.0989867637410846,0.935
biofilm chla,s(doy),9,1.010026616676175,0.9230267318432598,0.0525
biofilm chla,"s(doy, site_year)",120,32.3835360252121,0.9230267318432598,0.05
filamentous chla,s(doy),9,5.444269639401549,0.9579136526939059,0.27
filamentous chla,"s(doy, site_year)",110,15.239616685106375,0.9579136526939059,0.24
