date,doy,year,site,epil_gm2_fit,epil_gm2_se,epip_gm2_fit,epip_gm2_se,fila_gm2_fit,fila_gm2_se,epil_chla_mgm2_fit,epil_chla_mgm2_se,epip_chla_mgm2_fit,epip_chla_mgm2_se,fila_chla_mgm2_fit,fila_chla_mgm2_se
2020-07-13,195,2020,GR,16.66746419354643,4.543552820042482,1.005087328334278,2.1591859393199186,82.95996503372945,36.359576746210315,46.88502432007421,13.650599936482427,1.6687427540052296e-11,7.389973926039773e-9,201.3795827922684,85.29679029065798
2020-07-14,196,2020,GR,16.819145362363553,4.336363314461955,1.2122205684209002,1.8829119936735732,82.4043091603259,33.82480145559133,46.62105870866987,12.770299437761864,2.923407380538069e-11,1.2866697617493361e-8,198.4810865819066,77.71900405546117
2020-07-15,197,2020,GR,16.939167801064276,4.132143260535771,1.3736170927647777,1.5306779223296236,81.81462223921234,31.4334982580892,46.330158437606855,11.936423726962946,4.82209963819453e-11,2.1093042240385117e-8,195.4928698592174,70.73977898793427
2020-07-16,198,2020,GR,17.022887587882543,3.9327882406640855,1.4833929745150842,1.202269621291755,81.18944375037917,29.19452483359222,46.01094997742239,11.152449142434582,7.48187742551094e-11,3.252663141176497e-8,192.4100689414484,64.38410798044988
2020-07-17,199,2020,GR,17.0657945230382,3.739682776657453,1.5479710240921982,0.941401537570178,80.5274260905823,27.113738012966504,45.6621583941321,10.420662367138004,1.0909208439177202e-10,4.713531428459893e-8,189.2285782483051,58.662542317897056
2020-07-18,200,2020,GR,17.063604465337956,3.553520026980745,1.5790588234956935,0.7507653551234665,79.82734238174645,25.193199380808355,45.2826168643051,9.741873132240924,1.4933610022735123e-10,6.412698384021953e-8,185.9450809933478,53.56658125856727
2020-07-19,201,2020,GR,17.01235919149659,3.374229616412191,1.5885025199546114,0.6174505643983619,79.08809426116116,23.43074470412174,44.87127624202467,9.11528579559512,1.9173701460138075e-10,8.182798729649274e-8,182.5570782829243,49.06609132483755
2020-07-20,202,2020,GR,16.909156718366376,3.201251722797942,1.5859863702271153,0.526975649092572,78.30907586802222,21.82051190471777,44.4277357918212,8.538845592136788,2.3086437938442365e-10,9.791936303022902e-8,179.06465955990456,45.11208413059419
2020-07-21,203,2020,GR,16.754731653399183,3.0345655402870397,1.5783686128497638,0.4670586483843577,77.49161664873792,20.355702019285065,43.95429545942341,8.010667618705138,2.6169019355893075e-10,1.1030855792154885e-7,175.4773458844291,41.650840837619434
2020-07-22,204,2020,GR,16.554048729529654,2.87520883674657,1.5699314538281657,0.428076200756779,76.63944461485664,19.031235946374924,43.45634048448969,7.53001939529261,2.814409058602502e-10,1.1789943459895881e-7,171.8155955178373,38.63724605861184
2020-07-23,205,2020,GR,16.31539561414477,2.725180000517331,1.5630135943723098,0.4030654122584169,75.7583099404493,17.844799957265035,42.94160580778865,7.097491445319064,2.9014695265071654e-10,1.2079139141513593e-7,168.10826475745188,36.03965328598885
2020-07-24,206,2020,GR,16.047579094329993,2.5865243778643134,1.558881726093,0.3873530566576717,74.85420978534988,16.794970626334695,42.418025087771845,6.713908536811272,2.898256300603812e-10,1.199048963784574e-7,164.3841799003877,33.83114266958597
2020-07-25,207,2020,GR,15.759125124783163,2.4609137288850502,1.5581895303408952,0.3779347198354137,73.93293180170262,15.879508108684774,41.89319454941796,6.379630753017724,2.8353097041830713e-10,1.1656531691620869e-7,160.6700598014231,31.982182944984086
2020-07-26,208,2020,GR,15.458161460180088,2.3494492992722034,1.5612125553373764,0.3729307737532204,73.00003953821133,15.094039486658636,41.3743642431559,6.094096363446302,2.7457824181591266e-10,1.1217291845993836e-7,156.99050441268707,30.45627389844782
2020-07-27,209,2020,GR,15.152340371211764,2.2525354136385776,1.5679926801397972,0.3711458795584297,72.06086203975384,14.431046913697461,40.86844186606011,5.855474751923898,2.6606674366254146e-10,1.0800593631489686e-7,153.36802305287776,29.20820582369183
2020-07-28,210,2020,GR,14.848922238089793,2.1699329018807103,1.5783705424925611,0.3718088689728601,71.12086560395616,13.879876232396704,40.38209024622215,5.660669006858674,2.604170312489392e-10,1.0503681065636992e-7,149.82434658302876,28.187877676424844
2020-07-29,211,2020,GR,14.555121340825524,2.1010653570775073,1.591870315110496,0.3745548169904953,70.18674584396076,13.428442728598329,39.92199240239526,5.505882764798222,2.585543972885151e-10,1.0361384103502658e-7,146.38403803915156,27.351615829662098
2020-07-30,212,2020,GR,14.277729198523577,2.0448383926420566,1.607885465416006,0.37902041445214135,69.2652255581526,13.062348368627466,39.494630105980754,5.386300676024931,2.6117172980091737e-10,1.0398319909798835e-7,143.07048623104873,26.657586671706913
2020-07-31,213,2020,GR,14.023046055925429,1.9996832271154528,1.6257433119941886,0.384590525920975,68.36267533487728,12.76501723221521,39.10624918632923,5.296151322236536,2.692030848904185e-10,1.064791626237662e-7,139.90480280229704,26.064521477075328
2020-08-01,214,2020,GR,13.796968886479654,1.9637570714403023,1.6447097058978823,0.39032778930934314,67.48512846418984,12.518773869587065,38.76291876973504,5.229108690204186,2.8398896559347506e-10,1.1158584699925683e-7,136.9060612362099,25.533705180858874
2020-08-02,215,2020,GR,13.605104339964598,1.9351864664920853,1.663991668087923,0.39502616824941095,66.63830138933763,12.306279525330234,38.47060004195901,5.178824915868654,3.075235668117557e-10,1.2002831252960556e-7,134.0915625514259,25.031721057831373
2020-08-03,216,2020,GR,13.452465038967425,1.9123807718697723,1.682770591771777,0.3974850894593057,65.8274991013935,12.112823731724575,38.23480294088718,5.139751976099275,3.4243747639382614e-10,1.3275720743755166e-7,131.47647029232047,24.535886361309117
2020-08-04,217,2020,GR,13.341846514991085,1.894478071265439,1.7003416481434521,0.3971883130036131,65.05706987898188,11.930401898077386,38.05895097561085,5.108593087758188,3.906012820497431e-10,1.5040266048638854e-7,129.0712939121635,24.044403363128072
2020-08-05,218,2020,GR,13.273363992180021,1.881463451676747,1.716205684115375,0.39459863915340543,64.32982540606244,11.758507458376645,37.94383114945684,5.084753766742579,4.5230779587327206e-10,1.729713451944864e-7,126.88031171868461,23.57412330929432
2020-08-06,219,2020,GR,13.244915574486646,1.8739618853377322,1.7300770112171502,0.39098888302020623,63.64693530223794,11.602060982395411,37.88797700416747,5.069786689071124,5.255389145151343e-10,1.9958862885297684e-7,124.90200643247047,23.15105805096569
2020-08-07,220,2020,GR,13.254243878372453,1.8728124050498458,1.7417161104461476,0.3877639567654729,63.009225590807134,11.467053774351841,37.88968826077804,5.065941372315225,6.052971607834142e-10,2.282769191257445e-7,123.13417471546566,22.79664903690924
2020-08-08,221,2020,GR,13.299404759194998,1.878804380621583,1.7508867975291584,0.3860288127440293,62.41753025155355,11.358434931590605,37.94752170984312,5.0753984521920135,6.827282876152896e-10,2.556666329704023e-7,121.57526084694044,22.52211878657403
2020-08-09,222,2020,GR,13.378714954192592,1.8925165877086876,1.7573590239293213,0.38630990717818675,61.87270214558225,11.279147628879786,38.060270273875226,5.099857959384448,7.450153390543175e-10,2.770084118360336e-7,120.22440582360362,22.32717610099537
2020-08-10,223,2020,GR,13.490705623107496,1.9142177607351563,1.7609119005640823,0.3884111716901247,61.3756241706545,11.229709664148283,38.226944232023264,5.14028143683499,7.770395798382563e-10,2.8683993800766865e-7,119.08150040661143,22.20120463295882
2020-08-11,224,2020,GR,13.633686340565294,1.9438636981441164,1.7613744100813058,0.3915810155825651,60.92644542535802,11.208738277164366,38.44630721859139,5.196931578861955,7.669541005564453e-10,2.810606289788501e-7,118.14519161354009,22.129582878689693
2020-08-12,225,2020,GR,13.804486400090163,1.9811884283017431,1.7587411017085965,0.3951027526780091,60.522308034932486,11.214604223642672,38.71549534680331,5.269770799017744,7.156360122614372e-10,2.603276825399101e-7,117.40689382808725,22.10716217574798
2020-08-13,226,2020,GR,13.999516244322027,2.025578490932093,1.753060689953775,0.3981649438628329,60.15974084447493,11.244407956267644,39.03128721839979,5.357994180773962,6.320115263354514e-10,2.2819821963847818e-7,116.85709851512311,22.131917775774983
2020-08-14,227,2020,GR,14.215081587204248,2.0760440055062994,1.7443975713402264,0.3998833281239154,59.83542504639573,11.293827720984025,39.39050200250962,5.459927062904478,5.289093290125569e-10,1.8953428039949233e-7,116.48733552786709,22.202003801659547
2020-08-15,228,2020,GR,14.447319988864743,2.131288298983555,1.7328305026250563,0.3994712479599038,59.54617459498243,11.35767409534783,39.789957996593785,5.573209138693099,4.199274749244275e-10,1.493342501232023e-7,116.29006017486184,22.31629813793053
2020-08-16,229,2020,GR,14.692147351863307,2.189846819705268,1.7184511379308443,0.3964484123892681,59.288918545094226,11.430705634049472,40.22643417637169,5.695120818993995,3.1667779085548613e-10,1.1174811662633008e-7,116.2585518193557,22.475803635797476
2020-08-17,230,2020,GR,14.945276160754474,2.2503990346928915,1.7013723190949417,0.39100525814492554,59.060215481956526,11.509071246478733,40.69659599572491,5.823256675195096,2.2744811721877427e-10,7.963452235841426e-8,116.38586824079424,22.687483657064234
2020-08-18,231,2020,GR,15.202512127557807,2.3123910791545637,1.6817641770259601,0.3845778668938989,58.854502970886735,11.592618366745914,41.19688130752531,5.956826147196141,1.570989962144841e-10,5.45692818787188e-8,116.66123690068395,22.97022559177063
2020-08-19,232,2020,GR,15.460197852545358,2.3761784735109335,1.6598570012339287,0.37959437113934036,58.66430765935435,11.684550363033294,41.723809002399015,6.096931220944265,1.0594031993463024e-10,3.650494648324334e-8,117.0705038955259,23.348160119292967
2020-08-20,233,2020,GR,15.715407782857204,2.4427068087682167,1.6359285215958281,0.37863587711242125,58.481161181655104,11.78933116185353,42.274227603408036,6.245916508728358,7.094257220039258e-11,2.4247828349025787e-8,117.59786118707711,23.840292250234537
2020-08-21,234,2020,GR,15.965250855746175,2.512701623656723,1.610261541128289,0.38336499252308676,58.296513806662745,11.909390495817181,42.84494007325153,6.405799805532384,4.799193710334804e-11,1.6269272742037965e-8,118.22726211891128,24.44984223482343
2020-08-22,235,2020,GR,16.206679699349884,2.586281203032823,1.5831317899516346,0.39402163495783676,58.10192422902541,12.043753345922397,43.43257660622027,6.577520826262289,3.336593077222169e-11,1.1217401353711035e-8,118.94258286093532,25.160967622886275
2020-08-23,236,2020,GR,16.43650279485416,2.662794719580423,1.5548060474597667,0.40946932731824015,57.88906784171379,12.18772261338053,44.033578959023785,6.760611150913853,2.4253238764377686e-11,8.08533624683454e-9,119.72748793213755,25.940112685215155
2020-08-24,237,2020,GR,16.651402319716297,2.7407762695371356,1.5255406030707384,0.42764725559645916,57.64975705293937,12.333150120538061,44.64418747186708,6.95306441737077,1.875105427591079e-11,6.197791614915817e-9,120.56531854810169,26.74007262006424
2020-08-25,238,2020,GR,16.84835800093778,2.8182655335438946,1.495603142886971,0.446307528015757,57.376702827326554,12.47038605411614,45.2608404349752,7.151856646375333,1.5622236679866313e-11,5.118876356686996e-9,121.44023709998193,27.512683240536003
2020-08-26,239,2020,GR,17.02590933445777,2.8937738069232712,1.4653379400612094,0.463962465559771,57.065714634653276,12.593185530363773,45.881438918728975,7.354630249861567,1.3978200098096854e-11,4.539817584923341e-9,122.34093428180083,28.23855546481583
2020-08-27,240,2020,GR,17.183034021148064,2.9657389184092704,1.4350903955912535,0.4795713661966284,56.71349427033418,12.696259570104738,46.50419146467654,7.558659473739358,1.3331928018314681e-11,4.2911324001158626e-9,123.25701984669016,28.91279120692236
2020-08-28,241,2020,GR,17.318765501855513,3.032325832417983,1.4051830355259753,0.49233421096271296,56.316924835445434,12.774166161700542,47.12721439137127,7.7604360443259965,1.3452762766935164e-11,4.290619178214745e-9,124.17778911829721,29.53566629488803
2020-08-29,242,2020,GR,17.432201061599955,3.091495481675434,1.3759159388726008,0.5016417301120588,55.87309714668936,12.82137635265257,47.74853142287008,7.955748302962104,1.4254433856377659e-11,4.504313643135168e-9,125.09221420629291,30.109813926625144
2020-08-30,243,2020,GR,17.522509800049153,3.1411124113904956,1.3475676237673153,0.507042172671912,55.37933719214179,12.832463149142768,48.366074089528524,8.13984574268757,1.5741698053955188e-11,4.9277124489654705e-9,125.98894482505857,30.638063868302652
2020-08-31,244,2020,GR,17.58894038386603,3.179087411543723,1.3203963056716252,0.5082230847022919,54.83323425452363,12.802395578034004,48.9776829609283,8.307686908605747,1.798288832145445e-11,5.5759553359101136e-9,126.85631923219995,31.121799792932453
2020-09-01,245,2020,GR,17.630828494300335,3.203554254255278,1.294641450103695,0.5050076473605184,54.23266928298637,12.726925781632021,49.581109769742994,8.454275663493423,2.1091949880744537e-11,6.477410544892132e-9,127.68238572349706,31.559764631421196
2020-09-02,246,2020,GR,17.64775887937314,3.213372258562519,1.2705170742372776,0.4975559617367022,53.57660362178267,12.604585406110274,50.17426785619315,8.575732734351682,2.5167621385916306e-11,7.654564784968648e-9,128.4549349945403,31.947287421541315
2020-09-03,247,2020,GR,17.640149662655848,3.2093554153210566,1.2481869371418939,0.4868514802399643,52.867307318909916,12.44102676564375,50.756195387346004,8.672114396908942,3.005311360245285e-11,9.051929953837235e-9,129.1615437347843,32.27592626821984
2020-09-04,248,2020,GR,17.6091250241457,3.1938903705405357,1.2277868801976626,0.4739369325442331,52.107941319503794,12.243056252719345,51.3269568209816,8.746969152975462,3.518181616099862e-11,1.0493774010561575e-8,129.78963004313098,32.53352696076072
2020-09-05,249,2020,GR,17.55600705570597,3.1694117365192565,1.2094427667624286,0.4596520910659747,51.30175828268072,12.01633888201549,51.88684731277763,8.804208465923029,3.9529445266161086e-11,1.167588037947133e-8,130.32652087207416,32.70469384523362
2020-09-06,250,2020,GR,17.48218682237841,3.1378503460628644,1.1932754164290063,0.4446019968700879,50.452082072212335,11.76502490446639,52.4362014045738,8.846943057130032,4.173390947017902e-11,1.2206992767113849e-8,130.75953116409414,32.77166758764422
2020-09-07,251,2020,GR,17.389109176041924,3.100462733778738,1.1794034190696407,0.4291440401252175,49.56228767166794,11.491646534587519,52.97539204962597,8.877090866068716,4.0533630734986257e-11,1.1740276504333235e-8,131.0760544070087,32.71561133633461
2020-09-08,252,2020,GR,17.278258244017533,3.0577711674765644,1.1679461143661731,0.4133954689851385,48.63578166666465,11.19726972656362,53.50482962212075,8.895171146498656,3.5456203644995025e-11,1.0169133498319342e-8,131.26366431778325,32.51832830555484
2020-09-09,253,2020,GR,17.151092690138952,3.0098321228419884,1.1589688075471722,0.3973514900150773,47.67580929144833,10.882676911439098,54.02485429536571,8.90083513436018,2.7506387927950106e-11,7.811400232711037e-9,131.30928639992771,32.16921487406274
2020-09-10,254,2020,GR,17.008883069529578,2.9571001445736007,1.1523153986483514,0.3812214193216047,46.68494295763739,10.55118522242073,54.53540731266871,8.89485740740005,1.9074021321007075e-11,5.362898106498227e-9,131.19650404157824,31.680169077524887
2020-09-11,255,2020,GR,16.85285993639307,2.900015371860548,1.1477884132175107,0.3652315292209391,45.66564089029194,10.206305026127762,55.03633659773884,8.878065534872864,1.1985142764365287e-11,3.3358238921839143e-9,130.90855450438585,31.068805361758898
2020-09-12,256,2020,GR,16.684256981470355,2.83883240401232,1.1452055393332945,0.3495340405417875,44.620417417505166,9.850900181846468,55.527501419687674,8.850858048699907,6.917693012987754e-12,1.9056667227071785e-9,130.42948351603397,30.352326453918714
2020-09-13,257,2020,GR,16.504303101875202,2.7736810668739706,1.1443973263732372,0.3342093511734082,43.55183202149649,9.48728715758815,56.00877243123885,8.813285061324692,3.718102543201477e-12,1.0135361062553067e-9,129.7443764707028,29.546921138625795
2020-09-14,258,2020,GR,16.314215159423483,2.7046772403940786,1.1452050525431874,0.31929258445177217,42.46247824278665,9.117477258092325,56.48003168819796,8.765265637775778,1.8864631372710045e-12,5.087329779615133e-10,128.8396014424186,28.667751668277997
2020-09-15,259,2020,GR,16.115158270419496,2.6323470855106597,1.1474260721678244,0.30492422906079414,41.35446001228132,8.744163859759329,56.941057091643984,8.707624994880499,9.200356767131732e-13,2.4538658018361474e-10,127.70305226682511,27.732743838667457
2020-09-16,260,2020,GR,15.908143725829087,2.558505183290869,1.1506531808453762,0.29170067408692923,40.2279544975499,8.372681887153893,57.39116855815128,8.644434629543019,4.4709869479723796e-13,1.17905011105566e-10,126.32437983371318,26.771900155716892
2020-09-17,261,2020,GR,15.694129512496454,2.485262507488596,1.1544283450561346,0.28037046957577627,39.08293887977379,8.008515836989476,57.82956276262491,8.580755315682852,2.2542140461331867e-13,5.876028918003756e-11,124.69526337649715,25.81489905756158
2020-09-18,262,2020,GR,15.474050562914398,2.4145136966207774,1.1582918919851648,0.2715764606084548,37.91972968291666,7.656080911138664,58.25542816047653,8.52138159587256,1.2278082435940504e-13,3.162673680804716e-11,122.80965635270077,24.88473064094335
2020-09-19,263,2020,GR,15.248815518909076,2.3477508470393587,1.1617806254949719,0.26566789367320226,36.7389801672717,7.318362767855833,58.66794638493998,8.47032214151647,2.2204460492503126e-16,5.650284492645012e-14,120.66400750499575,23.995446058437036
2020-09-20,264,2020,GR,15.019303946791373,2.2859483896803408,1.164427541676952,0.2625558898770753,35.541675197322846,6.9967935537612655,59.066293731973325,8.430417231911068,2.2204460492503126e-16,5.58009537999578e-14,118.25745710058578,23.151290694851134
2020-09-21,265,2020,GR,14.786363991491754,2.2295300258121786,1.1657631740704861,0.2616770868146488,34.329123305277065,6.691369736601259,59.4496427317328,8.403143756485116,2.2204460492503126e-16,5.5089680465545976e-14,115.59200096587405,22.347548133179213
2020-09-22,266,2020,GR,14.5508713188786,2.178563873523468,1.1653356288991654,0.2621871234018571,33.10287598098121,6.401367118717483,59.81738502500423,8.389096291720522,2.2204460492503126e-16,5.436930354057899e-14,112.67491162671166,21.57598519872671
2020-09-23,267,2020,GR,14.313902617540716,2.1332540197694194,1.162766063019704,0.26343545275439134,31.864525139972628,6.126730924079127,60.16980692460332,8.389479610117625,2.2204460492503126e-16,5.3642893473420504e-14,109.52519144519832,20.836131165110324
2020-09-24,268,2020,GR,14.076538532552558,2.0935069419539705,1.1577025464539419,0.2648207081899417,30.615931898548656,5.8668561593745485,60.50744378634942,8.404732007980293,1.3094125963412608e-13,3.1203713305010634e-11,106.16568584959484,20.126753488922574
2020-09-25,269,2020,GR,13.839800184718225,2.0588247815661833,1.149808827108954,0.26574682754453066,29.359281508062036,5.620269246633347,60.83085987565238,8.434054603003094,2.9862423222631214e-13,7.018341459643593e-11,102.62039353447527,19.44291107282254
2020-09-26,270,2020,GR,13.60464915264511,2.0284206786749204,1.138770833706672,0.26569124440454833,28.097059408611223,5.3848918164816135,61.1406467656036,8.475625672652809,8.698847908771306e-13,2.016013004897417e-10,98.91417716782286,18.776985118086532
2020-09-27,271,2020,GR,13.371988117238113,2.0014001687908394,1.1243036210436932,0.26429926222680733,26.83202327492507,5.158442193878019,61.437421768260755,8.527067298958208,3.2413213520046554e-12,7.406922877339973e-10,95.07246923943892,18.120572971829805
2020-09-28,272,2020,GR,13.14266210379962,1.9769913425427181,1.1061584644921527,0.26150068289263007,25.56717115353109,4.938907639398388,61.72182640698836,8.586150290396409,1.5471827141809874e-11,3.485972864573899e-9,91.12097798637976,17.46687144484127
2020-09-29,273,2020,GR,12.917494515629535,1.9549480843474167,1.0841843163105476,0.2577319162432175,24.306027361119813,4.7253459323912255,61.99481127814959,8.652247648832551,9.389151818644775e-11,2.085868513913781e-8,87.08727379088666,16.814992576848802
2020-09-30,274,2020,GR,12.69740619633055,1.9361818119799448,1.0585404394695668,0.25422238853008006,23.05376147574124,4.519150085334754,62.25874134296645,8.728955480243956,6.880345281683177e-10,1.5073447757273548e-7,83.00697832254913,16.176630728054523
2020-10-01,275,2020,GR,12.483361016624393,1.9222681561273929,1.0296636273455078,0.2524023852257374,21.816792513802845,4.322898226138386,62.51727342706108,8.822874099837177,5.556221813074921e-9,1.2007348270749478e-6,78.92065471175061,15.568684374044004
2020-10-02,276,2020,GR,12.276275175410415,1.9143682543289138,0.9980367976731942,0.2530092024467541,20.60118570333107,4.138120433907784,62.774367807331906,8.939828025254151,4.4778156162443895e-8,9.549132180316358e-6,74.86582080770621,15.000700093377862
2020-10-03,277,2020,GR,12.077003269014659,1.9128504814610632,0.9641265435718547,0.25582619309150173,19.41228335282155,3.9648030267382532,63.03404989053367,9.083301386543168,3.26138350412807e-7,6.86614965674728e-5,70.87515280708759,14.472354315233778
2020-10-04,278,2020,GR,11.886344025443519,1.9172580170681472,0.9283752888258762,0.2598393280674363,18.254707792795795,3.801630817227908,63.30041058105389,9.254011824351641,1.9440969704192305e-6,4.042289980796181e-4,66.97652360098719,13.975306989527759
2020-10-05,279,2020,GR,11.705046543054056,1.9264476169134677,0.891195378232791,0.26359970658729337,17.132370842915698,3.6464715758220776,63.57760921420053,9.450091343847989,8.58903942787478e-6,0.0017645461970153152,63.19315202818024,13.496531879593848
2020-10-06,280,2020,GR,11.533724994167521,1.938960299603164,0.8529664580721875,0.26569540201827846,16.04865568442945,3.4972829047679737,63.869626381348034,9.668295542025367,2.56218878401683e-5,0.00520324662126114,59.54327579233977,13.023764790448654
2020-10-07,281,2020,GR,11.372599444332531,1.9536839513603137,0.8140373779578138,0.2653082235154819,15.006843236508807,3.353551197184854,64.17950435689653,9.906675007710904,4.815596925557763e-5,0.00967284166702268,56.03882994634137,12.553877494280787
2020-10-08,282,2020,GR,11.221678365005037,1.9699881265420125,0.7747206706316905,0.2620238757966267,14.009426232422133,3.215592323256138,64.50969817345471,10.165057277533824,5.406800206383234e-5,0.010752372129313912,52.68608121427263,12.107490478904
2020-10-09,283,2020,GR,11.080520094528527,1.9882483606946748,0.7352875934698311,0.25571266368069917,13.0578626897036,3.085033736740108,64.86111973418936,10.447391438983544,3.57857091519216e-5,0.0070565375455771935,49.47842653050809,12.270811229603913
2020-10-10,284,2020,GR,10.948598959806922,2.0094400600078326,0.6959741113052728,0.2464979429928363,12.152438427145952,2.9678211932806717,65.23431061826226,10.760119843905747,1.391594206637991e-5,0.0027269950841563263,46.37108108288785,20.0535269356888
2020-10-11,285,2020,GR,10.825421044136137,2.0349165472101016,0.6569864662057628,0.2347419736490543,11.292004045649598,2.8829808914033177,65.62983853156211,11.111257244985275,3.1688844299659263e-6,6.190585128931411e-4,43.236672268403396,54.65661248007934
2020-10-12,286,2020,GR,10.710521547533238,2.0663353515798897,0.6185065433459037,0.22105507024402438,10.473559249267367,2.8809202004946126,66.04829857645993,11.510066643891193,4.2116848379360905e-7,8.236695269780985e-5,39.87069218719126,128.56160515504956
2020-10-13,287,2020,GR,10.603351922650795,2.105703558198475,0.5806700701541746,0.2064372553028378,9.691648648426693,3.059943904998252,66.48982104512429,11.967254070933423,3.296812259670923e-8,6.48851176012739e-6,36.17787759381257,224.5732807034991
2020-10-14,288,2020,GR,10.50295415229416,2.1554558397769825,0.5434972495447827,0.19250441547088895,8.937355751615165,3.5317948999842566,66.95256519141263,12.495389687391425,1.6114694230742433e-9,3.2112170714746473e-7,32.36907005603306,294.9118210998
2020-10-15,289,2020,GR,10.408301995230472,2.217587879036948,0.5069953312710418,0.18086288192227412,8.197109958412286,4.299085904565698,67.43414980255339,13.105148088489868,5.27966731449967e-11,1.0722160193041796e-8,28.865633401800984,303.72240823771926
2020-10-16,290,2020,GR,10.318408339376385,2.293268916947148,0.47119227389884305,0.1727703951495544,7.451377383132568,5.122722722825146,67.9321329038286,13.80355150037425,1.2445566915673396e-12,2.5925752165078357e-10,25.990415106821374,254.51034278149274
2020-10-17,291,2020,GR,10.232320859707352,2.3827348769847,0.43613975640454833,0.16890444136407992,6.674106402280839,5.4340832302385405,68.44400502259458,14.593422648405546,2.2204460492503126e-16,4.772914156326603e-14,23.806351755998598,172.99662677840047
2020-10-18,292,2020,GR,10.149118526054727,2.485308559777001,0.40191491777858107,0.16922629439932954,5.835342620793376,4.353473950582511,68.96718334272582,15.473367444228865,2.2204460492503126e-16,4.9498997640336927e-14,22.18004396139563,83.56558495393921
2020-10-19,293,2020,GR,10.067908908598326,2.5995190699030717,0.3686202545190839,0.17306178606512446,4.9115038663603094,2.0995514216526368,69.49900679261594,16.438166377193568,2.2204460492503126e-16,5.153264915335384e-14,20.90599187198154,8.769390908188164
2020-10-20,294,2020,GR,9.987878169530727,2.723332180997054,0.3363765756097855,0.1793693142404634,3.907470644338064,6.955688891586211,70.03689810736233,17.479684379028765,2.2204460492503126e-16,5.3789206450018175e-14,19.79852402174404,71.31966035231058
2021-06-22,173,2021,GR,15.067316604774303,3.9044088382879836,3.851626049265106e-9,2.154197175451815e-6,3.1916709222641798e-15,1.3967975027461884e-13,25.091510087069203,6.276527956261704,4.0788317400064706e-13,6.337349797328611e-11,3.1863962565573286e-14,4.4541862169833196e-12
2021-06-23,174,2021,GR,15.103299677565966,3.7306797448016042,5.74848449343852e-9,3.0366038360685968e-6,3.215678902949579e-15,1.3334414141861803e-13,25.281322228084893,6.020910212902072,1.0832287163411207e-12,1.602821677594396e-10,3.1379076147261206e-14,4.151517434572195e-12
2021-06-24,175,2021,GR,15.139360597605279,3.570111131943199,8.577007138588082e-9,4.2749104560865415e-6,3.239526109349108e-15,1.2713522417437017e-13,25.472951766502064,5.7837453621382355,2.874944248721486e-12,4.0499058922074707e-10,3.089915664777285e-14,3.865696062481552e-12
2021-06-25,176,2021,GR,15.175495214819513,3.4246557851043855,1.2789821865999504e-8,6.009124535602671e-6,1.5431239514829543e-12,5.724802429183462e-11,25.666880143524004,5.5686953959539665,7.620587711490174e-12,1.021743274776316e-9,3.042182791106738e-14,3.59595628059817e-12
2021-06-26,177,2021,GR,15.211699340113638,3.295906195716988,1.9055164190383655e-8,8.432431114036317e-6,5.77090876548638e-12,2.021452063714847e-10,25.863602403485856,5.378979451947374,2.01614688611213e-11,2.57231753283764e-9,2.9944860473670154e-14,3.341549113407154e-12
2021-06-27,178,2021,GR,15.247968745176236,3.1849512195762957,2.835655895364896e-8,1.1810448703158747e-5,2.1398926557961307e-11,7.068769460402513e-10,26.063627638455728,5.217134745413197,5.3205364798979475e-11,6.458552516038308e-9,2.9466170320833846e-14,3.1017399846158862e-12
2021-06-28,179,2021,GR,15.28429916229625,3.092242525459918,4.213666442568641e-8,1.6507004722179258e-5,7.850914494895295e-11,2.442657294131064e-9,26.26747952558999,5.084773821427497,1.3996296103503154e-10,1.616248986453028e-8,2.898381916286469e-14,2.87580812109737e-12
2021-06-29,180,2021,GR,15.320686284190964,3.017496667435578,6.250370027725152e-8,2.301841736529223e-5,2.843839498882641e-10,8.322924627175954e-9,26.475696961789637,4.982378656067602,3.6679224681165955e-10,4.028759214174111e-8,2.849601603786181e-14,2.663047654754274e-12
2021-06-30,181,2021,GR,15.357125763845632,2.959658051478123,9.252592001732547e-8,3.2018766429747044e-5,1.014898446324243e-9,2.7901992928835433e-8,26.688834800495922,4.909177118431335,9.569767554711266e-10,9.996444127191877e-8,2.8001120045853144e-14,2.4627702021431306e-12
2021-07-01,182,2021,GR,15.393613214364906,2.9169388792731743,1.3664896966658077e-7,4.4419200687026983e-5,3.5608104875296228e-9,9.183022048999076e-8,26.907464695806844,4.863138164264771,2.484172419297805e-9,2.467444219972479e-7,2.7497644015946922e-14,2.274308630230109e-12
2021-07-02,183,2021,GR,15.430144208835971,2.8869364665556296,2.012832954611287e-7,6.144494973005293e-5,1.225631730443612e-8,2.960506540590573e-7,27.132176059497894,4.841099227088351,6.411890163880375e-9,6.054670689900886e-7,2.698425890325476e-14,2.0970216506677287e-12
2021-07-03,184,2021,GR,15.466714280204036,2.8668122929597613,2.9562467960541386e-7,8.473436322734187e-5,4.129829191094947e-8,9.328424103542945e-7,27.363577136989075,4.839010869362635,1.6445204988285493e-8,1.4760103376114964e-6,2.6459798706572363e-14,1.9302988320866103e-12
2021-07-04,185,2021,GR,15.503318921159712,2.8535075265655494,4.327911560842069e-7,1.1646497445753603e-4,1.3593811278206692e-7,2.8664002560669307e-6,27.602296208828214,4.852262012636722,4.188574761345442e-8,3.5724213608331216e-6,2.592326569176694e-14,1.7735655881189375e-12
2021-07-05,186,2021,GR,15.539953584039514,2.8439699401080554,6.313845646172049e-7,1.595122971200567e-4,4.361777699790442e-7,8.569755269521905e-6,27.848982924858312,4.876042638773515,1.0587462761854836e-7,8.579032593020375e-6,2.5373835700119204e-14,1.6262876934210469e-12
2021-07-06,187,2021,GR,15.576613680738179,2.835375603998518,9.17615184486891e-7,2.1764793298610326e-4,1.3613664635381315e-6,2.4872080303635634e-5,28.10430977890778,4.905710226262225,2.654245183567632e-7,2.042957429751972e-5,2.4810863316158073e-14,1.4879749043394006e-12
2021-07-07,188,2021,GR,15.613294582635008,2.8253410511652524,1.3281631458726005e-6,2.9578493139890413e-4,4.124315282103071e-6,6.991490963033248e-5,28.36897373259793,4.937145071571062,6.595360786821074e-7,4.821593423921436e-5,2.424480886290026e-11,1.3587954469160476e-9
2021-07-08,189,2021,GR,15.649353497229294,2.8123310309814586,1.913127189411427e-6,4.001087796150645e-4,1.2100288437837845e-5,1.898767275243691e-4,28.643040698504645,4.967451576738491,1.6212212170360957e-6,1.1258141632318984e-4,1.9926694418923736e-10,1.0421809345680217e-8
2021-07-09,190,2021,GR,15.681584332015872,2.7963082674846778,2.735471181382586e-6,5.374629978384703e-4,3.4277671999777056e-5,4.96688136768023e-4,28.92392606122759,4.996143907335719,3.914190294882996e-6,2.582925430412646e-4,1.5490077626753781e-9,7.549033637424126e-8
2021-07-10,191,2021,GR,15.706117278706719,2.777879790422194,3.870925821486716e-6,7.150067036442262e-4,9.346062356056114e-5,0.0012474108743154104,29.208277580343374,5.023753002167846,9.203652050580915e-6,5.775726736917984e-4,1.1312812435337713e-8,5.129362053807211e-7
2021-07-11,192,2021,GR,15.719067676106702,2.757870711030896,5.40493511418084e-6,9.395148068703501e-4,2.4449886192379905e-4,0.0029981675841666638,29.492615117366057,5.051159678634754,2.0898717184238777e-5,0.0012486398311604386,7.710509205717425e-8,3.247268128539009e-6
2021-07-12,193,2021,GR,15.71655873441984,2.73713280905312,7.42433529226424e-6,0.0012161363989912734,6.117623029020267e-4,0.006874349165270358,29.773328687510542,5.079335720767143,4.544046258010185e-5,0.002588728383945835,4.871781870361123e-7,1.902419105966286e-5
2021-07-13,194,2021,GR,15.694753341762544,2.7163739259801973,1.0002640358965966e-5,0.0015466906964522928,0.0014593811100277374,0.014987992810422799,30.046680613853933,5.109120559882031,9.381061266966184e-5,0.005105371216461063,2.8345343586712427e-6,1.0243922991411131e-4
2021-07-14,195,2021,GR,15.649894711234621,2.6960158619511234,1.3178326025286444e-5,0.0019276099266701781,0.003308634989463644,0.030973504960646592,30.308812039714567,5.141039890904064,1.8233488756028827e-4,0.009499871707324253,1.5085562691262148e-5,5.035268456337193e-4
2021-07-15,196,2021,GR,15.57841355881875,2.6761755977278576,1.6929490570948135e-5,0.00234811913305862,0.007108796695566525,0.06049611795019906,30.555584015159827,5.175285305272243,3.3104030015499326e-4,0.0165524117997019,7.298656011032143e-5,0.0022449252163331164
2021-07-16,197,2021,GR,15.477156312970541,2.656735642808492,2.1155296175963908e-5,0.0027898905905367186,0.01445621458829161,0.1115260807057189,30.782073684805244,5.211774102000413,5.583655860287706e-4,0.026865443084221417,3.196812835031695e-4,0.00903835190086241
2021-07-17,198,2021,GR,15.343265456792048,2.636866314904922,2.5656088018921754e-5,0.0032263499559756544,0.027797752542422463,0.19385851757024555,30.983091870106175,5.249426762760737,8.707209717799131e-4,0.04043005605233547,0.0012629689639213047,0.03273102531082052
2021-07-18,199,2021,GR,15.17418143968857,2.6149873135366297,3.0127451892120198e-5,0.0036235145276965123,0.050490328993789024,0.3173520113527407,31.153385675496136,5.286027044065926,0.0012492757711204882,0.056154068565746215,0.004484052074046125,0.10618027711562772
2021-07-19,200,2021,GR,14.96770537001182,2.588960846802119,3.417744049245785e-5,0.0039429651288427,0.08652905975753429,0.4886323095800516,31.28768190513846,5.31839179028316,0.0016411690095439354,0.07165218836563189,0.01425390323742834,0.3072567479896627
2021-07-20,201,2021,GR,14.72206202555804,2.5563834961563274,3.737028165168218e-5,0.004146858942669985,0.1397556578705445,0.7066997445452815,31.380738511495647,5.3426946526182135,0.0019645396772952316,0.08361642527673227,0.04041309972151259,0.7895291612450259
2021-07-21,202,2021,GR,14.436481653386075,2.51514396401999,3.931245292216033e-5,0.004206472911815137,0.21259040184294134,0.9593706908053544,31.42776557705066,5.355191783726306,0.00213550935831526,0.08898149815424851,0.10186646304764359,1.7939616427271574
2021-07-22,203,2021,GR,14.113256605754238,2.4645705288809867,3.9808085234921886e-5,0.004116598787881815,0.30504678214736053,1.2245670208434383,31.42599171742877,5.353844526106582,0.0021155618554496796,0.08670633262341894,0.22834110184435125,3.6005273507900073
2021-07-23,204,2021,GR,13.758027283965358,2.405781482287304,3.8929147934933766e-5,0.0038988291928789744,0.41449811376366336,1.4760808605177136,31.375325259515133,5.3390556053685065,0.0019308138846231694,0.07823373673568472,0.4570736148564569,6.397956478054568
2021-07-24,205,2021,GR,13.378840909973826,2.3412715261480663,3.6969030783935396e-5,0.003593016496174725,0.5362650644271186,1.6908535323941638,31.27810439316818,5.31336115938004,0.0016492074587936836,0.06638878573618218,0.8227963173105269,10.11378006538234
2021-07-25,206,2021,GR,12.983774859263367,2.2737212517214593,3.429653808053317e-5,0.003240855226442544,0.6644848353070502,1.8537517770440677,31.13729417828088,5.279834061805316,0.0013404711210291491,0.053835283772425434,1.342278505814934,14.296258341315086
2021-07-26,207,2021,GR,12.580299856670177,2.2055255491863686,3.126806813991514e-5,0.002877840365502192,0.7932729994451205,1.95965976465289,30.955996879355585,5.241369165283619,0.0010541788213851398,0.04236468263902849,2.000635459518406,18.17074697003232
2021-07-27,208,2021,GR,12.175217198165647,2.138633563328009,2.8182521881753598e-5,0.00253041185757894,0.917842709324566,2.0126298915678054,30.737415520985866,5.200366969886101,8.155929393567836e-4,0.03284436275332724,2.748717506941721,20.898097367552975
2021-07-28,209,2021,GR,11.77463196164027,2.0744783611108257,2.5262491706906325e-5,0.0022157568199174934,1.0352628056988755,2.0230217439866656,30.484819440178228,5.158528763942098,6.311941469835557e-4,0.02546721708736637,3.515276925442805,21.898104237811538
2021-07-29,210,2021,GR,11.384059868229018,2.0140717236678456,2.2655483905099882e-5,0.0019432441082525614,1.1442469062954619,2.0037598145291313,30.201867133584397,5.116990550172873,4.959859644438083e-4,0.020027756602326013,4.226453836596076,21.03154244296509
2021-07-30,211,2021,GR,11.008739724946432,1.9582866126053071,2.0447012927712827e-5,0.0017165376015665223,1.2432157279485183,1.9669844116777717,29.89361383209922,5.076940258559688,3.9894491471154423e-4,0.016114440192833517,4.818229960730219,18.559207148103937
2021-07-31,212,2021,GR,10.653335727384341,1.9075979769857714,1.8680914024734383e-5,0.0015357863721317943,1.3312465116476757,1.9255304014988812,29.565364595470957,5.03889779214582,3.305766437359106e-4,0.01336721844818262,5.250583945698295,15.02409483364921
2021-08-01,213,2021,GR,10.321906660792092,1.862086139369992,1.7379226479054963e-5,0.0013995237002829499,1.4084475644831442,1.8926771923766488,29.222277514022462,5.002576848689962,2.8400475252799334e-4,0.011518408616679516,5.511549198057918,11.117869192089984
2021-08-02,214,2021,GR,10.018000207768255,1.8215722358168476,1.656071875320244e-5,0.0013062237229678573,1.4758171193127003,1.8812327240935784,28.869336349462504,4.967092427252512,2.5459609683356173e-4,0.010384487560880598,5.612259234437008,7.7267783610252865
2021-08-03,215,2021,GR,9.74475915441711,1.7857729597963234,1.6259106695423656e-5,0.0012556297572803774,1.5350719371531691,1.9026116286277006,28.511331321766473,4.931262847829904,2.396784614899854e-4,0.009859896191282495,5.578743284709488,6.2515716428181545
2021-08-04,216,2021,GR,9.504755387533363,1.7544851637772922,1.65359168142743e-5,0.001249514288060788,1.5876326462195758,1.9651020194491668,28.15285640258175,4.894161953051961,2.3805352146654373e-4,0.009900762518870908,5.439185369629702,7.48720452511226
2021-08-05,217,2021,GR,9.299004091138652,1.7278068030472327,1.7473222485275652e-5,0.0012908736028288687,1.6310868728158112,2.068745883414613,27.79828935195403,4.8561789472093535,2.4864695660197747e-4,0.010470969194028467,5.200572519566123,9.9858818533853
2021-08-06,218,2021,GR,9.126777880656944,1.7061600871907077,1.918356275048103e-5,0.001384402240880683,1.65872772725633,2.2021925873256625,27.45156210468321,4.819223709616775,2.7057131646217325e-4,0.0115427922041364,4.848424779671636,12.483008862217044
2021-08-07,219,2021,GR,8.986012529871191,1.6901571263710797,2.182707553328488e-5,0.0015373750723541848,1.6610778390472825,2.342964666382239,27.116044828756042,4.786236519769836,3.025097286106439e-4,0.013071799251180419,4.361461993977167,14.37135168301693
2021-08-08,220,2021,GR,8.874657961616213,1.680414883939464,2.5659603463293357e-5,0.0017624436630290447,1.6288862299216902,2.4616781610499494,26.794867676648373,4.760143679838218,3.423968615021145e-4,0.014980093209180236,3.7377910647539228,15.250627320141838
2021-08-09,221,2021,GR,8.79097289921156,1.6774405924073903,3.107209242169111e-5,0.0020793692852589833,1.5548606767111208,2.526265257765774,26.4910222529176,4.743400282298323,3.865689403059697e-4,0.017115609900676627,3.0071963242785715,14.83885645732775
2021-08-10,222,2021,GR,8.733487856017364,1.6815687312157035,3.86398359710457e-5,0.002516945716553296,1.4352110395928448,2.5065900867865993,26.20737975317958,4.73781133295966,4.2894819185425705e-4,0.019211821566445412,2.2338918822359113,13.073627772082164
2021-08-11,223,2021,GR,8.700973578453343,1.692935433230403,4.919514905770602e-5,0.00311580322201601,1.2713794972856052,2.3804682435634077,25.946712156509683,4.74446753664756,4.6093251798938906e-4,0.020877248392572118,1.5054975461939488,10.254896749708307
2021-08-12,224,2021,GR,8.692193827344662,1.7114860319578977,6.391745507176226e-5,0.003931446695294701,1.0723452520021965,2.1435616670282345,25.711509012073126,4.7638494320178575,4.7365518263428846e-4,0.021692975441000427,0.9055769446867215,7.044348214652876
2021-08-13,225,2021,GR,8.705218935915132,1.736985497131043,8.440237292184826e-5,0.005035133802516142,0.8562904647815804,1.8205039077841714,25.503395107908098,4.796083548600905,4.6373881176149553e-4,0.021478014161419895,0.4806059110206403,4.194422261986533
2021-08-14,226,2021,GR,8.73804867594778,1.7690125672136248,1.127886885565331e-4,0.006516999133060086,0.644137848103116,1.4533187975706314,25.323798098523262,4.840784281786024,4.319450533389033e-4,0.020237012664068976,0.22319879091643005,2.15380490129131
2021-08-15,227,2021,GR,8.788788156558525,1.8069742326295848,1.5187622744572334e-4,0.0084871362713426,0.4544760933655762,1.088882902052362,25.17417757769801,4.897096447674376,3.821951522670686e-4,0.018122229844287525,0.09010766068750084,0.9513947611692436
2021-08-16,228,2021,GR,8.855607871331864,1.8501480598208118,2.0519415828333472e-4,0.01107262859728851,0.29974691560286415,0.7661452447908988,25.05604418778987,4.963866771535069,3.2077552452927497e-4,0.015403473026378477,0.03142296931504984,0.3606471833614775
2021-08-17,229,2021,GR,8.936708350243261,1.8977503990177798,2.769673629525482e-4,0.0144085776732718,0.18438239038918386,0.5072075352965966,24.97098001178832,5.039860057421003,2.5499668493298144e-4,0.012410952260854875,0.009400501691692261,0.11685816673531678
2021-08-18,230,2021,GR,9.030324403984313,1.9490746259902774,3.7196968978894725e-4,0.01862443403882681,0.10575865631961037,0.31681496662255493,24.92049604751362,5.124073269827339,1.9205270230045971e-4,0.009484663138795953,0.002399532598429465,0.032251971879632156
2021-08-19,231,2021,GR,9.13487889714067,2.0037583926892917,4.95556027403872e-4,0.02384203602196029,0.05691782213349074,0.18784900398893056,24.905412083116385,5.216185900013036,1.3819907924852564e-4,0.006935333674368831,5.253900320012342e-4,0.0076289355433676945
2021-08-20,232,2021,GR,9.24918250291864,2.06184184748492,6.53887574477958e-4,0.030182486279303426,0.029112666058166235,0.10667480453013338,24.925777671240642,5.316575169182032,9.639189195421769e-5,0.004923982134661472,1.0054045398296325e-4,0.0015758256550083348
2021-08-21,233,2021,GR,9.372494821161576,2.123625647918485,8.543288516885008e-4,0.03777729032789189,0.01439860821074966,0.05867768229396335,24.981080451739643,5.425990567509674,6.6308229984851e-5,0.0034544741869479796,1.732594503018144e-5,2.9268876494973565e-4
2021-08-22,234,2021,GR,9.504154621645375,2.189297090299236,0.0011052498948480505,0.04674756236283885,0.00701011947742051,0.03164848285973803,25.07080484886813,5.544967549394063,4.579823892304869e-5,0.002437743568745475,2.77656111224375e-6,5.043839258324534e-5
2021-08-23,235,2021,GR,9.64347284708619,2.2587711161006934,0.001415828385798229,0.05718404277994243,0.003419286663772864,0.016963151312086092,25.19456191869004,5.673576811522973,3.233310020043712e-5,0.0017608476042271894,4.2729163686250105e-7,8.321138623611539e-6
2021-08-24,236,2021,GR,9.789725966111547,2.331635579759635,0.0017958754141971594,0.069128591940177,0.0017002094487061214,0.009168083983631944,25.35208205701915,5.811339432067266,2.375340810252575e-5,0.0013244503598553775,6.520787847086105e-8,1.3561871413722306e-6
2021-08-25,237,2021,GR,9.94214981038411,2.4071379485471716,0.002255574956825939,0.08255308420948883,8.768517025222189e-4,0.005074938353043521,25.543208529142046,5.95721649887718,1.848618471360312e-5,0.0010550394420148887,1.0190271671539276e-8,2.2535905643358144e-7
2021-08-26,238,2021,GR,10.1000903984875,2.4843416021893603,0.0028056077716795773,0.0973582728681098,4.766654502044964e-4,0.002921827568882505,25.76781974426321,6.109841819260636,1.5452087729432877e-5,9.013873626621027e-4,1.684437769651571e-9,3.941948254847036e-8
2021-08-27,239,2021,GR,10.263487145292142,2.5626015414663894,0.003459023139365706,0.11344489006343435,2.763732700619778e-4,0.0017716460929624747,26.025602742012396,6.268178152452387,1.3834812573422179e-5,8.22892525573335e-4,3.045575435691161e-10,7.501695173600898e-9
2021-08-28,240,2021,GR,10.432433892145363,2.641251967175386,0.004231334675117091,0.1306950098391396,1.7275559225806266e-4,0.0011445498436559222,26.31625266736839,6.431059050476135,1.3177903977772597e-5,7.964808583358796e-4,6.230352778208299e-11,1.6059146324273072e-9
2021-08-29,241,2021,GR,10.607026840386311,2.7194818454895366,0.005140875283557,0.14896118696551208,1.1767325328080587e-4,7.968665537932409e-4,26.639534328607287,6.597001880230805,1.3263161038092363e-5,8.110400063835924e-4,1.4916554115303345e-11,3.9989509825282717e-10
2021-08-30,242,2021,GR,10.787364443292125,2.7963465387563318,0.0062096631364586775,0.16807032337554167,8.828510435469371e-5,6.046672004140593e-4,26.995273283017656,6.764218125361263,1.4009288872019866e-5,8.622237155755127e-4,4.3233527904787636e-12,1.1978383141218585e-10
2021-08-31,243,2021,GR,10.973547292148625,2.8707966317802516,0.007464522009215819,0.18782787305151682,7.374200400940777e-5,5.056692346061318e-4,27.38334723659374,6.930654485399232,1.542389920864627e-5,9.498361176845423e-4,4.414092626778843e-15,1.2555679251392043e-13
2021-09-01,244,2021,GR,11.165677995925224,2.941724970877988,0.008938520851126754,0.2080222229092724,6.931284453322882e-5,4.7126740793254905e-4,27.80367767048355,7.09406630936142,1.7580126743759864e-5,0.001076374418535036,4.404754182181795e-15,1.2774484691947986e-13
2021-09-02,245,2021,GR,11.363861054032016,3.00803454559678,0.010672817852420021,0.22842932215000372,7.410321270145444e-5,4.950015918576337e-4,28.25622161537676,7.252128157612571,2.0603464508921378e-5,0.0012460659242846397,4.3974577657927925e-15,1.2909464532929058e-13
2021-09-03,246,2021,GR,11.56820094619508,3.068881255098169,0.01271796662736099,0.2488142818030675,9.087180970839585e-5,5.915900054215334e-4,28.740934085759182,7.402882958312805,2.4616121549613757e-5,0.0014619483211626315,4.392402945649026e-15,1.2954212124231827e-13
2021-09-04,247,2021,GR,11.778775923222593,3.124325211070434,0.015131448234477297,0.26890653866083825,1.2742431375763514e-4,8.041764804577165e-4,29.25764301579362,7.546026023137287,2.9497296358782186e-5,0.0017142014651241896,4.389791548284024e-15,1.2906731259338698e-13
2021-09-05,248,2021,GR,11.995578390486466,3.175204812519267,0.017977640332298088,0.2883479410334458,2.0145204396564023e-4,0.0012306178916566813,29.80604396975257,7.682756506932697,3.473007118753658e-5,0.0019733235254862412,4.389828756232815e-15,1.276941557781806e-13
2021-09-06,249,2021,GR,12.218572628113796,3.2224012897328924,0.021330512125758254,0.3067099514440317,3.532680372819964e-4,0.002093036655229424,30.385785582058173,7.81436874918062,3.9336805229819784e-5,0.002188846626985675,4.392724311189614e-15,1.2544463405793875e-13
2021-09-07,250,2021,GR,12.447713751950305,3.2665666303052157,0.025275046615971596,0.32349057791597524,6.760273347069079e-4,0.003901448112553649,30.996481619376308,7.9417507684474895,4.19634832296322e-5,0.002294649615253754,5.3871127635572374e-12,1.498137305075177e-10
2021-09-08,251,2021,GR,12.682946843784443,3.3080293339123354,0.029907770953208724,0.3381002047436832,0.0013888584493241592,0.007844247215164009,31.637699072306393,8.065230439639265,4.127927814041058e-5,0.002228057856076467,2.0757327503192898e-11,5.572253087448327e-10
2021-09-09,252,2021,GR,12.92420606678811,3.3467428340042202,0.03533659949822779,0.34985358240283737,0.003013522035987593,0.016704115591284648,32.30894610135129,8.184490185629114,3.665977978799496e-5,0.0019618008185721403,1.0209204370885627e-10,2.619623885366808e-9
2021-09-10,253,2021,GR,13.171361216431759,3.382412728846197,0.041677174676960776,0.3579739443528575,0.0067926206827063915,0.03692034227468725,33.00967724658267,8.298848400168024,2.8946119240628395e-5,0.0015414241715740328,6.269692291213896e-10,1.5206668096813806e-8
2021-09-11,254,2021,GR,13.424051490379203,3.4149940551013778,0.04903987284163762,0.3616313369349479,0.01563804397841636,0.08298010551099,33.73933627540302,8.408307391593247,2.048448677051159e-5,0.0010885929387971095,4.6312662769226816e-9,1.0490922275774914e-7
2021-09-12,255,2021,GR,13.68182825392981,3.4444556214713784,0.05752586038070511,0.36003778381979484,0.03613319770151468,0.1856031396183478,34.4972970414585,8.512949718267139,1.3174134316373846e-5,7.002547785950512e-4,3.948679964946206e-8,8.24551655589908e-7
2021-09-13,256,2021,GR,13.944203654861651,3.4706734895743176,0.06721971077975356,0.3525546105418199,0.08225581159720163,0.40334397588175347,35.28283506771956,8.612677639324975,7.807453056934191e-6,4.158507235383804e-4,3.729084622013113e-7,7.073451234385991e-6
2021-09-14,257,2021,GR,14.210648686411202,3.493460063569242,0.07817914836480341,0.33882855964987957,0.18077406219902678,0.8278621058812362,36.095115771823295,8.707249395633102,4.323296567698771e-6,2.3110395437284814e-4,3.7432606202952987e-6,6.33971593327996e-5
2021-09-15,258,2021,GR,14.480591426211888,3.512629768262029,0.09042551536092103,0.31895174948141874,0.3748677253801004,1.55031072858849,36.93318267090762,8.796379922767615,2.2681255671512043e-6,1.2184682223687818e-4,3.8326070294558184e-5,5.675178439537929e-4
2021-09-16,259,2021,GR,14.753456001921682,3.5282888440579594,0.10393986217961268,0.2936429563008272,0.7167842434058491,2.5498984084539713,37.79603054629964,8.88025892746742,1.1482337013209457e-6,6.207421085140589e-5,3.8448431268427825e-4,0.004846764057296961
2021-09-17,260,2021,GR,15.028788610819593,3.5414839294735523,0.11867404663247517,0.2644373670838398,1.2450249821140704,3.5789286816424073,38.68286391806355,8.96076394861619,5.815885913140788e-7,3.168546927917731e-5,0.0036450182273722576,0.037796665616930444
2021-09-18,261,2021,GR,15.306145137812427,3.553603009791877,0.13456537261106405,0.233693610547802,1.9474171915136502,4.207052365803851,39.59285912605711,9.040378132531876,3.069529154056342e-7,1.6878992917813236e-5,0.031500886130342846,0.25626695792133436
2021-09-19,262,2021,GR,15.585051493948017,3.5660351742112466,0.15156458827672187,0.20459648690531895,2.744352899951075,4.143512205721434,40.52507484112078,9.12158450065253,1.7581091730670507e-7,9.772573080917889e-6,0.23795805140120296,1.4077494858588842
2021-09-20,263,2021,GR,15.865003185962918,3.5800185663378006,0.16967601391239917,0.18110297873751255,3.5227768474689047,3.529072314596347,41.4784439145963,9.20660506199821,1.13811463238679e-7,6.4036222080397784e-6,1.459219373934967,5.360677353424447
2021-09-21,264,2021,GR,16.14546503373269,3.596514248223094,0.18900374603200457,0.16746192694192807,4.191439703692186,2.844468823757202,42.451765408497,9.297181840784646,8.672417141778995e-8,4.944419488723009e-6,6.102522513892479,9.489002049469415
2021-09-22,265,2021,GR,16.42587105016662,3.616120223510911,0.20979838751116064,0.1667518939335328,4.705609090966072,2.588679309469245,43.44369688491076,9.39442493847206,8.10132754148877e-8,4.683306107373276e-6,14.07406793059956,7.5878333129131414
2021-09-23,266,2021,GR,16.705776969594304,3.639174757650815,0.2324864616875392,0.17921687058368474,5.058802892301775,2.907774995402252,44.45290250681787,9.498996410384372,9.599797839827106e-8,5.62848165268893e-6,19.921411779576136,9.750963889025217
2021-09-24,267,2021,GR,16.98533746976818,3.6661902128953527,0.2576489208979471,0.20271688769703708,5.271296466847197,3.5981330921822123,45.478540301482646,9.611904229952975,1.4548097066245963e-7,8.650134730335072e-6,22.87620641729477,10.043237608607939
2021-09-25,268,2021,GR,17.264883209864696,3.6974604030042206,0.28606580261398185,0.23486783770065092,5.362636031130242,4.484033540088993,46.51983935900105,9.733820902707434,2.8243396950701764e-7,1.701882265163248e-5,24.562484654564297,9.915985995330965
2021-09-26,269,2021,GR,17.54477334406594,3.732905921993142,0.3187624751989884,0.2743245658162466,5.344587822270816,5.4857092853612786,47.575948111849705,9.864794462177297,7.035949796303719e-7,4.290104531071882e-5,25.824309127323772,10.034126937692884
2021-09-27,270,2021,GR,17.82539565742497,3.7721160639197375,0.3570607159070309,0.32089504272514197,5.223754118303839,6.537241189818994,48.645931439847644,10.004311280392113,2.252952289771811e-6,1.3863574331999916e-4,26.958595778044007,10.409073209386706
2021-09-28,271,2021,GR,18.107166774946627,3.8144707851067965,0.40265228260605673,0.37527087345500787,5.006203434761574,7.53719176379378,49.728767944990686,10.151518962832865,9.288230296713663e-6,5.74511121575075e-4,28.04167500439423,11.109851152746044
2021-09-29,272,2021,GR,18.390532456691595,3.8593484196027124,0.45770277468207793,0.43879114280674164,4.702433522513836,8.340940084815964,50.82334742596344,10.305634349286779,4.938476497861916e-5,0.003053797944420221,29.014397740043314,12.506983976856578
2021-09-30,273,2021,GR,18.67605491052126,3.9066397010322307,0.5249246744720455,0.5132987581132614,4.331634985398249,8.798368128764464,51.92861366428458,10.46700868164649,3.3614154407050645e-4,0.020639484874278476,29.60987553469682,15.773258943116538
2021-10-01,274,2021,GR,18.96474589629499,3.9578792073622573,0.6073974787992131,0.6009683674561969,3.924108335241179,8.83912309553108,53.0441562050834,10.639578379595633,0.002781747752467141,0.16825943172242952,29.14116099076641,23.201861818380937
2021-10-02,275,2021,GR,19.25801696732719,4.016105284045534,0.7084950583748777,0.7040786494415007,3.5157050073652685,8.511055826870527,54.170241622983305,10.830844583111352,0.025491069512613842,1.5036198828351792,26.347287761672884,35.024217976954596
2021-10-03,276,2021,GR,19.557425937746103,4.084623102674388,0.832065824413451,0.8247128903465659,3.1408606007605298,7.939640860848278,55.30731088396267,11.049434920968078,0.2307563574956555,12.934696907103252,20.353910588835568,42.13673495376544
2021-10-04,277,2021,GR,19.864621174729564,4.166445772657534,0.9824689863906413,0.9643549939971788,2.827292131292657,7.273910077574508,56.45585190924846,11.303958411629658,1.6858873634764733,78.81464725043405,12.971639930437961,34.797244517405936
2021-10-05,278,2021,GR,20.181346868351092,4.2640819043094496,1.1644901471280724,1.1233657241801456,2.594588402438536,6.6394452893975195,57.61640101724966,11.602506631479772,6.33878441964399,152.41511016413614,7.336318270302151,21.787612425270186
2021-10-06,279,2021,GR,20.509449709532056,4.379494913671284,1.3831605038438535,1.3004321676333896,2.457004056592292,6.114716607804537,58.78954441312654,11.952446380444679,10.408909595747586,74.64465351432115,4.219929038233498,12.987462671349043
2021-10-07,280,2021,GR,20.850764548988927,4.5143449590755385,1.6435931478920804,1.4926371052289604,2.4271374565821655,5.727900574468681,59.97595061642711,12.360843602180053,12.019114234096717,27.72867938103802,2.7782499251959307,8.722545405061734
2021-10-08,281,2021,GR,21.206740406072694,4.670599695519211,1.951173987194213,1.6976366585614675,2.5168102376527304,5.46052908303506,61.176469547896005,12.835776802620288,12.78947406030557,15.515635080481477,2.2510296725177694,7.075614599281733
2021-10-09,282,2021,GR,21.5786179829532,4.850719469191746,2.3110171853465986,1.916170550026189,2.7469425985216893,5.259092900209684,62.39204059807004,13.386278132830398,13.347973137973318,12.66771213302331,2.3448771455432,7.056730337061201
2021-10-10,283,2021,GR,21.96701894439892,5.058115985800096,2.7273059244776072,2.1582908702000387,3.145929686815013,5.038859891791413,63.623634806741144,14.023155077154637,13.795221016913455,12.618266324368303,3.170429080218568,8.475616235831074
2021-10-11,284,2021,GR,22.372421788588568,5.296881775870444,3.202771379560183,2.454591036939631,3.7566265938884156,4.720714383025291,64.87228349018984,14.757879586981463,13.921298155397595,15.852827964452986,5.51447602032942,11.576006463812798
2021-10-12,285,2021,GR,22.79532781308407,5.5715684280206,3.7381442949023405,2.871529110677958,4.635274275221543,4.37623169695193,66.13908992610784,15.601840307962611,12.52039630674032,22.41499872008039,11.851910072009137,15.787109968183822
2021-10-13,286,2021,GR,23.23626167568013,5.8870600486411835,4.33163832467221,3.522983777374048,5.838826963512492,4.629755128013679,67.42523194727664,16.565967588972544,6.3975852822671655,5.621648070387731,27.642405359703695,21.527646436752015
2020-07-13,195,2020,DL,8.980287344870053,2.5272045847105638,1.0342311212792055,1.5058013920612754,21.492572365373878,12.89792212330431,22.23808805297706,6.683291513259862,1.5447573970131824e-11,6.839729451393288e-9,160.5544671575851,210.16039351861923
2020-07-14,196,2020,DL,8.700990862094525,2.3221908188329543,1.006628367746228,1.2028803447491807,20.06436328893556,11.18663063864738,21.524592842953936,6.09713559401094,2.7075545599782182e-11,1.191479117010307e-8,148.46774459022538,161.7532007799769
2020-07-15,197,2020,DL,8.415033137208928,2.1310383481693953,0.9627034511197532,0.9527674606315842,18.69619480577049,9.693243895514547,20.824435684175327,5.558847577001269,4.468286077745679e-11,1.9542583120831746e-8,136.02469259886658,123.91959555990985
2020-07-16,198,2020,DL,8.121784114905099,1.9538389573626083,0.9086485690661528,0.7526233642298189,17.386903533776334,8.388537853392481,20.136148196056475,5.067013585936525,6.936369344156279e-11,3.0151249009434114e-8,123.55870679056092,94.71065942288031
2020-07-17,199,2020,DL,7.8208412958285995,1.7903417436146287,0.8495612603161484,0.595886245726294,16.135010598104458,7.249678726391676,19.4584408701406,4.619763441322248,1.0118860317814321e-10,4.371557089314052e-8,111.3269158050398,72.39824459275164
2020-07-18,200,2020,DL,7.5120340829273315,1.639928932875372,0.7892766263305064,0.4751825224983587,14.938923315960858,6.258788429368698,18.790195114945945,4.214698492752238,1.3858614303542865e-10,5.950509178198012e-8,99.5196622514077,55.52280086056616
2020-07-19,201,2020,DL,7.195426248116057,1.501650716144573,0.7304608085046821,0.38354146937834865,13.797100066097267,5.401887929478988,18.130455980093664,3.848899682994651,1.780235665070392e-10,7.596941456785315e-8,88.2715241914076,42.88728008791294
2020-07-20,202,2020,DL,6.871587940523777,1.3744076370650251,0.674815954672805,0.31471654290407497,12.709096231630655,4.668013292480029,17.47861190985656,3.5191287027899163,2.1445930026793519e-10,9.095552691408803e-8,77.68932641640262,33.52705183178293
2020-07-21,203,2020,DL,6.542581357034559,1.2574132093189183,0.6232901945120982,0.26328565875257853,11.679056659380876,4.048950422891483,16.835095557915302,3.2224305764168504,2.4321574954848336e-10,1.0251638894631956e-7,67.91191977656887,26.68266944134759
2020-07-22,204,2020,DL,6.211922707564497,1.1503559669738128,0.5762396106308226,0.22484248193697914,10.715458819982485,3.5390994376400706,16.201474324672677,2.956507488852959,2.617023452336314e-10,1.0962745169235588e-7,59.08566894714098,21.761777627473727
2020-07-23,205,2020,DL,5.883952042629667,1.0532858335233932,0.5336126895796331,0.19607372506994517,9.829006954057649,3.13302323619698,15.580111492136597,2.7197256611547433,2.6993201468588405e-10,1.1237428690734316e-7,51.32389710051478,18.277450370757457
2020-07-24,206,2020,DL,5.562615087685468,0.9662150398421244,0.4951917298818783,0.1746000833464393,9.029758823066112,2.821075880171166,14.973254017594021,2.5106285377920026,2.697670977788798e-10,1.1160690209951538e-7,44.668783994736934,15.799944683444386
2020-07-25,207,2020,DL,5.2512064497611455,0.8889735598144766,0.4607047109334079,0.15870077459858803,8.325904770440237,2.5865727137329118,14.382831585634456,2.3276572228806023,2.640391377418073e-10,1.0855414067544179e-7,39.100120126828344,13.96063891051179
2020-07-26,208,2020,DL,4.952407747144883,0.8211718852566928,0.42987883849144126,0.1470925382320491,7.723076061298598,2.407084611988238,13.810475918551305,2.168997371734805,2.558287300822522e-10,1.0451717174219884e-7,34.552289912744655,12.480344729578986
2020-07-27,209,2020,DL,4.668340131091074,0.7621967384351144,0.40247289700791145,0.13877846635345967,7.22382788466022,2.2592314076769555,13.257541994586758,2.0324886069156416,2.4802128191412236e-10,1.00686084300806e-7,30.928027955571725,11.180655585149697
2020-07-28,210,2020,DL,4.400661971941998,0.7112676587147737,0.378255438423415,0.13296407891236814,6.826180138414875,2.1245240391658067,12.725249815292281,1.9156822333258898,2.428749032610141e-10,9.79681928320515e-8,28.10222752773762,9.97384982344697
2020-07-29,211,2020,DL,4.150729234114051,0.6675635363999224,0.35690835087228456,0.12902215530543049,6.520666924789832,1.9938940623280075,12.215031004282324,1.8161036399369592,2.412569387475801e-10,9.669023107819978e-8,25.916595952788278,8.842325980617877
2020-07-30,212,2020,DL,3.9195372525700485,0.6301801429295012,0.33816996954170864,0.12643307083081046,6.294889035273591,1.865030071445734,11.728139515055432,1.7311246893114305,2.438194682930351e-10,9.70842376899443e-8,24.21132286196421,7.7920215265994575
2020-07-31,213,2020,DL,3.7077585167031195,0.5981607337706502,0.3218661964449255,0.12475226163561401,6.134948726160176,1.7394499045666214,11.265558535735396,1.6580071187323993,2.514410935893849e-10,9.946501159940667e-8,22.83259639767609,6.8294298327553085
2020-08-01,214,2020,DL,3.515818138365752,0.570566055241375,0.30789761224721596,0.12360638381090747,6.025621045310109,1.620203640226271,10.828035926667523,1.594058297211396,2.6538193676606024e-10,1.0428801040854102e-7,21.637486128368863,5.955056062523499
2020-08-02,215,2020,DL,3.3439662503223104,0.5465441401220946,0.2962280812309664,0.12270186773523117,5.950833041743667,1.5098869102894341,10.416119241719166,1.5368047295879221,2.875157249155731e-10,1.1223488983674624e-7,20.50692176792092,5.168680038962903
2020-08-03,216,2020,DL,3.1922273819368865,0.5254073563973463,0.2868480209187426,0.12184961466558193,5.894073625058516,1.409612600179144,10.030170482825174,1.484235770702589,3.203150963097537e-10,1.2419969696937746e-7,19.36055083419277,4.480125410041383
2020-08-04,217,2020,DL,3.060011898428858,0.5067325290082845,0.27966270435315055,0.12101178958269053,5.83874621854028,1.3194787565916393,9.670308163268023,1.4352207532059515,3.655462179395356e-10,1.407782353261472e-7,18.16589746428137,3.907714943499886
2020-08-05,218,2020,DL,2.946092939069026,0.4903600922045351,0.2744796552117748,0.12029032160177192,5.772616363021513,1.2395050092637538,9.336347810092258,1.3895384173503875,4.235013311197756e-10,1.6198361707747457e-7,16.944282553954615,3.4566528727301495
2020-08-06,219,2020,DL,2.8488164406005256,0.47631008471413827,0.27103954680976017,0.11986602052924088,5.690766026578909,1.1704436615251363,9.027829191708445,1.3475995424556135,4.923083477274218e-10,1.8700321551949164e-7,15.747360053841275,3.1085631632144715
2020-08-07,220,2020,DL,2.766656273796935,0.46465401046790417,0.2690885653180478,0.11989679667907929,5.595258862588686,1.1130194201944286,8.744255795752741,1.3099456598597088,5.672990818900124e-10,2.13988835891387e-7,14.626270599694584,2.835353855169567
2020-08-08,221,2020,DL,2.698315173794967,0.45544607818970273,0.2683882585259059,0.12046699181994734,5.49185698492713,1.067040321292444,8.485164574343704,1.2770287489160945,6.401797722105558e-10,2.3978308906790084e-7,13.613159900618953,2.6149646240282705
2020-08-09,222,2020,DL,2.6426919718711943,0.44868894246179236,0.2687067979972416,0.12156115132160444,5.387082187034977,1.0313195279644618,8.250138318246066,1.2491236779900559,6.989229895763918e-10,2.5992763957977196e-7,12.720803516581311,2.4339608644831787
2020-08-10,223,2020,DL,2.5988542150890415,0.44431811289510187,0.2698114776003751,0.12305215883296922,5.286576676204921,1.0042175384219192,8.038817609513519,1.2262933429697518,7.293176785864596e-10,2.6928603199119e-7,11.949272106566054,2.2841000080810856
2020-08-11,224,2020,DL,2.5659368476206086,0.44221157654642806,0.27147129433954836,0.12473508894564281,5.194505339551678,0.9841904304515094,7.850813939387436,1.208431254875579,7.201979192502656e-10,2.6399073382801985e-7,11.291816846939264,2.159744841708106
2020-08-12,225,2020,DL,2.5428921844193444,0.4422223235732967,0.2734792555315578,0.12643761853371674,5.1134265990885295,0.9700993989239725,7.685439640937684,1.1953823867740003,6.723306904671773e-10,2.4463763894314107e-7,10.737736514262439,2.0573484871477374
2020-08-13,226,2020,DL,2.5287103182510604,0.44414980626989736,0.27562547974799007,0.12796227175149547,5.044667455449452,0.9610837948647278,7.54203398626483,1.186850144849844,5.94050483352143e-10,2.1455035976343265e-7,10.276220047380416,1.9743101046489613
2020-08-14,227,2020,DL,2.5224730403498237,0.44773739612833574,0.2776892886220275,0.12907653726718532,4.988798230337856,0.9564311859114447,7.420064536920245,1.1823960602528718,4.973779232238482e-10,1.7828658986327915e-7,9.897722901299296,1.9085286431174298
2020-08-15,228,2020,DL,2.5233313597917686,0.4526913754428842,0.27944138428772314,0.12954206620623168,4.945947747034755,0.9555215371245223,7.319126712096814,1.1814992728696476,3.9508066856298253e-10,1.4054134749474258e-7,9.594208762183579,1.8583598782816362
2020-08-16,229,2020,DL,2.530486162974239,0.4587114643958918,0.2806476013272921,0.12915757183591417,4.916001702144879,0.9578278521673682,7.238944523333837,1.1836355640251348,2.9808118929242215e-10,1.0522006770707897e-7,9.359124791522092,1.822668923815805
2020-08-17,230,2020,DL,2.543186754664881,0.46555411472153396,0.28109920153278717,0.12784990307404115,4.898705631286447,0.962997251481054,7.1792941665284875,1.188406018468432,2.1419238109106807e-10,7.501935560756073e-8,9.187063665841466,1.801046011597897
2020-08-18,231,2020,DL,2.560789783410193,0.4731556036463726,0.2807178537556494,0.12584836196200472,4.8936657344120755,0.9710247703757742,7.139703710485666,1.195745740581143,1.4801270679532192e-10,5.1432022556859604e-8,9.072839376333661,1.7941027215596315
2020-08-19,232,2020,DL,2.582821389417169,0.48164769600316715,0.27957815920123347,0.123658670630916,4.9003948192660065,0.9822186606358836,7.119416777016795,1.205931024902254,9.985963523026814e-11,3.4423112762372003e-8,9.011377728830455,1.8029228094593985
2020-08-20,233,2020,DL,2.608986059028147,0.4912824928979752,0.2778729055149733,0.12190021939194462,4.918385088230662,0.9970236085280991,7.117488641418756,1.2194308158728526,6.690181434489285e-11,2.2876190486217558e-8,8.997826541431943,1.8283578467852706
2020-08-21,234,2020,DL,2.639029610721523,0.502270605199447,0.27581549896591967,0.12107296446713374,4.947163584786518,1.0157419522629867,7.1330335519888735,1.2366392480094242,4.527939959108717e-11,1.535643854197948e-8,9.027632585528833,1.8704212781576992
2020-08-22,235,2020,DL,2.672699690801486,0.5147096133016804,0.27361389882137394,0.12145094520552312,4.986312578012444,1.0383995529792682,7.165270384291347,1.2577542436333147,3.149460482203958e-11,1.059314492639463e-8,9.096178737637928,1.9284470748672553
2020-08-23,236,2020,DL,2.709742344864094,0.5285568541778953,0.27146872273878486,0.12305739968427021,5.035463035680488,1.06469340400496,7.213506083102782,1.2827288485487212,2.2903523770157752e-11,7.639052557736403e-9,9.198329732436223,2.002476824708377
2020-08-24,237,2020,DL,2.749898816978484,0.5436223562556773,0.26957288053108647,0.12569976364022434,5.094264479607527,1.0940029251323549,7.277120675043429,1.3112571134035074,1.7715645489676438e-11,5.858484570688062e-9,9.328289259358865,2.097040608473626
2020-08-25,238,2020,DL,2.792946287267101,0.5596245282369057,0.26810819335067254,0.12907120767133973,5.162349371790311,1.1255741342505636,7.355537719134354,1.342861538194388,1.4766320653176605e-11,4.840917765154796e-9,9.480668526978913,2.227951331552931
2020-08-26,239,2020,DL,2.838830852848734,0.576357688944214,0.26723305566880434,0.13291903877675834,5.239335470485272,1.1589797355688045,7.448162770504638,1.3771580265302497,1.3218347796981652e-11,4.2953027796317e-9,9.65399899714472,2.424042380999516
2020-08-27,240,2020,DL,2.887542701617486,0.5935946338167398,0.26709622622911416,0.13702862783645456,5.324772432121725,1.1939155282459917,7.554416067772975,1.4136906559287734,1.2612894239651406e-11,4.0618783603224484e-9,9.85480761564399,2.6975936177378816
2020-08-28,241,2020,DL,2.939072914565762,0.6110468562129864,0.2678439864281266,0.1412061871355748,5.418141043928569,1.230036303891995,7.673735522570102,1.451860267745962,1.2732924597563052e-11,4.063231930342866e-9,10.100416037865086,2.9938055754987873
2020-08-29,242,2020,DL,2.99341294535014,0.6283709926178106,0.2696236706350059,0.14527915720482046,5.518891468540437,1.2668741900004374,7.8055647580691225,1.4909301597072875,1.3497724140612342e-11,4.267501114683667e-9,10.414539475906627,3.1928786445020063
2020-08-30,243,2020,DL,3.0505540963104605,0.6451822727814651,0.2725876655274041,0.14909596876322842,5.626491222205083,1.3038092904388559,7.949341673206602,1.5300459327681808,1.4912657049211287e-11,4.670680692688541e-9,10.813248364751399,3.2088322552590633
2020-08-31,244,2020,DL,3.1104869890160423,0.6610752300480667,0.2768978831611573,0.15252659045333758,5.740460212965162,1.3401115766102722,8.10448745353372,1.5682701974918951,1.7043341586384555e-11,5.287373739912436e-9,11.289862817192033,3.1011575618700298
2020-09-01,245,2020,DL,3.1732010276972615,0.6756529087123918,0.2827307606481492,0.15546539785419264,5.860375606402015,1.3750228542712006,8.270395979117675,1.6046346352096899,1.999874928042657e-11,6.144744240864248e-9,11.815111379516654,3.0369312656034473
2020-09-02,246,2020,DL,3.238669235445842,0.688620573541314,0.29024547309326043,0.15786663601392636,5.985870961597389,1.4079943399557655,8.446441791533907,1.6383302119158138,2.3873606007496872e-11,7.2644045846259e-9,12.357546282452883,3.095878223498759
2020-09-03,247,2020,DL,3.306782532895798,0.7000243782024673,0.2994639392706156,0.15983359945318099,6.1166787596888055,1.4391830330011115,8.632047277718794,1.6692307145927179,2.8520294257210894e-11,8.593959990754273e-9,12.905052101656276,3.225726126130502
2020-09-04,248,2020,DL,3.3773286447476094,0.7102008606583582,0.31035285004982593,0.1615182104273406,6.252521230587215,1.468899189090074,8.826686177433379,1.6978365620323452,3.3401840231161075e-11,9.966721229077746e-9,13.464972356501539,3.3732925697325293
2020-09-05,249,2020,DL,3.4500578785772555,0.719499630040337,0.3228768683384627,0.1630309079782409,6.393055359824173,1.4973565828302975,9.029804554599256,1.7247067627827912,3.7545630451075e-11,1.1093663284200619e-8,14.047869427748529,3.523107335702037
2020-09-06,250,2020,DL,3.524700032506294,0.7281736090690132,0.33700165849027175,0.16441479576410567,6.537863460926465,1.524605793382822,9.240794986946222,1.750242262227227,3.965639433835178e-11,1.160260515488563e-8,14.658718589928009,3.6716802141874476
2020-09-07,251,2020,DL,3.60096282245859,0.7363344093645052,0.35269081137706015,0.16563665755974177,6.686457650764446,1.5504940105074478,9.458990054876024,1.7746063667151448,3.8532223089761335e-11,1.1163075691798815e-8,15.297763961146224,3.815995402279877
2020-09-08,252,2020,DL,3.678530495599568,0.7439254991323033,0.36990349430246844,0.16658525175366745,6.838285344408647,1.5746517425377344,9.683656172125714,1.7976753044003815,3.371973305210008e-11,9.672660881300918e-9,15.962936942037082,3.9522736038910793
2020-09-09,253,2020,DL,3.7570542133214557,0.7507720678906802,0.38856420558128146,0.16710719436294763,6.992718443342565,1.5966309050436838,9.914016649244532,1.8191427722525468,2.6170241223998105e-11,7.432684114945269e-9,16.651134696928825,4.076998449208301
2020-09-10,254,2020,DL,3.836124589255407,0.7567909938917998,0.40847236253623753,0.16713086197502514,7.149011220047965,1.616336332583485,10.14933767693568,1.8389492024678573,1.815505765924393e-11,5.104697828286056e-9,17.358857120467274,4.189306854152098
2020-09-11,255,2020,DL,3.9152942864135927,0.7618927486345534,0.42938089981580185,0.1666197008661469,7.306334795060614,1.633725485240124,10.3888459366316,1.857045475917655,1.1412445980753747e-11,3.1763395417302793e-9,18.082010732219175,4.289146122652682
2020-09-12,256,2020,DL,3.994085889769294,0.7659351196237361,0.45102312193747945,0.1655404888618827,7.46378870002604,1.6486799344452778,10.631697554355592,1.873283195841145,6.589855922749294e-12,1.8151995143357395e-9,18.81579583733421,4.376534314233848
2020-09-13,257,2020,DL,4.071992097523225,0.7687345806594401,0.47311218633030033,0.16385759044221554,7.620400525583179,1.6610075948835736,10.87697527058264,1.8874265781278072,3.5433501680701982e-12,9.657645733202296e-10,19.55467962314292,4.451496284761528
2020-09-14,258,2020,DL,4.14847643152085,0.770094009560905,0.49534069948407955,0.16153620049322445,7.775126646648441,1.6704724977858667,11.123686267253284,1.899194610351551,1.7985316410123482e-12,4.8492920527122e-10,20.292381995685037,4.514066314708057
2020-09-15,259,2020,DL,4.223024509805442,0.7699360642232207,0.5173923496933326,0.15861804168204657,7.926835609323846,1.6769931751534246,11.370831859656473,1.9085000765142242,8.775067403354243e-13,2.3399044567010036e-10,21.021999634501025,4.564937873422079
2020-09-16,260,2020,DL,4.295301785115576,0.768610956467224,0.538985521551364,0.15543577923798435,8.074252939989588,1.681120602084512,11.617631227562283,1.916021279078465,4.2660331659945215e-13,1.1247116727478866e-10,21.73642510218456,4.607278129696134
2020-09-17,261,2020,DL,4.36501557570599,0.7666155276576646,0.5598503714924962,0.15246801586524908,8.216017576483459,1.683597980122082,11.863327455175709,1.9226917060779898,2.1517411602206846e-13,5.6073471822835995e-11,22.428087138841672,4.6449154346839
2020-09-18,262,2020,DL,4.431867795719466,0.7644363761537881,0.5797172110725642,0.15021748259609133,8.350707493899568,1.6851047641561123,12.107119780900968,1.929410304747532,1.172461272357409e-13,3.019226360918815e-11,23.08890264205092,4.681169734845893
2020-09-19,263,2020,DL,4.495556275134502,0.7624825740502947,0.5983147726105018,0.1491049613569688,8.476849604071903,1.6861420668521516,12.348164644973592,1.936915203716866,2.2204460492503126e-16,5.6486244666984245e-14,23.710363560601472,4.718195157177043
2020-09-20,264,2020,DL,4.555776208156784,0.7610314182130857,0.6153689798152413,0.1493504578333438,8.592931913625529,1.686945476389013,12.585577204600671,1.945680926426826,2.2204460492503126e-16,5.5785032939744557e-14,24.283647394897905,4.756457260373234
2020-09-21,265,2020,DL,4.612221726661172,0.7601948335956699,0.630602729898184,0.15088406438141053,8.697417971952117,1.687440846376369,12.818433346874258,1.9558533527913555,2.2204460492503126e-16,5.507505089005735e-14,24.79975145774985,4.794487806633213
2020-09-22,266,2020,DL,4.664679805041705,0.7599765592054171,0.6437764648893594,0.15338397339361284,8.78881224597458,1.6873768012251495,13.045918222829831,1.9673607753256108,2.2204460492503126e-16,5.435656257313312e-14,25.250229008783677,4.829709440045329
2020-09-23,267,2020,DL,4.713315350593281,0.7604783284604252,0.6548123987996152,0.1565183101902395,8.86582839909698,1.6867449114841409,13.267785191017166,1.980324456973463,2.2204460492503126e-16,5.363251207309783e-14,25.62917345510358,4.861050409963571
2020-09-24,268,2020,DL,4.758406205612221,0.7617125573067711,0.6636833099495157,0.1598767821081008,8.927267811167788,1.6854307514924542,13.483950951849163,1.994693885726289,1.253325142586536e-13,2.9862781125609267e-11,25.931749940909427,4.887254470439402
2020-09-25,269,2020,DL,4.8002505714180685,0.7635358749136282,0.6703729964599321,0.1629623008123611,8.971989007040623,1.6830698807885855,13.694354090630691,2.01010702002758,2.859427956309777e-13,6.719670777818527e-11,26.153731157331322,4.906120135120842
2020-09-26,270,2020,DL,4.839164882785873,0.7656739860299792,0.6748752737553729,0.1652458285480239,8.998925327072644,1.6790729762525136,13.898954888566372,2.0259276872200482,8.332626852823938e-13,1.931061614964959e-10,26.29158389911587,4.91461514070407
2020-09-27,271,2020,DL,4.8754818257409855,0.767778093586844,0.6771930337950658,0.1662323449369893,9.007102980604131,1.672710737052137,14.097735056730732,2.041347931575017,3.106044001542681e-12,7.09787433745597e-10,26.342547405715795,4.909269577457119
2020-09-28,272,2020,DL,4.909548525894771,0.7695119468667942,0.6773372244605163,0.16553678962453522,8.995659157946436,1.6632566035833087,14.29069739905215,2.0555584083759366,1.4831726057714802e-11,3.341943025981571e-9,26.304701302898504,4.8868278760684625
2020-09-29,273,2020,DL,4.941762837989742,0.7707426768849044,0.6753415336765832,0.16304519050317584,8.963976467848203,1.6503229971114197,14.477976029395945,2.0681529248236035,9.00410012134888e-11,2.0005143349857402e-8,26.17770133434442,4.845788942965915
2020-09-30,274,2020,DL,4.972711170994985,0.7719124022382643,0.6713193028407504,0.15923635516985063,8.912163063723364,1.6345504691556059,14.660267256721495,2.079968812207782,6.600660070852483e-10,1.4462383151893064e-7,25.965421479547487,4.789487740095701
2020-10-01,275,2020,DL,5.003128904563528,0.7739105446786085,0.6654466066330724,0.15502888585114122,8.8410500443259,1.6174017914450791,14.838790017804355,2.0928989752754417,5.33235728933853e-9,1.1524893400080784e-6,25.675561049621326,4.724770834504638
2020-10-02,276,2020,DL,5.033792095631167,0.7775872850113019,0.6579090996178971,0.15130051448917028,8.751696636257677,1.6002843213916336,15.014920760212542,2.108886163988734,4.299003437795735e-8,9.168605104452779e-6,25.316886075742694,4.657751666861458
2020-10-03,277,2020,DL,5.0654937028594285,0.7835354291253023,0.6488889281335797,0.14862845334522648,8.645252390575928,1.584189182236699,15.190103433491183,2.1294660562156165,3.132310474541644e-7,6.594563356854435e-5,24.89840305423559,4.592137111313812
2020-10-04,278,2020,DL,5.0990444756778155,0.7920112548909588,0.638563283511996,0.1471576998342018,8.522938165773507,1.5695930036437455,15.365848010836094,2.155588772514677,1.8678486541913054e-6,3.883419449442303e-4,24.429165982929618,4.528895766155447
2020-10-05,279,2020,DL,5.13527496621174,0.8029326139260857,0.627103077618893,0.14658586914905258,8.386025289691867,1.556488022716896,15.543730335431333,2.1875875834972573,8.255222113759263e-6,0.0016955528533027855,23.918106837068855,4.466616668667441
2020-10-06,280,2020,DL,5.174976479864362,0.8160007070858782,0.6146655863915494,0.14631956220464737,8.23589351112343,1.5446777977197936,15.72530508297219,2.2254248331032094,2.4635160701188956e-5,0.005000559628530724,23.37377331300329,4.403045016935074
2020-10-07,281,2020,DL,5.218715062049794,0.8309967398771388,0.6013762115130357,0.14582827021625167,8.074232328817024,1.5344690771303842,15.911835934913908,2.269356508675319,4.631846533873943e-5,0.00929686394133824,22.803847344288403,4.338294309569476
2020-10-08,282,2020,DL,5.266934876573126,0.8478932233543586,0.5873485883746167,0.14469549591802605,7.9027127217046305,1.5263907413161129,16.104411535941203,2.3201131507493375,5.202396345319748e-5,0.010334643676745029,22.215127067955258,4.273951571595359
2020-10-09,283,2020,DL,5.319774055044609,0.867147999660846,0.5726885223194091,0.14263740808582032,7.722802571103055,1.5210507691390063,16.303605784706185,2.379531867409176,3.444538673430695e-5,0.006782088686060741,21.611973828061267,4.212335778888246
2020-10-10,284,2020,DL,5.377299957883584,0.8895896991338325,0.5574967436959096,0.13954179432748962,7.535598301096432,1.5191391697539667,16.50987574462379,2.450222478963861,1.3399604889327825e-5,0.0026206708482748708,20.9903437932276,4.156093483060279
2020-10-11,285,2020,DL,5.439589064950667,0.9163409670923308,0.5418704955956813,0.13551303230381367,7.341539089346342,1.5214940528000362,16.723699045415888,2.5353273340305593,3.0524152627367656e-6,5.94836783440835e-4,20.324024794883286,4.113874682615938
2020-10-12,286,2020,DL,5.506727048846088,0.9487893106079219,0.5259045087961035,0.1309330446917473,7.139942138710095,1.5293646230439402,16.945575344657808,2.638390047144249,4.058362058028809e-7,7.913103172707012e-5,19.553056568261727,4.149481782681344
2020-10-13,287,2020,DL,5.578725279351036,0.9885933256833705,0.5096832135703285,0.12660605972795544,6.928277951236553,1.54516084194034,17.175852217536164,2.763309940909227,3.177947097176006e-8,6.232571446040031e-6,18.613149299210782,4.470044685240973
2020-10-14,288,2020,DL,5.655261973210225,1.0376484444068592,0.49325470711794606,0.12388583222061252,6.700943668875179,1.573429814117712,17.41418172793873,2.9142395411600406,1.553931435995608e-9,3.084142249404522e-7,17.503650422778353,5.175882546203377
2020-10-15,289,2020,DL,5.735917125984847,1.0975824748360767,0.47665786434066887,0.12408118137359063,6.447398234053283,1.6196400453421405,17.66001559179034,3.094508988753515,5.0929981048858884e-11,1.0297148542561699e-8,16.32379999325233,5.836530127670098
2020-10-16,290,2020,DL,5.82025084499011,1.1694856654090768,0.45993201099662784,0.12800714262861967,6.149637054666218,1.68353891047797,17.912773746451062,3.3061158040983125,1.2009880389419454e-12,2.489851699643288e-10,15.217063110644663,5.942143751667269
2020-10-17,291,2020,DL,5.907800230490315,1.2538106955812114,0.4431177632848296,0.13576271108848792,5.779591783786686,1.7438047145683684,18.171841653228775,3.549601351157412,2.2204460492503126e-16,4.748922767670429e-14,14.28181509292834,5.4803953178469955
2020-10-18,292,2020,DL,5.998076569527108,1.3503754306780928,0.4262578459186463,0.14681798575552565,5.299024273017445,1.7605517398743427,18.436567778077052,3.8241328738709734,2.2204460492503126e-16,4.9242997821215124e-14,13.535418137904509,4.924536685662949
2020-10-19,293,2020,DL,6.090562872610069,1.4584402678675075,0.40939782891435594,0.16031955917652488,4.668263309745081,1.8023090664785169,18.70626127234097,4.1277149338352315,2.2204460492503126e-16,5.126327418496854e-14,12.933213736524925,4.909776090013736
2020-10-20,294,2020,DL,6.184748468172622,1.576865789773329,0.39258241175693803,0.17539235986264357,3.8725647546257815,2.2499712764394273,18.98023399056507,4.45755026325202,2.2204460492503126e-16,5.350905317218466e-14,12.405945279161422,5.700865625313466
2021-06-22,173,2021,DL,14.220204975166729,3.6945710123919926,2.2204460492503126e-16,2.836449610477336e-12,2.2204460492503126e-16,4.031511852329186e-13,27.34641330230442,6.810323303127854,2.2204460492503126e-16,1.345161199716557e-13,2.2204460492503126e-16,8.141851839436715e-13
2021-06-23,174,2021,DL,14.013097105004693,3.4732298614759936,2.2204460492503126e-16,2.820328080042759e-12,2.2204460492503126e-16,4.008957630068098e-13,26.862041238154937,6.3773171973432,2.2204460492503126e-16,1.3372008383566338e-13,2.2204460492503126e-16,8.092847718245316e-13
2021-06-24,175,2021,DL,13.809410823608408,3.2702471514542646,2.2204460492503126e-16,2.804210580169983e-12,2.2204460492503126e-16,3.9864314568497836e-13,26.387901073571154,5.9805023387785194,2.2204460492503126e-16,1.3292835680618473e-13,2.2204460492503126e-16,8.044015646031852e-13
2021-06-25,176,2021,DL,13.60962170624414,3.086753627761841,2.2204460492503126e-16,2.788097181607979e-12,2.2204460492503126e-16,3.963933990280403e-13,25.925793208173953,5.621919839292032,2.2204460492503126e-16,1.3214103001066364e-13,2.2204460492503126e-16,7.995359970387998e-13
2021-06-26,177,2021,DL,13.41417703735745,2.923448562076412,2.2204460492503126e-16,2.7719879560713617e-12,2.2204460492503126e-16,3.9414658090613474e-13,25.477389471630957,5.302843823043398,2.2204460492503126e-16,1.3135818076858348e-13,2.2204460492503126e-16,7.946884531597612e-13
2021-06-27,178,2021,DL,13.223497289624822,2.7805121971447955,2.2204460492503126e-16,2.755882976272527e-12,2.2204460492503126e-16,3.9190274113992916e-13,25.044242201618744,5.023644245361845,2.2204460492503126e-16,1.3057987230349787e-13,2.2204460492503126e-16,7.898592650156483e-13
2021-06-28,179,2021,DL,13.037977729954408,2.657536652458033,2.2204460492503126e-16,2.739782315956897e-12,2.2204460492503126e-16,3.8966192136582184e-13,24.627794234908496,4.783672810901833,2.2204460492503126e-16,1.298061535137007e-13,2.2204460492503126e-16,7.850487115605343e-13
2021-06-29,180,2021,DL,12.857990137399126,2.553494675262182,2.2204460492503126e-16,2.723686049941379e-12,2.2204460492503126e-16,3.874241549263823e-13,24.229389685168012,4.581204963920504,2.2204460492503126e-16,1.2903705880443762e-13,2.2204460492503126e-16,7.802570176746639e-13
2021-06-30,181,2021,DL,12.683884619570495,2.4667625312228147,2.2204460492503126e-16,2.707594254156187e-12,2.2204460492503126e-16,3.851894667871066e-13,23.850285400881564,4.413468628289116,2.2204460492503126e-16,1.28272607984589e-13,2.2204460492503126e-16,7.754843533316868e-13
2021-07-01,182,2021,DL,12.515991515834031,2.3952036640784975,2.2204460492503126e-16,2.691507005690155e-12,2.2204460492503126e-16,3.8295787348060457e-13,23.49166301752011,4.276776095068269,1.3698203801365182e-13,7.866421287842934e-11,2.2204460492503126e-16,7.707308329187996e-13
2021-07-02,183,2021,DL,12.354623377316539,2.336306291084356,2.2204460492503126e-16,2.675424382839695e-12,2.2204460492503126e-16,3.807293830793782e-13,23.15464153955204,4.166752382675402,3.650682031379546e-13,2.0840490760484513e-10,2.2204460492503126e-16,7.659965147172593e-13
2021-07-03,184,2021,DL,12.20007701555026,2.287356320309426,2.2204460492503126e-16,2.6593464651615384e-12,2.2204460492503126e-16,3.7850399519838854e-13,22.840290409945364,4.078630606786244,9.554510090969686e-13,5.422046112589163e-10,2.2204460492503126e-16,7.612814005508882e-13
2021-07-04,185,2021,DL,12.052635613405005,2.2456219191870566,2.2204460492503126e-16,2.6432733335294283e-12,2.2204460492503126e-16,3.762817010286534e-13,22.549643047420734,4.007572436540757,2.45120295772667e-12,1.3827872544988375e-9,2.2204460492503126e-16,7.565854356102776e-13
2021-07-05,186,2021,DL,11.91257089382017,2.2085292954415827,2.2204460492503126e-16,2.6272050701949305e-12,2.2204460492503126e-16,3.740624834031645e-13,22.283710854909607,3.948974337968409,6.153170608582125e-12,3.4506169063254237e-9,2.2204460492503126e-16,7.519085084605469e-13
2021-07-06,187,2021,DL,11.780145343731565,2.173818401594841,2.2204460492503126e-16,2.611141758852531e-12,2.2204460492503126e-16,3.718463168964614e-13,22.04349772655817,3.89873515146357,1.5086200705466298e-11,8.410070002298017e-9,2.2204460492503126e-16,7.472504512406109e-13
2021-07-07,188,2021,DL,11.655614492507182,2.13967815758602,2.2204460492503126e-16,2.595083484709193e-12,2.2204460492503126e-16,3.696331679592434e-13,21.83001510538685,3.8534801710595734,3.6060724504303767e-11,1.9983712919982548e-8,2.2204460492503126e-16,7.426110400620307e-13
2021-07-08,189,2021,DL,11.538785813252941,2.1050237837399868,2.2204460492503126e-16,2.579030334521529e-12,2.2204460492503126e-16,3.674229962211944e-13,21.643997501629247,3.8110576796231115,8.384457934405675e-11,4.6189006517375195e-8,2.2204460492503126e-16,7.379899986762627e-13
2021-07-09,190,2021,DL,11.427722577399347,2.0699469800496386,2.2204460492503126e-16,2.5629823965113648e-12,2.2204460492503126e-16,3.652157572720709e-13,21.485034849593664,3.771420365345805,1.8884850917683122e-10,1.0341868347525805e-7,2.2204460492503126e-16,7.333870040590926e-13
2021-07-10,191,2021,DL,11.320126265945506,2.0350054846719177,2.2204460492503126e-16,2.5469397604655973e-12,2.2204460492503126e-16,3.630113979903936e-13,21.352509162590756,3.735321375686763,4.10168347075526e-10,2.232900388555029e-7,2.2204460492503126e-16,7.288016705358456e-13
2021-07-11,192,2021,DL,11.213780248597892,2.000884853195432,2.2204460492503126e-16,2.5309025178417655e-12,2.2204460492503126e-16,3.6080985533360033e-13,21.245895933471214,3.7037369744773683,8.551311337327167e-10,4.627661820436227e-7,2.2204460492503126e-16,7.242335469343606e-13
2021-07-12,193,2021,DL,11.10654548679812,1.968257714390018,2.2204460492503126e-16,2.5148707618557667e-12,2.2204460492503126e-16,3.5861105652822115e-13,21.16476073216741,3.677672405163404,1.703480912232579e-9,9.164055318145477e-7,2.2204460492503126e-16,7.196821182352284e-13
2021-07-13,194,2021,DL,10.996360185003095,1.9376669204034365,2.2204460492503126e-16,2.4988445875764513e-12,2.2204460492503126e-16,3.564149193359022e-13,21.108756336456572,3.6580124508216856,3.227660032207179e-9,1.7260741911219954e-6,2.2204460492503126e-16,7.151468075698897e-13
2021-07-14,195,2021,DL,10.881243144920582,1.9094347411991188,2.2204460492503126e-16,2.4828240920274027e-12,2.2204460492503126e-16,3.5422135239846916e-13,21.077620369863318,3.645413655014342,5.790235662854084e-9,3.078142170390065e-6,2.2204460492503126e-16,7.106269785796518e-13
2021-07-15,196,2021,DL,10.759313773621864,1.8836569144069228,1.0357532005431186e-13,1.150672273886113e-9,2.2204460492503126e-16,3.5203025650831417e-13,21.07094201672262,3.640296739286514,9.795713889367781e-9,5.176646405325183e-6,2.2204460492503126e-16,7.061219443462233e-13
2021-07-16,197,2021,DL,10.628840468213053,1.860248060157459,1.1742702248947964e-13,1.2960918806906831e-9,2.2204460492503126e-16,3.4984152760467803e-13,21.08746496178893,3.6428546687446066,1.5603667203425635e-8,8.197051972679391e-6,2.2204460492503126e-16,7.016309889862233e-13
2021-07-17,198,2021,DL,10.488211414540794,1.8386280532495387,1.3025122197815256e-13,1.428250747487568e-9,2.2204460492503126e-16,3.476550547145411e-13,21.12577172344985,3.6526172975661675,2.3380231733585896e-8,1.2209456744192594e-5,2.2204460492503126e-16,6.971533522004152e-13
2021-07-18,199,2021,DL,10.3359356177045,1.8177073848303904,1.4148621104023132e-13,1.5412532821412114e-9,2.2204460492503126e-16,3.454707196785925e-13,21.184501027233612,3.6683865106027405,3.292177927644361e-8,1.7090095950224946e-5,2.2204460492503126e-16,6.926882265936025e-13
2021-07-19,200,2021,DL,10.170659269724899,1.7960204575160978,1.5065430251676278e-13,1.6302747632122226e-9,2.2204460492503126e-16,3.432883978148095e-13,21.262334545095595,3.6883486855958205,4.3522211175322786e-8,2.2458573022607755e-5,2.2204460492503126e-16,6.88234761590742e-13
2021-07-20,201,2021,DL,9.991183511423204,1.7719172685720919,1.5739851641500678e-13,1.691925292659421e-9,2.2204460492503126e-16,3.411079586746079e-13,21.35798467640638,3.710270613613203,5.39650496426412e-8,2.7681476430969473e-5,2.2204460492503126e-16,6.837920677549132e-13
2021-07-21,202,2021,DL,9.796783017578965,1.7439220028384321,1.6152291541550737e-13,1.7246368977276573e-9,2.2204460492503126e-16,3.389292683534847e-13,21.470121936806848,3.7319059235505874,6.275213932633569e-8,3.1996696238384745e-5,2.2204460492503126e-16,6.793592332391876e-13
2021-07-22,203,2021,DL,9.588381398892068,1.711471084125362,1.6306712151921332e-13,1.7293957787884915e-9,2.2204460492503126e-16,3.367521966545411e-13,21.597147980696267,3.751872106240039,6.86955524855378e-8,3.481755480390995e-5,2.2204460492503126e-16,6.749353781515759e-13
2021-07-23,204,2021,DL,9.368730010027166,1.6751456642682956,1.622940450306175e-13,1.7095282996046195e-9,2.2204460492503126e-16,3.345766208656864e-13,21.7372744721294,3.770099142474765,7.135140517875592e-8,3.594650070724646e-5,2.2204460492503126e-16,6.705196795547008e-13
2021-07-24,205,2021,DL,9.141905188177873,1.6364164015229639,1.5962227646361903e-13,1.6699134565844046e-9,2.2204460492503126e-16,3.324024261568757e-13,21.88866322108034,3.787708765138126,7.104147411792895e-8,3.557459370978329e-5,2.2204460492503126e-16,6.661113709999756e-13
2021-07-25,206,2021,DL,8.9119881340016,1.5968841809006171,1.5553107122855677e-13,1.6159398363273599e-9,2.2204460492503126e-16,3.3022949941554067e-13,22.04944200166088,3.8061574903359072,6.853521809609555e-8,3.411167744933899e-5,2.2204460492503126e-16,6.617096966184676e-13
2021-07-26,207,2021,DL,8.682737418547752,1.5579801726832558,1.5050522786488868e-13,1.5529152074254512e-9,2.2204460492503126e-16,3.2805772778965164e-13,22.217694630134663,3.8268219640486003,6.475374794560232e-8,3.203323057585062e-5,2.2204460492503126e-16,6.573139008089888e-13
2021-07-27,208,2021,DL,8.45758374611592,1.520863674029822,1.4500226266057122e-13,1.485728337824483e-9,2.2204460492503126e-16,3.258869990619866e-13,22.391453752896172,3.850789517097242,6.056506317012285e-8,2.9777457108494387e-5,2.2204460492503126e-16,6.52923230938218e-13
2021-07-28,209,2021,DL,8.239638142042072,1.486374663556972,1.3943273804912487e-13,1.4186587828831677e-9,2.2204460492503126e-16,3.2371720214156294e-13,22.568695244422564,3.87870407171736,5.66816478587805e-8,2.769607993641201e-5,2.2204460492503126e-16,6.485369402909848e-13
2021-07-29,210,2021,DL,8.031753816449827,1.4550923795367976,1.341435776460717e-13,1.3552253024675698e-9,2.2204460492503126e-16,3.215482305666453e-13,22.747482957470496,3.9108250186988784,5.358227492007344e-8,2.601873076112678e-5,2.2204460492503126e-16,6.441543074787745e-13
2021-07-30,211,2021,DL,7.8366745265148365,1.4275190963041688,1.2939573670022434e-13,1.2979848133474943e-9,2.2204460492503126e-16,3.1937999202245363e-13,22.926421358646007,3.947419043960085,5.138158584338316e-8,2.4793566143261572e-5,2.2204460492503126e-16,6.397746896516306e-13
2021-07-31,212,2021,DL,7.656933595841861,1.4039051820039552,1.2540508942149657e-13,1.2489705187874098e-9,2.2204460492503126e-16,3.172124003868945e-13,23.104224274326665,3.9882540164952274,5.0129030483830614e-8,2.403608220434107e-5,2.2204460492503126e-16,6.353974786065073e-13
2021-08-01,213,2021,DL,7.494858251901692,1.3842437911867462,1.2236455283926504e-13,1.2099269006319706e-9,2.2204460492503126e-16,3.1504537308922905e-13,23.279568679857782,4.032459670406939,4.99061791593206e-8,2.37764449596778e-5,2.2204460492503126e-16,6.310220866229635e-13
2021-08-02,214,2021,DL,7.352625099582444,1.3683562331059846,1.2045962920460824e-13,1.1824705853360483e-9,2.2204460492503126e-16,3.1287883134689005e-13,23.451095663904784,4.078633393903887,5.084992566288999e-8,2.406996890926905e-5,2.2204460492503126e-16,6.266479482610812e-13
2021-08-03,215,2021,DL,7.232321763418331,1.355996198575292,1.1988725165221091e-13,1.168276719992248e-9,2.2204460492503126e-16,3.107127004576654e-13,23.617412123634267,4.125039921322493,5.318449969026155e-8,2.501130619959198e-5,2.2204460492503126e-16,6.222745223313808e-13
2021-08-04,216,2021,DL,7.135802537358221,1.3469842766330498,1.2086174759369714e-13,1.1691326497865993e-9,1.0004683398595038e-13,1.3902225544820326e-10,23.777256986125867,4.170078804792549,5.720168897077835e-8,2.6723848834193664e-5,2.2204460492503126e-16,6.179013109083474e-13
2021-08-05,217,2021,DL,7.0639098695269915,1.341382936496851,1.2357203560508698e-13,1.1865208002372615e-9,1.2546842464325056e-13,1.7312374784203726e-10,23.930154114410698,4.213332936260978,6.302095005305199e-8,2.9247365885266603e-5,2.2204460492503126e-16,6.135279288391712e-13
2021-08-06,218,2021,DL,7.01627173076451,1.3395292763663718,1.2818169755021229e-13,1.221628533098655e-9,1.598915394078488e-13,2.190622727874912e-10,24.076528532615097,4.255910553687388,7.048741487384884e-8,3.2493647154502e-5,2.2204460492503126e-16,6.09154120953351e-13
2021-08-07,219,2021,DL,6.9915354973457315,1.3419415533241572,1.3485169721023756e-13,1.2755721751175087e-9,2.053930295736533e-13,2.793997919875903e-10,24.217509916233006,4.300116514423815,7.910624199985968e-8,3.622070555241496e-5,2.2204460492503126e-16,6.047797434474745e-13
2021-08-08,220,2021,DL,6.988327913784281,1.3491687729911936,1.4381355463408485e-13,1.3500849773778093e-9,2.637147955276448e-13,3.561649637285099e-10,24.354393736376466,4.348444126497146,8.800444794564822e-8,4.002072283625621e-5,2.2204460492503126e-16,6.004046943912744e-13
2021-08-09,221,2021,DL,7.0054653980391945,1.3616929883546258,1.55397725247092e-13,1.4477564459148762e-9,3.3557629141595794e-13,4.4994768118568285e-10,24.488507507215914,4.4031068695061375,9.587720328245956e-8,4.330172281799056e-5,2.2204460492503126e-16,5.960288942330002e-13
2021-08-10,222,2021,DL,7.0419221080672525,1.3798691859589194,1.7005106330240124e-13,1.5721586737394215e-9,4.1963859352420853e-13,5.58570018440003e-10,24.62120897951682,4.465822280363864,1.0105670239986232e-7,4.532524515821542e-5,2.2204460492503126e-16,5.916522834204234e-13
2021-08-11,223,2021,DL,7.096801747676004,1.4038922473435849,1.883615826948259e-13,1.7280322301180594e-9,5.113359815612165e-13,6.756426788886558e-10,24.753885031931524,4.537689013739442,1.0180663546728406e-7,4.534322061484836e-5,2.2204460492503126e-16,5.872748205426838e-13
2021-08-12,224,2021,DL,7.169152928260367,1.4337946552691772,2.1107609667593608e-13,1.9213967438375667e-9,6.025055923406105e-13,7.90236472173649e-10,24.88793131800433,4.619255056457144,9.705894074110747e-8,4.292489727925088e-5,2.2204460492503126e-16,5.828964949930537e-13
2021-08-13,225,2021,DL,7.257453625025104,1.469457261227538,2.390799288801755e-13,2.1593115075110768e-9,6.835135003735453e-13,8.898253540961626e-10,25.02469189485612,4.710815619186709,8.747649217993052e-8,3.841299810132324e-5,2.2204460492503126e-16,5.78517367439629e-13
2021-08-14,226,2021,DL,7.3600348889930745,1.5105809799882017,2.7346084489003185e-13,2.4503995340566545e-9,7.439256027627556e-13,9.612248375712087e-10,25.16551874837882,4.8121372842670835,7.462021705070824e-8,3.253357159039945e-5,2.2204460492503126e-16,5.741375252744881e-13
2021-08-15,227,2021,DL,7.475200969517917,1.5566850167288662,3.1556278763873725e-13,2.8052538537110987e-9,7.74057843469605e-13,9.926187727877235e-10,25.311793268012288,4.922435014120539,6.031758977364269e-8,2.6108551041237923e-5,2.2204460492503126e-16,5.697570661977103e-13
2021-08-16,228,2021,DL,7.601196553708788,1.6071356448702596,3.6703344959336376e-13,3.236766755311358e-9,7.672624334159746e-13,9.764321393882056e-10,25.464928659908423,5.040519825485903,4.625585999803958e-8,1.9876710736033602e-5,2.2204460492503126e-16,5.653760962520747e-13
2021-08-17,229,2021,DL,7.7361778960097185,1.661200990362453,4.298781444770245e-13,3.760494120342901e-9,7.219484206279446e-13,9.117347671844393e-10,25.626373095599895,5.165008807276589,3.369285681917319e-8,1.437244236510853e-5,2.2204460492503126e-16,5.609947283126621e-13
2021-08-18,230,2021,DL,7.878243570868077,1.7181766556332418,5.06533918770879e-13,4.395172749433493e-9,6.433448130343384e-13,8.062044577243739e-10,25.797486179886775,5.29466097114376,2.3373725908658257e-8,9.897200472749451e-6,2.2204460492503126e-16,5.56613086266913e-13
2021-08-19,231,2021,DL,8.025675483552549,1.777647730695756,6.000253934373257e-13,5.163909923592584e-9,5.448478295467346e-13,6.774701593724265e-10,25.979022695727746,5.428895105329168,1.559342644929031e-8,6.55380976321453e-6,2.2204460492503126e-16,5.522313218636508e-13
2021-08-20,232,2021,DL,8.17715733051303,1.8395601224619937,7.141945378825853e-13,6.095938268730593e-9,4.428466594204391e-13,5.463312551158934e-10,26.1709728217985,5.567833223778879,1.0156608427158181e-8,4.236846967694245e-6,2.2204460492503126e-16,5.478496053176001e-13
2021-08-21,233,2021,DL,8.331828214586881,1.904102397661938,8.539899997323505e-13,7.228777854298006e-9,3.5041995183451853e-13,4.288970417534074e-10,26.372669848124236,5.711966945479135,6.569161655678782e-9,2.7196675772178005e-6,2.2204460492503126e-16,5.434681079726652e-13
2021-08-22,234,2021,DL,8.488880169576342,1.9713574746172489,1.0256664359884752e-12,8.609521018618633e-9,2.7407313487737546e-13,3.3278649296129524e-10,26.583299317117167,5.861530071019603,4.2922278032688485e-9,1.7634580603691309e-6,2.2204460492503126e-16,5.390869885794868e-13
2021-08-23,235,2021,DL,8.647445656022635,2.0411509872354983,1.2370986473256658e-12,1.0296989460099654e-8,2.1511524149781252e-13,2.591065844230615e-10,26.802025554194135,6.016218970206161,2.8822034841292885e-9,1.1750098405570913e-6,2.2204460492503126e-16,5.347063886877702e-13
2021-08-24,236,2021,DL,8.806595689908901,2.1129971361900726,1.4982182433100304e-12,1.2364771024597185e-8,1.7202352990787477e-13,2.0553026464845675e-10,27.027988828560375,6.175092108956156,2.0234527268441158e-9,8.184541797269398e-7,2.2204460492503126e-16,5.303264313082665e-13
2021-08-25,237,2021,DL,8.965338850426392,2.186084179532611,1.8215710783320395e-12,1.490506185017635e-8,1.4229884322722915e-13,1.6863282575104948e-10,27.260302770955292,6.336556341437141,1.5109340960328818e-9,6.062782730997349e-7,2.2204460492503126e-16,5.259472211669532e-13
2021-08-26,238,2021,DL,9.122779189542607,2.259420898451307,2.223182706375513e-12,1.8034774039875862e-8,1.2349177617814364e-13,1.4514540811366557e-10,27.49799026000242,6.498624863428711,1.2157764215259353e-9,4.838792844615578e-7,2.2204460492503126e-16,5.215688425262695e-13
2021-08-27,239,2021,DL,9.278611047820835,2.3322859009702914,2.7242048054050946e-12,2.1907561532772013e-8,1.135507157313197e-13,1.323582136685793e-10,27.739791853689383,6.659640921777719,1.0506212997875184e-9,4.1467960848636067e-7,2.2204460492503126e-16,5.171913507461635e-13
2021-08-28,240,2021,DL,9.432681355631624,2.403940619054615,3.3523353915382812e-12,2.6723352696841846e-8,1.1160671659428816e-13,1.2900837449877759e-10,27.984342042735015,6.817797710312915,9.67755711941344e-10,3.78737112610737e-7,2.2204460492503126e-16,5.128147883495205e-13
2021-08-29,241,2021,DL,9.584837052585103,2.473517376189777,4.143867113709894e-12,3.274225350505692e-8,1.1829675980869854e-13,1.3559301428723083e-10,28.230228393380166,6.97095467937236,9.430942788755376e-10,3.658913015107449e-7,2.2204460492503126e-16,5.084391917453879e-13
2021-08-30,242,2021,DL,9.73492534114919,2.5400354033289445,5.146623167099401e-12,4.03045480352221e-8,1.3641774752653653e-13,1.5503941909463522e-10,28.47599055516964,7.11667204040284,9.650661206137115e-10,3.711038868039775e-7,2.2204460492503126e-16,5.040645950461187e-13
2021-08-31,243,2021,DL,9.882793942986304,2.602433497756593,6.423987044536063e-12,4.985796524687846e-8,1.7267038292044364e-13,1.9456528639462914e-10,28.720119970419308,7.2522824307953,1.0292346268930148e-9,3.922012977093593e-7,2.2204460492503126e-16,4.996910354662476e-13
2021-09-01,244,2021,DL,10.028291357405534,2.6596197241142474,8.060467284850374e-12,6.199507467211476e-8,2.42017754922121e-13,2.7035848349948745e-10,28.961060326527555,7.374999310373902,1.1354547607050018e-9,4.2868119629670674e-7,2.2204460492503126e-16,4.953185604006805e-13
2021-09-02,245,2021,DL,10.171267121313342,2.7105397027644433,1.0169429797193857e-11,7.75048886293019e-8,3.7895919310124177e-13,4.1966145972820346e-10,29.197208792159277,7.482063913604892,1.2860746476402904e-9,4.809661751932665e-7,2.2204460492503126e-16,4.909472362866047e-13
2021-09-03,246,2021,DL,10.311573759130162,2.7544013956151603,1.2903407180011689e-11,9.744071405083631e-8,6.67271066342715e-13,7.324719475411359e-10,29.42694678461119,7.571249092153393,1.4819098742176824e-9,5.488705226779719e-7,2.2204460492503126e-16,4.865771681845734e-13
2021-09-04,247,2021,DL,10.44905573440742,2.7912605680452516,1.646579446215537e-11,1.2319410357379615e-7,1.315128770505181e-12,1.4308920930965209e-9,29.648760990420904,7.642225151633524,1.7087955327148918e-9,6.267027590480612e-7,2.2204460492503126e-16,4.822085496139509e-13
2021-09-05,248,2021,DL,10.58349369223627,2.821890786313938,2.112606540889492e-11,1.5659006935972408e-7,2.857082186622318e-12,3.080908096908546e-9,29.861256342564282,7.696339771064244,1.9316592889316705e-9,7.013910414109291e-7,2.2204460492503126e-16,4.778416788707548e-13
2021-09-06,249,2021,DL,10.714650013072522,2.8471101269902426,2.7244296835318383e-11,2.0004436519471145e-7,6.7232515358615504e-12,7.1848866495171265e-09,30.063043487486215,7.735079992232397,2.095728870904791e-9,7.533000728923763e-7,2.2204460492503126e-16,4.734769185408889e-13
2021-09-07,250,2021,DL,10.842285472327822,2.8675354364496908,3.530344205532734e-11,2.567670059834409e-7,1.6840378932964384e-11,1.7833793205922993e-8,30.252713036504048,7.759547137396769,2.1364652445557275e-9,7.601249781010462e-7,2.2204460492503126e-16,4.69114686116446e-13
2021-09-08,251,2021,DL,10.966159794795042,2.8835020427003384,4.595220684162984e-11,3.3102887011570263e-7,4.412187243852823e-11,4.629812794694705e-8,30.42884029373195,7.770320675082235,2.0035710990130936e-9,7.055189686314539e-7,2.2204460492503126e-16,4.647554583172775e-13
2021-09-09,252,2021,DL,11.086032236020671,2.89502601055492,6.006299458313345e-11,4.285181833898112e-7,1.1882266457549868e-10,1.2353563905533218e-7,30.589990576618522,7.767406181129995,1.6922086041496308e-9,5.897041561118191e-7,2.2204460492503126e-16,4.603997779575383e-13
2021-09-10,253,2021,DL,11.201613412493781,2.9019234649412318,7.880142080581202e-11,5.567549597694332e-7,3.232311773633003e-10,3.329316363301852e-7,30.734736584170815,7.750539119897037,1.2675275616147802e-9,4.3709575646106907e-7,2.2204460492503126e-16,4.560482868042892e-13
2021-09-11,254,2021,DL,11.312415962206066,2.9042395543662316,1.0368353472638383e-10,7.253909989586126e-7,8.729063139199899e-10,8.906830351165462e-7,30.86169962340907,7.7201700563878966,8.486292394945285e-10,2.8955934502538236e-7,2.2204460492503126e-16,4.5170180121828943e-13
2021-09-12,255,2021,DL,11.417895715780103,2.902043177726527,1.3668101773231874e-10,9.468190558977435e-7,2.3000957405440172e-9,2.3247679346834926e-6,30.969522732900327,7.676867331901735,5.14825994531819e-10,1.7379644725310346e-7,2.2204460492503126e-16,4.4736123722812176e-13
2021-09-13,256,2021,DL,11.517501516049423,2.8953378497786044,1.8034464830193996e-10,1.236864449563155e-6,5.812079349906317e-9,5.818450707377354e-6,31.056866482079844,7.621075839689965,2.868862067204256e-10,9.58099997952436e-8,2.2204460492503126e-16,4.430275846621362e-13
2021-09-14,257,2021,DL,11.610677439536573,2.8840890472894274,2.379408143152153e-10,1.6155151703306618e-6,1.384229026873583e-8,1.372427720775394e-5,31.122416568087264,7.553158698201628,1.4886425337399437e-10,4.9178224721589383e-8,1.0971569455890303e-13,2.1676943903405033e-10
2021-09-15,258,2021,DL,11.69686522886798,2.8682803110089683,3.1360230057168106e-10,2.1076928220078937e-6,3.053926763275035e-8,2.9985345432180877e-5,31.164891822182003,7.473491040854683,7.291679349791636e-11,2.382616573661121e-8,1.1020169096937845e-12,2.1558731179550604e-9
2021-09-16,259,2021,DL,11.775542940058655,2.848147587322035,4.124620238560621e-10,2.7438495631569046e-6,6.147996974267516e-8,5.977449200753843e-5,31.183105534758663,7.382886536806034,3.433077139465249e-11,1.1094852280762173e-8,1.009430390409917e-11,1.9551699560201216e-8
2021-09-17,260,2021,DL,11.846337438461228,2.824684352157086,5.406750089066301e-10,3.559776160562335e-6,1.1224055005195719e-7,1.08050444714663e-4,31.176132907095255,7.283523610573968,1.610539912492963e-11,5.147440880588328e-9,8.130265173157507e-11,1.5590298726738995e-7
2021-09-18,261,2021,DL,11.908921596546783,2.799119512542437,7.05448357978352e-10,4.596455331859672e-6,1.850931967653945e-7,1.7641046490261968e-4,31.143159796752766,7.1779344002269205,7.838664390357628e-12,2.477521883233258e-9,5.558812547579038e-10,1.0552191597781325e-6
2021-09-19,262,2021,DL,11.962980426360184,2.772631042314842,9.14955063659582e-10,5.899156333200171e-6,2.7462436933010925e-7,2.5911502374660335e-4,31.083436314208104,7.06847276830483,4.121411854805846e-12,1.2881108181472452e-9,3.1147062671890256e-9,5.852737090361507e-6
2021-09-20,263,2021,DL,12.008212759940998,2.7462252367448334,1.1780640802511467e-9,7.515395226374528e-6,3.651565184361141e-7,3.410473617331e-4,30.99628321462807,6.95710905430258,2.4374406283175437e-12,7.532701929773178e-10,1.3807615244995234e-8,2.5681086373304668e-5
2021-09-21,264,2021,DL,12.044332935079993,2.720645861363544,1.5038401615949832e-9,9.491554676376786e-6,4.334049199900609e-7,4.0065822480150155e-4,30.88109817155119,6.845288468713762,1.688328215090684e-12,5.158948497646463e-10,4.675149780116823e-8,8.606286966650846e-5
2021-09-22,265,2021,DL,12.071072476012874,2.696322472079512,1.900759031726815e-9,1.1867932016579077e-5,4.573691165526697e-7,4.184601826008594e-4,30.737361873118008,6.733865808058052,1.4261500830996714e-12,4.3085852185047843e-10,1.1672299257253325e-7,2.126554312293216e-4
2021-09-23,266,2021,DL,12.088313329473639,2.6734688121236476,2.375831809530345e-9,1.4673546651985671e-5,4.28443232930838e-7,3.8792716764111235e-4,30.564833848125545,6.62331132601664,1.5198147568773645e-12,4.5394420085061333e-10,2.0893608567247844e-7,3.767116720878992e-4
2021-09-24,267,2021,DL,12.096484850966851,2.6524225698623805,2.934301169991836e-9,1.7924794195838556e-5,3.5901754661000924e-7,3.216657058907138e-4,30.364118360015652,6.514341575679383,2.059624461013203e-12,6.081617033907773e-10,2.682824098539002e-7,4.786752650612824e-4
2021-09-25,268,2021,DL,12.096169221743045,2.6333432298785477,3.578267351104879e-9,2.1617755726589408e-5,2.718243068230282e-7,2.4097511670850605e-4,30.136078386545222,6.40738395051731,3.554619372971189e-12,1.0375714273610812e-9,2.4901272616344323e-7,4.3964603545646375e-4
2021-09-26,269,2021,DL,12.087966277238495,2.6161120360834573,4.305253522833166e-9,2.572069505302585e-5,1.8783020128866297e-7,1.647429721736179e-4,29.881638542087373,6.302409351823985,7.824229204030997e-12,2.2575128549014923e-9,1.6835668074786612e-7,2.9412148853565166e-4
2021-09-27,270,2021,DL,12.072489670843146,2.600382740150051,5.1069459610088094e-9,3.0168158154222455e-5,1.1964687926182288e-7,1.0381575861188858e-4,29.601779694362936,6.19903371308214,2.199728811790834e-11,6.273126924002797e-9,8.355019831830067e-8,1.4442526219523888e-4
2021-09-28,271,2021,DL,12.050363280129032,2.5856841097120893,5.968141640661517e-9,3.4856777744370316e-5,7.096601916358446e-8,6.0911014602504725e-5,29.297533467546096,6.096707176263627,7.910638893166679e-11,2.2294912826265215e-8,3.06691538253358e-8,5.24546633392531e-5
2021-09-29,272,2021,DL,12.022217876656109,2.571571210101096,6.866114622693082e-9,3.96439009933757e-5,3.9588307331325135e-8,3.360927159340055e-5,28.969976669962332,5.994983771334901,3.6442195618008067e-10,1.0148942653387657e-7,8.391162992714944e-9,1.4199781026030072e-5
2021-09-30,273,2021,DL,11.988760023151121,2.557965703427397,7.771777850824093e-9,4.4356697146367226e-5,2.0987458032047705e-8,1.762229313502018e-5,28.620406396624396,5.894133245241564,2.134294678095891e-9,5.872560108927166e-7,1.7336839622711406e-9,2.902690349336926e-6
2021-10-01,274,2021,DL,11.951034532684524,2.5458656936207222,8.656239700320996e-9,4.8831212677019686e-5,1.0700073524719383e-8,8.88513189681899e-6,28.251014820688237,5.796442681123957,1.5093684820688288e-8,4.102582706960403e-6,2.811937735539559e-10,4.658067397081324e-7
2021-10-02,275,2021,DL,11.910354567846046,2.537160544993997,9.495248890965333e-9,5.293703364269901e-5,5.3122592359925225e-9,4.362100378601135e-6,27.86475920213429,5.705868405929848,1.1762886983369934e-7,3.157848245712884e-5,3.8071486192305006e-11,6.239809484374696e-8
2021-10-03,276,2021,DL,11.868070403600552,2.5337687190775133,1.0267877916122058e-8,5.656844708285594e-5,2.60075065993725e-9,2.1116396496022285e-6,27.464666585904638,5.62642332425538,9.148339805194822e-7,2.4251564837037215e-4,4.595068820759528e-12,7.451459998729437e-9
2021-10-04,277,2021,DL,11.825515618528405,2.5372832606639113,1.0956740728147836e-8,5.964448341422212e-5,1.2714711618648294e-9,1.020700708341812e-6,27.05365967193251,5.561532469321685,6.42999812563948e-6,0.001682647550894549,5.279854622394018e-13,8.471493101961945e-10
2021-10-05,278,2021,DL,11.784006102065558,2.548866095622312,1.154881700896333e-8,6.211214294468184e-5,6.285850278262382e-10,4.988770824176704e-7,26.634545368235173,5.513839152291326,3.698647993290237e-5,0.009550232593595538,2.2204460492503126e-16,3.5251860421043767e-13
2021-10-06,279,2021,DL,11.744840458590113,2.569257876047047,1.2035887577233615e-8,6.394724259696101e-5,3.182237960807725e-10,2.496705253611746e-7,26.210006043603443,5.4851970848262805,1.5766769109027898e-4,0.04014400459294689,2.2204460492503126e-16,3.488232374479583e-13
2021-10-07,280,2021,DL,11.709214688142461,2.598949561714788,1.2414810738596578e-8,6.515427058199197e-5,1.6688378527360248e-10,1.2942614290151866e-7,25.782539928107017,5.476946927628693,4.5373770727462625e-4,0.11382242086292536,2.2204460492503126e-16,3.451855936292671e-13
2021-10-08,281,2021,DL,11.677965764868004,2.638538624020485,1.2687947460761448e-8,6.576692032084971e-5,9.132124434351864e-11,7.000382378258055e-8,25.3543038129194,5.49050266790777,8.226307146403566e-4,0.20316971512304446,2.2204460492503126e-16,3.4160810803691466e-13
2021-10-09,282,2021,DL,11.651720561901215,2.688824892408538,1.2861661369523305e-8,6.583862256157936e-5,5.2408949067993804e-11,3.9706996427938473e-08,24.927172536271364,5.527309064394255,8.911987731380516e-4,0.21665644640401163,2.2204460492503126e-16,3.380931345156279e-13
2021-10-10,283,2021,DL,11.630631780247494,2.7510264803388957,1.2944346233657717e-8,6.543128738263819e-5,3.1557240739449076e-11,2.3628855251247064e-8,24.502475937386695,5.589086932806631,5.693483766079629e-4,0.13627651822628775,2.2204460492503126e-16,3.34643071359518e-13
2021-10-11,284,2021,DL,11.614738790334213,2.826606457540865,1.2946515178316618e-8,6.461510875964557e-5,1.9921983777451834e-11,1.4741094045717364e-8,24.081357115859863,5.677389155786594,2.1370974685946308e-4,0.05038389329299579,2.2204460492503126e-16,3.3126030480199254e-13
2021-10-12,285,2021,DL,11.604087140079116,2.917134478212773,1.2880351841661056e-8,6.346569337529165e-5,1.3176078533122465e-11,9.634058272750383e-9,23.664888040927295,5.793346919067754,4.696567096217006e-5,0.010916000019472384,2.2204460492503126e-16,3.27947177558062e-13
2021-10-13,286,2021,DL,11.598728790707002,3.0242074342391274,1.2759010924921435e-8,6.206015168654336e-5,9.123045622255597e-12,6.591171113077192e-9,23.25407124247483,5.937587676581775,6.0233496492307585e-6,0.0013827541728233148,2.2204460492503126e-16,3.247059857652842e-13
2020-07-13,195,2020,BG,7.212929465453145,2.2430517897374482,0.15869268243189386,0.41963713492396415,0.9123997432891324,2.9935113627328214,11.149939433603063,3.9050615379664833,0.007488710624577573,0.0533761566636492,0.2081238577015339,1.1333859880319435
2020-07-14,196,2020,BG,7.442407716810377,2.199130111509248,0.19744400859163716,0.43461659569975525,1.5538605068552094,4.37625991246857,11.63210329923885,3.8407538318722287,0.016178116478502085,0.09784985486677909,0.5750102064795246,2.649554766634578
2020-07-15,197,2020,BG,7.668667560079327,2.155634419370272,0.2366158613159197,0.43187440598573407,2.49159975631448,5.920831827594202,12.136078585000602,3.7799271238975907,0.032670420488072734,0.16523213823952282,1.4589965304487353,5.585653618210171
2020-07-16,198,2020,BG,7.889514705630611,2.1133192700077803,0.27418036312624716,0.4152450457855944,3.747242745227641,7.372028771218892,12.662838242742728,3.724213636522512,0.06147612287329989,0.2549676188486608,3.3740061222278013,10.460412189867887
2020-07-17,199,2020,BG,8.10259452426566,2.0727280526412994,0.3085900067224327,0.39016258296765405,5.271993910236301,8.43547707907463,13.21339586072514,3.675139636482844,0.10737225673662584,0.35603543416190064,7.0328732834614085,17.027639734776336
2020-07-18,200,2020,BG,8.305409000476976,2.034098028602588,0.3389700588095956,0.3620160890478144,6.937216098353745,8.925837825481919,13.788806980156277,3.6340047733633156,0.17341198243546305,0.4461798800826583,13.028454844543274,23.49361317209474
2020-07-19,201,2020,BG,8.495339698201203,1.9973084259032663,0.36510530814225567,0.3350557143308144,8.562807206992348,8.873666859403377,14.390170421339269,3.6017838926315795,0.258460448847118,0.5026816932463677,21.17370380464771,27.125366674567264
2020-07-20,202,2020,BG,8.669933640247296,1.9619871448327775,0.38728966205733606,0.31197305854860047,9.97465435962905,8.490259878071623,15.018614776438449,3.5791255663301556,0.3561375707323005,0.5251408610999664,30.07664942231253,27.09887782613347
2020-07-21,203,2020,BG,8.828012347917408,1.9279958569318731,0.40611534128883964,0.2939994081209612,11.06341770016555,8.023670132697605,15.675230282184591,3.5666192596134287,0.45696966479867246,0.5522997134561711,37.802541145318216,25.90404232185297
2020-07-22,204,2020,BG,8.970097000380852,1.8957274016717722,0.4222214252118972,0.28135378280540396,11.79957298367217,7.629168115720648,16.36101055184092,3.565110646418596,0.5521269714714475,0.6358094421765653,43.0701753196648,25.793047736477597
2020-07-23,205,2020,BG,9.098242236868758,1.866122746264882,0.43612242991177474,0.27375455542248467,12.212104531938035,7.346211639518949,17.07682118866413,3.5758713861367157,0.6359361761049893,0.7851921224632087,45.68443665137204,26.31913247397287
2020-07-24,206,2020,BG,9.214994608507592,1.840257575582047,0.44820627632661625,0.27077571091475944,12.356222480550313,7.1463634937637375,17.823482698015216,3.600414055164791,0.7057021203673245,0.9699111918932993,46.11595861471642,26.461987808940833
2020-07-25,207,2020,BG,9.32309653003667,1.81913610220294,0.45874735452293863,0.27197307105815127,12.293305314463774,6.984313550976154,18.601790336797475,3.6402715402979733,0.7608047554578872,1.155003071208556,45.009839449093135,25.945482023747548
2020-07-26,208,2020,BG,9.425456673511162,1.8035823219511693,0.467926419103338,0.27691493017123753,12.081114372608546,6.822107546891348,19.412507552085106,3.6967812432649447,0.801924596594045,1.312211704547087,42.9324824434245,24.905504171309136
2020-07-27,209,2020,BG,9.525128201886908,1.7941564199854891,0.47586255173704467,0.2851743482538367,11.770015213525154,6.633750035458421,20.256358900212845,3.7708678966933458,0.8305626810757466,1.4184417395664473,40.305140558488645,23.518906548027196
2020-07-28,210,2020,BG,9.625329097365839,1.7911567766761396,0.4825980712256873,0.2963102189764439,11.39995636166767,6.405626781810839,21.133915045199757,3.8629191348527008,0.8489107807039398,1.4580799055635645,37.41407123366303,21.900835593161172
2020-07-29,211,2020,BG,9.729541379195254,1.7947564730910648,0.48797124890527077,0.30983968942248336,10.99474105474552,6.1407179322233185,22.045227713523534,3.9728666209239334,0.8600858352998856,1.4332804103343229,34.43338683430573,20.136069567560995
2020-07-30,212,2020,BG,9.841423494589579,1.804868157980446,0.4917998558139899,0.3252232087509835,10.571874491632705,5.84946774337149,22.990078036621373,4.09994242796237,0.8676632037705354,1.354350458620409,31.474523079129632,18.267305620276545
2020-07-31,213,2020,BG,9.964797853490285,1.8211211246490449,0.4939683995888044,0.34186122911910527,10.14586049806225,5.546035503927568,23.96805676905495,4.24254601027887,0.8753877847368277,1.2336939978128691,28.611465424294593,16.31930513024838
2020-08-01,214,2020,BG,10.103684476113493,1.8429303422744032,0.4944566833054581,0.3591316359442316,9.728753383693038,5.248584917427699,24.978544865239847,4.398266054758846,0.8871233359567001,1.084579483649227,25.894410150203303,14.33816762323434
2020-08-02,215,2020,BG,10.262349340223784,1.8696081902124797,0.49335691941244264,0.3764681346522915,9.330648708036808,4.9805281447796315,26.020693795414708,4.564023251907307,0.9069526874719054,0.9244419849552877,23.35890562338253,12.437978728450263
2020-08-03,216,2020,BG,10.445064144899222,1.900537597984079,0.4908338219680215,0.39345973704337733,8.957577756197724,4.771733230599297,27.09328018904031,4.7364944687810135,0.9385741873316341,0.7886571121701789,21.02256134248008,10.859296513207019
2020-08-04,217,2020,BG,10.654889646550403,1.9354317077408054,0.4869393594055205,0.40989239736714234,8.602802717240966,4.6544338251639825,28.194163425272396,4.913148938727581,0.9823588421401916,0.7534076620401818,18.855969058279403,9.984876042698238
2020-08-05,218,2020,BG,10.893155444352956,1.9744431684257362,0.48156645653370456,0.42568898824836016,8.248229389515227,4.649089749213572,29.32013845095183,5.092857206045915,1.0351620678834454,0.899231749541792,16.78640161733362,10.157402313877073
2020-08-06,219,2020,BG,11.159565090129643,2.0180827253017126,0.4744874881250354,0.44076708851841445,7.869454306154042,4.753327409022951,30.467026709510886,5.27586107014636,1.0890522189525882,1.214394453138044,14.718458201014439,11.363258053435993
2020-08-07,220,2020,BG,11.453480836590243,2.0669927625823967,0.4654791304258333,0.4549087387791116,7.44220139927774,4.941501507443052,31.629945959954593,5.46287723168245,1.1331176167018973,1.6333837640612077,12.57290231165794,13.182194606682229
2020-08-08,221,2020,BG,11.774233224452118,2.121772489573182,0.4543614235947208,0.4676958261647103,6.943532867872392,5.16923760223127,32.80336190191165,5.654574112076148,1.1539108334701005,2.092252695011435,10.309619770184828,14.958543628169274
2020-08-09,222,2020,BG,12.121083977537142,2.182844251771719,0.44100741687821554,0.4784979318660408,6.3527323178608635,5.375520282786845,33.981074198385834,5.851235399887341,1.1361602479550363,2.518591337909966,7.957069452351588,15.881026839002887
2020-08-10,223,2020,BG,12.493188792485627,2.2503498975884106,0.42535251317221684,0.4865114878304933,5.654579805219918,5.481392459844397,35.15621247943048,6.052481739166683,1.0655405258108905,2.8157217717213396,5.642873357626832,15.15816229035458
2020-08-11,224,2020,BG,12.889318484786394,2.3241280127899535,0.4074176230483446,0.49088676586286695,4.8487792852109415,5.39722815720139,36.32147450519484,6.25731231475155,0.9360662545809133,2.8769259297058625,3.5853598158615534,12.534820667986441
2020-08-12,225,2020,BG,13.307037578004786,2.4038134968181204,0.3873520165775299,0.4909579799350041,3.9659105716178167,5.056721682594948,37.46989471032842,6.464741367423355,0.7611135462500386,2.6537186146612535,2.001810663514842,8.755805561615533
2020-08-13,226,2020,BG,13.743277448921475,2.4886803442349392,0.36537705869108755,0.4861899054642997,3.062623000718396,4.44280938702023,38.594281956318184,6.673106935335307,0.56772308464876,2.190987520917858,0.9714872893349812,5.118914716474156
2020-08-14,227,2020,BG,14.194508549216117,2.5775703709363356,0.341768230860889,0.4762065518182052,2.211949795558906,3.6157853526942523,39.687042301408205,6.879806893900894,0.3863822580426406,1.6170040474461829,0.40819850484095416,2.5147202881017057
2020-08-15,228,2020,BG,14.656692244570316,2.668917610224801,0.3168508738213074,0.4608616724549868,1.4835704734615343,2.7070292857658163,40.740228634639806,7.081392131656784,0.23959875928856994,1.0755706215357494,0.14830191452411695,1.0469517033161668
2020-08-16,229,2020,BG,15.125242433458423,2.7608423284343298,0.29099266759405046,0.440296049943189,0.9205740044789272,1.86390130623075,41.74560125653646,7.273824355698856,0.1355991524421317,0.6548323343694756,0.04646751364566325,0.3714429037172971
2020-08-17,230,2020,BG,15.595158168810391,2.851468495670707,0.264622273224017,0.41504228304232943,0.5287422415641041,1.1874498970637184,42.69519495164081,7.453252851583615,0.07037781931896839,0.3716716893324575,0.012519681716838427,0.11254085972304184
2020-08-18,231,2020,BG,16.061745118168243,2.9397432136939248,0.23830794175635164,0.3862425547378957,0.2834344476031388,0.7089468668858327,43.583464715251445,7.617958206346007,0.03393767266274845,0.20055997291755856,0.0029177099637962885,0.0293624916817811
2020-08-19,232,2020,BG,16.521189438447106,3.0257753369330906,0.21269686107607005,0.3554560420459771,0.14398769769394335,0.4029402919527115,44.40805612942383,7.769047878467743,0.015490841173794689,0.10431436535960309,5.988932736196216e-4,0.00672052024897224
2020-08-20,233,2020,BG,16.97072075124254,3.110653354786657,0.18840066560857793,0.32428744489791805,0.07067563340265298,0.2215008754328692,45.169504433979,7.909959679677816,0.0068368356401259794,0.0528052420240259,1.1142108502169451e-4,0.0013878325846982474
2020-08-21,234,2020,BG,17.40770446797408,3.1956071691525785,0.16586119148320738,0.2939778020804984,0.03416839846300269,0.1194621357302229,45.86941074882723,8.044637116983798,0.002980066122350331,0.02628499487850912,1.9374405908248122e-5,2.664480846391049e-4
2020-08-22,235,2020,BG,17.829399850614088,3.2815963661241274,0.14534326176090684,0.26534705116246937,0.016569053305822787,0.06410027836157628,46.50993708855558,8.176662087504479,0.001309737578291616,0.013041650922079377,3.2466904778644906e-6,4.9010843074883465e-5
2020-08-23,236,2020,BG,18.232978306639392,3.3691075301483893,0.12696464647846056,0.2388622071712268,0.008201586735243733,0.034720772001643634,47.093761393373384,8.308848811422541,5.923996293383579e-4,0.006558433411612714,5.406394523938491e-7,8.902640317842011e-6
2020-08-24,237,2020,BG,18.615544635833785,3.4580362398419218,0.11072879622711228,0.21472791140580436,0.004215620731411527,0.01927996447099923,47.62403081263747,8.443013797149808,2.8141456407761677e-4,0.0034058607705897913,9.224242289524888e-8,1.6463130459419362e-6
2020-08-25,238,2020,BG,18.974496667919936,3.547869603613233,0.0965590800112265,0.1929926143284991,0.0022859723321724174,0.0111450150327621,48.10439370245762,8.580230434133563,1.4269040885679792e-4,0.0018562564135889076,1.663189196860846e-8,3.196331689008494e-7
2020-08-26,239,2020,BG,19.30860409179682,3.638403878357051,0.08433218975093859,0.1736596462861578,0.0013228400590059228,0.0067921382092434954,48.539196274318996,8.721859585675071,7.719843210737332e-5,0.0010639083346200278,3.2726052652716873e-9,6.726122969131236e-8
2020-08-27,240,2020,BG,19.617098356026965,3.729286977259893,0.07389033413815968,0.15666193294950861,8.254042528981873e-4,0.0044163309876819705,48.93320756291546,8.868815994993396,4.436524817055329e-5,6.40089392300085e-4,7.258885291497801e-10,1.584350964646886e-8
2020-08-28,241,2020,BG,19.899351670397852,3.819823329042132,0.06505831886506118,0.1418762512162511,5.610941682835365e-4,0.003100487465230027,49.291495542786734,9.021249669685552,2.6961945195688368e-05,4.0348973182329796e-4,1.8747955077099868e-10,4.314742598518261e-9
2020-08-29,242,2020,BG,20.15487753031604,3.9090100033519195,0.05765881287091951,0.12915119288637966,4.198526813442415e-4,0.00237869486015618,49.61938509655249,9.178601750210674,1.7249862599124427e-5,2.660445651994087e-4,5.824100484191995e-11,1.403248838156191e-9
2020-08-30,243,2020,BG,20.383329983070375,3.9956305414481212,0.05152309104716691,0.11832860537970573,3.4940625331813255e-4,0.0020189073558252555,49.92242092860437,9.339772571281268,1.156639484366869e-5,1.832727260585212e-4,2.2479058694086536e-11,5.629233255578119e-10
2020-08-31,244,2020,BG,20.584501699565333,4.07840190638822,0.04649814046692038,0.1092593767314162,3.267506265247342e-4,0.0019198149959456286,50.20633604982698,9.503388182972488,8.091704198382247e-6,1.3184870254825425e-4,1.1134866449741772e-11,2.8770355242541215e-10
2020-09-01,245,2020,BG,20.75832092733008,4.156168809028817,0.04245108058410295,0.10181515525862538,3.469229686143979e-4,0.002072474515205159,50.47702635153409,9.668150708660209,5.879808159260465e-6,9.909633164862695e-5,7.311943980848019e-12,1.9348653251894764e-10
2020-09-02,246,2020,BG,20.904814257288702,4.228280541870531,0.03926535503542225,0.09588813903382898,4.215541065384191e-4,0.0025690775142925867,50.7399708464982,9.833432756665283,4.408603541266647e-6,7.772700270958533e-5,6.547982121747928e-12,1.7611487997258625e-10
2020-09-03,247,2020,BG,21.02392868675265,4.295212620594503,0.036823490462076544,0.09136322259806233,5.842307690623946e-4,0.0036572715646326338,50.997924992184835,10.000092283733236,3.3576505152284742e-6,6.293176257877221e-5,8.055104781367097e-12,2.185587625696839e-10
2020-09-04,248,2020,BG,21.115405368097022,4.358098678674595,0.03502330217212101,0.08812932110583892,9.102403663652158e-4,0.005904539043728432,51.25076663302912,10.169722825478079,2.5451352742207345e-6,5.159204312031613e-5,1.3413880181563457e-11,3.6449631716744503e-10
2020-09-05,249,2020,BG,21.17902231889553,4.417678328083397,0.0337902615508118,0.08609590234258996,0.0015680243606113885,0.010625532874040573,51.497779064271576,10.343127794773295,1.8801464668017372e-6,4.180155830957478e-5,2.966566028381702e-11,8.014682438696974e-10
2020-09-06,250,2020,BG,21.214666134944867,4.473886767731599,0.0330757783893683,0.08519465791095172,0.0029373338625115456,0.02090212033943922,51.73823556064778,10.519704291672571,1.32538611947412e-6,3.258446617767845e-5,8.548045626156821e-11,2.279019350826095e-9
2020-09-07,251,2020,BG,21.222331881299667,4.525744110548861,0.03285417151291569,0.0853784046962154,0.005884686275744063,0.044026817979043106,51.97140017867987,10.697258337398612,8.730267688680208e-7,2.377049516695053e-5,3.1483985851264997e-10,8.217778712312279e-9
2020-09-08,252,2020,BG,21.202122282916104,4.571392940577238,0.03312124858936799,0.0866206766824835,0.012399348464885059,0.09722900199051188,52.196528656680876,10.87204263895715,5.26152446396033e-7,1.5796236161150293e-5,1.4541844567300037e-9,3.6833259060488e-8
2020-09-09,253,2020,BG,21.154122448347053,4.608517566358819,0.03388730458469464,0.08890619401536322,0.02701646706280311,0.22050747711137658,52.41243588548199,11.039434148939494,2.857397288741313e-7,9.376814873678432e-6,8.231970237054981e-9,2.0037181100406903e-7
2020-09-10,254,2020,BG,21.078029795097354,4.635412760268302,0.03515537242247339,0.09220133031898428,0.05981824873729857,0.5034724754080853,52.616183198312505,11.195747199798832,1.4093772869676012e-7,5.004065419447642e-6,5.497853311554183e-8,1.2731597422746684e-6
2020-09-11,255,2020,BG,20.973532829811877,4.6505180281415734,0.03693908428629129,0.0964762026024907,0.1321681000194055,1.1337253127586764,52.80435982525544,11.33735767779632,6.400527172863958e-8,2.433265200023641e-6,4.1542140267673316e-7,9.058807815593898e-6
2020-09-12,256,2020,BG,20.840441260372057,4.652259065875564,0.03926738467780288,0.10170415498359178,0.28582322650726255,2.4608210015850354,52.97352143949974,11.460382849224741,2.7131280528231735e-8,1.0932105003697612e-6,3.4055889297161465e-6,6.917832396934736e-5
2020-09-13,257,2020,BG,20.678691186412575,4.639148741363997,0.04218297814010145,0.1078519493355004,0.592304142601884,5.013573326508593,53.120200874995206,11.560830496128622,1.0882411302800335e-8,4.603149986408615e-7,2.9047201089219147e-5,5.432439062957044e-4
2020-09-14,258,2020,BG,20.488349446606872,4.609923294260865,0.045741050409283876,0.11487069466072193,1.1493098874305567,9.298694305389116,53.24092100321974,11.63482788057639,4.187111306665177e-9,1.843094683040531e-7,2.471863254387711e-4,0.0042010095838036325
2020-09-15,259,2020,BG,20.269672127347643,4.56413873322878,0.05000340131746896,0.1226957310678643,2.0440295391505625,15.24913220260642,53.33222733819033,11.679765478303324,1.5735879644280167e-9,7.155226541368857e-8,0.002014710971916781,0.030660467089230845
2020-09-16,260,2020,BG,20.02326706079394,4.503491896335872,0.055019619268388054,0.13126729164328738,3.296747936845875,21.79208070257908,53.39075806497806,11.69696963078453,5.986609178638859e-10,2.7978266005886395e-8,0.015161176019615799,0.2033980174830788
2020-09-17,261,2020,BG,19.749918898687586,4.430255044397291,0.06083042316978462,0.14050799925798196,4.809854300224385,27.130590870668602,53.41321045300556,11.688872919983982,2.4000968250743213e-10,1.1496169459404868e-8,0.1015241988370051,1.1803090254383133
2020-09-18,262,2020,BG,19.450528988141873,4.3466077130661915,0.06746395602306368,0.15030533021482143,6.383408194201568,29.892314319229914,53.39634374874422,11.657807683406364,1.0555509510561308e-10,5.176690203367109e-9,0.579427136501315,5.699633948692174
2020-09-19,263,2020,BG,19.12611051363132,4.2544817803837045,0.07492674591537865,0.16050036498087925,7.799932330900467,29.986459855171656,53.33700129363612,11.605749482821368,5.301232287971372e-11,2.662952128418882e-9,2.6401652515023644,20.878265437925226
2020-09-20,264,2020,BG,18.777782775424512,4.155476245801093,0.08319337792961003,0.1708782420555638,8.90038920152903,28.279622974743152,53.23213420221929,11.534171620400535,3.164945762999576e-11,1.6306613617097384e-9,8.622050962856491,48.737745522927575
2020-09-21,265,2020,BG,18.40676464762621,4.050840508005167,0.09219540973328681,0.18116285800531517,9.598769204210246,25.751088025919888,53.078826409903385,11.444015517637604,2.338256360928432e-11,1.238241590629306e-9,18.344519450892882,62.81408998880066
2020-09-22,266,2020,BG,18.014579420362182,3.9417482780489714,0.10182091360095893,0.19105327188508758,9.864022826155589,22.999031868626286,52.874688897277785,11.336297016436282,2.210859958706052e-11,1.2066318006828928e-9,26.87147400134098,52.3846484793099
2020-09-23,267,2020,BG,17.603645895688274,3.8299669046465983,0.11194427014079449,0.2003502746226885,9.720528522181167,20.211369474126226,52.61897692468348,11.213677110520422,2.695438153139054e-11,1.5214669942428628e-9,31.729437050258046,39.459834944990476
2020-09-24,268,2020,BG,17.176562620043313,3.7170474738894894,0.12240284677437158,0.20888767775599412,9.205529324698073,17.346435781863413,52.31147930831165,11.078691771084046,4.241451822484153e-11,2.485818691821217e-9,33.62547808144881,32.363624862677305
2020-09-25,269,2020,BG,16.735867458888563,3.604083696916079,0.13298664554426867,0.2165043471373896,8.366544169846561,14.333282248859781,51.952153464551316,10.9331546497452,8.622530459888451e-11,5.267836556618909e-9,33.33984767503022,29.409524722857554
2020-09-26,270,2020,BG,16.2840202568639,3.491779551446358,0.14343972655207926,0.2230491975512497,7.2761297106564955,11.216173277005426,51.54113007706413,10.778227860199033,2.2667726830222084e-10,1.4490975577416251e-8,30.867322278626133,28.20821804238964
2020-09-27,271,2020,BG,15.823387808763163,3.380576602053662,0.15346541476550307,0.22839294772681654,6.039471748925597,8.226654593812956,51.07871686132025,10.614629092522234,7.713513425538267e-10,5.178565230124276e-8,25.54089876117123,25.85316745237274
2020-09-28,272,2020,BG,15.356231131903447,3.2708294673402225,0.16273559478680655,0.23245026558553625,4.783430672203974,5.749739106158546,50.56540136379639,10.442972740619014,3.4008348920365127e-9,2.40652636856012e-7,17.114467701648913,18.396491032007244
2020-09-29,273,2020,BG,14.884805961121343,3.1631161998625834,0.17092782983012156,0.23525048208649302,3.628459373923564,4.161116802777278,50.002154258768805,10.264518614128843,1.9270025866161457e-8,1.442936388111591e-6,8.208276497956462,8.933080796027063
2020-09-30,274,2020,BG,14.411743201560403,3.058690041202017,0.17784235852087427,0.23709431994742014,2.6591748740901826,3.489297894824371,49.39157605132218,10.08250419409361,1.3320127434378388e-7,1.0600342561051836e-5,2.7605302158255114,4.6232452514029765
2020-10-01,275,2020,BG,13.939890387788218,2.9590678361473524,0.18342674871672923,0.2384647542627583,1.9063560077033193,3.265066282673689,48.73771707633466,9.901367536822702,1.0245888067619137e-6,8.704358076298988e-5,0.7290458296848469,2.1224947965374263
2020-10-02,276,2020,BG,13.471906448567545,2.8652411597645937,0.18769550672826765,0.2397634693662384,1.3560643884857535,3.071559906544233,48.044887450843284,9.724702972241596,7.938849699724138e-6,7.228509965924607e-4,0.1714407451657418,0.7543658880987001
2020-10-03,277,2020,BG,13.01017554104673,2.777422817040945,0.1907030868207548,0.24117924990368342,0.9713232143146404,2.804966549354251,47.3173519828224,9.55444847237188,5.608972876466761e-5,0.005490406779948374,0.03932827033924058,0.23486949779944
2020-10-04,278,2020,BG,12.55681312899092,2.6950619522623582,0.19253679075809474,0.24264003315281735,0.710717519191532,2.503806224723384,46.55930415918304,9.390703214576524,3.2709624536407685e-4,0.03448449080018818,0.009458533588249588,0.07128575523153052
2020-10-05,279,2020,BG,12.113675613758137,2.6169940156721836,0.19330929580018433,0.24382232091402847,0.5385746321375106,2.2225238672550174,45.77484289683218,9.231881240949255,0.0014252050093457207,0.16191572376182944,0.0025474034647375693,0.022964948513654243
2020-10-06,280,2020,BG,11.682299180924607,2.541786932364226,0.1931516621717726,0.24424607961025313,0.42780063390870937,1.9950798474442568,44.96801669715032,9.075528155397643,0.004224985107763184,0.5170291626974076,8.161500829182102e-4,0.00843297299061155
2020-10-07,281,2020,BG,11.263713489225443,2.4683548383019533,0.19220746680831075,0.24349211678704816,0.35879881204082914,1.8325422395446356,44.14299060862893,8.920172217890581,0.007947962963672247,1.0471930249171564,3.251679626970466e-4,0.0037167733567572995
2020-10-08,282,2020,BG,10.858609952389227,2.396063859847709,0.19062142653517442,0.24123667744545352,0.31921615742466425,1.7357407137423286,43.303829128216584,8.765509580559735,0.008992131612412867,1.2762683761753963,1.667405022896476e-4,0.002044170260622458
2020-10-09,283,2020,BG,10.467154996748658,2.325214585767293,0.1885213413664518,0.23735404199337878,0.30116991338929805,1.700002800567462,42.454439984554526,8.614040720329115,0.006034472369297754,0.9250984377860658,1.1120014659949981e-4,0.001423361451873647
2020-10-10,284,2020,BG,10.089353375078296,2.256620834949305,0.18602887554139136,0.23187883827332495,0.3008078327531433,1.7214367166291964,41.598536567564445,8.469753271436879,0.0023925860827601186,0.3983067546618367,9.688064056276335e-5,0.0012631096811104015
2020-10-11,285,2020,BG,9.725162545001284,2.191389103576038,0.1832616812692914,0.22498556112413418,0.317459723342532,1.7984955381122674,40.73962196597459,8.33743238832709,5.582797083244562e-4,0.10176377603913231,1.1075718107802211e-4,0.0014352572653232628
2020-10-12,286,2020,BG,9.374497701717376,2.130849338744428,0.18033165295478318,0.21699170289320566,0.35326125013627935,1.9308358836743025,39.88098449263888,8.222434708408404,7.637089771788531e-5,0.015407511470769466,1.66895829841965e-4,0.0020940778011944135
2020-10-13,287,2020,BG,9.03713316341921,2.0766131739879645,0.17733027662454254,0.2084142810447136,0.4131774784602747,2.1161901892815687,39.02561219576663,8.130877633187511,6.1773356214761135e-6,0.001396120420759934,3.3068545963068973e-4,0.0039012222299041246
2020-10-14,288,2020,BG,8.712424239306573,2.030718236496518,0.17428959751168663,0.20008260928049706,0.5045268042741702,2.3451892688975686,38.175956583821474,8.07021869504945,3.130731679302477e-7,8.019351650168316e-5,8.362305486821441e-4,0.008982265388068544
2020-10-15,289,2020,BG,8.399666560305787,1.994856168958913,0.17122654401384782,0.19288473730761616,0.6381092647577437,2.5953583979972943,37.33420997686151,8.046710163754764,1.0666015065838457e-8,3.1249872851594545e-6,0.0026015548746658856,0.024509018250581036
2020-10-16,290,2020,BG,8.09820323249658,1.9700296786778866,0.16815700054919713,0.18762927658602843,0.8289172820598523,2.8232952579366297,36.502395683379895,8.064215948303012,2.6206568296338297e-10,8.831177466792306e-8,0.009596851929744117,0.07559965050116274
2020-10-17,291,2020,BG,7.8074215320343,1.956451556268338,0.1650957996255626,0.18496197267102105,1.095982250145807,2.9626178844424036,35.682372177021925,8.123858037440264,2.1668352651013256e-14,8.413588666067244e-12,0.040429373645534894,0.24878177323653747
2020-10-18,292,2020,BG,7.526749862684615,1.9535485273962139,0.1620567272370398,0.18529268387846148,1.4606111085213822,2.953584491547825,34.875838248692084,8.224030897886644,2.4135143474136282e-14,1.0783206881774244e-11,0.18663928270020536,0.8019617996790216
2020-10-19,293,2020,BG,7.255654952444318,1.96006271178214,0.15905254002062474,0.18875414968702597,1.9417321232095273,2.877870541974486,34.08433899558493,8.360745785415105,2.688276122781248e-14,1.376786456767872e-11,0.888587608822069,2.151968796459423
2020-10-20,294,2020,BG,6.993642724389877,1.9742378136960634,0.15609301963443126,0.19520911438667848,2.548580701651464,3.2443025680489432,33.309140909736065,8.528225517501928,2.9943176099445534e-14,1.748428914585851e-11,3.7751163660890494,4.72402602827185
2021-06-22,173,2021,BG,11.754870531356305,3.0923855082516436,1.0059358879875633,0.4625929975171628,64.16228237815096,21.566322198114086,20.5370238876261,5.200321615613648,0.44027917149830503,0.3727650953603631,107.80926741173505,35.202162288084814
2021-06-23,174,2021,BG,11.98375261767908,3.003114240785154,1.0687253298463755,0.4452558946732199,65.48556876844799,20.96978723601985,20.83322338344838,5.020159765466511,0.5242672896485661,0.3961271945644239,111.36532218747305,34.426090054452246
2021-06-24,175,2021,BG,12.216492900255075,2.920829056407901,1.133158229479361,0.43218832459684847,66.82764191259298,20.41895633462183,21.132459176676797,4.85272518598913,0.6181896645641172,0.42107026510987694,115.02762631034504,33.74831390343313
2021-06-25,176,2021,BG,12.452793343156303,2.8474888801904417,1.2003783339219893,0.4250337470233319,68.17986491037018,19.926897559234572,21.433774663833205,4.701122468433304,0.722267548354006,0.44880462099913737,118.78755190719039,33.20869625250755
2021-06-26,177,2021,BG,12.692330641967839,2.7848700077734967,1.2718787110045877,0.42531355090294665,69.53289888347855,19.505824562827843,21.73616137420151,4.568184953285148,0.8369460661168381,0.48014723263213394,122.6350457690507,32.84530242290119
2021-06-27,178,2021,BG,12.934755293509117,2.7344208762476074,1.3495379448290692,0.43430259584513603,70.87669668868486,19.16592322711412,22.038558307610206,4.456245594281538,0.9631251770620045,0.5155703132391964,126.55853860462119,32.69028584488101
2021-06-28,179,2021,BG,13.179690751301232,2.6971127460869835,1.4356774012153144,0.45293377586200856,72.20051031444594,18.914093793078294,22.3398517399543,4.366895542522821,1.10241626073085,0.5554894716974713,130.54486412217506,32.765439180333104
2021-06-29,180,2021,BG,13.426732679730632,2.673309782208203,1.5331501795785745,0.48180065510096004,73.49291355543572,18.75280147683781,22.638875536520548,4.300767455775528,1.2574151295231952,0.6006189104858676,134.57919069669046,33.078320762135526
2021-06-30,181,2021,BG,13.675448320474612,2.6626843548949366,1.6454746121012476,0.5212786309584929,74.7418414859791,18.6792620526319,22.934412013036805,4.2573869310575345,1.431999411654192,0.6522317242934652,138.64496858494664,33.61992343954812
2021-07-01,182,2021,BG,13.925375985283676,2.6641979627110266,1.7770289941120654,0.5717208296822401,75.9346481054564,18.68515621143621,23.225193383528122,4.235129187378113,1.6316801101383995,0.7122676601613218,142.72389581471998,34.36450244484565
2021-07-02,183,2021,BG,14.17602468965013,2.6761557919126413,1.9333305383261588,0.6336621864460029,77.05818329090768,18.7569673126618,23.509903832460555,4.231298706096672,1.864060542793097,0.7833300012136971,146.79590598306177,35.27156089261549
2021-07-03,184,2021,BG,14.42687394220915,2.6963283043417428,2.121431581121996,0.7079910278058669,78.09888984304918,18.876907839207814,23.787182246224447,4.242323740512569,2.1394812786381032,0.8686605263969346,150.8391812382726,36.2894435336556
2021-07-04,185,2021,BG,14.677373704902845,2.7221225874307393,2.3504816854904997,0.7960865681271463,79.0429209194719,19.02429475220207,24.055625635690756,4.264036288013513,2.471962072194753,0.9721844339456724,154.83019367750114,37.35978385377446
2021-07-05,186,2021,BG,14.926944538976331,2.7507834943837692,2.632528394954382,0.8999480097038318,79.87627746065453,19.177191698895445,24.313793277320453,4.2919996372878,2.880600450746323,1.0987052716889263,158.74377825100714,38.42220809815853
2021-07-06,187,2021,BG,15.174977951739352,2.779609741545396,2.9836666754655616,1.0223590026785434,80.58496424395635,19.3141594008003,24.56021159506714,4.321851242710366,3.391665668488952,1.2543372744743022,162.5532400080412,39.41904846765552
2021-07-07,188,2021,BG,15.42083695871649,2.80617994593431,3.4257051409856984,1.167158560368835,81.1551618045484,19.41601798137524,24.79337979907139,4.349643394852139,4.0417578792393165,1.4473284450955375,166.2304981225623,40.300165283272534
2021-07-08,189,2021,BG,15.663286576789629,2.8288007677157627,3.985488708944553,1.3391414059786237,81.57458427578797,19.46974311128096,25.011828704335592,4.372593301514212,4.878288193616084,1.6886651776817543,169.7397814238328,41.03300647312983
2021-07-09,190,2021,BG,15.898717734652246,2.8472499902146637,4.684697062494154,1.54221031239861,81.83621928862254,19.47554473412827,25.214288352898837,4.390460398111812,5.946376179793689,1.9900770350268702,173.0173800807563,41.619142198893705
2021-07-10,191,2021,BG,16.122750922456746,2.8619736554182853,5.542833876345176,1.7802649040701055,81.93496347236291,19.438740757640275,25.399543374508184,4.404017274836082,7.292639301194366,2.3656035046260815,175.98987458050405,42.07474035749401
2021-07-11,192,2021,BG,16.33081297262157,2.8736761517807197,6.576608412098236,2.0577474136759344,81.86644931566713,19.366045702178376,25.56638788468762,4.414351109554665,8.964224108707315,2.832139499257385,178.58137388491863,42.42094819096724
2021-07-12,193,2021,BG,16.518172372431216,2.883132896274965,7.7956055561609725,2.37964080270197,81.62695053519653,19.26427678130598,25.71363228670868,4.422626980265976,11.001779846837966,3.4080079885462538,180.71481678505424,42.6794084923518
2021-07-13,194,2021,BG,16.67998694631148,2.891011274925112,9.196506316207133,2.7510052108127225,81.21314740784554,19.139268740759086,25.840110425949018,4.429886585795174,13.428644334817012,4.109241448656246,182.31352437807948,42.8679031443465
2021-07-14,195,2021,BG,16.811364174271908,2.897710605139685,10.756181591067635,3.1755325404419494,80.62165497242906,18.99508347450147,25.944687057598227,4.436889536752648,16.23596860064376,4.9430488608196805,183.30293498671068,42.99657370161606
2021-07-15,196,2021,BG,16.907588199727535,2.9033412608304463,12.424276133291272,3.6527283148282192,79.8498109760057,18.83449572953062,26.026492044929963,4.4441596826552425,19.365200928475083,5.899266406341267,183.61739131319024,43.068005426931684
2021-07-16,197,2021,BG,16.96467107010814,2.9078305519490706,14.116419674221849,4.173177284979496,78.8990669536148,18.66103900285863,26.08561154839097,4.452224097319443,22.692181792814537,6.9425642434317325,183.21660190339537,43.08152375244743
2021-07-17,198,2021,BG,16.978982364454975,2.910341447682623,15.713334783645005,4.711809687671392,77.76749330272142,18.476703980445443,26.122418206865213,4.460826754128827,26.013265486714232,8.008876207245535,182.0704339043525,43.0205926587277
2021-07-18,199,2021,BG,16.947176648973006,2.9091789694936963,17.066895421298096,5.223628441991476,76.44462651889391,18.2852749709133,26.1373425685638,4.468771095647345,29.043277230884826,9.012094533110892,180.1511333262312,42.85322003984623
2021-07-19,200,2021,BG,16.866276179581554,2.9019697078677598,18.01527566881684,5.645113006461482,74.90679613539395,18.101718418649,26.13086928053187,4.474081758873607,31.432911193554766,9.865157642592719,177.42629843570836,42.54498476050327
2021-07-20,201,2021,BG,16.73375452890007,2.8859654316057313,18.407512926285996,5.903446633129827,73.11153610244533,17.968763437617376,26.103533145651426,4.474282114127604,32.81066592946007,10.513837510505846,173.84423761933317,42.09893298256682
2021-07-21,202,2021,BG,16.54825868804953,2.8586755190349398,18.14369661083812,5.937117360012672,70.99368510503992,17.979315907146024,26.056152860864128,4.466979951179843,32.87225457266439,10.975428595097174,169.31660627437432,41.68341506927477
2021-07-22,203,2021,BG,16.31217484837276,2.819229901534492,17.238707520041228,5.730226578210191,68.47038173360481,18.2853775666993,25.990750699895365,4.451141929443876,31.54858278917331,11.33966290890172,163.71297529248235,41.9746400089804
2021-07-23,204,2021,BG,16.032042400946224,2.768844770124871,15.827994966327948,5.322068362780408,65.45528949354285,19.03984696695973,25.910647412714788,4.427605391798529,29.051348058014042,11.66854839941744,156.81747552966917,44.668821369015774
2021-07-24,205,2021,BG,15.717475162624156,2.71039979032538,14.117829568941666,4.787964045479775,61.89032963066911,20.249033530180014,25.820102981706068,4.398783918927784,25.79009918265503,11.929139760006686,148.30660138314488,52.18067163165676
2021-07-25,206,2021,BG,15.378355018158755,2.647075635163159,12.304806329966624,4.202825611608717,57.79251797475706,21.642585890054967,25.723521475484464,4.367456192234633,22.213985659212838,11.99842555824634,137.83166729782337,65.08038357285595
2021-07-26,207,2021,BG,15.024043364469884,2.581795450103857,10.542026011961658,3.6251358274129175,53.298635226755955,22.737408413500255,25.625252402550373,4.336224187526756,18.717610958900597,11.733293464697494,125.31446576645904,79.74106193646963
2021-07-27,208,2021,BG,14.663273393685731,2.517018606102761,8.931397639280277,3.093317075241409,48.672788370023966,23.089492857118746,25.529584548626154,4.307273682359922,15.589773046303405,11.048394867455901,111.32439534158034,89.87100890765058
2021-07-28,209,2021,BG,14.304092083753435,2.454634548643139,7.527964573655579,2.6277306780805505,44.25731068853598,22.528117937661925,25.440746685032416,4.282220262458105,12.996360227235789,9.96167178011164,97.16789520398706,90.82182685529868
2021-07-29,210,2021,BG,13.953904791272318,2.3960467838508888,6.350658357830521,2.235644909844102,40.37941393158936,21.204481088045913,25.362825512530428,4.262173826193403,10.985388233916233,8.598775190187697,84.42852020822045,82.71164668974082
2021-07-30,211,2021,BG,13.619664174697666,2.342482816189692,5.394717471656032,1.9166832797125646,37.251110463358934,19.470412359649636,25.299512906459096,4.248105077319566,9.501036782704395,7.164956105291338,74.25933702536109,69.35076047292937
2021-07-31,212,2021,BG,13.307737052815895,2.2946923985626575,4.642084767885315,1.665028187305848,34.97717363178383,17.68549748917657,25.25439602678664,4.240412221098853,8.465603426096063,5.827591611057588,67.18558260440994,54.88189351073384
2021-08-01,213,2021,BG,13.02393521012699,2.2529361043653005,4.069797065833393,1.4724590547287442,33.58710661445749,16.12325205223793,25.231069695571,4.238832784342104,7.810125641786592,4.705614346247107,63.28164596720914,42.11469481457007
2021-08-02,214,2021,BG,12.773632943361259,2.217131990834587,3.655869241019893,1.330777199403024,33.064100635823934,14.956843222146047,25.23316370055843,4.242582311574729,7.482027829831951,3.908304422509702,62.41994031963098,32.929900898720526
2021-08-03,215,2021,BG,12.561906989727383,2.1870363404533424,3.383164878989937,1.2332635789630946,33.361766513471025,14.263213023215156,25.264375214207732,4.250579174419903,7.446585941270536,3.5486752464726976,64.3985172590693,28.975641970939634
2021-08-04,216,2021,BG,12.39324495593392,2.162471444149444,3.240498038336647,1.1751289153422997,34.39246157193088,14.009528609395256,25.32821107352633,4.261878816020907,7.677811634091776,3.6477689136676155,68.84969251365078,30.141883460976754
2021-08-05,217,2021,BG,12.26991460105407,2.143613846379407,3.2186986577314762,1.152497486501008,35.978533629177456,14.032729004333186,25.426831530879557,4.276536349907835,8.133128761409454,4.0243682565062295,74.94739957631974,33.073062893330416
2021-08-06,218,2021,BG,12.191583520576376,2.1310736964671535,3.310609726296538,1.1622232707814149,37.85918199215118,14.078024218951713,25.56073045382317,4.295921558585601,8.766854259741628,4.417126656270274,81.43149148830017,34.18500340200831
2021-08-07,219,2021,BG,12.155847001444915,2.125772942742304,3.5116883558892606,1.2019652537577061,39.74649688004329,13.930635654911319,25.729012646775345,4.3224689762382615,9.533671295447242,4.667902797788626,87.08361907993226,32.50108117227228
2021-08-08,220,2021,BG,12.160244854807893,2.128730787687565,3.824488130619371,1.2711874441026227,41.4080495329256,13.532790891143033,25.93057497444432,4.358877632575436,10.406451933220062,4.761305763362827,91.30237685004884,29.418871577086882
2021-08-09,221,2021,BG,12.202703991395728,2.1409031407524375,4.258462198782652,1.370868806160321,42.70969240806864,12.982121736637083,26.164389657285,4.4076862079490216,11.37853354501156,4.76533985792948,94.14504082686409,26.694434928133134
2021-08-10,222,2021,BG,12.281474651507997,2.163073066130287,4.82869187354047,1.5028460185287644,43.616105947879845,12.431094272293992,26.429487541144,4.471033043200655,12.456330580450109,4.759164650055932,95.99814248823985,25.048330605723432
2021-08-11,223,2021,BG,12.395074483823713,2.19578337298499,5.554792925893508,1.6692470991247368,44.16141149970577,11.988432591625854,26.72494220193025,4.550492456371451,13.650079343040874,4.795328756631205,97.26661534527622,24.318903231183683
2021-08-12,224,2021,BG,12.54191769094212,2.2393157063656814,6.458364537953692,1.8726038489464827,44.412844555554194,11.688673254978921,27.049713797463415,4.647079525373259,14.966762672658714,4.899415227374334,98.23945959398975,24.142129549883343
2021-08-13,225,2021,BG,12.719272116795112,2.2936832636859434,7.555805037311648,2.1178649443484607,44.443108724615385,11.516351509915562,27.402197624640237,4.761451422088034,16.405974899652787,5.085320785716602,99.0788560531226,24.278004734502705
2021-08-14,226,2021,BG,12.924101325233712,2.3585845109762715,8.854899009575627,2.4143547328306356,44.309262502638376,11.43981546811052,27.780604734683006,4.893611775361831,17.95173545668576,5.367818998368428,99.85484483435503,24.614223109654635
2021-08-15,227,2021,BG,13.153300775028656,2.4333925776008614,10.348727308393865,2.7788101602276463,44.05058300606287,11.430059939034097,28.183078482296455,5.042849721569975,19.56968855086546,5.765028595637309,100.58143313222263,25.103485222767112
2021-08-16,228,2021,BG,13.40362709252564,2.5171976600821333,12.007346833201515,3.2387976471651068,43.691624299463435,11.465728823971707,28.60767439497342,5.207859382060174,21.205578014931294,6.294875038264673,101.23997897225203,25.723778442362
2021-08-17,229,2021,BG,13.671635100896095,2.608900855080537,13.769307961900216,3.833344857657071,43.24562432674222,11.532608815945169,29.05234127505469,5.386950802986513,22.784488322129757,6.970932625297433,101.79182754421065,26.461780176591404
2021-08-18,230,2021,BG,13.953741015131273,2.707432180541374,15.539331021315094,4.607347429538551,42.71843773132502,11.62274054342416,29.515004070816367,5.578455760589035,24.219253440773144,7.803491813178158,102.18671916604468,27.311953995447208
2021-08-19,231,2021,BG,14.246729855682412,2.8121931712585075,17.2080119908457,5.597890903986025,42.11477915413227,11.734621463602853,29.99398747488617,5.7814618998863105,25.439622513632067,8.802574370069772,102.37560286241118,28.292834023827137
2021-08-20,232,2021,BG,14.548202157404871,2.923176621677083,18.67583199282661,6.811109668242178,41.44012200081756,11.872947837006137,30.48825998984839,5.995966643007665,26.390042516031848,9.962619250215194,102.30537030162846,29.501054097446712
2021-08-21,233,2021,BG,14.856682106814395,3.0407569620652484,19.870441545815307,8.208942413605083,40.701205305049534,12.047516472319602,30.997425407920982,6.222515633554188,27.05299182308843,11.264440498670332,101.89264262036497,31.346184644856304
2021-08-22,234,2021,BG,15.170802800564946,3.165086037995439,20.737906143674202,9.709083364866668,39.904070821907865,12.271276337848912,31.521197777263442,6.461334569491935,27.430964794763444,12.659160059457735,100.95563311228663,35.505473276651
2021-08-23,235,2021,BG,15.489077295677356,3.295822375308818,21.241997197265896,11.199720954214724,39.05511590012945,12.557292520234634,32.05925974765496,6.711947540599164,27.538189170955732,14.06397126696995,99.0956513922331,47.761091424262645
2021-08-24,236,2021,BG,15.809893833870492,3.432033114660188,21.36661395537091,12.55856715200284,38.16290629838939,12.911488083012209,32.611259840179656,6.973043976071708,27.397962599320152,15.372302041740292,95.49368234710525,81.18321937710941
2021-08-25,237,2021,BG,16.13151258022639,3.572171536508149,21.116307816206284,13.6707176252873,37.23964547834418,13.320006907648665,33.176809719407885,7.242453867353944,27.038707404466695,16.47740976990542,88.70638125950467,152.4076022749952
2021-08-26,238,2021,BG,16.452359642426217,3.7143456947912723,20.517735478897066,14.449135571678424,36.30107981368571,13.739626930609898,33.75557641639475,7.517493496673028,26.488260881673543,17.30743750245604,77.0107975954626,263.781871787802
2021-08-27,239,2021,BG,16.771958066569592,3.857133620175469,19.624111823885247,14.860536144295622,35.36283316220396,14.111230442748733,34.347577226620984,7.795976626797552,25.768656254430688,17.846426628316724,60.27409126943811,369.0214501606392
2021-08-28,240,2021,BG,17.09011914365755,3.999081613924688,18.500197452936025,14.908073932379182,34.44003426913778,14.366304316093897,34.952915519849206,8.075555763331034,24.903640250976345,18.0977475303659,41.95387975218481,392.8061933937429
2021-08-29,241,2021,BG,17.406658277384526,4.138507763271981,17.21327114310483,14.62029057180585,33.545911858364626,14.442301942463379,35.57168830674272,8.353460336459772,23.920784443006653,18.062986255755437,26.83575424270914,330.8442158295479
2021-08-30,242,2021,BG,17.721395311028353,4.27353313161802,15.82795257497212,14.044232398613543,32.68949245044974,14.304557373815713,36.20398563653333,8.626530132519003,22.850172316592197,17.743402685680216,16.838177594649284,245.0345542918618
2021-08-31,243,2021,BG,18.034154840038077,4.402142753324866,14.402332921986854,13.238193162637916,31.873591212229936,13.96398878179479,36.84988997528067,8.891294357809553,21.722281077073454,17.14904292686365,11.07007468821204,177.64504155309382
2021-09-01,244,2021,BG,18.34476650971143,4.522277602565904,12.985516189108377,12.26494618028056,31.093821451345836,13.481229890906727,37.50947556480044,9.144098472907485,20.565941309566092,16.305538019290285,8.031515124082263,136.44268731469384
2021-09-02,245,2021,BG,18.65306529742558,4.631961151539854,11.61647412110588,11.186095952857197,30.33924967626734,12.95007187273883,38.18280776241846,9.381285108470976,19.406873328813255,15.256419985096416,6.684341258562873,117.0504294608733
2021-09-03,246,2021,BG,18.958854435254462,4.72971039258381,10.322828639393107,10.059015509170127,29.593762924363297,12.464961467644118,38.869831152481204,9.59982994754688,18.264985686170466,14.073152725943237,6.551036676849298,115.76166642470233
2021-09-04,247,2021,BG,19.261718219759928,4.815599256426135,9.119192812945892,8.935484194440837,28.838332852633922,12.08414087465111,39.56990006012198,9.799078432059982,17.149394563368016,12.871006534818287,7.56870980182397,132.13889985559405
2021-09-05,248,2021,BG,19.560905463126648,4.891031407950753,8.01346831973984,7.854278431063311,28.06113905977406,11.802820902657361,40.281707699289306,9.98054475784262,16.06589039349815,11.753211809856653,10.054931857295248,168.9006108754281
2021-09-06,249,2021,BG,19.855564185000787,4.9575313720559615,7.009080934405716,6.841123345126643,27.26238818520182,11.58267381292212,41.00371986706978,10.146052749560798,15.01909009286575,10.79077747538469,14.788341071787572,229.4323571776448
2021-09-07,250,2021,BG,20.144811895896225,5.016306838846112,6.105806743316989,5.910978144795829,26.449305836010662,11.389858196495847,41.734286143178736,10.297096423916178,14.01244909049593,10.0168599847439,22.86798231379367,305.7574255275557
2021-09-08,251,2021,BG,20.427737562328847,5.068109847570673,5.300580173698812,5.070494095452784,25.63098313478356,11.205382882591488,42.47163605382111,10.43467630582498,13.048268137747302,9.426596642355268,34.76811388807789,357.74431674698775
2021-09-09,252,2021,BG,20.70340390776176,5.113177028829446,4.588234763897196,4.320344522333725,24.815602010672542,11.021218716477472,43.213875925651834,10.559244834604497,12.127548834964283,8.985411223462101,48.56229608965987,328.3648548587263
2021-09-10,253,2021,BG,20.970761631638528,5.151468777388543,3.9622250330080955,3.6578164348909943,24.009593215812593,10.835259686015705,43.9589634974612,10.671158279851316,11.249886170749523,8.645968335059834,60.13604766011974,226.60391020514712
2021-09-11,254,2021,BG,21.228378704456272,5.183498726633792,3.4152972053237916,3.0795485130235574,23.217900778498716,10.648898203484483,44.70463433392059,10.772144942163973,10.413263948323934,8.372279822743062,66.9140950537339,127.3406672003193
2021-09-12,255,2021,BG,21.47469544731207,5.20995822646509,2.939497651628337,2.580075331211379,22.443865811784885,10.464246582971311,45.448465083148086,10.86456277561645,9.608300590537732,8.156523136013398,69.61928507863348,69.213924919946
2021-09-13,256,2021,BG,21.708117403479925,5.231562885026807,2.5263546454171437,2.1522356380192154,21.68929050542699,10.283102558133361,46.18789639757297,10.95113031717133,8.806175108650997,8.106829228458558,69.99922518604454,44.440614730277126
2021-09-14,257,2021,BG,21.92702300015074,5.249119619582057,2.1669569310362444,1.788136126945144,20.954194732024682,10.106633026202612,46.92023490104755,11.035056563845155,7.926150958752445,8.991992440959699,69.27515198771358,35.91063603759977
2021-09-15,258,2021,BG,22.129772214637754,5.2636450145768165,1.851772266503286,1.4800188946336976,20.235554535975844,9.935044015510828,47.64265657493345,11.120248272846135,6.762474384459265,13.545949901199759,68.05916866212958,32.940486669842485
2021-09-16,259,2021,BG,22.31484094270538,5.276810982206467,1.5703264429908033,1.2214055744528078,19.523402253471215,9.767251219370866,48.35240334729389,11.212032281330718,4.9733425490852685,22.31458596969797,66.6116601386379,31.590855506789616
2021-09-17,260,2021,BG,22.481212946034418,5.291859317701272,1.310871029653233,1.0080344761801343,18.789360128803683,9.601649490421474,49.04738605293799,11.318625345933718,2.7066333383155823,22.773008224002123,65.00504247568067,30.805709902235407
2021-09-18,261,2021,BG,22.628026904310946,5.312539452970659,1.059894292207592,0.8341806166608573,17.947176051966906,9.445188664700224,49.725653183502615,11.449461853267536,1.047352440326018,11.872637460056072,63.128192139897074,30.469715451207634
2021-09-19,262,2021,BG,22.754459232699446,5.342500031366962,0.8060943425236241,0.6835688324332518,16.71978473992681,9.380325552609886,50.3852099756705,11.614185010690532,0.33786001356978923,4.154375472977309,60.417072748093766,31.238337948490127
2021-09-20,263,2021,BG,22.859729530815454,5.3849924558642,0.5522348648496683,0.5259336485649251,14.266587358120296,9.597186201520909,51.02402425856389,11.822072210926846,0.10765379426966412,1.3308236364061814,54.57485424113874,35.38892967961935
2021-09-21,264,2021,BG,22.943106016912765,5.442638549220923,0.3262210651528578,0.35324536878863105,9.180610791040534,8.343682436716284,51.640032895264746,12.081513314305433,0.03740884211987012,0.4662048628339211,38.19698907227367,36.406936297521796
2021-09-22,265,2021,BG,23.00391090435869,5.517290066611883,0.16347474538657575,0.20442244435590348,3.2963700405519467,3.8323032834435096,52.231148815405064,12.39960748803383,0.015054683357784192,0.19758451575380426,11.947101759692396,13.047052579066513
2021-09-23,266,2021,BG,23.041821458948835,5.610135467917831,0.0710409021857907,0.10683557475924313,0.6655953487596187,1.1860536072661345,52.79555485526034,12.782099509998588,0.0073055413420892445,0.10703960790376774,1.3448387168877736,3.2868359119181414
2021-09-24,267,2021,BG,23.057763960048966,5.722115386999505,0.02784598152650105,0.05194909272748274,0.09693683955534992,0.26843647473475224,53.33259325428434,13.233676534192217,0.004321293081236436,0.07407113396511558,0.0807754218118699,0.36987018898040114
2021-09-25,268,2021,BG,23.053026324007337,5.8534704692700075,0.010171937927895827,0.023632515204874294,0.011572403961192133,0.04526099156218305,53.84195113277622,13.757213177773862,0.003125661610038991,0.06406388348005035,0.0030644997411994625,0.021461056706751733
2021-09-26,269,2021,BG,23.028951797276235,6.003671779606181,0.0035311007928012787,0.010104972939781017,0.0011762360254797398,0.00604927525174644,54.323379923286105,14.35364252820814,0.0027723879615884437,0.0680296840338516,7.56276919275627e-5,7.336857131419942e-4
2021-09-27,270,2021,BG,22.986927695197863,6.171599248061663,0.0011765049462810115,0.0040862887605564585,1.034029546311692e-4,6.660642973576164e-4,54.776694698204814,15.022246071723817,0.0030234381912397816,0.08793510764367855,1.2280390152367117e-6,1.5580629001782947e-5
2021-09-28,271,2021,BG,22.928374731812347,6.35579409415926,3.780412538099171e-4,0.0015709353654154467,7.957094228044824e-6,6.203275728902942e-5,55.20177327992722,15.76111439779448,0.004064286955497264,0.13808134869014208,1.3255727920454943e-8,2.1186759588384374e-7
2021-09-29,272,2021,BG,22.854737023072452,6.55475001950794,1.1743893944664695e-4,5.763909267103755e-4,5.421987525081487e-7,4.989797094496046e-6,55.59855514537589,16.56770130587764,0.006750061874013516,0.2637254829720326,9.609128367287396e-11,1.8847413045522585e-9
2021-09-30,273,2021,BG,22.7676045123504,6.76735435636776,3.5322524931300215e-5,2.0245623358082488e-4,3.310713180347216e-8,3.5310595847327645e-7,55.96717171274254,17.43958441254665,0.013749915590593671,0.6080349119003197,1.2110006403700367e-14,2.8585227728155284e-13
2021-10-01,274,2021,BG,22.669183766897824,6.9935519718383725,1.0297165685607725e-5,6.825794545457594e-5,1.8369450462626787e-9,2.2399369123933053e-8,56.30844822555073,18.375436772519638,0.03258767553138077,1.6009133686748969,1.2083629512480466e-14,3.378400688487355e-13
2021-10-02,275,2021,BG,22.562148731280804,7.233929004635039,2.912054854543171e-6,2.2142274524123312e-5,9.402166577482007e-11,1.2973626543848515e-9,56.6238282378705,19.374443136261164,0.08154465101322922,4.334439090288588,1.2079424857511123e-14,3.9442642496588195e-13
2021-10-03,276,2021,BG,22.449226298988055,7.488758332387079,7.995854013592531e-7,6.925267220251773e-6,4.507497248726812e-12,6.979994905919614e-11,56.91493782526045,20.434948632325753,0.1926778667090719,10.63641799875448,1.2094765900150949e-14,4.553778028035045e-13
2021-10-04,277,2021,BG,22.33309861561716,7.757752198347196,2.1334118370848962e-7,2.092017496805469e-6,2.657617985699444e-15,4.585358520449116e-14,57.183476537961845,21.554156141580723,0.38480609043047376,20.892247798131653,1.2127116789542148e-14,5.203594094034787e-13
2021-10-05,278,2021,BG,22.216397879341315,8.04012503351644,5.535899552523399e-8,6.113293109794272e-7,2.6067901975192362e-15,4.9784701524562875e-14,57.43120985828653,22.728275645642317,0.5993492979841781,30.831754150810866,1.217399346446033e-14,5.889480882295081e-13
2021-10-06,279,2021,BG,22.101704189189096,8.334769023603274,1.3981826553767994e-8,1.7304564441197703e-7,2.5582568238134495e-15,5.374700164069879e-14,57.659962102140796,23.95283610014116,0.704968099828003,35.34716040704739,1.2232930476764419e-14,6.606359054581876e-13
2021-10-07,280,2021,BG,21.991382278396625,8.640559966595118,3.440379229842645e-9,4.751610071593661e-8,2.5116785936088257e-15,5.77080540913499e-14,57.87157027242811,25.22331583252113,0.6069117678524537,32.432037316852124,1.230156431754659e-14,7.348776292100858e-13
2021-10-08,281,2021,BG,21.887098968187903,8.956780967490507,8.25855839395721e-10,1.2681592502248978e-8,2.466782888083192e-15,6.164315681236083e-14,58.067758318411784,26.53620165283357,0.3470139044615067,21.026312735815488,1.2377949701873392e-14,8.112493292780397e-13
2021-10-09,282,2021,BG,21.790114874174247,9.283167190573836,1.9367923394805844e-10,3.29648437280212e-9,2.4233254727986583e-15,6.553342122073523e-14,58.25018175097981,27.888873362539325,0.11346689096846134,7.545906960451263,1.2460219537018918e-14,8.893981318087849e-13
2021-10-10,283,2021,BG,21.70081426122016,9.620119002895475,4.443549029536639e-11,8.361922478588557e-10,2.3810775637829865e-15,6.937411964456375e-14,58.42026011875892,29.280331679041776,0.020145482279744113,1.376005063074408,1.254646427641022e-14,9.69212489359065e-13
2021-10-11,284,2021,BG,21.619367281570753,9.968415700935259,9.986715412972153e-12,2.0736666187521303e-10,2.3398247518881876e-15,7.316583307453908e-14,58.57937159862896,30.71026997670689,0.0020018635027700014,0.13691791789717092,1.263472415788894e-14,1.0506254498351319e-12
2021-10-12,285,2021,BG,21.54594838577787,10.32906881250432,2.2016020881330935e-12,5.0364567590671317e-11,2.2993661262932732e-15,7.691106993797736e-14,58.72891673624601,32.178682213363906,1.1385465424025564e-4,0.007880167635783327,1.2722984449473908e-14,1.1335411998303871e-12
2021-10-13,286,2021,BG,21.480737096530625,10.703271369865885,4.767120349386562e-13,1.2001023966339095e-11,2.2595135771136917e-15,8.061421676226402e-14,58.87031597726616,33.68578946188864,3.7213104529882487e-6,2.6842623887713573e-4,1.2809173843544516e-14,1.2178314833866965e-12
2020-07-13,195,2020,GC,17.52151055305873,5.167144505208871,2.9451325615567683,2.360727806453497,108.88116116824636,53.08308749450057,37.091054878259,11.962610240408448,7.583810302492285,9.377186240876531,190.20474666081924,86.85857465524171
2020-07-14,196,2020,GC,17.40552851021506,4.891753005585542,2.899406486230236,2.0601626182848,108.26696192755175,49.80044883021562,36.60650567836878,11.18849146755989,6.87915397044732,6.378629820478319,190.00599966576542,80.80891833332007
2020-07-15,197,2020,GC,17.258002927423977,4.627254589745593,2.856709357534578,1.7869284387298283,107.60505143176512,46.70153039118719,36.11150416442119,10.463999106144344,6.2316900136733855,4.6458758014731005,189.63827561652565,75.18048876420977
2020-07-16,198,2020,GC,17.07592276561592,4.374886956576286,2.81922553920805,1.5450445903987442,106.89415436310364,43.7976095276911,35.60503674066335,9.790287033742992,5.673482342595887,3.562291759635221,189.07842711398595,70.02071753840457
2020-07-17,199,2020,GC,16.856617311689597,4.135257693309408,2.7890385486825604,1.3380677152330993,106.13311829992841,41.09590800822987,35.08618358821915,9.167560325166813,5.212392958983228,2.835093411409389,188.29828401598806,65.36534150276589
2020-07-18,200,2020,GC,16.59782073594563,3.908247888234011,2.768179607749082,1.1688133549010717,105.32092130329582,38.598742250150785,34.55412227487117,8.594927022802324,4.845741793615902,2.326679047380721,187.26185703099753,61.234669590358315
2020-07-19,201,2020,GC,16.29773665159642,3.6930323572745842,2.7586918081603513,1.0386609523014225,104.45667933470523,36.30316781933616,34.00813143004522,8.070379356913072,4.5673451529722975,1.968394825680657,185.92089633848147,57.63343498869095
2020-07-20,202,2020,GC,15.95572566808658,3.488433368573567,2.7626355773040006,0.9464928334669912,103.54010396841721,34.2017823388566,33.44785891610428,7.591096305522338,4.369239460593693,1.7246323213687733,184.2102983381519,54.55853911479194
2020-07-21,203,2020,GC,15.574749934556428,3.2939579030495785,2.7818379060194975,0.8882129602755585,102.5732792200506,32.286043151170624,32.87435825111768,7.1544264928923536,4.237722490294351,1.577469204516821,182.0509791419447,52.019244885622676
2020-07-22,204,2020,GC,15.161654572440996,3.110185286836933,2.817678441304151,0.8579072988221376,101.56100954654384,30.549207643286117,32.29029348073137,6.758530035269087,4.156528084472,1.5162945321891033,179.35369333398546,50.05679225804052
2020-07-23,205,2020,GC,14.726000594197243,2.938535216915667,2.8710757110525935,0.8497002006688106,100.510207059657,28.98733054504713,31.699555724111374,6.402434879576201,4.1105808894023985,1.5285464458518725,176.02776345724382,48.74885273705129
2020-07-24,206,2020,GC,14.277266328132518,2.780334090283524,2.9431205624369254,0.8588253960875465,99.42803325185126,27.597029458053743,31.106083777593444,6.085259505408261,4.086254019506003,1.5944561083971547,171.9925486088669,48.18488372736809
2020-07-25,207,2020,GC,13.824118016692127,2.636477481213145,3.035276342907965,0.8818045489414712,98.32142982748177,26.373660119140478,30.51357526091368,5.805766782594686,4.070946613237002,1.6879982911804463,167.21139749716733,48.412091553536946
2020-07-26,208,2020,GC,13.37435955386086,2.5073423662997514,3.149428705451702,0.9163239309137038,97.19710043346488,25.31007503239854,29.92548521133099,5.562127368763534,4.053049010811952,1.7803638519973688,161.74185851616127,49.35159183362975
2020-07-27,209,2020,GC,12.934926776891464,2.3927676479347246,3.287950502172504,0.9609737568180139,96.061496965423,24.395790320250594,29.345028589713802,5.3517834700843485,4.022272912447373,1.8422356087368152,155.78431611966613,50.71860715467262
2020-07-28,210,2020,GC,12.511993487659113,2.2921690956185308,3.4533740075490833,1.0150324001202187,94.92092120571105,23.61725286506269,28.775306659140877,5.171562539283074,3.973441546282391,1.8514008283960006,149.69232254623105,52.035122331542055
2020-07-29,211,2020,GC,12.111238447904121,2.204816114881874,3.64707784369542,1.0784192144520242,93.78184177637188,22.95980566823181,28.21965947307432,5.018147807643118,3.9159852393521417,1.8126194953606747,143.89724095272487,52.820372893534106
2020-07-30,212,2020,GC,11.737680190999324,2.129701949064493,3.870223676307254,1.1511754651937212,92.65054133788554,22.406642285912255,27.681287169056993,4.8878077378289,3.8625153473859934,1.740089111727925,138.84934010734588,52.720712051814935
2020-07-31,213,2020,GC,11.39571201213382,2.0655852384250077,4.124043675484707,1.2329796440683096,91.53300605686329,21.938848764405083,27.163143603111134,4.776421465614291,3.824990304999573,1.6502263120167864,134.95272766147497,51.5914667933766
2020-08-01,214,2020,GC,11.089232573846578,2.0111308932526772,4.409741660902195,1.3228195612875,90.43493285062902,21.536430901839406,26.66795809202758,4.679714666682509,3.814664790432953,1.5612415433688323,132.50312826543768,49.52382028177313
2020-08-02,215,2020,GC,10.82178937532844,1.9650656759136547,4.72837902743188,1.4188265930110004,89.36174046315108,21.179739029577178,26.198259839328816,4.593554095027836,3.842357293063729,1.492303425872673,131.64186924302652,46.82354044239448
2020-08-03,216,2020,GC,10.596344084578947,1.9263471986566607,5.080386749790029,1.5185039521530974,88.31830831998163,20.851890288640035,25.756314156732888,4.5144219703790744,3.9177830934341102,1.460745171558567,132.29577476915932,43.972754152489806
2020-08-04,217,2020,GC,10.413899477229801,1.8943359964633748,5.463856815046531,1.619790299678571,87.30788117950657,20.543191652599763,25.343776590420926,4.440291599103064,4.0463785620279324,1.4763950326205355,134.08020304691163,41.52570770382761
2020-08-05,218,2020,GC,10.273232075581031,1.8688151652183018,5.87385870697317,1.7220002615712278,86.33171989202772,20.25201031199209,24.961549904049463,4.370804875918056,4.230698032310637,1.5352014588615541,136.40274179403985,39.80718884267021
2020-08-06,219,2020,GC,10.171404911265824,1.849857474999441,6.3023737332999055,1.826075443300569,85.38940535152086,19.982517221785255,24.609881626999265,4.306839131559041,4.4649794297759255,1.6236036967586558,138.6844774060366,38.77560719833875
2020-08-07,220,2020,GC,10.105527774316565,1.8376410464658575,6.738512653220955,1.9333780140007375,84.48020452919607,19.739794548575027,24.288917142152858,4.249552545365757,4.741642491118399,1.7288055036462786,140.56558076474502,38.19709645460026
2020-08-08,221,2020,GC,10.073125194646794,1.8323042375528302,7.168447458823393,2.044442719701145,83.60340671026277,19.527527484772648,23.998844822825884,4.199941776397263,5.052734404081554,1.8432509840914157,141.92250485469577,37.88175633017329
2020-08-09,222,2020,GC,10.072067149118643,1.8338464929030973,7.57542876727118,2.157728378874172,82.75831810121255,19.346997671909453,23.739905054209938,4.158644045497758,5.388803987921983,1.9647038839969657,142.79665755052721,37.74110696051
2020-08-10,223,2020,GC,10.100509343797743,1.8420692003529842,7.94009559119459,2.2685675945781463,81.94425246818078,19.196666894914888,23.51239952554845,4.125833886554422,5.7376631388813415,2.0941317734810134,143.30929903655988,37.741974864210526
2020-08-11,224,2020,GC,10.156572406571776,1.8565752487269565,8.24215072265428,2.369572105614834,81.16028682813733,19.072996700373025,23.316553583524456,4.101306619390204,6.083636813777231,2.2328304094181735,143.596174211496,37.86864291318558
2020-08-12,225,2020,GC,10.237473469062758,1.8768322941561235,8.46466030961229,2.4538206994092775,80.40457044603617,18.9729813732192,23.152092258470304,4.084808187493253,6.408363560454951,2.3790829742371327,143.76623767479566,38.11794741046814
2020-08-13,226,2020,GC,10.340247203153488,1.902099115577427,8.592390378248187,2.513800179432837,79.67498790651373,18.892462907138313,23.018701454298405,4.075747589155561,6.688893325908124,2.5249718349035573,143.88445008783057,38.48904072368858
2020-08-14,227,2020,GC,10.461943288656316,1.9314016472289939,8.611668267790018,2.541591530777471,78.96928753622494,18.825768074425117,22.916177754080845,4.073139936583325,6.897259163735382,2.653727588421307,143.96457156912746,38.98259764066133
2020-08-15,228,2020,GC,10.599566317824666,1.9635662569385097,8.511268424338246,2.5304224052736566,78.28487255606973,18.76634327665293,22.844429044767818,4.075711585334904,7.001053549890364,2.7373430020702054,143.95028547030475,39.60377605106635
2020-08-16,229,2020,GC,10.750024299216596,1.997294853673752,8.283483099756074,2.476825001806087,77.61835818859448,18.707785700840272,22.80347581002683,4.082063764820418,6.964685891011475,2.7372758320039936,143.66269833691578,40.373676252062694
2020-08-17,230,2020,GC,10.910184379060164,2.031384985038884,7.926805522568634,2.38374815432145,76.9646710287053,18.64628670854274,22.793381047546713,4.091022985018655,6.754989011658054,2.625008951445619,142.67615741619048,41.382036825354945
2020-08-18,231,2020,GC,11.077295390979376,2.0652742955560552,7.4520421309229405,2.264126123600786,76.31543108054748,18.586545611312538,22.813977086018788,4.1023865132335935,6.357739243350273,2.473555173181224,140.08945617111073,43.007072692989226
2020-08-19,232,2020,GC,11.249344119107139,2.099223904610067,6.8821874086058346,2.1365135710101772,75.65568378299737,18.54950979326798,22.864855713969373,4.117100356847703,5.785126183961315,2.610010790111206,134.1679065615807,46.664978206451664
2020-08-20,233,2020,GC,11.425123320911611,2.134145730719895,6.248504147289195,2.0158366224529565,74.95791494569316,18.594306907508024,22.945468761647223,4.136954428920445,5.0871044700716395,3.3808067313595793,122.19932465534988,55.90045501453794
2020-08-21,234,2020,GC,11.603547110963216,2.1710033360895595,5.584145193441749,1.9051141168664025,74.17208851918113,18.8799604396441,23.055321343750062,4.163809774443075,4.338637361889502,4.553270467504402,101.70265915665738,72.40148994587966
2020-08-22,235,2020,GC,11.783462577825402,2.210542362925257,4.920998470701804,1.7966564513141285,73.21359670746422,19.79402747709323,23.194011568225886,4.199248411372122,3.6216555222656908,5.62168736554055,74.19169078387083,84.97614051887543
2020-08-23,236,2020,GC,11.963647812861577,2.253173861847908,4.287128331269781,1.6799898703424254,71.95627320276446,22.0413452897723,23.361223424568713,4.2444224558056,3.0032885910193547,6.254357380108642,46.97988937647466,78.66903667952347
2020-08-24,237,2020,GC,12.14281108586228,2.2989141295686095,3.7043633095197426,1.5495507711074166,70.24844268175602,26.284608000275924,23.556720249271113,4.2999817225509265,2.5215778922100864,6.382590008536215,26.904933882253218,58.11641104757734
2020-08-25,238,2020,GC,12.319830474072061,2.34752207147873,3.186692047021869,1.4074675563038468,67.97228805040686,32.22881094723921,23.78032508157312,4.366220112256059,2.1819430361874734,6.112433490306389,14.913997737880274,37.630392855280974
2020-08-26,239,2020,GC,12.494498808134303,2.3989861192927564,2.7400091871460672,1.2618056542976783,65.12791309079296,38.22847909750107,24.031873143778977,4.443578710347436,1.9577334310348893,5.594640193601829,8.533058357286382,23.554436031133644
2020-08-27,240,2020,GC,12.666852255422661,2.4532086822023738,2.364065544059524,1.1220417848535404,61.918846571978364,41.96146930687132,24.311245085135017,4.53229857172294,1.8204448132731008,4.918721773626496,5.2989172535208295,15.320255741245106
2020-08-28,241,2020,GC,12.836937562809023,2.50987437459454,2.0543813292058464,0.9959520982304865,58.7600687328816,41.70106841233068,24.618374486546593,4.632261178235412,1.7476775735944672,4.122427638539159,3.714888440421133,10.892980206036789
2020-08-29,242,2020,GC,13.004811928572776,2.568471577885116,1.80408721139139,0.8884164939722664,56.1731209075808,37.26998248127729,24.953242220594117,4.743000137844803,1.7220361865818354,3.228984265649464,3.0399363572082585,8.806151771523824
2020-08-30,243,2020,GC,13.170542862738547,2.6283483978719504,1.605476990612082,0.8015335877728267,54.631051794955646,30.123663441498692,25.315870988536087,4.863763091025009,1.729523003200442,2.285199073801371,2.992628382797168,8.387800164305768
2020-08-31,244,2020,GC,13.334208038261572,2.6888012476573584,1.4510927950601793,0.735362302705314,54.435827315992576,23.121051182346118,25.70631998175721,4.993622721256341,1.7585931563624604,1.4164196554847406,3.6448159442359174,9.783373001901174
2020-09-01,245,2020,GC,13.49589513548634,2.7491945357970398,1.3343619535012656,0.6887847191622869,55.641790091101264,20.080216874122215,26.12467961933479,5.131636448372077,1.8001937352170618,0.9884049734496078,5.629878695315343,14.652145421639286
2020-09-02,246,2020,GC,13.655677854735558,2.809204036657378,1.249580199601426,0.6601389237456973,57.972595073247874,21.682785341752187,26.5710155046378,5.277195680848908,1.846920441057433,1.3174760367241651,11.157341027742863,29.386307163042865
2020-09-03,247,2020,GC,13.813491575540281,2.8692321112511037,1.1911604532954396,0.6472583147577584,60.767803095285906,23.705276180649452,27.045147318921945,5.430675382227343,1.8897190488727036,1.8638472683905978,27.244614693457155,74.63325553781947
2020-09-04,248,2020,GC,13.969044947584916,2.93011270290314,1.1546128818804338,0.6477754106897303,63.27590413030813,23.623564472728148,27.546604954092096,5.593102473315937,1.9235835914464394,2.3405099168912096,69.73032156225494,173.13042039102268
2020-09-05,249,2020,GC,14.12198760840227,2.9924206799685287,1.1366120500739838,0.6593346104223045,65.05358750012181,22.153909279475922,28.074823556135158,5.765158504531347,1.9484643123903365,2.7459065819900954,136.55627262288763,195.3597131118684
2020-09-06,250,2020,GC,14.271960206227654,3.0561889290846,1.134747572757819,0.6797232615946902,66.04856653814632,20.813774007079605,28.629186531244024,5.9467586945993,1.9663218667846303,3.1566035213317396,178.35684371637387,104.3905317988137
2020-09-07,251,2020,GC,14.418595008866248,3.1208114879007187,1.1473373540990197,0.7069716463225483,66.43853939261747,20.168655504937362,29.209013821014103,6.136888826535269,1.9781436026155215,3.679024977470137,190.2061051163897,81.32788699656906
2020-09-08,252,2020,GC,14.561516591026821,3.1850365623979857,1.1733038184825637,0.7394190817688908,66.44294406829749,19.99069510886698,29.81355016794277,6.3335516212388665,1.9812824588301639,4.461686247434922,192.7036161336658,81.07046637651108
2020-09-09,253,2020,GC,14.700264252594875,3.247222213813436,1.2118737785240603,0.775735185209971,66.22699155540815,19.978306423471334,30.441891949805644,6.534122742912015,1.9675615431657303,5.725010322459228,193.21950493658903,81.14541926766368
2020-09-10,254,2020,GC,14.834052361585893,3.3060711955575472,1.2618014814589171,0.8148489150185393,65.8854975352278,19.986117772933657,31.092781131955807,6.736509411370786,1.9248594190010107,7.715640845102027,193.09206309281618,80.74944293059318
2020-09-11,255,2020,GC,14.96199751540364,3.360300402697954,1.321897109137708,0.8558410909000891,65.46414006243529,19.966239110423015,31.764759348420792,6.938536944238872,1.8327883006832597,10.600668898099583,192.47962646613854,79.93306869937703
2020-09-12,256,2020,GC,15.083198303231198,3.408516635806716,1.3911552716753415,0.8977765414307459,64.98090210916644,19.90448935634258,32.45621326602951,7.137696251010696,1.6653297810775722,14.112045147794673,191.37396199722832,78.71234383380951
2020-09-13,257,2020,GC,15.196738636262607,3.4492777957021397,1.4686797585015945,0.9395190789385902,64.43987409255963,19.79497617420417,33.1653615019269,7.331204130473314,1.4063639359506324,17.03285462503973,189.75108642331364,77.09827630129715
2020-09-14,258,2020,GC,15.301691567246793,3.481186859304875,1.553612713517555,0.9795699057429235,63.838842325150104,19.633443979183202,33.890242330408356,7.51612249117517,1.075946432257799,17.465751574913362,187.59012324980128,75.10445988133691
2020-09-15,259,2020,GC,15.3971848430543,3.5033536325999215,1.64503746298724,1.01624098983923,63.17260881097696,19.41763456079428,34.6287225315613,7.690096474946356,0.7399288499048584,14.71949093570917,184.87606350383473,72.75386780977912
2020-09-16,260,2020,GC,15.482592021911492,3.5164800030148897,1.7418167537638676,1.0485347094476407,62.43347778376315,19.150970832920876,35.37855111068279,7.853211593704909,0.4724424590348531,10.518777713796506,181.60096353563577,70.09357506632978
2020-09-17,261,2020,GC,15.557357420090971,3.5217468229402193,1.8425639939212926,1.0754825996980442,61.61346738343934,18.8383407611122,36.137296124721736,8.006298167753744,0.29689937369409286,6.894832312146685,177.76421449118828,67.17741604557172
2020-09-18,262,2020,GC,15.620938672446572,3.5203219637074383,1.9455864300243086,1.095919180083992,60.70521461341351,18.48438204651458,36.90231852950853,8.15016749510277,0.1953343193517014,4.51092421473988,173.372908024168,64.05839066119728
2020-09-19,263,2020,GC,15.672809874162956,3.513240920474182,2.0488187347768427,1.1085360808424485,59.702243030466455,18.093177921109742,37.670767120008556,8.285431400910479,0.14217922446706618,3.161062652027852,168.4421650464193,60.78670019687738
2020-09-20,264,2020,GC,15.71246480565655,3.501330222909059,2.1497766688270588,1.1119644516753069,58.599149741476076,17.66814172972072,38.43957547395083,8.41237870308005,0.12015930706661541,2.508319624946948,162.99529228209255,57.40862607497898
2020-09-21,265,2020,GC,15.739420220526965,3.4851781672298423,2.2455396850221905,1.1048993283282624,57.39175620473339,17.212098525729164,39.20546115961639,8.530921093812548,0.12314607292401487,2.3565131198884655,157.0637461475734,53.96634873718617
2020-09-22,266,2020,GC,15.753402589195781,3.4653545464558424,2.333016586168608,1.0866394153917256,56.0777425062252,16.728398631184863,39.965118863623914,8.640997527039792,0.1582411725756087,2.7004142820623374,150.69005609583772,50.502192521560126
2020-09-23,267,2020,GC,15.754901765397202,3.4430126060519903,2.409801396900426,1.0584200155054426,54.658171876023204,16.223415993979852,40.71582683966345,8.743750017504263,0.2557340497702017,3.761349082025866,143.9357287600426,47.06863898405208
2020-09-24,268,2020,GC,15.744620334596954,3.419217737928793,2.4736166568526246,1.0225662475173294,53.13585478498457,15.703375709886245,41.45492725685871,8.840317062853575,0.512211194351172,6.1615880514930375,136.86889173478977,43.71440389043636
2020-09-25,269,2020,GC,15.723285463495879,3.394714298085351,2.5221627693629545,0.9820906312257995,51.5148177797087,15.173262300958086,42.17964819687743,8.93136822090671,1.210766866922489,10.711877126078678,129.55964911256552,40.47886579334955
2020-09-26,270,2020,GC,15.69164392742004,3.369953767452821,2.553210847420372,0.9405402183076932,49.800256117885525,14.63685404802035,42.88711150092901,9.017108239367795,2.930890858843347,14.809421435597011,122.07884115342348,37.39142158901835
2020-09-27,271,2020,GC,15.650457392159817,3.3451848516084013,2.5647057365657417,0.9017543885134158,47.99841726264849,14.096955948443126,43.57434219134714,9.09739920043869,5.630188344552751,9.955448926267835,114.49681476174602,34.4720144248404
2020-09-28,272,2020,GC,15.600497979499204,3.3206056780370403,2.554873495573805,0.869524323837029,46.1163677063646,13.555795937180163,44.23827951686225,9.172019718302574,7.7475279206421925,3.9542434005325875,106.88223671376034,31.732646442723997
2020-09-29,273,2020,GC,15.542633208778577,3.296675134458508,2.522545235604216,0.8472665466974182,44.16240158738709,13.01604917317562,44.87605574658946,9.241330204323157,8.960626997036917,3.490687343307634,99.30374596636801,29.18095724619817
2020-09-30,274,2020,GC,15.47814896913629,3.274611270164096,2.4680736125610174,0.8376193246286745,42.14830987382929,12.483048218967596,45.48609447569795,9.307577811650232,9.896630199233853,4.173089750168563,91.83794631435192,26.82584204177029
2020-10-01,275,2020,GC,15.40865808638449,3.2560477395510667,2.393206306408561,0.8409792694084608,40.08706889877368,11.965145358979997,46.06817107148677,9.374411142836959,10.839070063364753,5.40033722289497,84.56304243432817,24.6725608665849
2020-10-02,276,2020,GC,15.335814552192856,3.2422221352801093,2.3001578149190878,0.854476702825855,37.986734009865366,11.477595691226673,46.62242752223748,9.445063207963955,11.853018481530118,7.216344303844584,77.54568475112661,22.714931305225225
2020-10-03,277,2020,GC,15.26124642072815,3.233623198884414,2.1913006856807473,0.8727421497481653,35.84653634506318,11.065385742342333,47.149117826704284,9.521469499246942,12.95447191437298,9.648447273487836,70.83859575995899,20.93591475339308
2020-10-04,278,2020,GC,15.18655325917684,3.2298918443561266,2.0690623856900068,0.8895314768220761,33.653829329124314,10.869388279653236,47.64860379185642,9.603894997210881,14.15242830490645,12.734637890371202,64.48132409997203,19.311594845189756
2020-10-05,279,2020,GC,15.113305221840204,3.2298745777749867,1.9358379998784252,0.8991896650193274,31.383578663806592,11.247748444345103,48.12135049188085,9.690863830795992,15.455653248835606,16.531448590423345,58.50101395362482,17.8157448802262
2020-10-06,280,2020,GC,15.04294514726652,3.2319410273865983,1.793968387433406,0.8977634973296346,29.004987858231612,12.793968496520499,48.56803525727613,9.779814153921974,16.873641974854106,21.1115764696237,52.911308031926126,16.42476298731244
2020-10-07,281,2020,GC,14.976498389054454,3.2347157118456225,1.6458167291119976,0.8839308731177122,26.49571949218998,15.925930723618913,48.989891737888634,9.869034086999623,18.41682267334752,26.561035603031605,47.69876454453036,15.121869432921962
2020-10-08,282,2020,GC,14.914744068125243,3.2372725723333944,1.4936218483156225,0.857823778198088,23.862639583871918,20.320930020436066,49.388425568174064,9.957979324185288,20.09667785196707,32.977442732305775,42.756366917880584,13.93260016580802
2020-10-09,283,2020,GC,14.857922177919153,3.2398890306935004,1.339499164240346,0.8202999114578639,21.152726653262842,24.984693073672823,49.76544821657122,10.04936347530087,21.92586754652999,40.469208401147384,37.6865214546185,13.766651482584479
2020-10-10,284,2020,GC,14.80614090438304,3.243632610149904,1.1855308284455557,0.7725099067811894,18.45551620590599,28.689905927263105,50.12292255155579,10.147995859913628,23.918366076910818,49.155276816275205,31.587710660685875,19.995058547861767
2020-10-11,285,2020,GC,14.7595110840146,3.250155682018804,1.0338754257263412,0.7156285309982446,15.885965177194334,30.470118959288868,50.462904516034314,10.260190043167237,26.089614363505216,59.16517200893973,23.82927536344604,33.153298155847175
2020-10-12,286,2020,GC,14.718146651313974,3.2616738469361444,0.8868607960001654,0.6508637403012375,13.552350618010443,29.975470668473758,50.7875350292937,10.393650419913953,28.456673006084724,70.63916267776537,15.959128573908167,38.16037788078408
2020-10-13,287,2020,GC,14.682024128700293,3.2811384118288083,0.7469748104354125,0.5799382266570722,11.524619447700493,27.502949164267978,51.09894698382089,10.557869188468318,31.037839771824316,83.73264562365573,10.298682930668667,31.893646772524082
2020-10-14,288,2020,GC,14.650562458940428,3.3125837601577013,0.6166877415717064,0.5057551618219516,9.81401350169285,23.74965915086683,51.39899779598998,10.765104021021244,33.84348726533994,98.62852319990475,7.046439154454342,23.4394183356596
2020-10-15,289,2020,GC,14.623049210017637,3.3599578204467795,0.4983561698074472,0.4317222301370276,8.394350738229088,19.413974177886477,51.68951456396655,11.027187347572667,36.58486997263444,137.40276583290648,5.352346988515218,16.964300784701805
2020-10-16,290,2020,GC,14.598780298179364,3.426466729598381,0.3939368397678674,0.36138749600453746,7.222463396321737,15.019860457292431,51.97237493426666,11.353712701557116,29.146275999047923,2226.840274487241,4.532593754576706,12.47106649683257
2020-10-17,291,2020,GC,14.577058358506369,3.51423279818683,0.30465020552222666,0.29782735526897214,6.2510690490196605,10.910177771233764,52.24950394456743,11.751135125330176,2.0636913826943517,657.6939555213607,4.2033494124815896,9.158863704182517
2020-10-18,292,2020,GC,14.557191438173179,3.6240916099277785,0.2307566805507993,0.24292778716358307,5.436128337250827,7.321306196199302,52.52287154105717,12.222297601637955,0.036814389937459245,14.690206508154802,4.151956957713375,6.458317617125048
2020-10-19,293,2020,GC,14.538492006312962,3.755554001261538,0.17153773747908727,0.19707190603845193,4.7400356368581065,4.543249090798213,52.79449080301032,12.766420517041173,5.577048007336831e-4,0.2625345888498789,4.237089616103402,4.303873229712406
2020-10-20,294,2020,GC,14.520312735399498,3.906957379412313,0.12547421691308897,0.15943246000335506,4.133356399421962,3.255950057294999,53.066244441075085,13.37953307143947,8.030043797247385e-6,0.00440227536014247,4.347193952014855,3.392240976529352
2021-06-22,173,2021,GC,8.45568036857469,2.2643533772270215,0.3194942089345894,0.9317477699654625,5.497120455969315,6.573898080369114,23.36595201984175,5.8644368126893625,0.02220882404013164,0.059857569098527,3.3844148062030426,4.018787666776339
2021-06-23,174,2021,GC,8.548197803117695,2.180413209285599,0.3518107582135039,0.9096717232100777,6.450191569128664,6.960386361105965,23.657282610474784,5.650864146309033,0.03021260276630807,0.07309420383847857,4.0916481905123945,4.383666090804469
2021-06-24,175,2021,GC,8.64169432293594,2.1027971492105806,0.38547156801738197,0.880259612572493,7.538239265103745,7.368884983634816,23.95222114429276,5.452538225756778,0.04093459606127026,0.08849919656961906,4.932827223505933,4.790678445916732
2021-06-25,176,2021,GC,8.736224816702265,2.0328416785703634,0.41998777075929994,0.8443718175213988,8.767861222148735,7.81907469392658,24.251000526343212,5.27310985624053,0.055190189220288614,0.1061995941684664,5.927743840442764,5.260147638935658
2021-06-26,177,2021,GC,8.831846083670548,1.971705334009243,0.4547869737941882,0.803142924843635,10.142445904043335,8.332538223473595,24.553863068148072,5.115880460378002,0.07397184742904293,0.1262697564264171,7.097415982348554,5.816794614392009
2021-06-27,178,2021,GC,8.928616885666177,1.9202747169516288,0.4892690762373265,0.7579052227201886,11.661484241633355,8.927237157637652,24.86106078965019,4.983561809573033,0.0984525016440265,0.14873160308089048,8.463699573573297,6.4863169526216735
2021-06-28,179,2021,GC,9.026598002458046,1.879072200891635,0.5228860621725614,0.7100999022213834,13.320060670585999,9.61145829506224,25.1728557438145,4.878025179083834,0.12997643429769615,0.17356804423053823,10.04878469329193,7.290454550698661
2021-06-29,180,2021,GC,9.125852290692125,1.8481813767701207,0.5552360592823209,0.6612000955556909,15.10858917184466,10.379532278810537,25.489520365282505,4.800079201002994,0.17004366990787717,0.20074757085948863,11.874582858553017,8.241891895173778
2021-06-30,181,2021,GC,9.226444746575032,1.8272069297225702,0.5861557886713785,0.6126618318811378,17.012829351026475,11.211000506948759,25.811337844549403,4.749322150319215,0.22030564141879513,0.2302555734763301,13.962020850429129,9.340498781444683
2021-07-01,182,2021,GC,9.32844257250411,1.8152809165913915,0.6157941817190036,0.5659013442699629,19.01417871697469,12.073298119230289,26.138602529214946,4.724107221595088,0.2826028008704871,0.2621348358153067,16.330264241911575,10.571737269163545
2021-07-02,183,2021,GC,9.431915247849506,1.811118234300974,0.644655197859889,0.5222830599879118,21.090198988082744,12.926666470858612,26.47162035394409,4.721638171217997,0.3590828515785213,0.29655254697039096,18.995899634343097,11.90721387226307
2021-07-03,184,2021,GC,9.536934604104403,1.8131140065713318,0.6736082870054438,0.4831010620059419,23.215305325621742,13.729660345582854,26.810709300866247,4.7381850084814205,0.4524367221492685,0.33391852933041655,21.97210775952845,13.306952877007236
2021-07-04,185,2021,GC,9.64357490462896,1.8194689693132229,0.7038763355830983,0.4495462296360824,25.361533857989787,14.444053185844643,27.156199892245137,4.76938706149855,0.566280823208975,0.37506472357163223,25.267859718965184,14.723028344841689
2021-07-05,186,2021,GC,9.751912929226387,1.8283281593578384,0.7370189509645132,0.42266348841695967,27.499306109961225,15.03860182264824,27.508435717360026,4.810602730806165,0.7057100975528446,0.4214719937375725,28.8871659491096,16.104421065132094
2021-07-06,187,2021,GC,9.862028063799706,1.8379228028541572,0.7749315573740984,0.4033138302560585,29.598125876574223,15.491673284780385,27.86777399565833,4.857272814433313,0.8780618826655701,0.47553429730839364,32.82840278988664,17.403149321732833
2021-07-07,188,2021,GC,9.97400239535335,1.8467127597384958,0.8198790371508997,0.3921666385755576,31.627168726326637,15.793097813333224,28.234586178369398,4.905281840321908,1.0939762218277889,0.5409099421530482,37.08373589736773,18.581830141799887
2021-07-08,189,2021,GC,10.087482803124004,1.8536627078216592,0.8740674040213505,0.38958033139754783,33.55484255720668,15.950262574795127,28.608544242432817,4.9516661678795835,1.3675922526655042,0.6226925823130777,41.63024361398701,19.628190804780914
2021-07-09,190,2021,GC,10.200329859321478,1.8586888707621387,0.9379207983566854,0.3952532890191908,35.34671000651099,15.999580005809602,28.986405942966783,4.995807602681183,1.7123264722311136,0.7262789799434265,46.40061778527625,20.576720649025543
2021-07-10,191,2021,GC,10.309867561810815,1.8621336294431872,1.0110588474789388,0.40887821062940194,36.968936270210584,15.984848250056174,29.364029201362065,5.038094229089068,2.141569196768652,0.8577622202065988,51.302387529508096,21.484337623594918
2021-07-11,192,2021,GC,10.413317043123893,1.8644976498308832,1.0925531464222162,0.4302124345441881,38.38918765432795,15.946796473776606,29.737066398146894,5.079269500274439,2.668105451424551,1.0239924720995244,56.22667709471713,22.411449242844974
2021-07-12,193,2021,GC,10.507808235059697,1.866316024135992,1.1807108002774511,0.4589309314470336,39.57619993471848,15.919304227290208,30.10096786028996,5.120173108093127,3.301606786037105,1.231968545051428,61.04907750061152,23.409485921317327
2021-07-13,194,2021,GC,10.590398714198297,1.8680422342241867,1.2728503689849582,0.4944611498302562,40.49907000971773,15.927329051827556,30.450991752752937,5.161512528678542,4.044824489774817,1.4874530202772434,65.62961677699944,24.512489267694388
2021-07-14,195,2021,GC,10.658099996658917,1.869945800016985,1.3651055588378318,0.5358032573718821,41.1263721604754,15.986260144181747,30.782220829505558,5.203673460076264,4.888393706470909,1.7926034775328108,69.81164142707478,25.733897486638906
2021-07-15,196,2021,GC,10.707948501614068,1.8720903471512147,1.4522942998911508,0.5813599074042931,41.43102641564237,16.10389916051617,31.089503432037272,5.246707787702567,5.805109137478763,2.1431180143988784,73.4308751710141,27.070578474535395
2021-07-16,197,2021,GC,10.73715895002658,1.8743722002756005,1.5279215215133966,0.6287402066176807,41.407771255282505,16.284506200078937,31.3672303614405,5.2904359596450155,6.746096393470284,2.5263124554563396,76.35073400220497,28.512511909904887
2021-07-17,198,2021,GC,10.743060709097794,1.8761737447377829,1.5845635930352773,0.6744829605514981,41.05715036247971,16.52055281084196,31.609615756385548,5.3336600922237025,7.636362914823139,2.9196207059379895,78.43535350502832,30.028961374717895
2021-07-18,199,2021,GC,10.72311080210992,1.876313213752564,1.6145461131531593,0.7140225573790936,40.3805564575562,16.789210551463874,31.81083188376829,5.373999290339188,8.375295836379388,3.2926532700684037,79.54128761299347,31.559653480100536
2021-07-19,200,2021,GC,10.67494810608237,1.8731596442630127,1.6109156495622519,0.7419922925306506,39.38130990297008,17.052256273051547,31.965071970150216,5.408061131741236,8.845211614705018,3.614058637568129,79.5223204262873,33.00887837716815
2021-07-20,201,2021,GC,10.596450802984268,1.8648269567619666,1.5686250601218537,0.7529161570080009,38.06613827714274,17.25866768082616,32.06662208550303,5.431776325913166,8.930088184473373,3.86196143958292,78.23877124050668,34.2416915504971
2021-07-21,202,2021,GC,10.486182667910779,1.8495762154499673,1.4863475651738718,0.7426250173025855,36.45277692068778,17.35445377563663,32.11045209165484,5.441172545856211,8.552142325753275,4.03439335393358,75.59458233777961,35.097087696188886
2021-07-22,203,2021,GC,10.344968391822164,1.8266818303253893,1.3694592943654116,0.7107830357020756,34.59434778211196,17.306211812559887,32.0943849030748,5.434136273585713,7.7323030745089945,4.1450613380564905,71.64869493613395,35.446207830655396
2021-07-23,204,2021,GC,10.176207335246445,1.7967445923986023,1.2292829725402958,0.6613672760579796,32.579964426870234,17.11332197045342,32.01984043095428,5.411184027246511,6.599739206736242,4.182727551490794,66.65570093054855,35.238939160596765
2021-07-24,205,2021,GC,9.985266002944616,1.7614399221177688,1.0796513304585058,0.6010811973319405,30.521042923658417,16.80555952668444,31.891348340450687,5.3751087966594495,5.345115265851337,4.095491818917966,61.03289770821586,34.52269218147275
2021-07-25,206,2021,GC,9.777743830039087,1.7226540343071424,0.932379114494256,0.536456367741151,28.531664536018383,16.423325530411766,31.714212056345456,5.329257653065553,4.145756504352022,3.830402421629548,55.251356352827756,33.404365648994805
2021-07-26,207,2021,GC,9.55898765953882,1.6821273001555317,0.7958705348689402,0.4727013319059891,26.718231168703756,16.00648274347903,31.49386247286188,5.276772821275207,3.120349507696044,3.391429383304866,49.75650598163723,32.01978104672769
2021-07-27,208,2021,GC,9.334026458078869,1.6413202250179317,0.6751581017341153,0.41344435982969285,25.17443316167615,15.589708642041638,31.235787981723643,5.2202638834800075,2.317413410549099,2.846631507879698,44.91506600960803,30.51342114054254
2021-07-28,209,2021,GC,9.1075308554024,1.601341689729195,0.5724634694384408,0.36083906561896273,23.98059222305835,15.202322570648652,30.94547219012237,5.16159745114615,1.730741458834975,2.286409335679008,40.993842875443,29.027888086534553
2021-07-29,210,2021,GC,8.883860276253328,1.5630034872415803,0.48798495970954253,0.3159026875009617,23.198387048428643,14.874651892005433,30.628601558389835,5.102024531408951,1.3238845384367819,1.7820336578550788,38.1567718799162,27.708454252445247
2021-07-30,211,2021,GC,8.667248284126167,1.5270289226183222,0.4206835196140673,0.27893337876882973,22.851214144897263,14.649069098946812,30.291782879284035,5.0427864586026825,1.0495869418660957,1.3711758166783934,36.4569703611639,26.71853583380597
2021-07-31,212,2021,GC,8.461608147684748,1.4938352382757398,0.3689531972930277,0.24968529849515644,22.960996224655222,14.568910982155419,29.941678886677273,4.984411263478581,0.870340243635309,1.0601226423420418,35.94528816638052,26.210277078289863
2021-08-01,213,2021,GC,8.27050435547731,1.4635149658388324,0.3311360279308427,0.22764972871516992,23.562562615781577,14.6754764608295,29.58470810377899,4.926572697296846,0.7608359731129084,0.8424096653397952,36.727023018110856,26.32820023390947
2021-08-02,214,2021,GC,8.097207047947487,1.4359252199328332,0.30588888171130313,0.21230318630113829,24.70656104714391,15.009021263285645,29.227024766808555,4.868285764560568,0.7059752975169117,0.7157826668857689,38.99437663540541,27.227094750617287
2021-08-03,215,2021,GC,7.944759107463111,1.4107995409648408,0.29246038395085505,0.20328427922654496,26.45948840505592,15.607487776626941,28.874511309736473,4.808195133317053,0.6993446700612742,0.6937501715325143,43.0509737796582,29.076535754136167
2021-08-04,216,2021,GC,7.815799854278629,1.3878967591639106,0.2908229498629551,0.20047083992206807,28.886284867247888,16.496108499656952,28.532566341576285,4.745100455459226,0.7417893324121207,0.8041035023048909,49.27164342268529,32.0012794988865
2021-08-05,217,2021,GC,7.7116363761545275,1.3672083828373562,0.30144256888910914,0.2038645855363569,31.986284817047547,17.649219571596163,28.2052260206242,4.678969324954381,0.8378036245449989,1.0701750521341598,57.85444599705586,35.85317872574204
2021-08-06,218,2021,GC,7.632022033003964,1.3490124460777477,0.3253368943217703,0.2135846021881236,35.66221836658979,18.94332817430442,27.894800406721707,4.611195728575423,0.9954808559548447,1.5043343092885406,68.56691015643626,39.94536125667946
2021-08-07,219,2021,GC,7.575467447352524,1.3337858423822335,0.3642022385612666,0.2298889015770051,39.723355827405506,20.15956447481807,27.602077041953084,4.544203256459387,1.2240617974598837,2.1061518563140793,80.61664842605873,43.15066182873239
2021-08-08,220,2021,GC,7.540414035605552,1.3220362295417891,0.42094531860623535,0.25334293872976904,43.933536555096254,21.05880190806173,27.327532240357275,4.480485620293647,1.5321934589094979,2.8487121481390143,92.90564922038001,44.570360000199756
2021-08-09,221,2021,GC,7.525495692037514,1.3141888693969876,0.4998927925256046,0.2847951414083008,48.056229512717124,21.486089415346893,27.071638728145874,4.422143864146716,1.924334883913523,3.6637849712166823,104.423517129877,44.17475325324832
2021-08-10,222,2021,GC,7.529507631482409,1.310513868215477,0.6069042274765388,0.3252783977837142,51.89463180580887,21.431228370407702,26.834870317169784,4.370664830036139,2.3970404733501396,4.444963082807893,114.55920687797489,42.72966860645684
2021-08-11,223,2021,GC,7.551379014952539,1.3110807372649786,0.7494589249716465,0.3758925612258656,55.31532719126501,21.009443905212756,26.61770669355744,4.326797925481435,2.9367815657700693,5.071483177606931,123.15143447007478,41.14909842457077
2021-08-12,224,2021,GC,7.589967062401837,1.315754346022751,0.9364568303959196,0.43769618354136314,58.25653863148849,20.39714806856833,26.4203953453105,4.290617971875026,3.5228341040526723,5.442061826774775,130.332202912519,39.990554250801075
2021-08-13,225,2021,GC,7.643480983558665,1.3242317958370655,1.1771420520589946,0.5117339836171656,60.729647836756044,19.774549908188774,26.242240035986544,4.261814278084008,4.140143240483931,5.504561186296367,136.33123484963093,39.41052158739023
2021-08-14,226,2021,GC,7.709982103579535,1.335991482853991,1.4803097518568469,0.5992945889327131,62.7602051448417,19.2630038359481,26.082352061032825,4.239436434523647,4.770904671143297,5.2179259394473645,141.30213562829837,39.32253795704311
2021-08-15,227,2021,GC,7.787529316039607,1.350277227724958,1.8529641615106407,0.7023720591473219,64.36297058540289,18.93748273134636,25.939892077863846,4.2218608445359935,5.388918741598471,4.553528471719118,145.2383423057649,39.607763720202755
2021-08-16,228,2021,GC,7.874149172559037,1.3661263654287168,2.298428896549415,0.8243603504927075,65.53124694523021,18.873069389164765,25.81406567639849,4.2069265982431485,5.957401548525354,3.6134465843415082,147.8959081057822,40.29812361796511
2021-08-17,229,2021,GC,7.967810741943068,1.3824321076695523,2.81416551867343,0.9707595927914358,66.2272213800291,19.21283748996129,25.704119268731983,4.192145105317011,6.428182229371372,3.2178220604577734,148.6454182067367,41.97533221944401
2021-08-18,230,2021,GC,8.066476078449433,1.3981092562842794,3.390133480653097,1.1496326232346175,66.38274671673669,20.261326738174393,25.60932302070648,4.175125298509794,6.749890432383588,5.0602629691564704,146.20712569184727,47.068428571891516
2021-08-19,231,2021,GC,8.168409123173312,1.4124825751085763,4.010278042589528,1.3714997347665847,65.94047061301528,22.534539171619663,25.52894360905162,4.154462844437503,6.899204363678973,8.91991984120715,138.43638382471096,61.991643794716985
2021-08-20,232,2021,GC,8.272424073178279,1.4254338951801506,4.655596070680109,1.6465057608747193,64.87968176041757,26.614984801751188,25.462366114642,4.1300258003518975,6.88822333555401,13.96391392655244,122.61705564906148,93.5409945886254
2021-08-21,233,2021,GC,8.377925434254612,1.4372947282970685,5.307194498396356,1.979890610210237,63.2438221639599,32.80677794771415,25.409170246351575,4.102675866846543,6.763902593763852,19.645650027750143,97.6460333634923,133.5766740334649
2021-08-22,234,2021,GC,8.484425086006677,1.448396225693437,5.9453564117689,2.367072261554573,61.1456932579829,40.89081993887564,25.368996594657453,4.073311302295226,6.592317945579104,25.51567720863534,67.5061474767379,152.95893401943425
2021-08-23,235,2021,GC,8.59141128549276,1.4588666328873832,6.5497150860380655,2.792010991493392,58.78391140876471,50.13352153427823,25.34150667277325,4.04245108891093,6.4466052417282045,31.25465938352058,40.43893606541291,133.462734412436
2021-08-24,236,2021,GC,8.698348254184442,1.4685483655733325,7.100174232009496,3.228323344069934,56.443441798777556,59.476348845498734,25.326381432106572,4.010080501454951,6.399604919983638,36.70977590540772,21.85307141361726,93.38242235417759
2021-08-25,237,2021,GC,8.804676063773833,1.4769585981452007,7.577834392811481,3.641905413504045,54.468271475738305,67.807443018866,25.323319859892738,3.975588794514951,6.52182673653545,41.81783436722272,11.301433061848488,57.48889350182588
2021-08-26,238,2021,GC,8.909973754686897,1.4834660240233826,7.966752042614786,3.996849678941705,53.198357493155584,74.23802696242949,25.33208862639033,3.9381176363075405,6.867554393603938,46.389938976982926,5.906622451089525,33.87263778135212
2021-08-27,239,2021,GC,9.01446272118798,1.4879035428410539,8.257558095174334,4.2678097026039925,52.86759057622286,78.30704574815516,25.352674060618696,3.8977178558301415,7.4245069925296745,49.880763672151346,3.262724516084555,20.35912067236038
2021-08-28,240,2021,GC,9.11854293015247,1.4901922166874186,8.445748109098073,4.437302183322582,53.62795305883624,79.61677133388667,25.385129171052125,3.854616610342803,8.150245095767213,51.39932642761707,1.9766349712390159,13.084284862637315
2021-08-29,241,2021,GC,9.222633352116766,1.4901821798314987,8.530826082312364,4.49435189691438,55.5370077901597,77.5948522767029,25.429522856284443,3.8089087462958102,8.978622008852545,50.03811669059311,1.3567867788072396,9.332225062048504
2021-08-30,242,2021,GC,9.327171884576286,1.4876668913724955,8.515995265246897,4.434702128865591,58.50119838392935,71.56437050300462,25.485940115092564,3.76058452028746,9.819889913650508,45.41710667036338,1.0877379243907987,7.627654411502813
2021-08-31,243,2021,GC,9.432615462011855,1.4824265177242504,8.407672283747273,4.260605818620769,62.201408551732854,61.26088990870064,25.55448229326257,3.7096182651529133,10.575835193224364,38.11205773205297,1.048777797975675,7.355625297433384
2021-09-01,244,2021,GC,9.539440367769242,1.4743060755720558,8.214875089262467,3.9802698878109113,66.06389835523082,47.700019513937065,25.635267368131522,3.656127925119492,11.165355945939234,29.545879393654772,1.2513888776707391,8.59650608283879
2021-09-02,245,2021,GC,9.648142763191604,1.463336704519043,7.948539522551793,3.607085102113454,69.37802866998564,33.605389054491134,25.728430271923248,3.6006194334282555,11.545690723738845,21.332641513482926,1.8992528270991489,12.46691618500699
2021-09-03,246,2021,GC,9.759213924671775,1.4500621673328167,7.620571565200076,3.1610147804351576,71.56426496443677,22.435461216591833,25.834058900485562,3.5446303809123103,11.713308184554572,14.61391984612101,3.741626911667656,22.714344217647177
2021-09-04,247,2021,GC,9.87301670545813,1.4362545978011843,7.242534041289661,2.6735146345344165,72.42460565121247,16.158228318275327,25.951928912388166,3.4921201090880682,11.685997764106677,9.814680748920502,9.453448425573768,50.39739940155919
2021-09-05,248,2021,GC,9.989717982513865,1.4246919067381691,6.825986662132635,2.178551532264217,72.1787832909077,13.671188377326933,26.081478941210406,3.448978685118508,11.499911595025972,6.6638791962267785,28.22611277365383,117.50856104712018
2021-09-06,249,2021,GC,10.109444427990875,1.418299289975848,6.382296541381639,1.7100615321331987,71.20853402839701,12.751829188045363,26.22207866765725,3.4212610470223104,11.196086801123691,4.614583397765687,77.9997092931154,181.18566048319298
2021-09-07,250,2021,GC,10.232327512087712,1.4196901751278028,5.922248020189725,1.3040570597306536,69.8232512387048,12.271587477059992,26.373095611644487,3.41425259610789,10.807946584324444,3.244035139885314,136.74978110767967,92.72634163711682
2021-09-08,251,2021,GC,10.358503743770182,1.4308579356174274,5.455732625047276,1.0026369064605036,68.20698757183852,11.93500968483429,26.533892351480006,3.431861874271403,10.35610294320438,2.383493912126235,157.2971013665606,31.333913236070064
2021-09-09,252,2021,GC,10.488114925682288,1.4529538974542981,4.991524595274811,0.8480159124072363,66.45335443629078,11.689293804745818,26.703823902134502,3.4762032235268507,9.845606347699523,2.060282003210933,157.2596633268145,26.706253395806687
2021-09-10,253,2021,GC,10.62122837180626,1.4862572596052013,4.537473244630378,0.8416395838953076,64.60854203462297,11.523497406948543,26.88220409796168,3.547568244206956,9.263090706540954,2.298629605328721,152.9460465342553,26.294728939250238
2021-09-11,254,2021,GC,10.757589303183984,1.5304366603104922,4.101182092809495,0.922453528802637,62.699952159493876,11.42907361067079,27.068208188362537,3.6449378656313605,8.577294753866898,3.0877808791618757,147.8836978464212,26.1497905609178
2021-09-12,255,2021,GC,10.89684712561605,1.584652959169958,3.688608275583893,1.0246174977931803,60.74641355872214,11.393583708885,27.26096107497158,3.766146145628972,7.720495009764008,4.65421911249932,142.60672239338788,26.22181941669527
2021-09-13,256,2021,GC,11.038632546078416,1.6476477228065718,3.303834101840989,1.112713791570542,58.7627321811377,11.401540218563978,27.459565691148654,3.9080898502462986,6.5843221439998425,7.381037881992109,137.21816037251725,26.46149193339124
2021-09-14,257,2021,GC,11.182556606528982,1.7179005520831216,2.9493022307352788,1.173632703747667,56.761718308980015,11.43651158050819,27.663100888134817,4.067079912009674,5.081976861370321,10.874794534632391,131.76878615119185,26.804382797980125
2021-09-15,258,2021,GC,11.328209840334468,1.7938118399095644,2.6260824735244817,1.2052210900885199,54.754894179915816,11.482996501561326,27.870619609220274,4.23922521276557,3.3392426372819473,12.765923363606172,126.3008459391545,27.18665321105676
2021-09-16,259,2021,GC,11.475171442908822,1.8740255441783222,2.3343716329756607,1.2106291082949208,52.75309469319637,11.528452954952884,28.081208020750157,4.421042935894236,1.7978223322864029,10.833014454388907,120.85453159092087,27.55485652519412
2021-09-17,260,2021,GC,11.62303930899391,1.9579045495332372,2.0742316588064043,1.195956781499083,50.767538348541656,11.565353410954733,28.294169769429846,4.610318691305675,0.8232559157859618,6.911866339197385,115.47425910019918,27.873211336487373
2021-09-18,261,2021,GC,11.771401686809485,2.044950753831281,1.8448673667059268,1.1670512634492725,48.80855272556825,11.588068520098558,28.50884934119132,4.805100560353361,0.3498776682265367,3.777824583489024,110.2005370580888,28.11443662631104
2021-09-19,262,2021,GC,11.919827313431387,2.1345114240276586,1.6447064405364022,1.1287340471818417,46.88520973778495,11.59168645915173,28.7245718015959,5.003220307361026,0.15006958212863006,1.996643779633039,105.06770232435368,28.256791786092986
2021-09-20,263,2021,GC,12.067865335812483,2.225693953135869,1.4717072311878536,1.0848405153544334,45.0053696313159,11.571902396816453,28.940642480694766,5.202181359138913,0.06928969711846955,1.1085953663568493,100.10423978550325,28.283939157837548
2021-09-21,264,2021,GC,12.215045387108217,2.31733937743069,1.3236048062467267,1.038357687996432,43.175737001317714,11.5251009982265,29.15634681457993,5.399140929280361,0.03624782883315713,0.6852784558781064,95.33319258358085,28.18494643490266
2021-09-22,265,2021,GC,12.360877829559955,2.408045155878473,1.1980992555008894,0.9915783239990712,41.40192735504599,11.448528006825443,29.37095035159309,5.5909674242169904,0.022472247811981223,0.49444222758241213,90.77263585400388,27.95425420343165
2021-09-23,266,2021,GC,12.504971567312944,2.496428768618837,1.0928942448392611,0.9462862505458729,39.688265546776115,11.341100376931696,29.58379385675124,5.7747139336397995,0.017114673995989746,0.4322088893301788,86.43497367726273,27.59396733614717
2021-09-24,267,2021,GC,12.647396936004824,2.5817825636799587,1.0055596066478507,0.9038891397124045,38.03712923459326,11.204948441317748,29.794583602366846,5.948762078270118,0.01616084921492914,0.4624893774605734,82.324284832138,27.118769402133786
2021-09-25,268,2021,GC,12.788351486953594,2.6634612649317773,0.9339732817227078,0.8652453043742925,36.45001022040201,11.042782123207338,30.003115924997548,6.111705357026779,0.018963485934950584,0.6071465317606467,78.44122723214366,26.54467725335958
2021-09-26,269,2021,GC,12.92804492156745,2.7406939980249967,0.8764135098276625,0.8307768420432081,34.92787211268377,10.8571717053589,30.209183737155442,6.262015572842512,0.027699401353165565,0.9784671532708992,74.78470568399828,25.88596988531221
2021-09-27,270,2021,GC,13.066698866586744,2.812639686540494,0.8315344724495701,0.8006084713995522,33.47120556213757,10.650654777468702,30.412576668112695,6.3981434123467755,0.050384423718070365,1.9317962657338756,71.3521788404306,25.155467643191006
2021-09-28,271,2021,GC,13.204546680756039,2.878482576285813,0.7983491400372513,0.7746617049100968,32.080079701403726,10.425904010639742,30.613081217103055,6.518687207210576,0.11368079665289924,4.622736972465352,68.13994474214557,24.365081844892856
2021-09-29,272,2021,GC,13.341833297254542,2.9375700250177843,0.7762214890405723,0.7527144574165263,30.754185887994993,10.18592605645366,30.8104809191049,6.62263328202273,0.3116283994972888,12.829216450381358,65.1434037942404,23.526540241824243
2021-09-30,273,2021,GC,13.478887969438953,2.9898433961985065,0.7647238187304489,0.7343981357044795,29.492509060311125,9.934664338284039,31.0045965630547,6.7101026487412225,0.9441980956825937,34.405900537018375,62.35549913827096,22.653405968243643
2021-10-01,274,2021,GC,13.616401923136195,3.0369165330642036,0.7630838926012856,0.7190644738721836,28.292050838583577,9.678295610118646,31.195440062647496,6.784219648817135,2.364639514424266,52.51080628989063,59.76055404899963,21.765255695191687
2021-10-02,275,2021,GC,13.755384342097543,3.0818035943493727,0.7701955806160435,0.7057854868959851,27.148132947006314,9.423989422450935,31.3831942085863,6.850658066655899,3.7100137029338374,28.966466803899173,57.33654136148799,20.88462900887494
2021-10-03,276,2021,GC,13.89693832947463,3.127669658166379,0.7850335387353375,0.6934327785325547,26.055514895670203,9.177585753986703,31.5680805014978,6.91549159304882,4.241292983762303,9.737187094147963,55.06243276212824,20.031031609705508
2021-10-04,277,2021,GC,14.042209961653842,3.1773871925435184,0.8066158183341585,0.6806465036596764,25.007814155294454,8.942844552402892,31.750327625209717,6.984463761962765,4.398778618704552,5.464091583567539,52.919568956903824,19.219840770506988
2021-10-05,278,2021,GC,14.192390683500504,3.233412198179107,0.8338021004356798,0.665783542769334,23.995476531535022,8.720974976769085,31.930171237123016,7.0627941612570035,4.4720358746400946,4.865531549518079,50.89133126092559,18.46272184384127
2021-10-06,279,2021,GC,14.348720638344547,3.297761816878706,0.8650226720148149,0.6469113955020895,23.00161507716069,8.509993413599316,32.107853773826044,7.155124232791642,4.536635373804814,4.612616146216042,48.96253818601967,17.76821331270277
2021-10-07,280,2021,GC,14.512407248550378,3.3721485000355806,0.8979392355469088,0.6220552573771516,21.994402669181497,8.304722080580296,32.283623925474984,7.265737874299914,4.608539901380271,4.39175654305318,47.11670474126785,17.142391989736712
2021-10-08,281,2021,GC,14.684365600013772,3.4583211292213445,0.9290582716780373,0.5900604451622732,20.914656725199556,8.09972770027604,32.45773541806115,7.399158355488881,4.690148783753476,4.191767941589378,45.318892900554275,16.586564236021633
2021-10-09,282,2021,GC,14.865345673265473,3.558203422968295,0.9528859484332769,0.5512997353317213,19.661166719102916,7.895838579833353,32.63044126655425,7.560103455015107,4.779248532959355,4.03046126207804,43.433854273687835,16.085278216091105
2021-10-10,283,2021,GC,15.055643971492994,3.6741215683657593,0.961195330150539,0.5092823105506004,18.083644541280947,7.694285727845575,32.801973861767415,7.753772190737274,4.8641878640874,3.9555413238046078,40.986447942394534,15.657728840812617
2021-10-11,284,2021,GC,15.25544971279739,3.8087631757913916,0.9431073756634575,0.47270904693738663,16.01788680884101,7.427759340220041,32.972564274262176,7.985435459517408,4.86508444776446,4.453895903907325,36.88726346969045,15.363812871169369
2021-10-12,285,2021,GC,15.464963720392271,3.9650676003367717,0.887396381212244,0.4543289711576908,13.403015400821051,6.911918415268898,33.14244873627651,8.26007522747285,4.084441527107753,8.485503111446882,30.24918874564452,14.364605949721533
2021-10-13,286,2021,GC,15.684398568968286,4.146137798187082,0.7882652161847755,0.4602338740843386,10.432618056388895,6.2345837865740545,33.3118685841959,8.582157642383248,1.0519899558996748,1.4669022908857994,22.549362775283477,12.772231500844246
2020-07-13,195,2020,PL,8.230632778861864,2.5317296223081738,0.0021632307440500264,0.014338947979724494,3.625174711809823,11.561080695629743,16.902114835765634,5.691740046328843,0.0015437184475191176,0.014203068302362162,9.301949319680642,37.342959931556315
2020-07-14,196,2020,PL,8.05548348321365,2.364819344697466,0.00328482599580736,0.01960886516464727,3.5422270375245133,9.944200708662633,16.389306005738028,5.240374004419358,0.0028226587151028324,0.022787545222147435,10.384169714044427,35.45297391080594
2020-07-15,197,2020,PL,7.873801071984514,2.208506918477076,0.004823326729214693,0.02590591993857709,3.4215087282423235,8.432643573992182,15.89296077487924,4.8273025251302615,0.004912519207888807,0.034584369716011476,11.28750854311815,32.519182905477855
2020-07-16,198,2020,PL,7.684691332363186,2.062894564354511,0.006856148098035659,0.033105668388414056,3.2679457840988166,7.050782404580868,15.412484221453338,4.451238743760709,0.00813430249066978,0.049603926699558015,11.952961526478042,28.87028593609392
2020-07-17,199,2020,PL,7.487403753030818,1.9277833533699904,0.00944405690777177,0.04096607867019472,3.0869057944605696,5.817205255614651,14.947305082248773,4.110537218137493,0.012808714917803467,0.0671877327608423,12.338232686449773,24.87729762376948
2020-07-18,200,2020,PL,7.281340517432567,1.80265054806547,0.012618490148998357,0.049129362279861734,2.8840686074480266,4.745702833009789,14.496874732989296,3.8031651747001387,0.019172846394255063,0.08597511657160882,12.420875539103378,20.898615559493134
2020-07-19,201,2020,PL,7.066065300279045,1.6866789083934854,0.016370044018377192,0.057142918969612135,2.66529199241867,3.845304626182614,14.060666215856939,3.526729150835194,0.027276114294180247,0.10426935867110668,12.198734162968583,17.239465445721574
2020-07-20,202,2020,PL,6.841572462807482,1.578927210611054,0.020642789598777706,0.06450871997123597,2.4371273123311346,3.1198627092368194,13.638335741717784,3.278644490858325,0.03690167225569033,0.12095094619285647,11.693835412977878,14.13061095634313
2020-07-21,203,2020,PL,6.6092708417785,1.4787836786586728,0.025342770747583742,0.07077614647608885,2.2087242884029306,2.56728005799569,13.230330165123247,3.056603266914161,0.047618432661507074,0.13675181460069868,10.967834124060584,11.71862361485815
2020-07-22,204,2020,PL,6.3720358416280725,1.3861244748368702,0.03035191537216029,0.07562441186888427,1.9902959777671556,2.1740805178401406,12.837920180367268,2.858819901809413,0.058941254439267204,0.15451524156212143,10.110134894713763,10.027703688424554
2020-07-23,205,2020,PL,6.133688632050912,1.3012043446815225,0.035543528068541434,0.07891218604633374,1.7908526125642157,1.9129980888261655,12.462914011952956,2.684006628816799,0.07051498740747898,0.1776902945187098,9.215059274734726,8.94850234280667
2020-07-24,206,2020,PL,5.897862600124648,1.2242578683446017,0.04079911792275573,0.08068302969230838,1.6166720780321124,1.7479622216086612,12.107031746504735,2.531007765440416,0.0821741669446559,0.20796362110849717,8.359076470169043,8.286954768602762
2020-07-25,207,2020,PL,5.667745344065631,1.1553601597938787,0.04602465752338849,0.08113749991435917,1.471530193059166,1.644689095627938,11.771784264047485,2.3986150001892206,0.09397773632697692,0.24432135093969695,7.596949872276824,7.855148298567905
2020-07-26,208,2020,PL,5.446097121252775,1.094394393093239,0.051162746800435865,0.08058227831140355,1.357493107929215,1.5785092703618533,11.458505358413207,2.285481071698005,0.10623351923271537,0.28376383279204204,6.965140797090237,7.528190636514912
2020-07-27,209,2020,PL,5.235282737234018,1.041047517854843,0.05619913951498234,0.07937159312951188,1.2758227873420276,1.5356261154243263,11.168384943129055,2.190073341476709,0.11951558028311073,0.3223397730110077,6.487328937519497,7.246106303466631
2020-07-28,210,2020,PL,5.037332325500224,0.9948595314189373,0.061156635859221306,0.07784981396416285,1.2272598726119939,1.5102856558055902,10.90249223286588,2.1107142148913334,0.13466112626851487,0.3561312276795773,6.17762070336074,6.991044138651544
2020-07-29,211,2020,PL,4.8540421458856375,0.9553359206502335,0.06606620047507052,0.07630242703350007,1.2110885682195613,1.5010888616648843,10.661779625819726,2.0457412449465093,0.1527142395546867,0.38303268120932177,6.03822428011863,6.766315761825691
2020-07-30,212,2020,PL,4.686966360319594,0.9218960081258246,0.0709782857293339,0.07496316938041088,1.2279127598006856,1.5089144364796696,10.447152860962587,1.993420345664492,0.1750982408362697,0.401834339048328,6.07560571243644,6.579271662979825
2020-07-31,213,2020,PL,4.537458773319944,0.8938889560518373,0.07596575656787,0.07401007897755,1.2806809589245594,1.5359493844233059,10.259517057764363,1.9519500858301149,0.2038182705428594,0.41129549477976957,6.306378869831739,6.434632994969625
2020-08-01,214,2020,PL,4.40673762293233,0.8706494340132094,0.08112099888298432,0.0735619493264286,1.375175511909906,1.5856253237430158,10.099812447013313,1.9195364462214346,0.24173450412394942,0.4098949785733871,6.758849382948515,6.3351567920767256
2020-08-02,215,2020,PL,4.29595297863282,0.8515594993146848,0.08655418722678367,0.07368197486630969,1.5207260248466503,1.663396924049073,9.969051541326543,1.89448960243511,0.2929726984963879,0.3973504676677091,7.472421068648774,6.288877162697793
2020-08-03,216,2020,PL,4.206086886193824,0.8361168162636942,0.09238228992998371,0.07438610371052275,1.7300650080799,1.7779818051350589,9.86820619665828,1.875378236796635,0.3630987330779021,0.38259686357041595,8.483986083948247,6.321850110775757
2020-08-04,217,2020,PL,4.137353125300001,0.8240054621287435,0.09868348810449049,0.07565541079012895,2.015021809120391,1.9408658884313241,9.797637056745927,1.861306146516907,0.4577006571481857,0.4047199311817804,9.778574457645714,6.47627544651951
2020-08-05,218,2020,PL,4.0890758905262805,0.8151041708347985,0.10547894730542662,0.07746629916359726,2.3825189282801023,2.1635512702751605,9.756940431238277,1.8519794395667009,0.581071927657205,0.5301350127784207,11.250429724796506,6.756385843272417
2020-08-06,219,2020,PL,4.059899316466652,0.8094294346882702,0.11273381666294141,0.07980940703313014,2.8304433086833942,2.449326577631475,9.745104227148598,1.8475701174311812,0.7339008626256747,0.7774049929540893,12.7064025838974,7.051045583126492
2020-08-07,220,2020,PL,4.048534160920902,0.8070548052832551,0.12038500571713269,0.0826851190202864,3.346013863506242,2.7824644626661224,9.761176072165092,1.848408602995115,0.9128642991457246,1.1069583686662194,13.944276108579961,7.188166984771441
2020-08-08,221,2020,PL,4.053908017178319,0.8080469626682529,0.1283459424929234,0.08608219813628824,3.9050195577055757,3.1236951072617996,9.804412411757784,1.8548182237614883,1.1107938803937163,1.467563342999682,14.833338655804486,7.089831197629598
2020-08-09,222,2020,PL,4.075128490445947,0.8124209375235695,0.13650330154527526,0.0899542579134264,4.474401553336345,3.4209684803755502,9.874258700007713,1.8670235467295453,1.3173277354404036,1.8163653748906678,15.346449679396938,6.818553607460228
2020-08-10,223,2020,PL,4.111451558332114,0.8201117083980599,0.144714451117452,0.09419994999398673,5.018221111957976,3.6301000949607998,9.970332338514508,1.88509068935877,1.5195261156858655,2.1250219326861264,15.533903880642908,6.4885934324732455
2020-08-11,224,2020,PL,4.162137429215259,0.8309714924899196,0.15281050238919103,0.0986649883843727,5.505867652587751,3.7328997597591087,10.092280078333765,1.908935810991237,1.7030753835515653,2.378031469680645,15.475210501549086,6.182089684459587
2020-08-12,225,2020,PL,4.226064078205934,0.8447965919993088,0.16061232963869393,0.1031902936220052,5.920756579643247,3.744260380985936,10.239368557037986,1.9384299507743716,1.856257042099565,2.567528921243083,15.242663250326636,5.9329134852307925
2020-08-13,226,2020,PL,4.302024870032152,0.8612891258706775,0.1679233566544285,0.10758924365155977,6.253495112915258,3.68993856527863,10.410826095063362,1.9732780923986475,1.9658898198100954,2.6735843470812157,14.879089289208494,5.740153559614083
2020-08-14,227,2020,PL,4.388805422009619,0.8800411296633176,0.17452901115118916,0.11164044424796021,6.496832822786076,3.5932117212222265,10.605941572354984,2.0129758329068035,2.0163676795909025,2.6576182588276116,14.38976513448321,5.5876436170930175
2020-08-15,228,2020,PL,4.485149607972599,0.9005447538544525,0.18020175621706933,0.11510078082609543,6.642088185519329,3.471260831206849,10.82403918450145,2.0568326980984573,1.9916505788496819,2.4687456422650924,13.731851238289932,5.449712089204203
2020-08-16,229,2020,PL,4.589728911198697,0.9222220589054563,0.18470805035120935,0.11772942278344982,6.675854047133136,3.3388139460255575,11.064454132826251,2.104030894614695,1.8794180296148262,2.0709932649810097,12.79118129971713,5.285835263547209
2020-08-17,230,2020,PL,4.70116407456398,0.9445240126177439,0.18783569918036458,0.11934667885660562,6.580394188260301,3.221782906719112,11.326508668791888,2.153799525200909,1.679279891527649,1.517746843905861,11.356798644819092,5.057009693580175
2020-08-18,231,2020,PL,4.818229778762094,0.9671875188725928,0.18947994635305362,0.1199617999624368,6.345576490792323,3.1787290367879053,11.609509509314949,2.205849162277721,1.4147295011164058,1.1037246307227744,9.1919836152504,4.878630958333619
2020-08-19,232,2020,PL,4.940029706362708,0.9903324345476359,0.18967385455504987,0.11978695097279665,5.977200718432249,3.2907686058824006,11.9128364080871,2.2605424179372284,1.1270960785207738,1.2020937530391922,6.363115187265166,4.960496603445873
2020-08-20,233,2020,PL,5.06603764167946,1.0143933999970003,0.18856983496119695,0.11916021413949639,5.502367371171297,3.592189146451823,12.235996951676245,2.3187925987464744,0.859016517034669,1.498967457723644,3.587622106109211,4.56827647131451
2020-08-21,234,2020,PL,5.1957693768349555,1.0398428206233035,0.18635888108026416,0.11840014610802771,4.964539342736457,4.008478423229962,12.578475226859217,2.381629028496975,0.6375148428467732,1.6471097159889867,1.6640721350770271,3.2031018451160578
2020-08-22,235,2020,PL,5.328689131445827,1.0670619350679904,0.18324293098585917,0.11774151343617398,4.416821487660762,4.401068874151908,12.939674666564882,2.44998309497827,0.47066995514817245,1.6153392117137801,0.6747500611457797,1.7588567566245779
2020-08-23,236,2020,PL,5.464205888736478,1.0962806217334709,0.1794267211623884,0.11731663863724487,3.9117470581710925,4.6591109366523416,13.318900915032199,2.5245777289998768,0.3536704785171927,1.479414803100681,0.25561011571222203,0.8336830157162566
2020-08-24,237,2020,PL,5.6016702617597165,1.1275418033182805,0.17511124443667894,0.1171625125780577,3.491849561484499,4.744519458179213,13.715344663648697,2.60585247607542,0.2766918646853845,1.3147435208973461,0.09515480831478335,0.3690353468651999
2020-08-25,238,2020,PL,5.74049883137202,1.1607631461834957,0.17049254406170974,0.11726667342738993,3.1842056369835174,4.683546379123538,14.128187849087427,2.6940407347094055,0.22945928342798522,1.1649022157482507,0.036141119874445536,0.1610448598512756
2020-08-26,239,2020,PL,5.880574921418072,1.1959793588968257,0.1657695984427096,0.11765989222931468,2.998164573932403,4.537578060982863,14.556983816190925,2.7895327914950765,0.20197422797257336,1.0394312313261036,0.01446379862115198,0.0722331901469197
2020-08-27,240,2020,PL,6.021905980965473,1.2331840111449153,0.16113171142022037,0.11838775271317156,2.941397345380554,4.357294652777099,15.001321822812427,2.8925980615460576,0.18796008139145903,0.9328118344342072,0.006283777802557502,0.034485387610191764
2020-08-28,241,2020,PL,6.164502311944843,1.2722593824211499,0.15675456524995557,0.11949779718267502,3.0297504316932082,4.168087337918777,15.460701073983765,3.003244600860344,0.18404795238083213,0.834125669216436,0.003050132208568078,0.018089591764534674
2020-08-29,242,2020,PL,6.308377185978653,1.3129826654631545,0.1528014451266087,0.12104605267351581,3.2947776912583673,3.9716600985415997,15.934521571959186,3.1212041378892117,0.18861388902031584,0.7295240968801728,0.001701841103743564,0.010746356533448733
2020-08-30,243,2020,PL,6.453546960866054,1.3550502397693642,0.1494259853207821,0.12310707106719568,3.7919285500123685,3.7661666360388546,16.422075008286313,3.245953393199797,0.20114973695958988,0.6040589244981346,0.0011228175944247092,0.00744694681502873
2020-08-31,244,2020,PL,6.600031196936047,1.398120206052028,0.14677646507530817,0.1257869718202586,4.606793081978311,3.632231620398376,16.92253579836121,3.376774535386207,0.2219166507017908,0.4528458527955256,9.010660302964334e-4,0.006198957337035385
2020-09-01,245,2020,PL,6.747852773507103,1.441873501460849,0.14500174654175618,0.1292398432278362,5.847223484974621,3.934678480860885,17.434952374757493,3.512857281150565,0.25173942442233166,0.36164667590239213,9.047336995245579e-4,0.006383659921381552
2020-09-02,246,2020,PL,6.897043544211865,1.4861472441249977,0.14423924755557438,0.1336832294814901,7.582771200752796,5.145566911027881,17.95835828361991,3.65357117591494,0.2913231041802703,0.6158553656611031,0.0011644629382121716,0.008348078906797042
2020-09-03,247,2020,PL,7.047653546716924,1.53117825825047,0.1445571514227128,0.13937363604345002,9.692414526470944,6.790224815190153,18.492262903271346,3.7990610810131327,0.33871923968370715,1.2174358158652427,0.001928865091559889,0.013965720123719579
2020-09-04,248,2020,PL,7.199709545697647,1.5774638788328388,0.1459970257659496,0.1465587739632956,11.80837291987744,7.654447523388386,19.036700460293318,3.9500744418339147,0.38881137312983904,2.0748903044174205,0.004041864545345363,0.02950185344166957
2020-09-05,249,2020,PL,7.353232748718104,1.62538480332265,0.14861807173846867,0.155449926310078,13.546719937474,7.361572608710385,19.591816960181834,4.107172018935878,0.43364701379897774,3.1329050799579052,0.01048541850320272,0.07727521274759246
2020-09-06,250,2020,PL,7.50824697401034,1.6750413291437924,0.15250751931958723,0.16621069984011425,14.764537759163307,6.667391998941532,20.1577625105712,4.270386762245664,0.4630753028381294,4.294235914904742,0.03294113691887812,0.24594156214218885
2020-09-07,251,2020,PL,7.664778742188681,1.7261871838844913,0.15778473001236334,0.1789510895122415,15.549287096019183,6.258644803647209,20.734691571056157,4.439086135433681,0.46620719859461673,5.385904483315897,0.12234641128890282,0.9270897546553262
2020-09-08,252,2020,PL,7.82285736892137,1.7782095911244626,0.1646066044190493,0.19372378086400785,16.05603748646418,6.184280826530565,21.32276321155826,4.611914782142607,0.43414295362127775,6.134514201960345,0.5193389526597357,3.9523707944852577
2020-09-09,253,2020,PL,7.9824851270478545,1.8302587129648196,0.1731451399745919,0.2105217936255609,16.40623537244444,6.262853149203393,21.92222087297937,4.787066712328302,0.36641221761880277,6.22250266653917,2.3140831856445208,16.485677545485217
2020-09-10,254,2020,PL,8.143543099188854,1.8816630925024869,0.18349411781474698,0.22927624695074472,16.671309331963453,6.382783091512472,22.53364777251603,4.9632204677856,0.27887495995937045,5.554022016235136,8.284227785791456,41.12988570613801
2020-09-11,255,2020,PL,8.305873150363928,1.931738725228325,0.1957356573188001,0.24983594662451616,16.887517757289636,6.5058022804405775,23.15775896198923,5.139042139417933,0.19187039585798357,4.343130226255562,16.3453991518022,30.96584408940698
2020-09-12,256,2020,PL,8.469306572930286,1.9797115924736386,0.2099599295871942,0.27193862976168476,17.07172788523838,6.622316142401658,23.795328756745686,5.312978842643739,0.12033005129638955,2.993149801403212,20.055863741628748,13.176479285455727
2020-09-13,257,2020,PL,8.633663925706616,2.024746692804315,0.22625703150844062,0.2951856922224857,17.231249659935624,6.730478419028304,24.447193832968402,5.483301917709943,0.06972438125063672,1.8462118338541826,21.155350804238406,10.768827035898251
2020-09-14,258,2020,PL,8.798754906088261,2.065997788734002,0.2447075134841615,0.3190254358128407,17.368936785754585,6.830041087765343,25.114256569589536,5.648193181740702,0.03793549420674664,1.0397109568903375,21.606572992788276,10.789513398013895
2020-09-15,259,2020,PL,8.964413552270491,2.102880415766033,0.26535423709538336,0.3428189819259517,17.485559369367067,6.921309634946256,25.797528890503116,5.806303041755947,0.019788786015127954,0.5480709028574872,21.905236606224758,10.869565574897223
2020-09-16,260,2020,PL,9.130608927223648,2.1357419394132826,0.28812768799844574,0.3660868898454713,17.580714184949553,7.005744102216323,26.498265148255207,5.958181705015633,0.010279850070035798,0.2822187553292823,22.145107534608286,10.921133575690295
2020-09-17,261,2020,PL,9.297347753131296,2.1652323680258183,0.31286146244400725,0.3883677917401885,17.653499613875653,7.085061563130064,27.217860932711417,6.105010269580078,0.0055437546778217515,0.14849751830936075,22.34111986878537,10.949765634369154
2020-09-18,262,2020,PL,9.464640406475425,2.1920176004114955,0.3392858114877931,0.4091552764708873,17.702818763738993,7.160855757779755,27.957821235145076,6.248019428947706,0.0032331013180410912,0.08332496728291719,22.493173851104153,10.959706922423793
2020-09-19,263,2020,PL,9.63250099640106,2.216706325281617,0.3670074597720209,0.42789980921866416,17.727449877953042,7.234486909186629,28.719767513968023,6.38834716779309,0.0021232242037744933,0.05193803457768451,22.59824196264851,10.953824200402103
2020-09-20,264,2020,PL,9.800947441149102,2.2397985934375293,0.39549231127875756,0.4440219421564911,17.72597456295798,7.30697396744964,29.505445506473414,6.526937234350692,0.0016345724356081677,0.037400207837368735,22.65282689088253,10.934362837616213
2020-09-21,265,2020,PL,9.970001542867061,2.2616605588694223,0.42405332880138485,0.45694393849433856,17.696459027538154,7.378847588447452,30.31673387051388,6.664488441486143,0.0015355783482301454,0.03229923550655566,22.653544924733147,10.903160805648618
2020-09-22,266,2020,PL,10.139785127188505,2.2826552840180208,0.4518888971466417,0.46625604881569355,17.635517156467525,7.449991612443606,31.15562398804018,6.801724260919916,0.0018204889171471576,0.03445236605118588,22.597696733816676,10.862248204439108
2020-09-23,267,2020,PL,10.310820421891703,2.3035305959392747,0.478236717593353,0.4721408753651894,17.535702226223194,7.519254814899839,32.024134924136746,6.940206821545913,0.002744442910606632,0.04558197659382077,22.4844552338958,10.815275830945861
2020-09-24,268,2020,PL,10.483763431328361,2.32501189014277,0.5022949454812923,0.47513485220220547,17.37726352820151,7.581843574347479,32.92440253819126,7.081516415308699,0.005266587943262033,0.07449735316801027,22.313257969233025,10.765658543658947
2020-09-25,269,2020,PL,10.659311836036464,2.3476473752089744,0.5232047651532364,0.4760238308747528,17.102123562859795,7.6259248754989235,33.85871884316973,7.226920589583953,0.012876490432852423,0.14905998346300506,22.080512057889088,10.714610350500033
2020-09-26,270,2020,PL,10.838206370429477,2.3718149052887023,0.5400785579452958,0.47582011323462187,16.531852418029416,7.635324488214117,34.829544231639865,7.377368309383719,0.040118666730320614,0.3578892225698038,21.755932885336634,10.654386230022654
2020-09-27,271,2020,PL,11.021232662229279,2.397772767518401,0.5520367516341227,0.4757140879870683,15.146319185026664,7.5935669360412685,35.83952094009533,7.533577759156045,0.15880332440824702,0.9801736459208952,21.04115403125109,10.642772842306293
2020-09-28,272,2020,PL,11.209223581774735,2.425760545346704,0.5582534457470801,0.47699148331524033,11.874671035800835,7.091242658182098,36.89148788329922,7.696241748967177,0.7820330770945481,2.6130512689460583,16.933435342503714,12.99875295466419
2020-09-29,273,2020,PL,11.403090110023145,2.456222009488893,0.5580822636166932,0.48097737828010406,6.605355708794875,5.158868820970955,37.988394483665324,7.86652728975814,4.193060915753474,5.601180234468778,4.131965204023683,4.65782015654
2020-09-30,274,2020,PL,11.603921093968118,2.490174361137417,0.5513980140512182,0.4890408768592478,2.392423482458,3.0257124523129026,39.13287899297321,8.04697161096056,14.747797712437839,22.753261148128143,0.23377979794403747,0.778124043125762
2020-10-01,275,2020,PL,11.812937683757218,2.529005131751632,0.5386125240744325,0.502078540483781,0.6555654773845903,1.3478555208905354,40.32720018018025,8.241169268238737,24.3026387668095,23.85972748937951,0.008787527668572916,0.05780198151595501
2020-10-02,276,2020,PL,12.03144878393824,2.573904299033871,0.5203879575293912,0.519905052550999,0.15980660043244535,0.4734685931007044,41.57362416966539,8.452524753273549,29.36787886595953,27.361636667318454,2.8371196954218424e-4,0.0028742992703939523
2020-10-03,277,2020,PL,12.260850535233066,2.6255651581539787,0.4975321689242988,0.5412273225909603,0.0373660116196343,0.14644848687058168,42.87453244677898,8.68352172682295,33.639105185448585,34.60549816719018,8.502075337020204e-6,1.1804956294988606e-4
2020-10-04,278,2020,PL,12.50263558480245,2.684043460442723,0.4709526048069012,0.5639752137418288,0.008647496592109042,0.042404048503092345,44.232427840870194,8.935299673263174,38.242529621767964,44.10440248525662,2.530283266819555e-7,4.493601791397937e-6
2020-10-05,279,2020,PL,12.758403941700221,2.74872409960258,0.4416064096966466,0.5857417257462783,0.002016748651202531,0.011890167014302549,45.64994083281583,9.207450093596314,43.418041163454205,56.3028989045296,7.998364208851756e-9,1.733993530836517e-7
2020-10-06,280,2020,PL,13.029758415681762,2.818505907840131,0.41045355686993146,0.6042537349707247,4.804268035091722e-4,0.003303023721345835,47.1297345168035,9.498433639831887,49.271444017775835,71.74143814869969,2.8610396722569245e-10,7.3165590974560874e-9
2020-10-07,281,2020,PL,13.317947953514038,2.892372108623276,0.37841840903230345,0.6178776574163362,1.1790046657520761e-4,9.227428863024267e-4,48.674180663354605,9.807228369843072,55.89786632301708,91.02648991026625,1.2148153416892896e-11,3.569446588760108e-10
2020-10-08,282,2020,PL,13.624050570739076,2.969593401928831,0.34633047470125106,0.6256302967251548,2.998997640974999e-5,2.6206526161679693e-4,50.285537489771826,10.133796871611425,63.40128265371719,114.8561438796586,3.4461334984281055e-15,1.1392591150292305e-13
2020-10-09,283,2020,PL,13.948628243747597,3.0504670253364736,0.31487089759675835,0.6272738233300255,7.918414778729603e-6,7.610029742453038e-5,51.96576528904442,10.481337433207692,71.89896838762552,144.0369857076839,3.313378503158544e-15,1.212068849334767e-13
2020-10-10,284,2020,PL,14.292124697247974,3.1360721050531133,0.2845919297999821,0.6231146586460001,2.1708200366886423e-6,2.267707170325278e-5,53.71673960758197,10.855530320453537,81.5227369165223,179.49678833302053,3.182893464781932e-15,1.2710306709484856e-13
2020-10-11,285,2020,PL,14.655004103897088,3.228176969797164,0.25592110944093155,0.6138542893101565,6.180927369455941e-7,6.954399502022992e-6,55.54032255765083,11.264238249735262,92.40995953072311,222.28267215721465,3.0553215699927388e-15,1.3167950410244225e-13
2020-10-12,286,2020,PL,15.037749070429651,3.3293082016294204,0.22916376464878827,0.6004779901120323,1.8283031780287266e-7,2.2001964095392742e-6,57.43835297828511,11.717658443961703,104.56217998027728,274.5280291870552,2.9312117507263526e-15,1.3500656376142583e-13
2020-10-13,287,2020,PL,15.44071179727795,3.44302966004974,0.2044944299315004,0.5841682658180787,5.614918447246761e-8,7.191959344991203e-7,59.4126156976568,12.229089618953358,115.20277720707965,614.2721492621216,2.8109722818516218e-15,1.3718677816924233e-13
2020-10-14,288,2020,PL,15.863640906669092,3.5744509283045023,0.18193183442623,0.566177721249685,1.7829416679802333e-8,2.425104625024261e-7,61.464764405465885,12.816529732798557,79.40682350874587,6104.241682676173,2.694738633580257e-15,1.3842944846308757e-13
2020-10-15,289,2020,PL,16.306060089553814,3.7291269781930496,0.16143121446524059,0.5475133097887551,5.824283480880571e-9,8.410887072993352e-8,63.596359133914824,13.499310342710986,6.340065242671816,1412.16772431536,2.5825637442633846e-15,1.3895035358402163e-13
2020-10-16,290,2020,PL,16.767393807215417,3.912338834762795,0.1429151312749248,0.5288625464652013,1.9474791058784216e-9,2.9896321351630433e-8,65.80887000083254,14.295869562903642,0.16253720484365597,46.22830565711188,2.4744766871638957e-15,1.389412320420354e-13
2020-10-17,291,2020,PL,17.246953307218085,4.128610256772526,0.12628178890553124,0.5106149835923135,6.631950618597272e-10,1.0844663517005064e-8,68.1036611654847,15.222310585399425,0.0030894633560168646,1.0626883886427558,2.3704849317986673e-15,1.385703478064694e-13
2020-10-18,292,2020,PL,17.74392259754054,4.3813088681906756,0.11141253378763066,0.4929145228540778,2.288554074581435e-10,3.995263874515164e-9,70.4819737628829,16.291269380246106,4.862896476504686e-5,0.019941007576111627,2.270576545716739e-15,1.3798370966314002e-13
2020-10-19,293,2020,PL,18.257344508014143,4.672390012320748,0.09817836650876545,0.47572711586479627,7.962431953785382e-11,1.4870061097633125e-9,72.94490781943819,17.511234134521928,6.81044880963361e-7,3.286899182619207e-4,2.1747223201568914e-15,1.3730674424951628e-13
2020-10-20,294,2020,PL,18.786219213440347,5.002368883246702,0.08644281573103849,0.4589038511568842,2.7799885156384762e-11,5.561848253333092e-10,75.4935665160052,18.886506136803813,9.072327916648378e-9,5.091915851742069e-6,2.082865083836138e-15,1.3664038003906348e-13
2021-06-22,173,2021,PL,9.056841949097928,2.4273784867613584,5.9698017004457605e-9,1.973291715319585e-7,5.1268547015136993e-08,1.0154701155169467e-6,19.189724532989697,4.886964256650428,3.4793794183295616e-17,1.0018466287386906e-15,9.631116176104707e-9,3.601046964047203e-7
2021-06-23,174,2021,PL,8.966628582623626,2.2933791626032765,1.285480777033715e-8,3.907686270454163e-7,1.2437018631744977e-7,2.310852090333582e-6,18.99210626690543,4.610124488789064,3.6714819120617686e-17,9.914357466173508e-16,2.6244865388866574e-8,9.146855999566121e-7
2021-06-24,175,2021,PL,8.877659237621906,2.1701720666175723,2.7660119534120384e-8,7.71168208654471e-7,3.0122932162983637e-7,5.2416474124545005e-6,18.79646009861185,4.354962102871416,3.878504608688608e-17,9.808381604837507e-16,7.142131262628655e-8,2.3154457723898375e-6
2021-06-25,176,2021,PL,8.79032058773706,2.0586677994499536,5.9430322080356454e-8,1.5155466710621815e-6,7.272932665089739e-7,1.1832041093254402e-5,18.602842325834633,4.123261276911134,4.106330141037334e-17,9.711297026898182e-16,1.9383973423880165e-7,5.833320770271448e-6
2021-06-26,177,2021,PL,8.704984934431522,1.9595036488156985,1.274120316273133e-7,2.9639463397235793e-6,1.7477081904421716e-6,2.653676784465232e-5,18.41130652820762,3.916340651651171,4.362077347686734e-17,9.633150566515436e-16,5.239683236002938e-7,1.4605196283796044e-5
2021-06-27,178,2021,PL,8.622010959876144,1.8729802807525335,2.723603206642016e-7,5.764227229183291e-6,4.1734089761430004e-6,5.903728258991998e-5,18.221903642324182,3.7349127327232483,9.05576454709503e-14,1.8645663782369725e-12,1.4087380818309498e-6,3.6290448704067005e-5
2021-06-28,179,2021,PL,8.541744620048055,1.7990091975595717,5.80083993946656e-7,1.1139540702402854e-5,9.887607347116566e-6,1.3007071669532842e-4,18.034682037911924,3.5789563028600466,4.789371085489792e-13,9.17871178961621e-12,3.7621335901912923e-6,8.935997260567159e-5
2021-06-29,180,2021,PL,8.464520169180206,1.7370840369384366,1.2300817083053874e-6,2.137610709622039e-5,2.3205190995583958e-5,2.8332280558392777e-4,17.849687594976306,3.44762955156441,2.510079608488856e-12,4.46931047277358e-11,9.966269616034186e-6,2.177302296037152e-4
2021-06-30,181,2021,PL,8.390661307798984,1.6862871556193786,2.5951052051061744e-6,4.0700065033889345e-5,5.386266955617506e-5,6.091056832352674e-4,17.666963781768192,3.339251312928848,1.301651586600971e-11,2.148827415518004e-10,2.615418547242683e-5,5.241589056687611e-4
2021-07-01,182,2021,PL,8.32048244780806,1.6453369258463355,5.442955573016889e-6,7.682848035541373e-5,1.2345647320735384e-4,0.0012901963814201146,17.486551733436766,3.251367752893558,6.668725855337834e-11,1.0183312088668237e-9,6.790089681360946e-5,0.0012448024138516727
2021-07-02,183,2021,PL,8.254290089419936,1.6126724335035834,1.1341023267178994e-5,1.4366291164994604e-4,2.7898205105306265e-4,0.0026877671792697906,17.30849033123736,3.180903890588645,3.370345622562642e-10,4.747921025231199e-9,1.741610122789668e-4,0.002911610089521326
2021-07-03,184,2021,PL,8.192384306195054,1.5865643116080892,2.3457519035711555e-5,2.658689360696371e-4,6.205624765854323e-4,0.005496564957098184,17.132816282171557,3.1243802438379698,1.6777686793321962e-9,2.1738066279307447e-8,4.4073987515838364e-4,0.006696320802354067
2021-07-04,185,2021,PL,8.135060336014979,1.5652366564094997,4.812727948206545e-5,4.8646894484742105e-4,0.0013565842334790344,0.011013018333956926,16.95956419894414,3.07816281278929,8.214069967754017e-9,9.754231548774099e-8,0.0010989637702811979,0.015116488272081854
2021-07-05,186,2021,PL,8.082610277495398,1.5469865963967917,9.786621786663375e-5,8.790500058508413e-4,0.0029097457479704786,0.021574073001594765,16.788766680129683,3.038714076423385,3.949080401669618e-8,4.281027317739808e-7,0.002696279817323725,0.03343304270961498
2021-07-06,187,2021,PL,8.035324893133328,1.530293791098247,1.9707640748239388e-4,0.0015666362654502206,0.006113452600988256,0.04122715742679058,16.620454390448074,3.0028222367377784,1.8616042511740316e-7,1.8339685050281091e-6,0.006500278899366928,0.07230242744518317
2021-07-07,188,2021,PL,7.993495522394739,1.513919302004868,3.926302166260462e-4,0.0027493551224725236,0.01255982967361707,0.07665762638112962,16.454656141056795,2.967800142145446,8.591617471410067e-7,7.652667983129724e-6,0.015377165755360888,0.15256061623807093
2021-07-08,189,2021,PL,7.957096717814188,1.497105592581148,7.726923557718054e-4,0.0047401695820715505,0.025180354576203465,0.13826957204517804,16.29142638199181,2.9319331395749346,3.870990601198165e-6,3.09980960153686e-5,0.03562331835465723,0.3131646424202505
2021-07-09,190,2021,PL,7.924839416973307,1.479901590760387,0.0014967543018458544,0.00799470091293221,0.04912079669176351,0.24098168234489156,16.130925530706357,2.89529056207567,1.688795135713185e-5,1.2085444470912245e-4,0.08047789894805209,0.6220904651628903
2021-07-10,191,2021,PL,7.89514305565572,1.4626873620412295,0.0028414065433903855,0.013122713200650208,0.09292414196791661,0.40391235027168254,15.973334450841472,2.8585881544893015,7.066479681343537e-5,4.4908411558265953e-4,0.17641847603901362,1.1882857114696197
2021-07-11,192,2021,PL,7.866451779287748,1.4459440377405277,0.005261462630323551,0.02084362261374522,0.16982086748760192,0.6474739884460716,15.818826874805447,2.8226934577367944,2.808967871513944e-4,0.0015747264048142872,0.37325066267711976,2.1666452241985112
2021-07-12,193,2021,PL,7.837231231648066,1.4301557571255,0.00945457398105539,0.031836224933233605,0.29851011504497016,0.9861849474205802,15.66756976483254,2.788468800405085,0.0010505301797518135,0.005157520163394884,0.7575805208999643,3.7379296738915073
2021-07-13,194,2021,PL,7.805968123588788,1.4157256045917723,0.016397083219640063,0.04645330482253242,0.5022472421502718,1.4168965918569647,15.519723689809561,2.7566514698213798,0.003660000277600987,0.015606976654295893,1.4649433901278546,6.036518819139771
2021-07-14,195,2021,PL,7.771172513644408,1.4029075300588985,0.027294157624644974,0.06435535423770929,0.8047232081773192,1.906498805665936,15.375443216674205,2.727770173318236,0.011755257257207446,0.0431157672714925,2.6775376063752967,9.010040032886812
2021-07-15,196,2021,PL,7.731375956690756,1.3917951700356208,0.043384467818574496,0.08427126992644264,1.2224440381334887,2.390237738781631,15.234938615384893,2.702178504097474,0.0344344844883765,0.10733027400983487,4.588138712563679,12.26656795034811
2021-07-16,197,2021,PL,7.6851189562330875,1.3823428331827745,0.06559471509082775,0.1041831318648083,1.757186479651019,2.79311572552862,15.098656158084081,2.6801745822575076,0.0911100432811141,0.2378205114780475,7.3259053635339,15.089642050721707
2021-07-17,198,2021,PL,7.630981864394594,1.3741371435107663,0.09409286680160982,0.1219749021505032,2.3902646559345166,3.0638085204609156,14.967088048539344,2.6615782994429233,0.2154608251875418,0.46336231138073947,10.85645918811195,16.75410747017356
2021-07-18,199,2021,PL,7.567604316484565,1.366376947748095,0.12791303702802898,0.13627034898075593,3.0835167224353386,3.2021688877672614,14.840711543528156,2.6456759508695753,0.45035556447421815,0.7872302332815554,14.922999242009617,17.057520080098605
2021-07-19,200,2021,PL,7.493700005642947,1.3579606317291442,0.16483714857699894,0.1468477013801992,3.7879214674702153,3.2559327564742513,14.719990564188302,2.6313351260418716,0.8242376519353685,1.1705780876603555,19.094857575385287,16.57747965916654
2021-07-20,201,2021,PL,7.408073336180096,1.347621100559809,0.2016115139414709,0.15424385740017604,4.455261266982516,3.28591359632082,14.605377442970118,2.617174408065082,1.3149986085739525,1.5576295995863978,22.90637876302491,16.22438294450072
2021-07-21,202,2021,PL,7.309852721086066,1.3341916226414987,0.23453030594633958,0.1589373151514937,5.04812447242745,3.33010501061416,14.49736392240454,2.6018834785622422,1.8352698150377786,1.9182708215392856,26.001400214824987,16.449701659790236
2021-07-22,203,2021,PL,7.199353681500701,1.317168135703111,0.2605164526157842,0.1610549629237548,5.5475822520052755,3.396340813573449,14.396668222691218,2.5848812244188917,2.273263096894416,2.2437239025462414,28.227394781752302,17.073140776701226
2021-07-23,204,2021,PL,7.078260166269728,1.2969108477650912,0.2779432275209699,0.16060269507252564,5.951677066948829,3.47638658659803,14.304233881174348,2.566571903997635,2.552148737817091,2.511291014968208,29.61262782572245,17.745709194571578
2021-07-24,205,2021,PL,6.9493062584744925,1.2744778879230139,0.28681716491684234,0.1578302714536155,6.269373877871497,3.560190991506999,14.221146551356036,2.548178000789956,2.6550319165429688,2.689760159611794,30.290307388432133,18.258949775856447
2021-07-25,206,2021,PL,6.815317319827872,1.251059201895913,0.2881590858328431,0.1531770758957464,6.51407802249926,3.6400829300042705,14.148509956832829,2.5311040639209956,2.6081206566979693,2.7587955494345406,30.42048322885178,18.536095831404467
2021-07-26,207,2021,PL,6.678962296580756,1.227745219908802,0.2835105168820674,0.1472033918150638,6.700786373019962,3.7104926934171547,14.087423894978718,2.516653894120404,2.456939260073543,2.7151270208003018,30.15980642550154,18.560243610955183
2021-07-27,208,2021,PL,6.542741007371001,1.2054415159669167,0.2745928052349452,0.1405032629061344,6.845081852310527,3.766854077666627,14.038992530012665,2.505907429660795,2.2489324842616254,2.5687647021924813,29.653872663938223,18.333234976399673
2021-07-28,209,2021,PL,6.408980265397026,1.1848237455717738,0.263066901954518,0.13361942796324508,6.9628209514672745,3.805171762969197,14.004333548981519,2.4996437638879043,2.024012140226221,2.3383435636600947,29.036269572968514,17.864286906156636
2021-07-29,210,2021,PL,6.2798838910179935,1.166378187386477,0.250406005071721,0.12701742290851856,7.068434888563909,3.823564106215473,13.984528508149054,2.4983797891160795,1.8094554019042146,2.0500629625398927,28.422101462929994,17.180988726589554
2021-07-30,211,2021,PL,6.157675213432269,1.1505485482363162,0.23786896477536146,0.12112485334698272,7.169824909433727,3.8260748710263552,13.980454838249706,2.5025642144976548,1.6161867397550225,1.7388377552117165,27.88760173539665,16.355632834372372
2021-07-31,212,2021,PL,6.044466371141566,1.137585803919622,0.22646839601491123,0.11627372023850406,7.273379422785681,3.8206210242645944,13.99297557464064,2.5123457609060433,1.4490561014686445,1.4354979658072187,27.496426496440083,15.489705326814187
2021-08-01,213,2021,PL,5.942237119494492,1.127537017415317,0.217007529241677,0.11271250888815511,7.385697172560005,3.8180384925932893,14.023008417473594,2.5275296689570657,1.310404292756028,1.1657885318620425,27.30877992480373,14.709207379361123
2021-08-02,214,2021,PL,5.852867487181981,1.1203112389059466,0.21015546067799334,0.11065348331581629,7.513627880953746,3.832019766068407,14.071535663607586,2.547658186959398,1.2011248956477025,0.9580132750780629,27.38261272339061,14.162012641906768
2021-08-03,215,2021,PL,5.7781760759262415,1.1157637059183991,0.20654066512807243,0.11032781022029023,7.6643079816994355,3.878832357502189,14.139615061089543,2.5721409142368583,1.1216145469340804,0.8536087354935322,27.774584223789528,14.000981956971575
2021-08-04,216,2021,PL,5.719812441074003,1.113810538088933,0.20678929695962986,0.11202086159316081,7.843007964707141,3.976073420141004,14.228274399207633,2.600506812914143,1.0712784002514404,0.8983265249687891,28.52579118790089,14.341383614340408
2021-08-05,217,2021,PL,5.67869136965948,1.1145864996426615,0.21134851051763792,0.1160164121100883,8.044612967966055,4.137325200372933,14.338048340478585,2.632898877743959,1.0448673756274311,1.0966362669287713,29.605663315449938,15.19030195886709
2021-08-06,218,2021,PL,5.654823720247495,1.1184743255716407,0.2204624651997538,0.12257441264169952,8.252833598423019,4.364727305667281,14.468853194584051,2.670244342622042,1.034448153313636,1.4098467047735044,30.90694439959391,16.418220426017303
2021-08-07,219,2021,PL,5.647469417301371,1.126021997054629,0.23421248362945749,0.131921500760719,8.443291456865065,4.646944612437391,14.620091013445068,2.7140934490912945,1.0291439672962348,1.7928198001893998,32.272582844944466,17.83165968920078
2021-08-08,220,2021,PL,5.655843456755768,1.137806621314893,0.2527714847760169,0.14433288092234398,8.588818099551762,4.962939178520274,14.791086625431776,2.766140247306191,1.016773539399633,2.198950038653757,33.550921918472376,19.276031674550087
2021-08-09,221,2021,PL,5.679277797279031,1.1543510447399254,0.2764312261996973,0.16013198545750812,8.659771015305036,5.2855562855341764,14.981188419234057,2.827975159063166,0.9843430702887648,2.566557217544109,34.603189443381694,20.676456132104725
2021-08-10,222,2021,PL,5.717204396384662,1.1760750252507028,0.30554892423347885,0.17966910649178347,8.622514896320427,5.58107311063549,15.189756780711713,2.900951512327106,0.9195403864937208,2.8112046724895134,35.286814915736706,22.015599178561597
2021-08-11,223,2021,PL,5.769140105356974,1.2032701848190255,0.34048489107708824,0.20332964562920067,8.437967960204944,5.804134582249913,15.416152961810896,2.986101138441777,0.8145111508598006,2.8384461377763897,35.42601498207055,23.27342168128696
2021-08-12,224,2021,PL,5.834545279276638,1.2360996554826715,0.3814657610473903,0.2316034010998627,8.064775559678957,5.8950752812871485,15.659689789845713,3.084154326374318,0.6724752338621562,2.593672353392047,34.7781600146715,24.342348134218454
2021-08-13,225,2021,PL,5.912415752744245,1.2746027500419812,0.4282492960857715,0.2652350562228354,7.474004221096184,5.795416455093226,15.919500955181595,3.1956789260020604,0.5129653580720516,2.1308986794187286,33.0194245239795,24.921786888595268
2021-08-14,226,2021,PL,6.001626815786202,1.3186781150291262,0.480046224588814,0.30554903562521146,6.653253516813145,5.459435513291348,16.194637235972614,3.320908082630948,0.3601775153607343,1.5789275364552409,29.748679480751537,24.361124596351825
2021-08-15,227,2021,PL,6.101034491679091,1.368088312325076,0.5353780258355105,0.3549515528654228,5.622292785300507,4.892593782578142,16.484092049822635,3.4597146677790582,0.23267660883214952,1.0676831972258867,24.661884766354557,21.784927288514414
2021-08-16,228,2021,PL,6.209453537943027,1.4224871074847698,0.5919126773166186,0.4174932233915352,4.4509243627525175,4.188477765254638,16.786790060503858,3.611688827026661,0.13851341993762895,0.6710349680285004,18.009797366239557,17.088009246489708
2021-08-17,229,2021,PL,6.32563759674427,1.481465865899726,0.6463752953985038,0.49910023063061976,3.2594055182168327,3.487625597778467,17.101576353120024,3.7762606107836287,0.07616032097740223,0.39933624460910333,11.042132093699943,12.018984502022313
2021-08-18,230,2021,PL,6.448293237616953,1.5446483579879928,0.6947300322093859,0.606980767402912,2.188912856437181,2.8517889562783267,17.427270293125535,3.9529279776365125,0.03882563798552006,0.22784603777269183,5.505232085102364,8.042345162849081
2021-08-19,231,2021,PL,6.576220367098951,1.6118728392546935,0.7330544102947968,0.7482109735241576,1.350388120948805,2.2421646487467632,17.762932318960928,4.141667204406797,0.018559846981310798,0.12554555595555467,2.24287662691914,4.760614061811583
2021-08-20,232,2021,PL,6.708466545417166,1.6832318016291166,0.75839438682448,0.9276956089140344,0.7753781542083177,1.648591963647276,18.1079983701854,4.342995352084184,0.008460056233341964,0.0670029858592489,0.7734991093489172,2.3235792118203102
2021-08-21,233,2021,PL,6.844376715233932,1.7589747874024957,0.7692458419373984,1.146679479643067,0.42299419595158005,1.1282797726287295,18.4622664922922,4.5577443606012995,0.003748805903813768,0.03480231755301053,0.23627224941995079,0.9553472080038194
2021-08-22,234,2021,PL,6.98332235866759,1.8392516547617932,0.7651488838662553,1.4016304816437695,0.22403249229857983,0.7291505195501591,18.825594681871443,4.786568196552918,0.001646647809653747,0.017763207240205543,0.06647721059896725,0.3465780366512818
2021-08-23,235,2021,PL,7.1246239243280565,1.924003366089486,0.7465593396678056,1.6840256239764666,0.11754802476068298,0.4545642467137911,19.197819571213177,5.029741147581989,7.30953571020497e-4,0.009034561041180954,0.017803688107700756,0.11577001950645523
2021-08-24,236,2021,PL,7.2675482580045845,2.0129268243512732,0.714786222241209,1.9807134661413974,0.06224911539393848,0.27949635223680763,19.578754841008326,5.287098735020227,3.342861258487337e-4,0.0046558766012331065,0.004676563226406003,0.0369663986430229
2021-08-25,237,2021,PL,7.4113066820170355,2.105470659283927,0.671841567574385,2.274807135885313,0.03385691847507051,0.1731250608641712,19.968189627659005,5.558038167278593,1.60557005853116e-4,0.00247511667365362,0.0012401389204361123,0.011678008710403892
2021-08-26,238,2021,PL,7.555174304496327,2.200948403322613,0.6203214518329612,2.5477692595578114,0.019212189686998046,0.11014976778632973,20.365951132739085,5.841703239815322,8.22183037682694e-5,0.0013775610235153527,3.4173518300179126e-4,0.0037728461174340263
2021-08-27,239,2021,PL,7.698867882978786,2.2988686294601357,0.5633813266534301,2.7835550437555954,0.011501087189129384,0.07310533814051415,20.772105211731557,6.13748066862514,4.482470987661888e-5,8.027871704884281e-4,1.0084730983646148e-4,0.0012891647209263483
2021-08-28,240,2021,PL,7.842213806582818,2.398727520290913,0.5040833155346239,2.9697563678249215,0.00733507456966622,0.05129676725725249,21.186779593599862,6.444671012659102,2.5874144383727725e-5,4.8787507489137915e-4,3.285532122882001e-5,4.8152785988798036e-4
2021-08-29,241,2021,PL,7.985031936746087,2.499931570055013,0.4450679772284362,3.0984508170802427,0.005032708667896048,0.03853334439998167,21.610101872987908,6.762370991805429,1.5725463250506903e-5,3.0783500891387084e-4,1.218211695475732e-5,2.0306751747791138e-4
2021-08-30,242,2021,PL,8.127135765332778,2.6018139286309223,0.3884271711342553,3.166706214200062,0.0037509205247907,0.03135645920170468,22.042199377958163,7.089504266350926,1.0007349860800931e-5,2.007508708895275e-4,5.2993628289487445e-6,9.981527952527386e-5
2021-08-31,243,2021,PL,8.268332602955452,2.7036625238086316,0.33566499148932555,3.176344548718763,0.0030662647850264162,0.02795543844550649,22.483199031475934,7.424874710670488,6.631351947848519e-6,1.3471561567111038e-4,2.7881517629496967e-6,5.901786850686665e-5
2021-09-01,244,2021,PL,8.408423798469505,2.804759563893467,0.2877283560189975,3.133129212587815,0.0027759314818665316,0.027603344762393033,22.93322720650647,7.76724111648878,4.550316206245322e-6,9.265878817051855e-5,1.82898017822415e-6,4.3310354684821075e-5
2021-09-02,245,2021,PL,8.54720499049859,2.904432529907403,0.2450836077354467,3.045619778393549,0.002810111429515865,0.030503212056326067,23.392409574595728,8.115413474097963,3.215338580103854e-6,6.511927283672566e-5,1.5420887930612017e-6,4.069466505822796e-5
2021-09-03,246,2021,PL,8.684474771651738,3.0022018870871703,0.20779846027027588,2.923936245838896,0.003204410974656332,0.03802100376406412,23.860839895347127,8.468533333197858,2.3225355895747076e-06,4.6611314026885575e-5,1.7157841044897643e-6,5.029436395508751e-5
2021-09-04,247,2021,PL,8.820054993888098,3.09813564418071,0.1756027952610959,2.778277046469284,0.004099950525382729,0.05325861882581771,24.338444749845934,8.826761728963016,1.6890109160903816e-6,3.370427710985382e-5,2.5337607050027773e-6,8.22700028029208e-5
2021-09-05,248,2021,PL,8.953748578919514,3.192719864707965,0.14804349761546146,2.6173193279624454,0.005799636402092337,0.08258303449175158,24.82495062217448,9.191077568729591,1.2125514471707722e-6,2.431570466717447e-5,4.888381001539047e-6,1.7537681650143798e-4
2021-09-06,249,2021,PL,9.085348852664636,3.2864122938291107,0.12461912581759056,2.4483518094946,0.008917952225574814,0.1392556403948042,25.32001450145389,9.562423954575934,8.420631257472006e-7,1.7229466048763008e-5,1.2075662939491624e-5,4.775220611410719e-4
2021-09-07,250,2021,PL,9.214645863826036,3.3794893122693916,0.10482766639383022,2.2772966863136075,0.014655788438924268,0.25080431875563813,25.823258148398004,9.941423049194606,5.543001561765497e-7,1.176100950852401e-5,3.743288525532524e-5,0.0016275651515061192
2021-09-08,251,2021,PL,9.34142678447516,3.4720063922453903,0.08818860196164678,2.1087248290368317,0.02530731167675326,0.4738203901274423,26.334266522341053,10.32830971193463,3.3890684851114707e-7,7.56149772204534e-6,1.4270575381515756e-4,0.006804922439975425
2021-09-09,252,2021,PL,9.465476337840295,3.5637915744957214,0.07425676475620123,1.945990304609198,0.04513824367823586,0.9221476249839077,26.85258626242206,10.722921161892879,1.8859483701351644e-7,4.468208043102354e-6,6.557262988647493e-4,0.03420292134190982
2021-09-10,253,2021,PL,9.586538908784581,3.6545341843847514,0.06262507889055467,1.7913651107060975,0.08173346588888547,1.815555843030175,27.377706391012275,11.12489896937433,9.414312660230147e-8,2.381083129784482e-6,0.0035459415444327,0.2017722218163209
2021-09-11,254,2021,PL,9.704200477691309,3.744040709671821,0.052918851761545024,1.646092313941574,0.14763703345573956,3.5502790245095266,27.90900077448221,11.534277274495905,4.252228556637721e-8,1.1504669845999326e-6,0.021707615553042375,1.3435062552463228
2021-09-12,255,2021,PL,9.817998373498979,3.832111375123771,0.04481690264628812,1.5107972537147893,0.2613209174622047,6.766790524553156,28.44577567341906,11.951119304237668,1.7631517068391895e-8,5.103357349105566e-7,0.14393803813486827,9.641811032356115
2021-09-13,256,2021,PL,9.927460123366794,3.9184946992544214,0.03805002982498721,1.3856890085384899,0.4451165697637557,12.331889575422895,28.987285586130643,12.375385016291832,6.809007308537263e-9,2.1064201676798936e-7,0.9772202703770462,69.51909217917748
2021-09-14,257,2021,PL,10.032105052748902,4.002911005831762,0.03239341822269472,1.2706778140053527,0.7166428765603596,21.087950209999324,29.532732071957746,12.806968917797171,2.484705327164368e-9,8.204559249161152e-8,5.95130059884671,403.2082282638588
2021-09-15,258,2021,PL,10.131446066898663,4.08509011969285,0.027659835127745,1.1654772792319807,1.0723019991478047,33.2766397804012,30.08126277436513,13.245765525137532,8.692383728580548e-10,3.0599876300158105e-8,21.903031292912665,890.7634166721211
2021-09-16,259,2021,PL,10.225016491865368,4.16492608537047,0.023693368248449576,1.0697125720248268,1.4722228441651273,47.946202448858564,30.632024831041246,13.691983611880255,2.970737824432742e-10,1.1142874563330627e-8,35.7234678468098,420.43286823651323
2021-09-17,260,2021,PL,10.312448443144943,4.2428115441618965,0.02036369737563128,0.9830223719218444,1.8503393440154734,63.1751995956393,31.18433432233699,14.14686548387584,1.028703212989114e-10,4.113059122278185e-9,38.85063916199972,102.00734319894535
2021-09-18,261,2021,PL,10.393402881872076,4.319262062464085,0.017562975074216204,0.9049634469787539,2.1304747456842406,76.542336102517,31.73752662663936,14.611926587107039,3.759825526366413e-11,1.6041898395830978e-9,38.571438073636216,32.96643175849025
2021-09-19,262,2021,PL,10.467546694043094,4.394740926346841,0.015202210480723937,0.8349956869631809,2.2479656520476388,85.66492264594751,32.29090413466194,15.088614275353093,1.510944819001608e-11,6.887679108931224e-10,37.66777329342052,24.113060034649035
2021-09-20,263,2021,PL,10.534554255771097,4.469609662976748,0.013207939139411453,0.7725074799897624,2.1701340338003576,88.61676411745518,32.84373640007909,15.578224038695287,6.954794821632342e-12,3.390173533681483e-10,36.67907549999602,22.86705352192991
2021-09-21,264,2021,PL,10.594109037920193,4.544100424215155,0.011519470742556935,0.7168462158274282,1.9081198839700257,84.28918200970925,33.395260427978414,16.081853132929258,3.819674342589899e-12,1.9914776938331465e-10,35.70954835119047,22.275577765378802
2021-09-22,265,2021,PL,10.645905241885048,4.618310643742039,0.010086621913317068,0.6673494542201063,1.5169822069265955,72.92526975910285,33.94468110912834,16.600392897671785,2.6075109477821775e-12,1.4532926369291775e-10,34.78394506442368,21.793484102061896
2021-09-23,266,2021,PL,10.689759706568935,4.69232053765614,0.008867549057909338,0.6233631699032371,1.0832433066815639,56.71579412994656,34.49126697798554,17.134746070239803,2.2897709716360843e-12,1.3626799561690522e-10,33.91032919874954,21.372363418148147
2021-09-24,267,2021,PL,10.725947099463042,4.766515651886552,0.007826600337049277,0.5842339131042207,0.6966900079100736,39.56499061350396,35.034647984444575,17.6864168023156,2.60771220722791e-12,1.6546838731445752e-10,33.0909828354621,21.008119544378218
2021-09-25,268,2021,PL,10.754873622793156,4.841277189548798,0.006934339691868945,0.5493502936557074,0.4066423147401985,24.885812955984672,35.574550755049295,18.256926733145747,3.857637511807444e-12,2.6051135313154913e-10,32.32628931493499,20.704492870876376
2021-09-26,269,2021,PL,10.776964800639446,4.916882732272354,0.006166645678529535,0.5181533985612607,0.2175677204141509,14.255837779201318,36.11070667587757,18.847618671925268,7.424543315390275e-12,5.323005033988146e-10,31.614972884964974,20.488188555337015
2021-09-27,270,2021,PL,10.792662692561612,4.993528975584268,0.005503683454406195,0.49013975657947134,0.10791535655088398,7.531774982048356,36.64285222964521,19.45968679306317,1.8620746128713834e-11,1.4128662017658492e-9,30.950143317179283,20.636821742362088
2021-09-28,271,2021,PL,10.802423232977869,5.071373251371674,0.00492908779278678,0.4648668228848785,0.05019575359742493,3.718017843666234,37.17072932067215,20.094245475576866,6.095310713373232e-11,4.876104306708015e-9,30.29713613971302,25.219636763555272
2021-09-29,272,2021,PL,10.806713715412714,5.150591351536968,0.004429311417861439,0.44195947207683667,0.022140747554985265,1.7362098541022846,37.69408558719323,20.752435021290598,2.6083056778867317e-10,2.190550134565511e-8,29.45214031309005,77.7785061123113
2021-09-30,273,2021,PL,10.806078243167013,5.231532422969971,0.003992896518392829,0.42110546892363004,0.009363944047530237,0.7760880928991902,38.21272549804357,21.435720428194127,1.4482045953294961e-9,1.2711516425873354e-7,27.06256863983216,433.8318125657956
2021-10-01,274,2021,PL,10.801388657157764,5.315072389913509,0.0036094481412298385,0.402017359114362,0.0038431991185755767,0.3362590916040644,38.72670989637451,22.14657778840257,9.906993734686425e-9,9.049399547442673e-7,17.147652173623445,1498.5451515788495
2021-10-02,275,2021,PL,10.79378764935938,5.402468244034015,0.003269799922171538,0.38442840057759764,0.0015496450678631078,0.14300619721217825,39.23634194359422,22.888230053304607,7.613526964129755e-8,7.209613446323344e-6,3.753017215767787,733.9554001686383
2021-10-03,276,2021,PL,10.784467655854296,5.494913482438684,0.002966481418390047,0.36809650275460765,6.214152732819002e-4,0.06044069139621655,39.742000009735,23.663739507713647,5.946072887487481e-7,5.815747418943591e-5,0.3931023281054465,91.60503276907993
2021-10-04,277,2021,PL,10.774618509238936,5.593394230131404,0.0026935066381003807,0.35279401243987774,2.508555676895301e-4,0.025699068382444283,40.24409675278845,24.475684249157055,4.269166450521062e-6,4.2966175742224284e-4,0.03523459694103063,8.727870949875475
2021-10-05,278,2021,PL,10.765426274805193,5.698672601948316,0.0024460708450193304,0.3383019498425926,1.031879898685371e-4,0.011127780536573737,40.743078746163576,25.32608467745301,2.549130569915993e-5,0.002629711029858388,0.0031959074637122275,0.8317341080379824
2021-10-06,279,2021,PL,10.758073315965573,5.8113152708011535,0.002220317973780761,0.3244123679925206,4.377894057786462e-5,0.004966800419037051,41.23942613590781,26.21642097777559,1.1450993492372988e-4,0.01206403258557958,3.1644349713437936e-4,0.08643095060325835
2021-10-07,280,2021,PL,10.753662999616726,5.9317557093311075,0.00201330583942077,0.31096745204690796,1.9370219163275218e-5,0.0023106028148090767,41.73364719071719,27.14782515660675,3.5217090793421507e-4,0.03778046022851196,3.640185649620108e-5,0.010433484335750951
2021-10-08,281,2021,PL,10.752992475632952,6.060373801250306,0.0018231909526540372,0.29795023434579293,8.998859159958226e-6,0.0011279941456976766,42.22626213771126,28.12153221144884,6.911233989634487e-4,0.07541328986737772,5.093253270367637e-6,0.0015318951707596416
2021-10-09,282,2021,PL,10.756677837605865,6.197582708159057,0.0016484677300141724,0.2853623694657607,4.409657029002519e-6,5.805043636100363e-4,42.717802148536684,29.13889755953984,8.196356297074504e-4,0.09112040365804486,8.984964949176388e-7,2.835867916142371e-4
2021-10-10,283,2021,PL,10.76491034360523,6.34385189229839,0.0014876494202960809,0.2731647167242015,2.2789836325271586e-6,3.1490657851016913e-4,43.2087665531872,30.201758426753912,5.789656513623619e-4,0.06594024949246241,2.0226459160407377e-7,6.69950993134165e-5
2021-10-11,284,2021,PL,10.777779400630243,6.49975309206176,0.0013394460144308868,0.26130686612213977,1.2406368236588066e-6,1.7984213558731797e-4,43.69966669474299,31.31216527946876,2.42477761110822e-4,0.028569292135033016,5.845829335645453e-8,2.0321286496524354e-5
2021-10-12,285,2021,PL,10.79538033780843,6.665956896831001,0.0012027806988912232,0.2497364939582571,7.104985766213435e-7,1.0799207913237236e-4,44.191041031306014,32.47224268985913,5.993788261700073e-5,0.007406352682888635,2.1824062358247576e-8,7.962735847004793e-6
2021-10-13,286,2021,PL,10.817814763700655,6.84322019069839,0.0010767526059128469,0.23840048390285126,4.275085940803018e-7,6.809914952519833e-5,44.683455203294045,33.684160669027314,8.70514850857914e-6,0.001147100123992327,1.0588358476642956e-8,4.055355387129329e-6
2020-07-13,195,2020,BN,3.7703513564652704,0.8616602422340857,1.155190295063076,0.7724696194496411,147.36790863983083,73.87716563149927,3.462430104658021,0.9459522128842899,0.027671852187126054,0.06466422897672772,39.733016359866184,19.61922352393427
2020-07-14,196,2020,BN,3.9002262077232075,0.8399500779171626,1.0065969496665825,0.5689718685838316,146.0282695280015,63.26634295750604,3.7144568321692355,0.937210764367656,0.04986953009647896,0.09275976067986931,41.63350205159835,17.199900511410963
2020-07-15,197,2020,BN,4.029717684523591,0.8209845151428644,0.8625253048177327,0.42278413164742584,141.70675902665815,55.154620013548644,3.9844909963546535,0.9327226855508233,0.0807628186731166,0.11820606599588102,42.37863932247869,15.352760699981708
2020-07-16,198,2020,BN,4.157697124466899,0.8052523589606071,0.7305611957560174,0.3213942670039285,135.21708782632282,48.90298575844467,4.274256669582305,0.9334314178565866,0.1173340634986425,0.13512438513195488,42.1828613529687,13.977298078158174
2020-07-17,199,2020,BN,4.282938286210843,0.7929732876306647,0.6142319796382537,0.2527768091663685,127.20923797284846,43.97932873799017,4.5856685863116,0.940136676520631,0.15425193208639665,0.14238629003006528,41.242587885625426,12.953744572805196
2020-07-18,200,2020,BN,4.40412282758336,0.7840150452007209,0.5142879297179694,0.2065692711019205,118.15967702308576,40.00252640433742,4.920856120747128,0.9533895984256454,0.18671909066719952,0.1431944606389906,39.70713750466682,12.186680923673656
2020-07-19,201,2020,BN,4.5198488579363,0.7778675719806387,0.4298277121283471,0.17466754315025732,108.39328630635372,36.69850114946129,5.282190652109321,0.9734178339230702,0.21234779523529546,0.1414805849746892,37.672530704391576,11.601141177554124
2020-07-20,202,2020,BN,4.628786829479984,0.7737484395750112,0.3591092334458212,0.15142055332254944,98.1289016281739,33.85728212829963,5.672269377557198,1.000139339958011,0.2307690256781856,0.13998428738111163,35.191638422540116,11.134172487285065
2020-07-21,203,2020,BN,4.730300444060161,0.7709733839164893,0.30005091474674855,0.13335745095259557,87.55993623341075,31.320885558718825,6.093730735774001,1.0333823564603126,0.24219696160760049,0.14041393654996717,32.30763712289946,10.735280326593207
2020-07-22,204,2020,BN,4.824692490628239,0.769234206964178,0.25057160401810524,0.11854175975027009,76.88481615861595,28.9678258691891,6.549135482860491,1.0731492966008798,0.24644548876642658,0.14360857587423445,29.073876484600632,10.36190149751268
2020-07-23,205,2020,BN,4.913122309237461,0.7686646161623528,0.20882309214786246,0.10590759362599887,66.32022632877364,26.699751225968136,7.040930962460601,1.119769932610678,0.24285780785114208,0.1492220333022527,25.571372339701266,9.970644456628158
2020-07-24,206,2020,BN,4.997028164011858,0.7695815225781936,0.17335018966473129,0.09481358205838014,56.09760662235905,24.429146098151957,7.5716454798104795,1.1737924109119764,0.2306695658332207,0.15526480343096158,21.914783191085053,9.506591498765191
2020-07-25,207,2020,BN,5.077966546480329,0.7723417495120173,0.1430721025824741,0.0848371542254824,46.46582147209957,22.08889366994154,8.143943671123948,1.2358751386306823,0.20983605768311475,0.15829762540642403,18.259481195423493,8.908107211577766
2020-07-26,208,2020,BN,5.157601383150544,0.7772614833835757,0.11721310626321167,0.07569771172388158,37.674258695676194,19.6524473231931,8.760623683584221,1.3066900234533378,0.1818219830545153,0.15479767860110416,14.788550657926121,8.131960366545101
2020-07-27,209,2020,BN,5.23769773875038,0.7845535305744313,0.09522174120714746,0.0672302819788534,29.93436164675469,17.152187095445257,9.424612358009982,1.3868190323562966,0.14971788756530402,0.1434207569523882,11.67551537846781,7.186917351395016
2020-07-28,210,2020,BN,5.320134887671366,0.7943267576849349,0.07667606225394363,0.059362338003841206,23.368701669878153,14.680986086474402,10.138857144185785,1.4767022430761803,0.11739492941646198,0.1265461907987874,9.037518812708921,6.146889931316891
2020-07-29,211,2020,BN,5.4069552445001055,0.806677796344449,0.06119335627625536,0.052069831509270324,17.97243570461641,12.360768387855483,10.905959847086503,1.5766994653681037,0.08814877032333848,0.10878803343957916,6.905585857307851,5.122815403735534
2020-07-30,212,2020,BN,5.500335403301979,0.8215645201118159,0.0484325055684961,0.04536592438381019,13.66157170697892,10.293153553361984,11.728359585029441,1.6868746085955866,0.06387019079166935,0.09295889941244788,5.249268360679687,4.2097474036977305
2020-07-31,213,2020,BN,5.602590918773367,0.8387717755451416,0.03806656010364166,0.039280799636587954,10.303600035852368,8.533186068465303,12.608374589011625,1.806852175221407,0.045047328239917465,0.07940893982322313,4.0026231073345935,3.461005538086629
2020-08-01,214,2020,BN,5.716203274695916,0.8579451107413357,0.02976747170974963,0.033840805141118306,7.742494181414245,7.0883390534984105,13.54814836806154,1.93576034333823,0.031203236260961227,0.06753683675486027,3.0869007394144616,2.889838022111175
2020-08-02,215,2020,BN,5.843856192287016,0.8786537195169573,0.023210579160926535,0.029055506285782556,5.821245974179153,5.932664560650258,14.549588933705907,2.0722417163201614,0.021410698269947084,0.05694555523618794,2.4269182092788237,2.4841187966480027
2020-08-03,216,2020,BN,5.988290890559303,0.9005086745280836,0.018085546107340287,0.024910892665190375,4.394681489821613,5.021352479733829,15.614242141395868,2.214666269254157,0.014652389597482465,0.047513968269771195,1.9573672478366704,2.2196130260256424
2020-08-04,217,2020,BN,6.15153948886514,0.9233815356803176,0.014104999990869291,0.021363803193907252,3.332319745005349,4.294045918091618,16.742972035630917,2.361833914265828,0.01000263399440979,0.03900048693699775,1.6199161399763733,2.0614343593431306
2020-08-05,218,2020,BN,6.334578712499424,0.9474983324680702,0.011019923425466916,0.018349056249863483,2.5296947170728696,3.6875170209470842,17.93585447350324,2.513470441193149,0.00677243570961672,0.031184105660221163,1.3665124777824236,1.9679104132648202
2020-08-06,219,2020,BN,6.53736762635819,0.9733859914421633,0.008626692490128724,0.015790976951600883,1.911501668789702,3.149722458349383,19.19216635614426,2.670326626701726,0.004498950934593417,0.02398734288196588,1.1607576498518106,1.8954543133090636
2020-08-07,220,2020,BN,6.75963276242365,1.0016763026220195,0.006766294035797768,0.013615533984494782,1.4282497691358869,2.6492571569050836,20.510325623154603,2.8336118522432767,0.0028973206544896254,0.017541043527909663,0.979352996880987,1.8066548347927858
2020-08-08,221,2020,BN,7.001054395702904,1.0329751469658508,0.005316343132801612,0.011756617555518163,1.0480284631234327,2.1742079137990324,21.88778300174481,3.0046347577830868,0.0017869746111811872,0.012060332314077193,0.8092655136976952,1.6740866927536326
2020-08-09,222,2020,BN,7.261236203632948,1.0677665395921632,0.004183048552543543,0.01015826443172361,0.7499291089197135,1.7270721926685613,23.320905521863203,3.184530185936475,0.0010426876940173666,0.007714040988918472,0.6455398075737981,1.4840730176382055
2020-08-10,223,2020,BN,7.53967418606456,1.1063332508512884,0.003294666484886476,0.008774813482719048,0.5195649981066847,1.3187092952965795,24.80486422549251,3.3739838326343334,5.685325839523671e-4,0.004542916163429128,0.4897995159003801,1.2403693844467258
2020-08-11,224,2020,BN,7.835574678293487,1.148743910273585,0.0025964176199043693,0.007570442713333375,0.3463125833048071,0.9631035319933876,26.33376761879116,3.573184800487825,2.8677567080819086e-4,0.002445347976650446,0.34842207596116254,0.9652486636007721
2020-08-12,225,2020,BN,8.147327449958636,1.194954614028656,0.002046591319372789,0.006518509017258503,0.22140814302166018,0.6723863415541033,27.901390213452398,3.7822945867884026,1.3368251748769046e-4,0.0012072178003734626,0.22956006319930938,0.6936973428593679
2020-08-13,226,2020,BN,8.472839620153641,1.244670308482177,0.0016129761651847508,0.005597710869598779,0.13548659559927978,0.4487942676025847,29.500582142532426,4.000835968024997,5.76620610470372e-5,5.496903389292801e-4,0.13849241657901318,0.4570483942736371
2020-08-14,227,2020,BN,8.80962972311298,1.2972819498233066,0.001270566634372665,0.004790669828632417,0.07919135336404932,0.2862942392849781,31.123019219204618,4.227381409722664,2.3041959980777944e-5,2.3205375807013243e-4,0.07565698026941566,0.27395024994287825
2020-08-15,228,2020,BN,9.154787280557935,1.3518865581344608,9.999111645435934e-4,0.004083223532988226,0.04412095791708139,0.17438668666148732,32.759183366880755,4.459552317490887,8.540595826561922e-6,9.12443339722722e-5,0.03701974009351289,0.14811810818641374
2020-08-16,229,2020,BN,9.504940197745512,1.4073646431289093,7.858393457173851e-4,0.003463770622556671,0.023382926900040374,0.10127072135545412,34.39836525231787,4.694206444327962,2.9398126963758663e-6,3.354512219076032e-5,0.01605147492163336,0.07154134815679275
2020-08-17,230,2020,BN,9.856355374557625,1.4626261541695524,6.165557296153059e-4,0.00292309929201218,0.011777345086670107,0.05601586928114124,36.029117704756736,4.928155760561078,9.4260197834707785e-07,1.158378453513461e-5,0.006114801802135806,0.030591813350640904
2020-08-18,231,2020,BN,10.205496895832514,1.517217603539514,4.830366999518471e-4,0.002454868589448031,0.00566531714547337,0.029629681411084092,37.64115769042761,5.16004128485599,2.8471223945519014e-7,3.7998912999631355e-6,0.0020513355413293347,0.011580764163949578
2020-08-19,232,2020,BN,10.549463386792317,1.5715629329308802,3.7823099490153834e-4,0.0020540439384852008,0.002632010576118501,0.015128954225414567,39.22623866777235,5.391177220703131,8.244276151811915e-8,1.202502756878164e-6,6.154921159177082e-4,0.00392653759394655
2020-08-20,233,2020,BN,10.886120443695592,1.6268074478406378,2.9644732238020443e-4,0.001715385288865973,0.0011996129371109397,0.007557859651583075,40.7781575030584,5.625234014963516,2.337245185101283e-8,3.7361495074863216e-7,1.6961267570221353e-4,0.0012192165119454404
2020-08-21,234,2020,BN,11.213434988114257,1.684190729959496,2.3293941323845435e-4,0.0014324124111587103,5.453220719727534e-4,0.003747551825121297,42.29142635212845,5.866547638610887,6.629493535739916e-9,1.1603533670489097e-7,4.417739049573438e-5,3.5555836564152987e-4
2020-08-22,235,2020,BN,11.529298146230333,1.7447114206210845,1.837950184702102e-4,0.001198011882382189,2.5135389923132173e-4,0.0018718180902636005,43.76094601900675,6.119152485711441,1.9226478232046672e-9,3.669609460049249e-8,1.1191628839389267e-5,9.998536749475132e-5
2020-08-23,236,2020,BN,11.831541250062832,1.8089453080231994,1.4585088801965474e-4,0.0010051364333508535,1.1942561963654147e-4,9.561792809388211e-4,45.182047955020614,6.386198323222182,5.826146700699836e-10,1.2047257986941622e-8,2.837787153513357e-6,2.7860596504261676e-5
2020-08-24,237,2020,BN,12.117954138230834,1.8769415836033265,1.1658897594981146e-4,8.472353382766366e-4,5.9462838642766324e-5,5.073783304933371e-4,46.55052950446009,6.669558594719473,1.8851432239927685e-10,4.1887267321217005e-9,7.411400163145306e-7,7.910121741450432e-6
2020-08-25,238,2020,BN,12.386560263009171,1.9483555701616992,9.403222354487735e-5,7.18519479973345e-4,3.150794614433507e-5,2.838957603768111e-4,47.862753024547324,6.970001069407868,6.628379589044893e-11,1.5683178670721306e-9,2.0522591071457788e-7,2.354961113452308e-6
2020-08-26,239,2020,BN,12.636441819577891,2.022978919570143,7.664845940566306e-5,6.141189764644507e-4,1.7965796316663385e-5,1.6948052005144612e-4,49.115894057451925,7.288257374330193,2.5350626713750477e-11,6.331970651060654e-10,6.210148762868932e-8,7.57981234240022e-7
2020-08-27,240,2020,BN,12.867057319936592,2.1004353477104547,6.32534006089607e-5,5.298954313109464e-4,1.1134844913151146e-5,1.091270683992241e-4,50.30776594939963,7.6242559410968,1.0512509792685159e-11,2.749982937276157e-10,2.1172556876343346e-8,2.7203104470392393e-7
2020-08-28,241,2020,BN,13.077998037126488,2.1800629886638516,5.293757167178506e-5,4.62371944651469e-4,7.576916886715916e-6,7.661163339091185e-5,51.43675494468651,7.976793796143572,4.711710356705454e-12,1.2816008824552654e-10,8.385128242820389e-9,1.1225614541300385e-7
2020-08-29,242,2020,BN,13.268986797043238,2.260966288250259,4.500798903240892e-5,4.086884634316651e-4,5.717824435656089e-6,5.9278141084620675e-5,52.501815591223234,8.343642173316596,2.2752194446639824e-12,6.394198405997833e-11,3.977175995386319e-9,5.4917502507739225e-8
2020-08-30,243,2020,BN,13.43987542592962,2.3421094527839226,3.89409262820313e-5,3.6654429643375277e-4,4.8334622125848145e-6,5.1100877745230925e-5,53.50246004636938,8.721804537403031,1.1799364155447511e-12,3.4078817028492206e-11,2.329336393145235e-9,3.283455121788817e-8
2020-08-31,244,2020,BN,13.590640965147353,2.4224430666037478,3.4344684147145106e-5,3.3413943667057205e-4,4.623111051741083e-6,4.961622232704686e-5,54.43874192864738,9.107898932909258,6.550924618140149e-13,1.9365715046826224e-11,1.7367828396103104e-9,2.4729887455705437e-8
2020-09-01,245,2020,BN,13.721380777290165,2.5010560013465204,3.093105781272036e-5,3.1012340686498787e-4,5.0538002624122045e-6,5.4861408460552296e-5,55.311235415520635,9.49863528545829,3.881265550635605e-13,1.1716901018641958e-11,1.6997237157882538e-9,2.418193626261634e-8
2020-09-02,246,2020,BN,13.832295810154331,2.577445610263306,2.8489279840386016e-5,2.9351705185752834e-4,6.363022523131334e-6,6.970571019966116e-5,56.120614807818406,9.8915926212563825,8.21369052586526e-16,2.532563126414215e-14,2.2419230839258146e-9,3.1516319938272803e-8
2020-09-03,247,2020,BN,13.923610025372424,2.6519271470268215,2.6856302509246167e-5,2.8355276798023237e-4,9.193085057526425e-6,1.0158071349559213e-4,56.86599173523894,10.286257993128373,8.391395276655955e-16,2.651637788836573e-14,4.008303787422509e-9,5.510012782837204e-8
2020-09-04,248,2020,BN,13.995471268135367,2.72523166004997,2.5916883080319546e-5,2.7972009644965454e-4,1.5018635362230497e-5,1.6761644900948025e-4,57.54475162050983,10.682990127691378,8.665226044974766e-16,2.8234365024145148e-14,9.56051003616817e-9,1.2740168729051223e-7
2020-09-05,249,2020,BN,14.048075618592364,2.7977438349754675,2.5606227782964303e-5,2.81856148000491e-4,2.7280249328068238e-5,3.0832243999119217e-4,58.15409719350251,11.0810355190985,9.039730992703025e-16,3.059668031255519e-14,2.980966570818345e-8,3.8261283031545953e-7
2020-09-06,250,2020,BN,14.081703081359294,2.8692394754959882,2.590533309175429e-5,2.9016132905465406e-4,5.4174143890307316e-5,6.219530903704226e-4,58.69146342698905,11.47782952312123,9.522281790002086e-16,3.371409655524538e-14,1.1905944662699447e-7,1.4668311282758406e-6
2020-09-07,251,2020,BN,14.096712620660055,2.93884663400654,2.6839098813489643e-5,3.0522631847607697e-4,1.1564812305523849e-4,0.0013524477393926154,59.154535160564194,11.868884315433466,1.012316890105491e-15,3.768750156495255e-14,5.968654189039407e-7,7.063625211648895e-6
2020-09-08,252,2020,BN,14.09353677435606,3.00511148495856,2.8479755585266707e-5,3.281007883159248e-4,2.6095419226031095e-4,0.0031143499219204143,59.54126336911106,12.247962776619683,1.0855801332345314e-15,4.260458013795245e-14,3.6801866317355603e-6,4.210987857221963e-5
2020-09-09,253,2020,BN,14.07257925276808,3.066291054145071,3.094924158771415e-5,3.6034251665187394e-4,6.119626129593709e-4,0.007457332639474436,59.84964071315311,12.607951289376931,1.1737178187681928e-15,4.854883143320595e-14,2.7246099479570367e-5,3.056546707181731e-4
2020-09-10,254,2020,BN,14.033920934408005,3.1209940098978133,3.440890456562311e-5,4.0392369654773886e-4,0.001466210144310754,0.018228486542239082,60.076989892748315,12.942834524677435,1.2788927443860462e-15,5.564765324397747e-14,2.3295895428763826e-4,0.0026183140867338008
2020-09-11,255,2020,BN,13.977610229562062,3.1679056822501397,3.908965676486883e-5,4.6154151040465153e-4,0.003527984297187147,0.04465744948054159,60.22068876730566,13.24673662715793,1.403756592753342e-15,6.407279302831424e-14,0.002204236844110974,0.025477211557978236
2020-09-12,256,2020,BN,13.903760163025444,3.2057038830229536,4.5319603977229054e-5,5.368948631761133e-4,0.00838004941701677,0.10767016391061872,60.27843586738338,13.513641998694522,1.5515129310264616e-15,7.404190108884406e-14,0.02210466640809377,0.2692769169109823
2020-09-13,257,2020,BN,13.812548231154322,3.2331274777330354,5.3555813959891944e-5,6.349848731273813e-4,0.01931308105855857,0.25087686794797276,60.248277986349954,13.73762290450955,1.7260109259130389e-15,8.583197190065301e-14,0.22386055177950126,2.9121964590303144
2020-09-14,258,2020,BN,13.704215860087334,3.2490642735094166,6.442974291741714e-5,7.625256745529016e-4,0.04244039423475752,0.5547221966197856,60.12863597294555,13.913136399523474,1.9318565608234773e-15,9.980055631648727e-14,2.0807279714574185,27.566041915299174
2020-09-15,259,2020,BN,13.579080503333879,3.2529164380856654,7.880258843828624e-5,9.284298338718254e-4,0.08756393385032206,1.1453762990200862,59.91829930897499,14.036216589847019,2.174543274243299e-15,1.1641865218694589e-13,12.164094276497739,111.14367912789538
2020-09-16,260,2020,BN,13.437572386020713,3.2453795651666737,9.781204878269235e-5,0.0011442036857081063,0.1684356474495285,2.1922202781136697,59.616361206955936,14.107042124211668,2.460603958888342e-15,1.3629968901518198e-13,25.15258265274679,64.13350961889925
2020-09-17,261,2020,BN,13.280191462722398,3.2274453194717063,1.2297519956838316e-4,0.001424736296350977,0.3005661519356493,3.8688988521404903,59.222327135195066,14.12687585264046,2.7977861344775366e-15,1.6020016839999517e-13,28.762111535303024,22.442388173672082
2020-09-18,262,2020,BN,13.107491218747715,3.1999959863302854,1.5631168345778347e-4,0.0017891449278902597,0.4951664597033563,6.264354091524254,58.73616162919906,14.096843736779336,3.195251778993419e-15,1.8903007496350812e-13,29.26698633413748,19.138001410208677
2020-09-19,263,2020,BN,12.920075421617113,3.163726093408299,2.0048844865917516e-4,0.0022616183357265203,0.7499567108021389,9.268856037985545,58.15830235594194,14.017734761380835,3.663802705672046e-15,2.2387124846779312e-13,29.221472803781545,18.758921841001566
2020-09-20,264,2020,BN,12.718594598032546,3.119111122705406,2.5899203202780417e-4,0.0028722033164167095,1.04091023220354,12.506049001977907,57.4896703128842,13.889937243302821,4.216131422408655e-15,2.6600547445709296e-13,29.019769457036865,18.39181771121908
2020-09-21,265,2020,BN,12.503742265160474,3.066419028140991,3.3632372189790975e-4,0.00365736226767627,1.3213272559925675,15.386878899013048,56.731675878368655,13.713499893212703,4.867096009319782e-15,3.169599891643883e-13,28.719344085314383,17.964834394955986
2020-09-22,266,2020,BN,12.276374904025056,3.0059553978506925,4.3824819861351753e-4,0.004660645763918318,1.5353201931520872,17.319925558315877,55.88620823147968,13.488935205974357,5.63401558967254e-15,3.786049912116709e-13,28.32972136339299,17.481610463014327
2020-09-23,267,2020,BN,12.037861397036092,2.938666162266195,5.722197018596637e-4,0.005935027254957898,1.6477254768469807,18.0288643984946,54.95559729964257,13.219178796412345,6.536980333537115e-15,4.533184669001587e-13,27.855352380659326,16.94802288449412
2020-09-24,268,2020,BN,11.78967219525658,2.8654868508198317,7.476811018289567e-4,0.0075423556010565445,1.6496218789128698,17.532508281942405,53.94264611376781,12.907506132353294,7.599166508812498e-15,5.44002369987018e-13,27.300447594397937,16.3700174694601
2020-09-25,269,2020,BN,11.533241401179776,2.7871448522057745,9.76363027837616e-4,0.009551809539090041,1.5541753074881142,16.04825091526953,52.85063198952748,12.556883454478413,8.847142783085853e-15,6.541672111982703e-13,26.669587368159924,15.753319871084905
2020-09-26,270,2020,BN,11.269958233891115,2.704202146208433,0.0012725573354214316,0.012037125902851295,1.388965348261226,13.903650108581285,51.6832902325006,12.170082464824253,1.0311148719675055e-14,7.880974835704515e-13,25.96787851347687,15.103489006113865
2020-09-27,271,2020,BN,11.001159691721957,2.6171309573262764,0.0016532691957442105,0.015071723245733689,1.1865930032838512,11.453786607129166,50.44479299144437,11.749894668659397,1.2025320201026447e-14,9.511112203085265e-13,25.200802249657357,14.425910049101732
2020-09-28,272,2020,BN,10.728124392566341,2.526419408082531,0.0021381502577095075,0.018721355069145983,0.9766696217577602,9.012619088969402,49.13972337101518,11.29943703225923,1.4027829445364741e-14,1.1499665831003116e-12,24.373551909076134,13.72569994372258
2020-09-29,273,2020,BN,10.452133990271209,2.4328347772316192,0.0027495247037215057,0.023038606859938197,0.7811947643435058,6.811344820897509,47.77314862753327,10.82299667281007,1.6360899584656906e-14,1.393543940287976e-12,23.488573125471092,13.008320702668895
2020-09-30,274,2020,BN,10.174703531097318,2.337973777947339,0.003514284102168245,0.02807610197222579,0.6135158212039699,4.989080803634165,46.35101645450902,10.32792459326876,2.5417391511104045e-11,2.2575788662659075e-9,22.53234658243969,12.29879612198436
2020-10-01,275,2020,BN,9.897490835036713,2.2439711982247204,0.0044661583114906644,0.03389801031704796,0.47842829169628953,3.5856650399212553,44.880157300152014,9.823706969391552,4.0847628450879923e-10,3.801342614263239e-8,21.394186405546133,12.092286014374647
2020-10-02,276,2020,BN,9.622063417690963,2.152728397700462,0.0056463657357679635,0.04057040172511955,0.3747498389975938,2.5654691383300054,43.36762940689231,9.319257028130044,6.772903924028391e-9,6.638018793194575e-7,19.459998383912115,19.16021107590197
2020-10-03,277,2020,BN,9.349848552979049,2.0656326786003834,0.007104899935635564,0.048153643969652264,0.2983107224333366,1.8577073248652363,41.82051048286209,8.821924633356138,1.0474837246189556e-7,1.0863984201956779e-5,14.549880890683575,46.41810293846055
2020-10-04,278,2020,BN,9.082136104146068,1.9834876993000898,0.008902526342324529,0.05669513473455179,0.24416475762728831,1.386819179522562,40.2458433766995,8.337223440652615,1.3660797463080684e-6,1.5051416159839775e-4,6.3521867735364115,41.93910761160405
2020-10-05,279,2020,BN,8.820083142657037,1.9065320764471152,0.011113269066350757,0.06621840914430774,0.2079002627286329,1.0882447749418915,38.650583829897364,7.8688278865684085,1.3581673973835359e-5,0.0015938902087753552,1.6557549923540842,12.18799943684699
2020-10-06,280,2020,BN,8.564661788664617,1.8345885810523965,0.013827660932365055,0.07671227977925442,0.18611046168709355,0.9128119231780095,37.041917210046975,7.419084239193572,9.361765307185878e-5,0.01172027144855019,0.39607124562698,2.561787853559931
2020-10-07,281,2020,BN,8.316504208799522,1.7674097543001361,0.017157354052977455,0.08813277041449613,0.1762564602417042,0.8250820961385946,35.428188014614456,6.99028729181459,4.166917136327147e-4,0.05571917276071428,0.10952695944252143,0.6128001320256984
2020-10-08,282,2020,BN,8.076027742533572,1.7048369008899038,0.021239479586813395,0.10038570517918352,0.17729136885906477,0.8038333747042035,33.817915219773944,6.5847528787122585,0.0011333689545090194,0.1621761992078311,0.03793506587797332,0.1963449773017118
2020-10-09,283,2020,BN,7.8432834521974,1.64713136952985,0.02623989384168611,0.11330326381396347,0.18925855976888392,0.8373994070044454,32.2203433022914,6.205844877390787,0.0018552894671769878,0.2851730658036071,0.016808777861894345,0.08680296298014377
2020-10-10,284,2020,BN,7.618224623717389,1.5948746068992612,0.03235983405574047,0.12663773006658566,0.2139681530999377,0.9233554008438387,30.644070006909917,5.85713827911637,0.0018182555054400682,0.3021836656603731,0.009603599275680861,0.05146197808041118
2020-10-11,285,2020,BN,7.4007912261800195,1.5488718389287768,0.03984315133708936,0.1400590375883127,0.2556191174084032,1.0666142270402446,29.09664360927354,5.5418964170263445,0.001061252484114883,0.19252451917533392,0.007119737758791513,0.039616869146368285
2020-10-12,286,2020,BN,7.190911465840683,1.5101044119759244,0.048983583278295224,0.15316627281315048,0.32188050222872905,1.2773180631821544,27.584584249741802,5.262830370623831,3.6696135398992007e-4,0.07354662561501196,0.006889303643804503,0.03890204917234368
2020-10-13,287,2020,BN,6.988424228601785,1.4797312920118872,0.06012712541594403,0.165536723350735,0.4256050906624217,1.5672203995885308,26.11362050315201,5.022092675365549,7.571136607149235e-5,0.01698802415271528,0.008690791818706252,0.0480541871418403
2020-10-14,288,2020,BN,6.792859442413209,1.4590911702128118,0.07365558788209225,0.17685646782787884,0.5863488923247263,1.9423535168334272,24.689256020712183,4.8214572882932325,9.864525715234743e-6,0.0025091904678235925,0.013886304100478464,0.07220832319240743
2020-10-15,289,2020,BN,6.603702766011835,1.4492001840467759,0.08998339569943004,0.1871417550334585,0.833581698796881,2.3906799144757462,23.316088867274704,4.66090686170888,8.697294968455794e-7,2.5323792844610593e-4,0.027106578790645645,0.12672107608854172
2020-10-16,290,2020,BN,6.420476095473812,1.4504785353182854,0.10954339909093477,0.19713692900132843,1.2091613329442246,2.8615887196957246,21.997676027742536,4.538207672794933,5.560366513319981e-8,1.863997518286369e-5,0.06227756486920927,0.24785080988255756
2020-10-17,291,2020,BN,6.242735060784768,1.4626553235873383,0.13275658942802465,0.20895700854913016,1.765580880954698,3.2512567685074716,20.736626894615213,4.449147693535559,2.7621814398461873e-9,1.0680375973768173e-6,0.1616168914407507,0.5081401028314726
2020-10-18,292,2020,BN,6.070066768139447,1.4847903515523329,0.15998556379767723,0.22681154133212358,2.5535292762665542,3.449920836945576,19.53470016405324,4.388083562703547,2.8628689366117735e-13,1.2749257128525753e-10,0.44891921315489614,0.9918894857707536
2020-10-19,293,2020,BN,5.902087763344099,1.5153942984743636,0.19147040119358597,0.25705218971141575,3.5921241001788293,3.5556717207205373,18.392901446223604,4.348638822608965,3.3253627884687047e-13,1.6988857579885428e-10,1.2192177890350753,1.5869473024646932
2020-10-20,294,2020,BN,5.73845176451667,1.5526302801355836,0.22724859374727938,0.3064836476886002,4.8300627108696865,4.078754408567975,17.311358476236304,4.324387579651093,3.862572098049865e-13,2.2513568782506927e-10,2.7678831302786464,2.2154329093396314
2021-06-22,173,2021,BN,7.78754154441564,2.1112078422558738,3.202324768201874,1.402624018919472,74.65647445387754,25.170095930673206,13.732850892467322,3.6003460266911755,2.0481242644916478,0.7638182435115052,92.8081945658425,30.296930272652798
2021-06-23,174,2021,BN,7.890485265865213,2.0369944364553456,3.0848435873944067,1.2013680578758552,76.11371575152107,24.45116740653155,13.984001214188583,3.4865420506726035,2.1190439860063606,0.7393829830423383,96.3524322010233,29.780203530397117
2021-06-24,175,2021,BN,7.995119770416008,1.9683964912859508,2.9489933902089502,1.0376444844042851,77.58653337638135,23.78501253104058,14.239680052862925,3.381014062369874,2.194848620787574,0.721367935501617,100.02219046931631,29.34279104384816
2021-06-25,176,2021,BN,8.101923206726218,1.9067624044804314,2.8060538699067674,0.9080164932171895,79.0616239927695,23.18547033582407,14.500347201825447,3.28617214731226,2.278471830403644,0.712539724108868,103.81131301602065,29.020514632648645
2021-06-26,177,2021,BN,8.211396475758615,1.8532802896920035,2.665407678767633,0.8086665215242428,80.52468893414853,22.665379391459876,14.766489086246024,3.2042464400074984,2.3732877760796147,0.7154036799516498,107.71221875602119,28.84826287127894
2021-06-27,178,2021,BN,8.324064510400182,1.808894743023625,2.534351007104797,0.7356567060407483,81.96044434189241,22.23521566328791,15.038620062781186,3.1371371254960714,2.4832337018306556,0.7320344656702212,111.71578632805924,28.85632858011296
2021-06-28,179,2021,BN,8.440477851705595,1.774224207559207,2.418302209957652,0.6849908895728076,83.352658687147,21.901643893185724,15.317283868928849,3.0862546867864613,2.6129899920704336,0.7639970272169284,115.81124488274648,29.066350885430115
2021-06-29,180,2021,BN,8.561214546238713,1.7494928580793006,2.321221442686524,0.65277611303029,84.68422045330546,21.666206828571454,15.603055235461335,3.0523740001918385,2.7682360751341957,0.8124285038273985,119.98607406211423,29.48765793895643
2021-06-30,181,2021,BN,8.686882391625764,1.734491841677467,2.2461076209341004,0.6355061707089021,85.93723847763563,21.52441326208474,15.896541676405588,3.0355305417790417,2.9560092766039046,0.8782805322057332,124.22591632794202,30.114885696427816
2021-07-01,182,2021,BN,8.818121560633031,1.728580944317846,2.1955007605958996,0.6303404727044276,87.0931770043398,21.465447319766103,16.19838547227358,3.034983527217637,3.1852069937033427,0.9626518898473707,128.51450506501985,30.927466482698605
2021-07-02,183,2021,BN,8.955607637914234,1.7307339509868878,2.171968160198992,0.6352661304901698,88.1330268744233,21.472607641059042,16.509265863641822,3.049258735118485,3.46729275570308,1.0671320663576174,132.8336121096866,31.891048787769048
2021-07-03,184,2021,BN,9.10005510811491,1.7396221535912813,2.178588816217474,0.6491264033245641,89.03751346211303,21.5244367677921,16.829901473752937,3.076267275831431,3.8172977363231237,1.1941218694182985,137.16301851793682,32.96041876615833
2021-07-04,185,2021,BN,9.252221339361995,1.7537244665722513,2.2194767744925246,0.6715706130971434,89.78734096224181,21.59637893861272,17.16105298058386,3.1134827279692936,4.255257447611116,1.3471560905208297,141.48051247462902,34.08329168242701
2021-07-05,186,2021,BN,9.412911112418882,1.7714518048984909,2.30040839756368,0.7029979532983723,90.36347144571579,21.66275223398632,17.50352606082129,3.1581535626149932,4.808299190832553,1.5313053574907691,145.76191823856263,35.20446118472818
2021-07-06,187,2021,BN,9.582981753069186,1.7912775615770182,2.429649383209707,0.7445577750429082,90.74743574889361,21.698842429315455,17.858174630427076,3.207531814838905,5.513717004374209,1.753797439603117,149.98115990061277,36.27009328409839
2021-07-07,188,2021,BN,9.763348933762495,1.811873141664268,2.619125331200714,0.7982674017848824,90.92167177658807,21.68299172216042,18.225904408997163,3.259109557411478,6.423567309717176,2.0251223443846245,154.11036348717676,37.232264413149984
2021-07-08,189,2021,BN,9.954485645451802,1.8323682381990536,2.8840969008864823,0.8670187373492826,90.87169199087896,21.601156566651888,18.6073181040237,3.311114425836678,7.605088874434045,2.359970498243139,158.11410291175844,38.058606047532265
2021-07-09,190,2021,BN,10.154829769404547,1.8527670044279902,3.2375664277650924,0.9538541182048202,90.59183434461185,21.455100208533857,19.001586839609292,3.3633902570275604,9.121151208145172,2.774945844321376,161.93074954328674,38.74851580485066
2021-07-10,191,2021,BN,10.362167058611202,1.8734951756279827,3.6946876883277575,1.062846864133703,90.08000598838125,21.252678491769984,19.40742520438437,3.416501121884395,11.03721313016503,3.2905994514941983,165.48861709097088,39.31552725615155
2021-07-11,192,2021,BN,10.574102818944349,1.895161625020539,4.274395661185165,1.1997851636750525,89.33595284635281,21.003450908293736,19.823427006189352,3.4713008806462167,13.420869451679485,3.932197340338713,168.71245261189384,39.77858681321644
2021-07-12,193,2021,BN,10.788048592763058,1.91844129269995,4.999092915140131,1.372664914499465,88.36130818690155,20.717177684043964,20.24805655382382,3.528771018393555,16.332787908089095,4.727773109533943,171.52462998283204,40.15799245718608
2021-07-13,194,2021,BN,11.001214453544018,1.9439588684909852,5.8939017662166,1.5920735719817736,87.15961096026241,20.40258753125624,20.67964095089751,3.5898723390296583,19.812778190444376,5.702853502779217,173.8466442922502,40.471300449686794
2021-07-14,195,2021,BN,11.21060772025261,1.97217829257961,6.985206230685268,1.871191523080313,85.73628911134267,20.066485856205855,21.116363588800137,3.6554159393169883,23.86067099676973,6.871103537328833,175.60089708530992,40.72962540626574
2021-07-15,196,2021,BN,11.413020334914274,2.003359270807812,8.296905314108397,2.224849285741502,84.10054896688132,19.714220440505976,21.556175780228838,3.7260467124166734,28.41311300104031,8.221788699991267,176.71656515792625,40.93739989691111
2021-07-16,197,2021,BN,11.604984769560788,2.0375560164337196,9.840926774397357,2.6662757003776276,82.27077721350358,19.351534847204306,21.99653071482156,3.8022963266748797,33.31963965198547,9.707369335781584,177.14339800252355,41.09603343212792
2021-07-17,198,2021,BN,11.782849131774986,2.074254230363122,11.611411017480593,3.202650582594796,80.26783723172123,18.980373560803834,22.43460942465124,3.884026249723513,38.32419334521748,11.237024286454412,176.84236371797948,41.1919205840853
2021-07-18,199,2021,BN,11.942829066790603,2.112286297580663,13.576771073707368,3.829546204151456,78.11258663735786,18.59862785542747,22.86740228598702,3.9702776430999607,43.06079350148384,12.68337046794574,175.78334839209745,41.19523857689693
2021-07-19,200,2021,BN,12.081052245424582,2.1499130200429772,15.67064272506679,4.525274159313402,75.82535312319352,18.201799615916517,23.291714003675473,4.059350245267527,47.07286126463833,13.908338149734433,173.94649618755145,41.065063851934696
2021-07-20,201,2021,BN,12.193613547362764,2.1850003844408534,17.784804333583228,5.2471158229916535,73.42529911254007,17.785335846704932,23.704172515426944,4.149003722683528,49.863013666889124,14.807551913456082,171.32337098567018,40.7570680665674
2021-07-21,202,2021,BN,12.277077583947166,2.2154479374790914,19.77364451040804,5.9347890459875465,70.93057225722941,17.348591736489787,24.101472436640094,4.236970956443241,51.00391881569813,15.367047912415728,167.92622510698558,40.23734267161585
2021-07-22,203,2021,BN,12.330338479236323,2.2401921585184232,21.492369270961593,6.531506339768599,68.36069639164522,16.9020252426539,24.481369279850224,4.322164357770396,50.3538767661333,15.677649281859628,163.81985651079012,39.50847189277853
2021-07-23,204,2021,BN,12.355232373632628,2.259651801894904,22.834729738762572,7.004659627513834,65.734533203233,16.4719682328778,24.843131325306693,4.405275867854665,48.113600179489296,15.809969283873235,159.12168822162894,38.61337975347485
2021-07-24,205,2021,BN,12.356107617185197,2.2755384854937657,23.752363949568622,7.354228109360756,63.06661187947473,16.104264120110162,25.187451135991125,4.488610166256709,44.721050620627516,15.741426364834563,153.98275810406187,37.62105222837447
2021-07-25,206,2021,BN,12.33792367465331,2.289910273341275,24.23246072995313,7.598205813768165,60.36296510644559,15.865493413308407,25.51542047239177,4.574947883215225,40.651061613152365,15.384909415608714,148.55162648184955,36.598105510688036
2021-07-26,207,2021,BN,12.305712200187761,2.304764739051866,24.28738654588093,7.762287129466887,57.61963822904408,15.83819991744974,25.82825503735433,4.666997004339989,36.313984657978644,14.685774581682193,142.96309942604773,35.59867120808748
2021-07-27,208,2021,BN,12.264513676346704,2.321876193913875,23.9500376728806,7.8728293134345355,54.82337174393251,16.089950707445738,26.12728568455735,4.767117829270688,32.01426716403145,13.689414018550655,137.33392875506485,34.66591425035806
2021-07-28,209,2021,BN,12.219333224247267,2.3427016544090025,23.26902545173898,7.951687405293739,51.955418785374526,16.60196965343729,26.41395001858481,4.877129392722629,27.942206606682362,12.553338412136469,131.75511108853465,33.856991505962114
2021-07-29,210,2021,BN,12.175216383815927,2.3684282323080277,22.30649154766984,8.015649970998668,48.998291843496546,17.18825619210359,26.68992646354568,4.998337859326124,24.180360560456393,11.504285706142822,126.27152436014477,33.37450339672669
2021-07-30,211,2021,BN,12.137542913451746,2.4001893657696654,21.139500954392915,8.080965047779255,45.940445764662975,17.492045869483743,26.957563653162648,5.131851027076363,20.711526269877304,10.682120042751302,120.82718412553454,34.09004692003779
2021-07-31,212,2021,BN,12.1117359146036,2.4388411402939383,19.849333459591463,8.159082823781377,42.789477208377015,17.08700036761157,27.219466315184697,5.278128333082519,17.503905395503097,9.84151016871178,115.1372530838484,38.59412903708266
2021-08-01,213,2021,BN,12.103199368774888,2.4849624928460776,18.516475126243083,8.258712545114125,39.58292041961962,15.714728921957803,27.478349484508378,5.436917038676953,14.55698437299337,8.506890516763278,108.38661756817582,49.053921876305374
2021-08-02,214,2021,BN,12.117380060050714,2.5389820504387006,17.218097633436116,8.390570432928797,36.39141503252652,13.70372396792881,27.73703427086743,5.6074284144691635,11.916642958906117,6.595820841458461,98.73071733279271,54.038652551490294
2021-08-03,215,2021,BN,12.159853013446174,2.601339797572668,16.025799279581655,8.571774344780737,33.31184501204553,12.593649298646364,27.99844629601941,5.788599719339095,9.656800248012852,5.22050984912148,83.294442374462065,31.447159994502666
2021-08-04,216,2021,BN,12.236047903737564,2.6726491317609367,14.99934252297966,8.827580929856246,30.445713106098193,14.681860784757376,28.26547415939247,5.9794929629094575,7.8282926630508465,6.2661532985690425,60.98329699968076,126.47639679681434
2021-08-05,217,2021,BN,12.349776239020091,2.7537423661162728,14.168879347684712,9.184091907892164,27.855871451243427,20.062107192009588,28.540359281765767,6.1798687069409945,6.405495289363316,8.9805111082914,37.001019169909014,227.57064551440143
2021-08-06,218,2021,BN,12.502670638291,2.8455972212546996,13.53472607421776,9.66169339479424,25.548961128630584,27.16234487409413,28.82437363089022,6.390254112094387,5.313578943592016,11.883919183430798,18.95077464011309,216.95440347705795
2021-08-07,219,2021,BN,12.69442179762397,2.9491720788780214,13.076340826264854,10.271297537581463,23.484739568261027,34.907847705536376,29.117856198978643,6.611578208935083,4.458412151308541,14.400551139992182,8.686287470129296,144.88999348006857
2021-08-08,220,2021,BN,12.924499924529588,3.0653642004086326,12.773210252848877,11.020910068503623,21.602396658964118,42.780351292117786,29.42095654161248,6.8445553791001466,3.759202531185812,16.293728611235615,3.738118333918886,79.62294165157012
2021-08-09,221,2021,BN,13.19256861967897,3.1949200852154873,12.608285847084373,11.916891221676913,19.834029482642226,50.51496865835521,29.733829913098738,7.089390501436894,3.1553496267948598,17.397474189806783,1.5439560543316704,39.05140605894891
2021-08-10,222,2021,BN,13.498447902539292,3.3383491654948445,12.566571312246463,12.962658292923852,18.111405382197198,57.91650770970175,30.056637320515364,7.345654784597887,2.606151243673756,17.560878670677454,0.6141896440725787,17.67544622913986
2021-08-11,223,2021,BN,13.842078927006709,3.4958743277610247,12.633984633988288,14.15717555970815,16.37108620130554,64.73025818947549,30.389545580805052,7.612252225750864,2.0904196242815636,16.685868666261754,0.23389024157223612,7.451792439580701
2021-08-12,224,2021,BN,14.223151151661808,3.6673928310177306,12.794264014862625,15.492081941148168,14.566002738790903,70.52866907130577,30.732564513610317,7.887540431053123,1.6087186838794951,14.836358911862183,0.08442169997989622,2.921378962059552
2021-08-13,225,2021,BN,14.639976975997461,3.852374088999776,13.021332986766078,16.94434779505573,12.689450953654267,74.66652494215171,31.085044096485657,8.169615717453148,1.1830564152689351,12.357583496825196,0.02860985988491315,1.060080047506783
2021-08-14,226,2021,BN,15.09031771688723,4.049850344751475,13.283583063301844,18.473821576130863,10.760898037603328,76.34839065744886,31.446136780266155,8.456093142768104,0.8305058322821771,9.675356333048928,0.009015086406244157,0.3536691654909453
2021-08-15,227,2021,BN,15.571623109509916,4.258407357056223,13.544865667192667,20.021071225498172,8.824099101708573,74.79485584045092,31.814954182369153,8.74409390693547,0.5562766616530809,7.146624410224246,0.002614712150628244,0.10760783388334788
2021-08-16,228,2021,BN,16.08095150475253,4.476191467999061,13.764286305223866,21.50641879315015,6.947062851787972,69.53853098328042,32.190564562687385,9.030363230203385,0.35541751159446716,4.996474330331096,6.908999498885226e-4,0.029596260658363065
2021-08-17,229,2021,BN,16.614893798694144,4.7009569705498135,13.897095715854004,22.832197627711118,5.21363579952369,60.76373239878288,32.571990546988864,9.311433904752814,0.2165402876335198,3.3149555065732272,1.6460887569666054e-4,0.007290441972091147
2021-08-18,230,2021,BN,17.169630064075264,4.930295819403485,13.89951125551668,23.89480621642209,3.709558934106553,49.51988290785314,32.958228908284205,9.584029577459388,0.12595357675618707,2.09447905112368,3.5074519184692434e-5,0.0015967040700929547
2021-08-19,231,2021,BN,17.741482046566354,5.162330207514791,13.74288505949186,24.618065692691236,2.5054821062182024,37.62777034968793,33.34836179368816,9.846052104174689,0.07057400122330808,1.2737015340396824,6.703152277967875e-6,3.1204775512779686e-4
2021-08-20,232,2021,BN,18.327455546046647,5.3960432079427285,13.421213360632082,24.97092794637222,1.6217711506586698,26.921732603497144,33.74169789952993,10.096858598167167,0.0386560183482444,0.7570351708934755,1.1679026822450427e-6,5.534936281724092e-5
2021-08-21,233,2021,BN,18.925430909110034,5.631176355549679,12.949691398149213,24.964867397799996,1.0222978324683887,18.469520080511906,34.13781690771223,10.336925935992994,0.0210616068193196,0.44739465234284576,1.9068421993226412e-7,9.163592158017938e-6
2021-08-22,234,2021,BN,19.533278234390323,5.867410691835219,12.350645609726932,24.623767757754436,0.6388892530129695,12.406744560319702,34.53634393303253,10.566753740634207,0.01161945334609006,0.2673805500108879,3.005458974916878e-8,1.459367517053224e-6
2021-08-23,235,2021,BN,20.148597759967664,6.104027840569193,11.648805598790142,23.973932464937974,0.40294808682162797,8.330247677655073,34.9368871708623,10.78645427704209,0.006606554527629579,0.16427196045784684,4.710881839447331e-9,2.3038225213866778e-7
2021-08-24,236,2021,BN,20.768710878602274,6.339784899453639,10.869870891196507,23.043138653226393,0.2609077034217955,5.699439032467095,35.33903766900813,10.995628022065212,0.003940124629223955,0.10544499599093093,7.564781336199495e-10,3.714661214559785e-8
2021-08-25,237,2021,BN,21.390654320384506,6.572840599778908,10.039217206522098,21.861467979699565,0.17631254572448837,4.045366242571255,35.742369144137186,11.193307521447823,0.0025085773882679878,0.07186683395465081,1.2820374466051282e-10,6.302934366645825e-9
2021-08-26,238,2021,BN,22.011540474176684,6.801030165543627,9.182163230283562,20.467738585628748,0.12620980559785996,3.0262279830200334,36.14649180780035,11.378243443364433,0.0017281040245105378,0.05264683301453856,2.3629056972964356e-11,1.1598045650906617e-9
2021-08-27,239,2021,BN,22.62972559503237,7.0228663372065,8.326164149944857,18.922562235985016,0.0966901399537526,2.4122890379446913,36.551218815559295,11.549842793464142,0.0012841757704353763,0.04130120007497257,1.581320136874115e-14,7.727588771213097e-13
2021-08-28,240,2021,BN,23.24386472053398,7.236854174109426,7.494431542887504,17.28807969517767,0.07999213353804459,2.068424996628317,36.956412491205775,11.707452709335348,0.0010220892624913302,0.03443467135097533,1.5490964908835733e-14,7.515746252721022e-13
2021-08-29,241,2021,BN,23.85257279576381,7.441203353694905,6.704291816583395,15.61972073709078,0.07209659459547715,1.9252635710544712,37.361931536023505,11.85006988686275,8.65086529168932e-4,0.030282320155800787,1.516209455011374e-14,7.282474895387368e-13
2021-08-30,242,2021,BN,24.454428757682972,7.633832897393198,5.96760044456641,13.964484697480673,0.07141036046531991,1.96262044973325,37.767631044327715,11.97634303955217,7.730948851890363e-4,0.027879928143427084,1.4828049556431395e-14,7.029663248550293e-13
2021-08-31,243,2021,BN,25.047979997694718,7.8124155323313875,5.291440902547067,12.36030502771094,0.07839969877807047,2.210212361183638,38.17336252339787,12.084617018004739,7.242766938008214e-4,0.026675175946547367,1.4490220395996374e-14,6.758953018675786e-13
2021-09-01,244,2021,BN,25.63174719211591,7.974467674017832,4.678963521135608,10.836214844431543,0.09621180283107487,2.7726225790699237,38.57897391792767,12.173022197015438,7.062695667632962e-4,0.0263347691960954,1.4149924538180654e-14,6.47174652715757e-13
2021-09-02,245,2021,BN,26.204229486931784,8.117492476519795,4.130250996187895,9.413054631769688,0.13304738630766152,3.9040274418517056,38.98430963911144,12.239614625473129,7.117483873158645e-4,0.02664385664908601,1.3808403299952654e-14,6.169238552186229e-13
2021-09-03,246,2021,BN,26.76385334329058,8.23943152405177,3.6428855368468778,8.105174028774943,0.20835975513811605,6.193345613515563,39.389128383787586,12.28286475236552,7.346831188338356e-4,0.02741315360140903,1.3466819676037507e-14,5.852608014376657e-13
2021-09-04,247,2021,BN,27.308698972892703,8.339813535343232,3.2120369777847078,6.9226177270161955,0.36654550631465566,10.946196193851131,39.79276264781326,12.302977817384503,7.63975850214035e-4,0.028296586746556926,1.3126257080739928e-14,5.52365237663776e-13
2021-09-05,248,2021,BN,27.83634539367029,8.41960151989524,2.8318702147750003,5.868715950977202,0.7075323067360326,20.891328843819785,40.19408516691443,12.301758032793641,7.838257139746386e-4,0.028798642478090726,1.2787718925056238e-14,5.184879125146993e-13
2021-09-06,249,2021,BN,28.344209863163435,8.479990344480065,2.4967447098520226,4.940658194476458,1.4444299787888275,40.721246439358815,40.59184011907183,12.281206707078606,7.766183003977007e-4,0.0283670050068074,1.2452128950111324e-14,4.838665460289029e-13
2021-09-07,250,2021,BN,28.8296581841696,8.521905601475257,2.201464759147792,4.131330549882092,2.9365372345027203,73.15440451390168,40.9847296648331,12.242985271189953,7.273307998737355e-4,0.026521367581516606,1.2120332236908397e-14,4.4870152738461546e-13
2021-09-08,251,2021,BN,29.290020214513664,8.545790564408541,1.9413140059888052,3.4310619831882128,5.419604291707617,102.44978567839908,41.37141521649405,12.188226812905855,6.302030228230077e-4,0.023054694364431853,5.165650310534556e-12,1.809715013479168e-10
2021-09-09,252,2021,BN,29.72260695251083,8.551479505201797,1.7120652350717764,2.8290530090077044,8.279834545558266,94.67017168860173,41.75051911119639,12.117432170717139,4.944708164325352e-4,0.018232254938000306,3.2910443543386244e-11,1.0826181800650028e-9
2021-09-10,253,2021,BN,30.124624526074705,8.538416597288764,1.5099295450643038,2.3147467854545076,10.317710289145454,57.102399626191335,42.12060912141468,12.03075424937043,3.4589098803422915e-4,0.012899040937484908,2.6079929078341744e-10,7.982715551416066e-9
2021-09-11,254,2021,BN,30.492870375904683,8.506591082559845,1.3314874492048787,1.8792034305797642,11.201857487802181,26.30234939597579,42.48014707299259,11.929076590567977,2.1740101233403634e-4,0.0082187798485606391,2.472924439075224e-9,6.971498953195825e-8
2021-09-12,255,2021,BN,30.82405417148199,8.456132029927206,1.1738836212261472,1.5139502275067787,11.37026125535682,11.322703025455988,42.827542678078665,11.813415768101779,1.244609293030842e-4,0.004777202499397732,2.6889477549786858e-8,6.901885692111615e-7
2021-09-13,256,2021,BN,31.11492999712249,8.387115235897102,1.0347725320244345,1.2106926556366762,11.229756221488378,5.859132490961464,43.1611745917453,11.68465317965868,6.579298694613297e-5,0.002566567708663632,3.213336918979989e-7,7.410096632147885e-6
2021-09-14,257,2021,BN,31.362328852772436,8.299621143455992,0.9122075580369177,0.9614249433550117,10.980053195578394,4.31585897546184,43.47939473592975,11.543569797121165,3.255573489220586e-5,0.0012916238507135985,4.044527773589291e-6,8.247387930077138e-5
2021-09-15,258,2021,BN,31.56319294169169,8.193864199362132,0.8045433390483604,0.7585656902545113,10.700540316611063,3.8627281087970893,43.7805331796967,11.39094959603058,1.5286325611288836e-5,6.171804458788163e-4,5.138684381620977e-5,9.085649029587836e-4
2021-09-16,259,2021,BN,31.714846338267094,8.070785618933964,0.7103656269255355,0.5952358039997849,10.420682603636843,3.6338966408400353,44.063027798524686,11.228119468170195,6.935437289463605e-6,2.8519494077180243e-4,6.323093046802146e-4,0.009453353437912338
2021-09-17,260,2021,BN,31.81574236983687,7.933367619622065,0.6284619926921301,0.4656288283094212,10.151269591975865,3.456384381907016,44.325808662264855,11.058186003878083,3.1518928568652308e-6,1.3218295428541518e-4,0.007261580307113921,0.08883514319259822
2021-09-18,261,2021,BN,31.864795705218604,7.785279868347633,0.55773805204127,0.3645301757936606,9.896221879708154,3.2997508614151876,44.56794037938015,10.884814068117628,1.494062066948252e-6,6.40148175573549e-5,0.07499608035644346,0.7167893699608411
2021-09-19,262,2021,BN,31.861163317959893,7.6301274160927415,0.4971735834214399,0.2873083205533709,9.65697369987649,3.158589247794094,44.788502839601044,10.711545640471773,7.691979655905204e-7,3.373922458011304e-5,0.664128887675933,4.579311296474423
2021-09-20,263,2021,BN,31.804256121233102,7.471120108935033,0.44581037281211994,0.22998761983580596,9.434028279929972,3.031941263697682,44.98659467972368,10.541504799756568,4.478706233252923e-7,2.015133003637748e-5,4.497973598762276,18.300911729560724
2021-09-21,264,2021,BN,31.69374869020367,7.310814745195266,0.4027555386382869,0.1891884750521229,9.227524932708814,2.919534966524778,45.161336834272305,10.377164675503098,3.0710341407108934e-7,1.4198331074449538e-5,17.02834470574389,23.427706855808133
2021-09-22,265,2021,BN,31.52958690505094,7.150958050125675,0.3671945085744196,0.16193985971038435,9.037458256768653,2.8210503717507174,45.31187615689186,10.22020096456975,2.582301669054039e-7,1.2282889506253324e-5,29.551123167337654,12.016805929453563
2021-09-23,266,2021,BN,31.31249374218173,6.992728487038363,0.3383684078213938,0.14545910124464112,8.863657734817892,2.7360218382074235,45.43756901292631,10.071676725353376,2.7547166502233575e-7,1.3490322435338557e-5,33.942833159892515,12.067391433805838
2021-09-24,267,2021,BN,31.045439848371466,6.837613591385036,0.31549050659861555,0.13707556031818668,8.705511677266085,2.6639252566644864,45.53852782403427,9.932788463079646,3.7582940462377206e-7,1.895293971925178e-5,34.79095695075383,11.651106333414571
2021-09-25,268,2021,BN,30.732063433100464,6.6865818880651195,0.29790431273222023,0.13442641764979515,8.56233633325964,2.6041498385426776,45.61508780809356,9.804250305323142,6.567943211584956e-7,3.408685115069386e-5,34.708458884931,11.298257227461942
2021-09-26,269,2021,BN,30.376118136958674,6.539821697617086,0.2851199745281359,0.1356524738380169,8.433481742082947,2.555991903527778,45.66762595380849,9.686061351059086,1.4725625343534039e-6,7.850871221939882e-5,34.40797445838794,11.061878484325595
2021-09-27,270,2021,BN,29.981429517023628,6.396883116132817,0.27680843793718746,0.13946630204781238,8.318305719389395,2.5187156168470217,45.69655877468602,9.577611325512768,4.242331445047064e-6,2.315844172527697e-4,34.07834204840684,10.898279581484818
2021-09-28,271,2021,BN,29.5518542888404,6.256948202796016,0.27280103074565115,0.14507532500489728,8.216120660730185,2.4917018789654306,45.70234000040882,9.4779325155824,1.5729030089758747e-5,8.748436360340692e-4,33.7697948504585,10.794942365090632
2021-09-29,272,2021,BN,29.09124269965675,6.119210698433811,0.2730959919807908,0.15204539684451474,8.12608969172276,2.4748005428834183,45.6854582186348,9.38610026920423,7.51693865974478e-5,0.004231902128419328,33.48167240069141,10.772977519360277
2021-09-30,273,2021,BN,28.603638494448536,5.9836749318662275,0.2778251345724714,0.16018293355760996,8.046926110275551,2.4692992952565707,45.6465195816019,9.302150778327915,4.595522750822557e-4,0.025975527447301056,33.16434813994037,10.964353642271476
2021-10-01,274,2021,BN,28.094085054280956,5.852751080591418,0.2870760475851617,0.1694512831451916,7.9761514852174304,2.4805843027585395,45.58656769333389,9.22903731819973,0.003410989053670236,0.1916583252515704,32.66576956331925,11.984175227730125
2021-10-02,275,2021,BN,27.568310960009097,5.73071054515042,0.30088288886104914,0.17986593262212414,7.909528211717872,2.5245724602191952,45.50702604575524,9.172357263293991,0.02784202568632552,1.5279081836602406,31.598140337366328,15.965231957393291
2021-10-03,276,2021,BN,27.031913035264846,5.62164491705948,0.3193630989392138,0.19137385188590583,7.840413230116947,2.6423694575027667,45.40940229481282,9.138134453719147,0.2136430058202224,10.611302575051884,29.14321437682895,26.204761787871806
2021-10-04,277,2021,BN,26.490158687895622,5.528671735704346,0.34272742609303547,0.2037880871348785,7.758461034079695,2.9226705315989916,45.295214389913475,9.131818139368626,1.038635192118718,32.15078843282122,24.30408999815758,40.323960473493536
2021-10-05,278,2021,BN,25.947971020308557,5.453748405222168,0.37124707476119984,0.21674095937830767,7.648331006987084,3.4998694727852055,45.16598516523007,9.157896931805507,2.0335664472362964,19.000730572633103,17.51577674583801,45.61045770637807
2021-10-06,279,2021,BN,25.40992315639664,5.397761631126226,0.40521635561385816,0.22965290742453243,7.489896878447694,4.468476091556683,45.02323739049514,9.219797429157023,2.3412726642848574,5.509475977318328,11.315621841715588,37.46333820726606
2021-10-07,280,2021,BN,24.880028403211497,5.3609525982275805,0.44494266573282015,0.24183603188761407,7.262033837509286,5.7443033169603455,44.86847088015782,9.320278251777188,2.3786416479009262,2.5253072554511222,7.393850008038279,26.605518247127097
2021-10-08,281,2021,BN,24.361147283316424,5.343671768126733,0.49082570781444484,0.2529579226491676,6.949507807907822,7.008460826961467,44.703103781674535,9.462418508536976,2.3621494637094647,1.9157948471037018,5.490733853688109,19.496968020156817
2021-10-09,282,2021,BN,23.85541323176666,5.346565870871732,0.5432482745932313,0.2632435637127506,6.552457614292691,7.776021700263248,44.528486694819684,9.649526980931517,2.335262082483941,1.6416366458038176,4.98952935168476,16.191107022416002
2021-10-10,283,2021,BN,23.363658375891305,5.370941865130023,0.602491412007231,0.2740742446117521,6.088426045964441,7.611539827650591,44.34580374106001,9.885644199385538,2.3030611279938884,1.464693323492136,5.669296968432751,15.339506523259018
2021-10-11,284,2021,BN,22.886357104669713,5.418391736446496,0.6686777897948541,0.28908321700529704,5.590117044588579,6.342994446934372,44.156188226954605,10.174686205387093,2.2505387828945724,1.4585309292147315,7.951308126980263,15.47310234751204
2021-10-12,285,2021,BN,22.423927393317346,5.490509689578104,0.7417051188051413,0.31543239956846053,5.0969638070173025,4.233326880193907,43.96075975661952,10.519944916963574,2.0846918268940318,1.870852811914912,12.978392958846976,13.98673678081032
2021-10-13,286,2021,BN,21.976735625053603,5.588742695300209,0.8211730421748487,0.36408219530575125,4.644512519908808,2.706807514412347,43.76062272408879,10.923901425545326,1.356936651119326,0.8705811545767735,21.478757291834377,12.072837851395281
