model,smooth_par,k.,edf,k.index,p.value
biofilm AFDM,s(doy),9,5.122032534606922,0.9465073765494914,0.32
biofilm AFDM,"s(doy, site_year)",120,33.339572482152604,0.9465073765494914,0.3375
filamentous AFDM,s(doy),9,3.6135364145073474,0.7178088331207777,0
filamentous AFDM,"s(doy, site_year)",120,47.28857869426077,0.7178088331207777,0
biofilm chla,s(doy),9,2.2676365702541927,0.9781534230302384,0.58
biofilm chla,"s(doy, site_year)",120,39.23009518273178,0.9781534230302384,0.5975
filamentous chla,s(doy),9,5.505553663843075,0.7133186722677881,0
filamentous chla,"s(doy, site_year)",120,42.75665170415177,0.7133186722677881,0
