model,smooth_par,k.,edf,k.index,p.value
biofilm AFDM,s(doy),9,5.155314971509246,0.9464316235790903,0.32
biofilm AFDM,"s(doy, site_year)",120,33.19171127411247,0.9464316235790903,0.31
filamentous AFDM,s(doy),20,4.881953497919517,0.7588180750228721,0.0025
filamentous AFDM,"s(doy, site_year)",110,24.620295027039642,0.7588180750228721,0
biofilm chla,s(doy),20,1.4839580968802784,0.9755578659108214,0.5775
biofilm chla,"s(doy, site_year)",120,39.824126923097225,0.9755578659108214,0.5775
filamentous chla,s(doy),20,7.114495288691315,0.7569312054909922,0
filamentous chla,"s(doy, site_year)",110,23.011918245064198,0.7569312054909922,0.0025
