model,smooth_par,k.,edf,k.index,p.value
biofilm AFDM,s(doy),9,5.155314971509246,0.9464316235790903,0.325
biofilm AFDM,"s(doy, site_year)",120,33.19171127411247,0.9464316235790903,0.345
filamentous AFDM,s(doy),19,4.139999430090817,0.7692679909503229,0
filamentous AFDM,"s(doy, site_year)",110,26.344621422016797,0.7692679909503229,0
biofilm chla,s(doy),9,2.2437613521165005,0.9777253723674303,0.56
biofilm chla,"s(doy, site_year)",120,39.18257173400759,0.9777253723674303,0.59
filamentous chla,s(doy),9,4.788179337964207,0.762999891489893,0
filamentous chla,"s(doy, site_year)",110,25.240551029437,0.762999891489893,0.0075
