site,date,doy,epilithon_gm2,epiphyton_gm2,filamentous_gm2,epilithon_chla_mgm2,epiphyton_chla_mgm2,filamentous_chla_mgm2,NPP,NPP_chla,year,site_year,epilithon_chla_upper,epilithon_chla_lower,epiphyton_chla_upper,epiphyton_chla_lower,filamentous_chla_upper,filamentous_chla_lower,frac_fila,frac_fila_upper,frac_fila_lower,NPP_mod,NPP_upper,NPP_lower,PAR_bc_Jm2
GR,2020-07-13,195,NA,NA,NA,47.64868356487873,0,129.96452005965372,NA,NA,2020,GR_2020,69.39470976491953,31.785109990042418,0.03446489885378584,0,272.6500376357099,49.051446506947286,0.728192876124119,0.8600401965472798,0.5001206476217934,5.691860809778423,14.216765000270996,-0.35003800001745233,33.74107206584687
GR,2020-07-14,196,NA,NA,NA,47.436318200203736,0,131.50551004430372,5.746111115532759,5.746111115532759,2020,GR_2020,62.12556991744253,34.37083826550835,0.032665787349304545,0,254.40142120614124,53.15767419699775,0.7275971941511163,0.8595425705155925,0.4974078118418126,5.737776324474046,6.680408230700947,4.797668296384489,35.27072464347829
GR,2020-07-15,197,NA,NA,NA,49.28829202781606,0,137.37008210891358,6.095075177752801,6.095075177752801,2020,GR_2020,64.03264597201974,36.07573353098324,0.033151259172040926,0,264.32669954076374,54.81176600767427,0.7270876406576448,0.8603483797849452,0.5016690256021126,6.074220223526559,7.012178813113348,5.139823448255888,34.55247928579093
GR,2020-07-16,198,NA,NA,NA,50.671294495927334,0,144.2641694349432,6.416918514998095,6.416918514998095,2020,GR_2020,65.91313251841709,36.58009316289349,0.0316452547536242,0,279.842939173046,58.21096432104646,0.7327249038115624,0.8644864560948695,0.501662785474601,6.38857955758931,7.333266906376456,5.454744524216789,34.12305491855473
GR,2020-07-17,199,NA,NA,NA,43.16780391084907,0,113.8153387728426,4.770576216023699,4.770576216023699,2020,GR_2020,56.52627792840699,31.175416206014614,0.0341390033120237,0,225.53668138763774,44.681504209524725,0.7206528659956997,0.8529090469748181,0.4885441217953117,4.7681591024859635,5.690833291357496,3.8357483526099716,31.729018746206886
GR,2020-07-18,200,NA,NA,NA,47.735880078304014,0,131.41933448461842,5.9692751762503695,5.9692751762503695,2020,GR_2020,62.41232892654354,34.74065807330394,0.03748467895990065,0,261.5977050864031,51.63952982345349,0.7260096800606022,0.8606843975207958,0.49049391026755645,5.944575883824442,6.8682140160691665,5.00435279528605,33.81548632038321
GR,2020-07-19,201,NA,NA,NA,48.476959310265926,0,136.77426138876402,6.186758424413997,6.186758424413997,2020,GR_2020,63.51273249420918,35.3462670148681,0.03754998833882428,0,265.99678471961244,54.49484465737312,0.734479808163718,0.8608536828792036,0.5002175866612507,6.164133178561642,7.0895973115795865,5.227291408262473,33.68890292933225
GR,2020-07-20,202,23.0971848959,1.71069037486,64.42247832965,65.76899037,0,157.28724219999998,5.988930061229449,5.988930061229449,2020,GR_2020,194.71206139030463,0,0,0,537.3678240525988,0,NA,NA,NA,6.020334429302562,6.937537013993229,5.094322617776116,33.4528644220459
GR,2020-07-21,203,NA,NA,NA,46.465860442978425,0,136.71807901496666,5.945992124419095,5.945992124419095,2020,GR_2020,60.72010619156571,33.96893399464671,0.03769196633572966,0,265.8177664721327,54.59066072656713,0.7403871694170947,0.8647936369069839,0.5137065993195526,5.912090471523838,6.848111787064248,4.998625040070809,33.226467746042516
GR,2020-07-22,204,NA,NA,NA,43.08111032422126,0,124.81488254654874,5.173148599613756,5.173148599613756,2020,GR_2020,56.618497289093334,31.31939348169939,0.03811529005986995,0,238.41938178778852,49.67895448175316,0.7380704008719419,0.8614070985805624,0.5104971990187229,5.164763781835346,6.087576242297478,4.235633515339913,32.65115260571764
GR,2020-07-23,205,NA,NA,NA,39.28873930738791,0,107.8155835924069,3.533228019553542,3.533228019553542,2020,GR_2020,52.97510779691402,28.055541440852604,0.037089595347950394,0,214.70880344202985,42.364549721663245,0.7269599970805247,0.8562825811684699,0.4969595774409575,3.5447056890092568,4.46958023311002,2.628221136288781,22.95680513634855
GR,2020-07-24,206,NA,NA,NA,41.23437710743105,0,118.80316153111123,5.053376372069621,5.053376372069621,2020,GR_2020,54.680330685615104,29.88757195693187,0.03812054671884038,0,228.95298177748558,46.15733475260127,0.7352292965804963,0.8610757456756872,0.5022754230050661,5.0454064726595345,5.982603792193647,4.102174995853575,34.100616690668325
GR,2020-07-25,207,NA,NA,NA,41.505369713727525,0,118.64659279386467,5.25185974026075,5.25185974026075,2020,GR_2020,54.61903132675672,29.75159707487483,0.03798675730778786,0,237.75908326928916,48.81568613750282,0.7369395519313129,0.8667915457492015,0.5077779076285598,5.234558265818425,6.172088706994278,4.313226081120646,34.83512074734872
GR,2020-07-26,208,NA,NA,NA,40.447497629840164,0,116.14698470714504,5.01783532414556,5.01783532414556,2020,GR_2020,53.535211111105994,28.883259802249267,0.03612554665624072,0,229.65806183244027,45.56598649265644,0.7359218403503569,0.863236220860034,0.5065376584092629,5.010327673186145,5.937848298551692,4.09299529111507,34.74109855736042
GR,2020-07-27,209,17.2529762377,1.96082527106,85.49058914005,35.0399210216,0,151.5456748276,5.176311644175007,5.176311644175007,2020,GR_2020,80.87516430044556,0,0,0,424.04810595497815,0,NA,NA,NA,5.128443728897601,6.050709454547242,4.20385267665267,34.32661633955543
GR,2020-07-28,210,NA,NA,NA,39.99859040551393,0,122.69367283660497,4.568833351485717,4.568833351485717,2020,GR_2020,53.82672818714153,28.613485332653635,0.035757022804410885,0,241.01984509787818,49.32220465814673,0.7445934038254927,0.8701363952374508,0.5258510541070168,4.552473964578535,5.4845412019351,3.628832097023579,25.434024883515608
GR,2020-07-29,211,NA,NA,NA,37.0582066321631,0,103.35029088642771,4.097087556661879,4.097087556661879,2020,GR_2020,49.44496367928677,26.707804997057544,0.03647745493008532,0,204.46800986323865,39.25526116600364,0.7287316118306517,0.8579847024873686,0.497036741964869,4.09357449689023,5.0225588930351,3.168122655634766,30.238628666707648
GR,2020-07-30,212,NA,NA,NA,37.15792116596105,0,111.73110261571199,4.6650301594851165,4.6650301594851165,2020,GR_2020,49.643496605119715,26.53702291250993,0.03281702539276318,0,214.70378214397522,44.29981047539174,0.7405176613603812,0.8660979509210739,0.5191188210052109,4.653305081754832,5.596820678185844,3.719811034277458,34.34808459111825
GR,2020-07-31,213,NA,NA,NA,38.74809239172194,0,116.29381605198706,4.907115564520025,4.907115564520025,2020,GR_2020,51.55454662309268,27.85106386900025,0.03276943786258579,0,229.79299106324575,47.12693240335122,0.7435551917710823,0.867399643598096,0.5225979834409771,4.881519488679699,5.824245395426841,3.942813561034365,31.48124625574266
GR,2020-08-01,214,NA,NA,NA,36.62254709055749,0,101.5727874338916,4.264486998663274,4.264486998663274,2020,GR_2020,48.37463418017584,26.539315479062303,0.03194250527213176,0,205.54159233863706,39.150367308179995,0.7288388297247612,0.8603495774496532,0.49597819201877685,4.254674519378325,5.185541086761485,3.3325167193205982,30.823340447063703
GR,2020-08-02,215,NA,NA,NA,36.17387523276562,0,104.7589367780631,NA,NA,2020,GR_2020,51.85643811907457,24.288191309408507,0.032657892022456864,0,223.1310779138445,40.808119734891655,0.7390785263924718,0.8649297889999866,0.5141755907322311,4.351623077049673,10.900483246181727,-0.8746323129947327,33.46146686103024
GR,2020-08-03,216,14.4060904273,2.02727200026,84.20589087845,33.9081386684,0,117.16876396320001,NA,NA,2020,GR_2020,72.01893098349181,0,0,0,290.272352184968,0,NA,NA,NA,3.6672084094210784,7.832201749030074,-0.506475207112303,32.02854573681163
GR,2020-08-04,217,NA,NA,NA,37.36931388829907,0,106.7396755761876,4.73947436935922,4.73947436935922,2020,GR_2020,49.40644732475625,26.434865905701724,0.03263568517065292,0,210.66645626355364,43.125954413215176,0.733956497349388,0.8640032582068575,0.513822581437638,4.726833775064638,5.666806738483676,3.805630758320459,34.127484003667
GR,2020-08-05,218,NA,NA,NA,36.44220760103012,0,105.2804457180543,4.476565747533055,4.476565747533055,2020,GR_2020,48.9342903891873,25.73003167662139,0.032802822771144144,0,206.2385324064335,41.86606754745553,0.7368020917766512,0.8643549159261682,0.5052186926553038,4.468495220136515,5.406535661282884,3.5260542093908644,32.90008061557206
GR,2020-08-06,219,NA,NA,NA,38.124388808218306,0,112.52236420863308,4.847086896228899,4.847086896228899,2020,GR_2020,50.84579753929493,27.104346050870827,0.03221767113588636,0,219.41038900317338,45.4323669741453,0.7406698551573495,0.8667865099618804,0.5196609134801242,4.817686723891541,5.74070538361474,3.9090999432784557,31.2570962772874
GR,2020-08-07,220,NA,NA,NA,39.63230627475271,0,112.08295473990451,5.294435917734103,5.294435917734103,2020,GR_2020,52.21306108413024,28.28712988359544,0.031322213300035456,0,221.8038595215239,43.45380595142626,0.7338698125252519,0.86224814194179,0.4991459312727626,5.2605948180551145,6.184466529312614,4.324966404961588,34.42087097425123
GR,2020-08-08,221,NA,NA,NA,41.81751178962294,0,120.94094508144316,5.751611016693302,5.751611016693302,2020,GR_2020,54.713178366183534,30.25607148891056,0.031216880097228908,0,230.31401224114111,48.87905640439406,0.7380211041692455,0.8613580928642911,0.5146582894087148,5.709389782849216,6.652193540093778,4.790490176067503,34.543657134694
GR,2020-08-09,222,NA,NA,NA,47.07915080923964,0,145.14494001570543,6.5155536005249255,6.5155536005249255,2020,GR_2020,62.20281950376256,33.568980611973664,0.03045847346993459,0,280.82096215274794,55.946177100844224,0.7473116504385705,0.8717410552647025,0.5159557157831488,6.442957014702147,7.35220706439036,5.509813854953821,27.768615386526577
GR,2020-08-10,223,10.0812611061,1.78624636926,56.08728290145,30.811180242000002,0,164.30728417999998,6.699551644586791,6.699551644586791,2020,GR_2020,56.40808077514834,5.214279708851661,0,0,287.2182296294661,41.39633873053386,NA,NA,NA,6.56530341115372,7.4865448257528895,5.64246295064176,35.41055721617659
GR,2020-08-11,224,NA,NA,NA,48.66268566974403,0,142.8327511296998,7.236474986855199,7.236474986855199,2020,GR_2020,63.478004129946534,35.678733185418174,0.03364545401812666,0,276.1228210876411,57.391126929085665,0.7414812369502327,0.8664717212143818,0.5038537964117494,7.159070273271179,8.08340730402304,6.241652590849505,35.415887394655876
GR,2020-08-12,225,NA,NA,NA,46.14076226610756,0,130.81168421849097,6.254126707592979,6.254126707592979,2020,GR_2020,60.41059931243216,33.02964777399857,0.03379082652593274,0,249.1713197130324,53.228760980578016,0.7318238351207433,0.8598987019881497,0.5083720465934984,6.187050600656903,7.10504409421968,5.263003318730998,29.40134627317508
GR,2020-08-13,226,NA,NA,NA,43.773523554351264,0,115.20288262546437,5.948927421714515,5.948927421714515,2020,GR_2020,57.43313505345571,31.693897168020808,0.035776254275012714,0,227.96772934280395,45.34333901982074,0.7175390987617436,0.852598484246343,0.4830787697485985,5.903584531591951,6.857620563566619,4.985794254980342,33.93141868699291
GR,2020-08-14,227,NA,NA,NA,45.46534459146722,0,119.02720496209902,6.444933855253594,6.444933855253594,2020,GR_2020,59.4260574925164,33.22108879707969,0.0348324713645749,0,230.71331616538723,48.17195022218572,0.7176505844388108,0.851557008680567,0.48870634999432083,6.390246079654312,7.330667991548758,5.456499017847452,36.86185223059989
GR,2020-08-15,228,NA,NA,NA,49.72572223178907,0,127.73377681027434,7.131594898295558,7.131594898295558,2020,GR_2020,64.15376953109241,36.450355858079455,0.03557319637302199,0,254.4825487964226,50.66199469172545,0.7124205338346332,0.8519630332554581,0.4752597866870373,7.068692042191206,8.012330133043363,6.130571761653339,36.91103889079862
GR,2020-08-16,229,NA,NA,NA,53.847264814737315,0,141.05444524600122,7.6825454886183735,7.6825454886183735,2020,GR_2020,69.1568366388451,39.895521219411066,0.03686596526105626,0,275.19927237724056,57.04666608223531,0.7167758480202628,0.8540518396422769,0.4901244488014184,7.607739623996505,8.534117204080829,6.680335163655013,34.5307430294423
GR,2020-08-17,230,9.4305720909,1.48472559046,43.57481278545,38.220101244,0,112.078462316,7.359928244919811,7.359928244919811,2020,GR_2020,57.6701406920558,18.770061795944198,0,0,337.93963324540925,0,NA,NA,NA,7.203018262460828,8.118858897664383,6.284502530685042,36.06701380804783
GR,2020-08-18,231,NA,NA,NA,45.91731670523175,0,105.62364987960795,6.080137206708899,6.080137206708899,2020,GR_2020,59.50343765487399,33.45534263183491,0.03738123416084012,0,211.6304398063487,41.53520428946381,0.6934122731371386,0.8381226203150535,0.45276845887316186,6.0335648033772955,6.982403499767088,5.085195533850348,35.783047691714366
GR,2020-08-19,232,NA,NA,NA,46.027578711512554,0,105.46645748635167,5.8565490599483745,5.8565490599483745,2020,GR_2020,60.20476748325089,33.35679129470476,0.036988364047190136,0,208.9272374733197,40.13740387723589,0.6891961151034811,0.8354627279962856,0.4496651379002119,5.805343585622982,6.7343820553118,4.898024146920301,32.13993775654566
GR,2020-08-20,233,NA,NA,NA,45.36438812130889,0,99.13451585871486,5.658978042274415,5.658978042274415,2020,GR_2020,58.69725056114801,32.901361219993674,0.03670014044321958,0,201.9789906566935,38.03214902439397,0.6819671251210271,0.8321470481723992,0.4416327460363831,5.620622159354488,6.549472180622991,4.678743307849767,32.86793288718001
GR,2020-08-21,234,NA,NA,NA,44.66979313458412,0,93.21333676599743,5.70220635446429,5.70220635446429,2020,GR_2020,57.69786933269159,32.71114480698372,0.0372560345275532,0,185.88642439791033,36.35831839487302,0.6701307285944812,0.8222425137612306,0.4323788955302784,5.666623292564865,6.598245633973617,4.73120533553691,37.16039102105855
GR,2020-08-22,235,NA,NA,NA,45.22220662663116,0,92.18174558250875,5.842185985892951,5.842185985892951,2020,GR_2020,58.860189932640196,33.52759747158606,0.035265187603706005,0,191.80664599362356,34.710901982312926,0.6637304008947134,0.824409597039268,0.418385819739607,5.80926861869588,6.752689548238395,4.8921370719320585,37.924857523721705
GR,2020-08-23,236,NA,NA,NA,46.82982785573688,0,97.72470952195665,6.0603316154583515,6.0603316154583515,2020,GR_2020,60.13118227369344,34.15492778301302,0.03616977625488463,0,192.20006730684534,39.27679473342958,0.6734362729519479,0.8205995259374286,0.4378158893424061,6.025387084529326,6.972792281349381,5.087006845570434,38.572342571473406
GR,2020-08-24,237,30.2859617427,2.08485580546,83.18076494545,59.576493352,0,133.953498344,3.2096226918884767,3.2096226918884767,2020,GR_2020,152.51413681460508,0,0,0,294.52729056748876,0,NA,NA,NA,3.3366430765429955,4.260387259129147,2.4175145513523932,32.680361574226616
GR,2020-08-25,238,NA,NA,NA,34.03499582463233,0,63.70943476994896,2.8021858023542316,2.8021858023542316,2020,GR_2020,45.190428100473305,23.83887554371687,0.03552898838274582,0,131.45172389664663,24.384936663891025,0.6505453312410878,0.8090274395991922,0.4078963508252945,2.848356078437021,3.775240845079172,1.9221813632136593,34.487993595895915
GR,2020-08-26,239,NA,NA,NA,42.50817464474054,0,78.44375835834633,5.0361961470050245,5.0361961470050245,2020,GR_2020,55.508550141700006,31.327949241966163,0.03563720033046336,0,158.87728595225727,29.98755740503344,0.64294667318693,0.8037726110460667,0.40166942630263613,5.034223477099276,5.965016849876957,4.089539892510159,38.83749536055618
GR,2020-08-27,240,NA,NA,NA,41.96274578378791,0,77.50623869188054,4.824277401245565,4.824277401245565,2020,GR_2020,54.51608639373284,30.830729052455734,0.03411697624505851,0,159.13675470393846,29.04442117172699,0.6467066998029751,0.8065694955516373,0.40045857876820307,4.8152507767657795,5.7452418151628954,3.876135551274051,37.04817694582577
GR,2020-08-28,241,NA,NA,NA,44.399999928122206,0,81.87352845118555,5.379546263122786,5.379546263122786,2020,GR_2020,57.42327725229311,32.560644917131,0.03768504893243038,0,169.25284712703376,31.401770933075586,0.6459228725057449,0.8085274708582925,0.4007823366623523,5.364860661912841,6.299379705714557,4.436320671735018,37.98755385588206
GR,2020-08-29,242,NA,NA,NA,45.0164500062539,0,81.20494655470326,5.607892223715778,5.607892223715778,2020,GR_2020,58.27397289925395,33.17451966536014,0.0357378159256551,0,162.1664076354975,31.33466027723483,0.6385571496408969,0.8005718498187755,0.39639502102777135,5.590634998747043,6.51760437923545,4.637394786795353,40.305847965538526
GR,2020-08-30,243,NA,NA,NA,49.10657293984754,0,85.31593637166333,6.272349927999926,6.272349927999926,2020,GR_2020,62.249507625748265,36.28566687751738,0.0349168840365629,0,172.74018803142715,32.504210852806246,0.6322821658512763,0.7982115255713198,0.3878603988179822,6.237132266098559,7.186691568245539,5.2958851268001625,39.86140285291696
GR,2020-08-31,244,NA,NA,NA,52.39021197609608,0,86.4157498805634,5.558268470752801,5.558268470752801,2020,GR_2020,68.84357085800347,38.24059968860478,0.0330150002456704,0,179.36183365849405,32.73072677811848,0.6215625267311755,0.7909094152619237,0.3719849620947018,5.4968958688713725,6.456529731707633,4.560081775519538,22.383947371240502
GR,2020-09-01,245,NA,NA,NA,43.708580107883115,0,73.70832791002015,NA,NA,2020,GR_2020,62.08096293749722,29.63776756399635,0.035743853642621753,0,155.1257602867606,28.26207588970706,0.6272233998994341,0.7885453479816682,0.38843103844646065,5.083352270146776,12.410347111480782,-0.49016367711203424,40.608044531036576
GR,2020-09-02,246,NA,NA,NA,40.34490940305785,0,66.38608183686698,4.420459336903163,4.420459336903163,2020,GR_2020,52.50938435091465,29.413464613087076,0.0345103240681566,0,137.5917663598312,26.06939484805937,0.6195219114679137,0.7873955324050095,0.38389452818221614,4.433519841903802,5.367596993301976,3.491689528918299,39.72311734569656
GR,2020-09-03,247,NA,NA,NA,41.35814279100414,0,66.14640124927296,4.69758611560383,4.69758611560383,2020,GR_2020,53.61709978896895,30.475374667797013,0.03452455983817128,0,135.88685387729774,24.120732176640285,0.6140167779495533,0.7805361003927577,0.3641296529758223,4.707164312949981,5.638701848847674,3.7755016441811806,41.28868939153241
GR,2020-09-04,248,NA,NA,NA,42.56743789146678,0,67.53325232544758,5.0057745741591075,5.0057745741591075,2020,GR_2020,54.9551236580534,31.598986614015256,0.034838227410570355,0,140.26128352741296,26.39522675785975,0.6111738643631073,0.7815264300657948,0.37496485838338867,4.996717610000223,5.924467410794158,4.07412062063387,41.42083944326709
GR,2020-09-05,249,NA,NA,NA,45.36554712268266,0,70.5993524714056,5.2064186586136225,5.2064186586136225,2020,GR_2020,58.90198144331558,33.237002107621954,0.033271454047719196,0,143.7526464221874,27.101436851815983,0.6065394516315961,0.7774341729392313,0.368449178863157,5.189016216466042,6.127911690558018,4.275755395834022,36.795621094229375
GR,2020-09-06,250,NA,NA,NA,46.623943891196646,0,71.02700638788284,5.6803170421774505,5.6803170421774505,2020,GR_2020,59.87749734796815,34.73447382650249,0.03464423503846771,0,144.77969590980226,27.854574005763215,0.6023046639683275,0.773418211679716,0.3638721046374003,5.655444368443899,6.592855331888751,4.731976906416105,41.23167989322279
GR,2020-09-07,251,NA,NA,NA,40.52792158787039,0,60.90939313476395,2.317028485340905,2.317028485340905,2020,GR_2020,55.168146904945345,28.382534659776045,0.03322159209099955,0,127.812301477258,23.335900043492195,0.6015909562855782,0.7723294929048681,0.3611858365592223,2.341361793319964,3.249267075966207,1.3881332869724277,17.05782796660721
GR,2020-09-08,252,NA,NA,NA,36.730599651957355,0,54.99554230881567,3.6632414082056575,3.6632414082056575,2020,GR_2020,47.92069503158925,26.74850558361234,0.03380532879700292,0,114.3012730020688,20.46948436088444,0.5935711200065135,0.7736853313452332,0.35615759794438673,3.682661616322333,4.624590500060413,2.7651362141493343,42.76686454424737
GR,2020-09-09,253,NA,NA,NA,41.19847751915197,0,59.87909785963942,4.661558332446775,4.661558332446775,2020,GR_2020,53.491247622942375,30.37966214518745,0.03179735447718106,0,125.03844613980831,22.705479444037614,0.5916534061680312,0.7697813903949391,0.34939416079545327,4.6644329976368635,5.597548742481249,3.738767603347201,42.59193317658844
GR,2020-09-10,254,NA,NA,NA,42.36154111247654,0,61.875657674064264,4.8026738939826785,4.8026738939826785,2020,GR_2020,54.918781149859825,31.23698527667941,0.033422687810356205,0,124.63292048470203,23.09115562123676,0.58893076231937,0.7669671301053984,0.34529778502002895,4.799306278564352,5.750826445931247,3.8684835595744884,42.54141987499832
GR,2020-09-11,255,NA,NA,NA,46.07968477597141,0,64.50308522394083,5.485871801678786,5.485871801678786,2020,GR_2020,58.71645201644926,34.30700054536464,0.032897495303266855,0,133.45324603391717,24.231319455388196,0.5807988291513078,0.7605866232703596,0.3423337125677641,5.462100448631391,6.3958931158914085,4.539201528052845,42.730194217472075
GR,2020-09-12,256,NA,NA,NA,50.26471097811843,0,66.566194571547,6.16379729580049,6.16379729580049,2020,GR_2020,63.770297838745414,37.205739739860924,0.03135835024622184,0,135.81412239371642,25.220774713161767,0.5697427936465262,0.7494222027360499,0.3280804812886894,6.139263439070387,7.071294246785166,5.198953776875675,42.62782190385997
GR,2020-09-13,257,NA,NA,NA,48.85591946950199,0,61.75391799187979,5.8709035624421295,5.8709035624421295,2020,GR_2020,61.9749612736031,36.68498197626182,0.03296049600713585,0,127.59191790896732,23.564422993792387,0.5582102397864115,0.7422561107309804,0.32225098795930657,5.85199994445075,6.779393874375915,4.933170281241066,42.992035419186
GR,2020-09-14,258,17.3633971693,1.46485223086,44.37270315125,57.45365262759999,0,118.146776898,4.438837127445086,4.438837127445086,2020,GR_2020,136.28220163329487,0,0,0,365.1362447353557,0,NA,NA,NA,4.529186231958052,5.445375052255417,3.6116680562514296,42.68284509211153
GR,2020-09-15,259,NA,NA,NA,54.967608333617996,0,65.11012148282914,6.65404411216218,6.65404411216218,2020,GR_2020,69.38227405017476,41.73627615640336,0.033897181051236125,0,135.9875348532993,24.16087315817926,0.5401172704977351,0.7286064146157718,0.3045771407305104,6.610559931416281,7.550710442273685,5.677808891888379,39.304786005932726
GR,2020-09-16,260,NA,NA,NA,49.88414958505003,0,59.03529994335188,5.912891606824168,5.912891606824168,2020,GR_2020,63.19071389779683,37.47595111758494,0.03336754489717009,0,122.52049136855301,22.769120679967177,0.5411143348326022,0.7294477713067055,0.3082611383675484,5.886220804397441,6.830223784799358,4.9434233323920305,42.01600010733505
GR,2020-09-17,261,NA,NA,NA,51.61975325893196,0,58.31221465940869,6.221479755047338,6.221479755047338,2020,GR_2020,65.23406805607682,39.189882145369886,0.03313396279665237,0,123.29864688840148,21.561522877412933,0.5301261239172815,0.7189273392084404,0.29362374613726483,6.186469293943574,7.1245386417768595,5.235524220439927,42.69933654456564
GR,2020-09-18,262,NA,NA,NA,49.928144700126005,0,55.77928526999286,5.74114414373002,5.74114414373002,2020,GR_2020,63.489782023869644,37.784585308655316,0.03388501786225856,0,118.24259018293674,21.044111168492275,0.5265244220980583,0.7209163839883886,0.2933984476712915,5.730753970391864,6.642188578358006,4.789435461130112,40.773903087424976
GR,2020-09-19,263,NA,NA,NA,45.18557250728485,0,50.24588000638296,3.6820274236664825,3.6820274236664825,2020,GR_2020,59.46697401752888,32.75112354721876,0.03251489626813946,0,105.98950649946416,18.22514801397129,0.5301288686890855,0.7191332120192645,0.29081483563567573,3.6883775613887577,4.599381527141211,2.7674173838261624,24.78460691249083
GR,2020-09-20,264,NA,NA,NA,50.126394095961636,0,52.19732012487503,5.742028662600527,5.742028662600527,2020,GR_2020,63.749034857829464,37.865100147942705,0.03415717737318777,0,110.98576556332831,19.747520685471212,0.5160973249366176,0.7073785590526476,0.2830895652399601,5.708115307583528,6.6499397193404475,4.789134716380474,40.78996734835836
GR,2020-09-21,265,14.8718693359,1.25339964686,27.19395703305,60.760254403999994,0,116.46195032199999,5.486095003220532,5.486095003220532,2020,GR_2020,114.83665312153003,6.68385568646997,0,0,318.67314304095885,0,NA,NA,NA,5.526737877398013,6.451741857600676,4.599529068096449,39.1048923918196
GR,2020-09-22,266,NA,NA,NA,43.07009885677948,0,46.381517571800096,4.150733438118896,4.150733438118896,2020,GR_2020,55.67990605563897,31.47470844723456,0.03562366842130929,0,96.47183950603197,16.833525948645214,0.5202731591846286,0.7080441770066761,0.28764370834322067,4.166247145247164,5.089938745750337,3.244819251622624,37.588429991820064
GR,2020-09-23,267,NA,NA,NA,50.236276073802536,0,49.308132921068236,5.448525097878945,5.448525097878945,2020,GR_2020,63.55622208112265,37.43855104031754,0.03597110635814055,0,104.22216438959617,18.211848213751406,0.5000188098053405,0.6938734689743943,0.26946156182944936,5.431508032630897,6.36604920930823,4.4932772881936245,38.09412069007345
GR,2020-09-24,268,NA,NA,NA,37.76660009879583,0,40.43972757367181,2.29025092420832,2.29025092420832,2020,GR_2020,50.0437036888858,26.862040693115148,0.03513309710929252,0,83.941644314502,14.979009399694025,0.5177397493763942,0.7098087322841492,0.2901861666920198,2.3460932211386285,3.2952658286976346,1.4081717077582236,28.659211489594224
GR,2020-09-25,269,NA,NA,NA,45.18359318949322,0,42.540041164072505,3.4724551602396647,3.4724551602396647,2020,GR_2020,59.31304203438278,32.955253574560594,0.03533499579158521,0,92.3500045001001,14.453330781047988,0.49260718378505153,0.6909487487659816,0.2549679531413057,3.481556270925166,4.411511377102197,2.5802745037626615,24.251089914006496
GR,2020-09-26,270,NA,NA,NA,45.987726131724756,0,42.85163712870161,4.069521866535799,4.069521866535799,2020,GR_2020,59.366758764577014,34.0800475600187,0.03632560450795243,0,91.68047993053342,15.577380311943056,0.4879101398852087,0.6823645148642505,0.261076252386132,4.071415998843461,5.00199852045482,3.1364059108327944,29.830551407764613
GR,2020-09-27,271,NA,NA,NA,45.49593228740782,0,41.77030068283443,4.762779781779238,4.762779781779238,2020,GR_2020,58.13083934658467,34.205819598888276,0.035271577955817146,0,88.67426005812743,14.857052241611392,0.48354092906890583,0.6794768106124114,0.25389811197182544,4.76327756175572,5.726743377684733,3.828298906112775,41.52933407085123
GR,2020-09-28,272,8.9639513683,1.34435304426,30.09453708305,68.711732604,0,108.105372758,4.392093843617137,4.392093843617137,2020,GR_2020,161.05825259891495,0,0,0,191.7399825993658,24.470762916634197,NA,NA,NA,4.526358861385047,5.441552568984122,3.6038422554068643,40.973033034346045
GR,2020-09-29,273,NA,NA,NA,44.8524376864501,0,39.0719395542695,4.538212858976456,4.538212858976456,2020,GR_2020,56.885114793599676,33.461870477171296,0.037576129155513976,0,82.6861897028619,13.976781534186417,0.4711206948514399,0.6660757343190944,0.2501338378277388,4.543551935768281,5.461215113886669,3.615550721681723,41.55002328209213
GR,2020-09-30,274,NA,NA,NA,45.19250259115243,0,38.30979178935177,4.677531370351116,4.677531370351116,2020,GR_2020,57.93282475669155,33.538052249019074,0.04064174655417542,0,82.06962267465948,13.867340704920611,0.46179618800071565,0.663530627342762,0.2474477527974333,4.678181706535655,5.620216118610243,3.7614344652576315,41.19457475835016
GR,2020-10-01,275,NA,NA,NA,47.53201228199254,0,37.807490107238905,4.840463699291244,4.840463699291244,2020,GR_2020,60.091177416168634,35.40839734352554,0.03721189450733775,0,81.78009063948814,12.861952552450116,0.4487534511169019,0.6526617148876016,0.22499608430966905,4.835497441913978,5.781122706640462,3.8850162794397605,38.287360514400326
GR,2020-10-02,276,NA,NA,NA,49.57354426493881,0,37.32377570482962,5.368285896625354,5.368285896625354,2020,GR_2020,62.42451629935517,37.698619574503375,0.03806745007365514,0,79.75393546067122,13.234652158836159,0.4350103766109223,0.635352073464576,0.22026110246618644,5.355900381473013,6.280981620747982,4.417347141393647,40.96604285408642
GR,2020-10-03,277,NA,NA,NA,55.145689978780865,0,37.95196758914812,6.263409542889737,6.263409542889737,2020,GR_2020,68.98844103802794,42.14047971028844,0.03839552124550279,0,82.83591666803838,13.313357447645444,0.4153400496549579,0.6150712185170758,0.20784191606411337,6.229792547198597,7.164689768856637,5.28469839209442,40.90238401312447
GR,2020-10-04,278,NA,NA,NA,67.95091074998997,0,41.0057238154738,8.045255203626224,8.045255203626224,2020,GR_2020,82.4570326399644,54.06871635514291,0.039750017080979166,0,87.60439813231838,14.427491904038703,0.38337753247182943,0.5822612809973962,0.1864479189754449,7.982260212077311,8.915148123926132,7.048360486666961,41.263310232346974
GR,2020-10-05,279,12.9842242483,0.9282581522600001,18.50490670425,50.823807595999995,0,51.2900986966,5.1725080164010535,5.1725080164010535,2020,GR_2020,93.89208472864085,7.755530463359152,0,0,148.60520152375915,0,NA,NA,NA,5.1678840378009365,6.077934633847176,4.24520242153983,40.46874278987496
GR,2020-10-06,280,NA,NA,NA,51.154651668300154,0,33.18470587874532,5.496810848399731,5.496810848399731,2020,GR_2020,64.54282024161903,38.76888381003492,0.04175089043047191,0,71.0533492769382,11.28790820880212,0.4027184992409607,0.6012898321466937,0.19931916502310293,5.478840182047165,6.4163058644034825,4.5476124253582055,39.75579941301464
GR,2020-10-07,281,NA,NA,NA,56.107129640903345,0,33.355688272062245,6.279865478477173,6.279865478477173,2020,GR_2020,69.75172181439267,43.45082153666259,0.04242898693949683,0,72.48606339990275,11.711133381397836,0.3810001565150981,0.5807475874398876,0.18689349622474072,6.247455456281566,7.183940833363333,5.320579092630845,40.4037180095931
GR,2020-10-08,282,NA,NA,NA,47.32895900352461,0,30.12823494124309,4.840183923638144,4.840183923638144,2020,GR_2020,60.037346632699276,35.503049990381434,0.04171471885383167,0,64.01431487638254,10.74962766629961,0.4005907040131044,0.5969272939160745,0.19858735984231315,4.840465526290201,5.774584470939076,3.904118599375608,40.58457831221948
GR,2020-10-09,283,NA,NA,NA,47.46893044466778,0,28.443666580505205,4.739083749128455,4.739083749128455,2020,GR_2020,60.24023212871144,35.87599871082117,0.04348867824802502,0,61.55403037742849,9.798462564851523,0.3866361481393761,0.5830788746484761,0.18765394550709577,4.738603524044667,5.645652439979603,3.8139912478589864,38.64169010043709
GR,2020-10-10,284,NA,NA,NA,42.84249432286946,0,26.197764032311373,3.600847613650915,3.600847613650915,2020,GR_2020,55.65645912817648,31.521569602643172,0.04065763154796978,0,58.20786318285479,8.48345604798941,0.38942696943738675,0.5947537980463593,0.18541545860174866,3.618408584882804,4.55457057032248,2.699167932854328,34.04967753236757
GR,2020-10-11,285,NA,NA,NA,48.20310900488564,0,25.823020528436157,3.4579755032961224,3.4579755032961224,2020,GR_2020,63.676021720602655,34.97330413525534,0.04129835224042015,0,56.909678793196115,8.341269995912734,0.36098514944531124,0.5645857480486025,0.16666832897374734,3.462486658929303,4.3856312420813355,2.5289584138306838,21.591633868489236
GR,2020-10-12,286,NA,NA,NA,50.368371152963775,0,25.221281600952594,4.177421543201614,4.177421543201614,2020,GR_2020,64.81813392470475,37.30756490661216,0.04097608781711996,0,54.071460600502405,8.062311719884756,0.34804749990185413,0.5394214738645435,0.159275590517548,4.176876388095083,5.121357855722873,3.243617133110716,26.550438054737864
GR,2020-10-13,287,NA,NA,NA,46.9113954164773,0,23.4774546043011,2.695731798853341,2.695731798853341,2020,GR_2020,62.27833745022759,33.65806043282489,0.0407903064706613,0,50.92336368054956,7.994691711635625,0.3501938846647029,0.5439605637276793,0.16575297062809774,2.7122570290849213,3.6445098897187185,1.7915551969402073,18.472409974667308
GR,2020-10-14,288,NA,NA,NA,42.505531667319694,0,21.241774591613105,3.0938641189947047,3.0938641189947047,2020,GR_2020,55.21470509524392,31.26301516304888,0.041002654748667655,0,47.33283117208512,7.0536136492271595,0.3473580464350705,0.5484707569651677,0.1673984102865687,3.1319940993670983,4.045283879200876,2.203284774968595,30.815707243198855
GR,2020-10-15,289,NA,NA,NA,47.17545854801467,0,21.07854757019281,3.7270885847962076,3.7270885847962076,2020,GR_2020,60.89434644178652,34.64016373810414,0.040473455708314926,0,46.02222313081367,6.907210357894819,0.32173558163672167,0.5191126771372528,0.14934099427741435,3.7286161902958037,4.679356535378645,2.8009108849520583,28.731680311213644
GR,2020-10-16,290,NA,NA,NA,43.0730924895798,0,19.258695279584,2.0576298482417443,2.0576298482417443,2020,GR_2020,56.93017601940483,30.791537438307248,0.03931505327226903,0,42.77598355863909,6.074433862504266,0.3267865545166553,0.5273399512035882,0.14589305194312907,2.105995969252576,3.0416187407007853,1.1793021146689404,20.83948302701273
GR,2020-10-17,291,NA,NA,NA,45.12616016641124,0,17.910935501337406,2.1504032623140894,2.1504032623140894,2020,GR_2020,60.14613747081297,32.199227698155454,0.04006305435540365,0,40.641824843091534,5.513849625049438,0.30169458920725345,0.4988728241184177,0.13391314452336261,2.1842911929083604,3.1163999648609253,1.2739256040520979,18.46836417939479
GR,2020-10-18,292,NA,NA,NA,46.28614122603913,0,17.25031836077146,2.2409086097248654,2.2409086097248654,2020,GR_2020,61.890975245666986,32.973592926714225,0.040497754843742365,0,37.67663498433634,5.680439693808914,0.2878673722400188,0.47511169832685873,0.13391764172731302,2.271229413969813,3.212960483227577,1.3549608123569208,17.60086494334821
GR,2020-10-19,293,11.149075450500002,0.6074775866600001,5.06043238985,75.892216562,0,24.2512582162,NA,NA,2020,GR_2020,138.83421089780884,12.950222226191132,0,0,61.898150297519855,0,NA,NA,NA,5.657338774532402,9.80250589501844,1.4383556347602646,26.46333562121897
GR,2020-10-20,294,NA,NA,NA,55.471852590046915,0,15.237329654389203,NA,NA,2020,GR_2020,79.75061962518178,37.49335569522313,0.0404981775825487,0,34.181111244927045,4.441207390229092,0.22708031826561345,0.41469644581007514,0.09713184045067765,4.919136982181091,12.936756105222598,-0.7551140120764119,32.62285184554611
GR,2021-06-22,173,14.8463811603,0.19949893646000003,0.6667030174499999,26.260395942600002,0,0,8.294786407895765,8.294786407895765,2021,GR_2021,72.36396143372762,0,0,0,0,0,NA,NA,NA,8.02355233399712,8.949036572800212,7.099455830926491,52.04915735879687
GR,2021-06-23,174,NA,NA,NA,35.04735163347045,0,0,5.348653172187477,5.348653172187477,2021,GR_2021,45.81875532121481,25.264853204747443,0.03880086867985566,0,2.031117829955646,0,0.04779231648591652,0.107650474207512,0.017575707298159597,5.271682380203146,6.21907433852062,4.347168438464452,51.71324681418168
GR,2021-06-24,175,NA,NA,NA,35.99096629011593,0,0,5.364174451809867,5.364174451809867,2021,GR_2021,46.703961936064026,26.27893633189511,0.03693113790471547,0,2.0128551497015272,0,0.046690787425387396,0.10336668259783928,0.0173478121852903,5.291072367170222,6.209860147916461,4.351906493859241,52.52415112060784
GR,2021-06-25,176,NA,NA,NA,33.241887083883164,0,0,4.406588969420002,4.406588969420002,2021,GR_2021,44.068933913204084,23.852694688332264,0.036711005002966396,0,2.020164565799392,0,0.050987806046320625,0.11104835344348399,0.019131656016338313,4.35600010366224,5.286675523172542,3.434221620585592,45.73108672131643
GR,2021-06-26,177,NA,NA,NA,33.30888513979254,0,0,4.4266507178047,4.4266507178047,2021,GR_2021,43.91140014580652,24.168457228702053,0.036909095378724874,0,1.967349652144342,0,0.051206127030019734,0.110897326084586,0.01943429110172736,4.385848843549693,5.316387561109283,3.436460920638888,51.77279484404
GR,2021-06-27,178,NA,NA,NA,33.18837632395114,0,0,4.171503494918065,4.171503494918065,2021,GR_2021,43.72820053141346,23.927700978488364,0.03467850321623882,0,2.0046990605353017,0,0.049869757516146015,0.11110101036270714,0.01869104356414866,4.138778264943822,5.065416396577019,3.226331491535443,50.91562939262628
GR,2021-06-28,179,NA,NA,NA,36.04638279268613,0,0,4.78049998643815,4.78049998643815,2021,GR_2021,46.94840935974581,26.53493411624003,0.033067106148457495,0,1.9748336358437082,0,0.046913972378149794,0.10157700926214677,0.018290020064648645,4.739032239861977,5.681354510110638,3.815776706138408,52.39960759635278
GR,2021-06-29,180,NA,NA,NA,36.6796476028049,0,0,4.829898812371166,4.829898812371166,2021,GR_2021,47.78493761242533,26.85376629477449,0.03240933053725517,0,1.984487374638094,0,0.046173125775436336,0.10057300404128905,0.017244323847014152,4.783990833606012,5.721541752692762,3.852435602368023,53.366453149235134
GR,2021-06-30,181,NA,NA,NA,36.43664147707903,0,0,4.616639541624234,4.616639541624234,2021,GR_2021,47.2087677307146,26.897239404173437,0.03417810491428663,0,1.9970930172580443,0,0.04608264633826507,0.10069999466599863,0.016836847767621684,4.580288566074417,5.523624303293406,3.6480583112707583,53.18353972602318
GR,2021-07-01,182,NA,NA,NA,36.20859297854127,0,0,4.263664403995367,4.263664403995367,2021,GR_2021,46.873789688455624,26.739677510879897,0.030575012026666848,0,1.893063435269911,0,0.0456608031602942,0.10026151352256735,0.016513667715857598,4.235024525643559,5.161458751568994,3.314453011156469,49.4439762968571
GR,2021-07-02,183,NA,NA,NA,40.26499796680135,0,0,5.089943531801966,5.089943531801966,2021,GR_2021,51.46304231642587,29.887694078652707,0.03288598844115809,0,1.8961794859309262,0,0.040690211617564274,0.09196379885206746,0.014826208179788372,5.045596066146701,5.965901388505051,4.125298385984824,52.13079200138935
GR,2021-07-03,184,NA,NA,NA,41.77347559769232,0,0,5.387503909324894,5.387503909324894,2021,GR_2021,52.90365577415459,31.497811559486646,0.03143884511359857,0,1.8886643200109892,0,0.03959210084415517,0.08715864525375228,0.015037048684588798,5.343897724127318,6.286535269954098,4.416768083799842,57.422879098214914
GR,2021-07-04,185,NA,NA,NA,43.91108778042007,0,0,5.533609645186783,5.533609645186783,2021,GR_2021,56.00709612698861,33.277497874434076,0.034371043206194773,0,1.8455706140120283,0,0.03799489494175129,0.08269620753086325,0.013971950928878898,5.488668842021265,6.426379801779822,4.552991048601273,50.96859331927737
GR,2021-07-05,186,NA,NA,NA,47.009465920453714,0,0,5.751995673873228,5.751995673873228,2021,GR_2021,59.5087548302124,35.64802059504715,0.033538816670228386,0,1.7936930988481081,0,0.03486126541675923,0.0759540097891422,0.01328409823275897,5.696217085300532,6.6281908852322395,4.766516459957514,46.70969059620231
GR,2021-07-06,187,NA,NA,NA,48.87826691765289,0,0,6.296462683804992,6.296462683804992,2021,GR_2021,60.622335555379436,37.72528744390133,0.03473721056871272,0,1.7495101912626416,0,0.03419483376012698,0.07343070860178538,0.012754968191671746,6.24745962698003,7.175213644196395,5.308661195259618,58.139261500541565
GR,2021-07-07,188,15.510827554699999,0.19949893646000003,0.6667030174499999,19.640443246,0,0,4.706313925330435,4.706313925330435,2021,GR_2021,29.481597143707663,9.799289348292337,0,0,0,0,NA,NA,NA,4.5690511293300125,5.493309736747355,3.653045704867296,40.22275710317401
GR,2021-07-08,189,NA,NA,NA,48.90355759532563,0,0,6.181078231912169,6.181078231912169,2021,GR_2021,60.8583391845282,37.63305901996781,0.036050148430682175,0,1.6837290069049646,0,0.03291165049466141,0.07293707616118562,0.012170956565151183,6.144955614676844,7.084159311001675,5.196969022902809,58.85880668907723
GR,2021-07-09,190,NA,NA,NA,53.10167009218857,0,0,6.411808695428627,6.411808695428627,2021,GR_2021,66.14781118619659,41.26652251684461,0.03799916218589455,0,1.7880879947682518,0,0.030826643352414904,0.06744156109187496,0.011517102354203937,6.363738103639879,7.299796121220449,5.4284815472378245,50.06456922824159
GR,2021-07-10,191,NA,NA,NA,51.25349795712211,0,0,6.3204357895465835,6.3204357895465835,2021,GR_2021,63.26652318761361,40.051549537711374,0.037945699747110206,0,1.7460649214261745,0,0.031529016198882834,0.0696517432323451,0.011884508750552457,6.289177238092643,7.229637675544975,5.324859896083789,59.03028103495019
GR,2021-07-11,192,NA,NA,NA,56.41748731751225,0,0,6.9714987728744084,6.9714987728744084,2021,GR_2021,68.62650969965942,44.885707599266496,0.03909512003201461,0,1.6683722938778982,0,0.029639299900971833,0.06302411779753657,0.011317021993241623,6.935227409516978,7.861010579922849,5.991344482240351,58.68808620132193
GR,2021-07-12,193,NA,NA,NA,62.261528527893184,0,0,7.8011160259871275,7.8011160259871275,2021,GR_2021,74.77498227354262,49.60045339474802,0.0423402266739305,0,1.7160708682471664,0,0.026850794391235874,0.05838562151708381,0.010018929012135795,7.733728332059075,8.687928479865933,6.791537084954642,58.8785964387346
GR,2021-07-13,194,NA,NA,NA,71.18863657517434,0,0,8.808176992263949,8.808176992263949,2021,GR_2021,84.52188999201543,58.547375779514105,0.042665686267087055,0,1.6825022261363842,0,0.02321081922961608,0.05011903006874477,0.008852167555304477,8.738211005558497,9.669238464057345,7.811525161398692,56.353984027282195
GR,2021-07-14,195,NA,NA,NA,64.87375064326243,0,0,7.968066409530843,7.968066409530843,2021,GR_2021,77.49370761846872,52.35385265890354,0.04474640774797552,0,1.7191902282926455,0,0.02517975155800705,0.05556261241612916,0.009666935578568367,7.912534591796877,8.838014681739883,6.983713226771742,58.69293742041007
GR,2021-07-15,196,NA,NA,NA,69.36532144472042,0,0,8.47272237500169,8.47272237500169,2021,GR_2021,82.26062045552287,56.76388109297093,0.0451289656208497,0,1.7247250018287001,0,0.023391198979338498,0.05192348400803443,0.00863361879199781,8.409278362146395,9.366739988875844,7.449735335527023,58.18524160685805
GR,2021-07-16,197,NA,NA,NA,56.13637305425308,0,0,6.559953664595943,6.559953664595943,2021,GR_2021,68.24405086566911,44.384313541134766,0.04626457588360393,0,1.7091499644049182,0,0.028912339775585133,0.06401181979385936,0.01076349951163719,6.526086682269925,7.47170676047375,5.581516374827485,58.71163072000601
GR,2021-07-17,198,NA,NA,NA,62.472432635329064,0,0,7.47770208057014,7.47770208057014,2021,GR_2021,75.33847195478894,50.47457843415922,0.0463779645537991,0,1.682645322057577,0,0.02630643126808711,0.05652479483303074,0.009986643736890314,7.437240065108028,8.376157868811243,6.498963118872722,58.99123061542368
GR,2021-07-18,199,NA,NA,NA,76.44842690337643,0,0,9.245085646589613,9.245085646589613,2021,GR_2021,89.74955625813234,63.64425242936955,0.048287507309783984,0,1.692119589364295,0,0.02144726014510561,0.046716125340410176,0.008315441073839445,9.19274461057977,10.118790825398259,8.230416989817757,58.55370309152118
GR,2021-07-19,200,NA,NA,NA,57.006782848329784,0,0,5.743721174330262,5.743721174330262,2021,GR_2021,70.83512089927092,44.273759338260284,0.048647140347901394,0,1.6703033311938698,0,0.029096615441666574,0.06311576646992997,0.01110790605811487,5.716730556274196,6.619802904703459,4.808781694162472,41.058639984587465
GR,2021-07-20,201,20.0232872781,0.19949893646000003,0.6667030174499999,44.660432548,0,0,7.048887932850178,7.048887932850178,2021,GR_2021,73.14041570326836,16.180449392731656,0,0,0,0,NA,NA,NA,6.9086655755361575,7.834505176068285,5.9846724016255886,42.06906308858526
GR,2021-07-21,202,NA,NA,NA,83.49554841173972,0,0,9.470043897003128,9.470043897003128,2021,GR_2021,98.14330041314474,69.54909456581503,0.047694010058395034,0,1.7600650235610114,0,0.019811286803654446,0.044022776273862474,0.007465790738347019,9.405387910618762,10.341666289806145,8.478645653147689,48.27186617528535
GR,2021-07-22,203,NA,NA,NA,83.00123124762378,0,0,9.925506002003836,9.925506002003836,2021,GR_2021,96.81076616508764,69.54799480352305,0.04410129533486712,0,1.8013356325495242,0,0.020599046696881083,0.044274357652673305,0.007863217711893192,9.861680884448745,10.818161454242489,8.922124137351629,58.24198989539707
GR,2021-07-23,204,NA,NA,NA,66.5881568912363,0,0,7.76234690706387,7.76234690706387,2021,GR_2021,79.36500355325661,54.22396674934236,0.045255373402173976,0,1.7760389594791524,0,0.02555696414413741,0.05475123394091776,0.009663324206031033,7.72562552441866,8.656544756923877,6.78683653437364,59.48564257827413
GR,2021-07-24,205,NA,NA,NA,71.0065102021402,0,0,8.37866005192766,8.37866005192766,2021,GR_2021,84.3568666261279,58.28202596837942,0.044895721903568095,0,1.842234054311544,0,0.02384039886567929,0.05215658617498038,0.009117326453629289,8.339348243044448,9.27222558977321,7.414069720033466,59.28060051612428
GR,2021-07-25,206,NA,NA,NA,76.7499622738902,0,0,9.051094427587419,9.051094427587419,2021,GR_2021,89.65317908845351,64.0982626646374,0.04664839214262495,0,1.8262673414620982,0,0.022489265518193247,0.04820599227746142,0.008387274232361864,9.01328913714834,9.940956543350737,8.058955414297396,58.74309757835552
GR,2021-07-26,207,NA,NA,NA,77.7533178780133,0,0,9.143222050442752,9.143222050442752,2021,GR_2021,91.3498698991544,64.47491953486565,0.0439645907592434,0,1.8542884322918995,0,0.02224900376426025,0.047869135450624066,0.008385436701444735,9.092047888693635,10.041512517421463,8.175951407006115,57.731402338815016
GR,2021-07-27,208,NA,NA,NA,79.98985014704876,0,0,9.289895186179029,9.289895186179029,2021,GR_2021,93.5888539608185,66.92304187376735,0.04285981606137129,0,1.8871588631593235,0,0.021772408561706553,0.04722797336369888,0.008540162256332376,9.238189719411842,10.167120009201843,8.312684016589817,55.13848927236073
GR,2021-07-28,209,NA,NA,NA,77.92254617110906,0,0,9.076314715751849,9.076314715751849,2021,GR_2021,91.78631046831279,64.57872336956136,0.04232953894083172,0,1.858441793758415,0,0.022235619156970258,0.04832977750084055,0.008550341114828526,9.02951234980641,9.976207123104782,8.093432616012286,55.61962206359694
GR,2021-07-29,210,NA,NA,NA,92.97863191154768,0,0,9.197287109419856,9.197287109419856,2021,GR_2021,109.71240673722143,76.80570217864182,0.04046344446765576,0,1.8599218320151971,0,0.019048849835379578,0.040767509081081996,0.007342584668774183,9.114609617322204,10.063437603651739,8.181748250697881,32.38314505143933
GR,2021-07-30,211,NA,NA,NA,90.11544576195628,0,0,10.676090795945882,10.676090795945882,2021,GR_2021,103.99200631766722,76.69172109034358,0.0408994372545477,0,1.9489876605558147,0,0.019400461092353938,0.042013258876858105,0.007433421974253793,10.60897382610531,11.547806435591,9.666397688308592,57.03858982583859
GR,2021-07-31,212,NA,NA,NA,91.35449596448204,0,0,10.850518271842303,10.850518271842303,2021,GR_2021,105.4910398912016,77.87507718461568,0.0403517418123476,0,1.9732109947024283,0,0.019306766467390407,0.042503856146793695,0.007326642493805982,10.781626860445794,11.728574445654823,9.83443761170574,56.53641312620742
GR,2021-08-01,213,NA,NA,NA,105.34214332803636,0,0,11.979063783903953,11.979063783903953,2021,GR_2021,120.12068242356041,90.58603709365379,0.04029256432593424,0,2.0248278207444517,0,0.016859517876743668,0.03727190094449136,0.006413056560694586,11.895207275681969,12.841246359070404,10.94631730625337,49.43317597765682
GR,2021-08-02,214,NA,NA,NA,80.4925200205111,0,0,7.791181528617764,7.791181528617764,2021,GR_2021,97.14392343113448,64.58644384197595,0.04203045921536716,0,1.9964385828119044,0,0.022034338191145888,0.0494169889490251,0.008216048833160669,7.724390785173648,8.654173394240335,6.761122240048512,30.12972570358087
GR,2021-08-03,215,11.5847128365,0.19949893646000003,1.02799359585,34.070052049999994,0,0.5288058073999999,9.529341527020827,9.529341527020827,2021,GR_2021,54.280204128897175,13.859899971102818,0,0,2.8463994425964008,0,NA,NA,NA,9.239366493077956,10.168499964802884,8.307515819626193,53.61303922928795
GR,2021-08-04,216,NA,NA,NA,73.95096280321941,0,0,8.67517995781858,8.67517995781858,2021,GR_2021,87.44196766066484,60.95058341136294,0.03997949979405199,0,2.020425478249128,0,0.02406154653347107,0.05229167414388431,0.00921074343444787,8.614854578176669,9.559609739623573,7.683738622844747,54.36126917818389
GR,2021-08-05,217,NA,NA,NA,57.8257019418213,0,0,6.337617978966318,6.337617978966318,2021,GR_2021,70.45816197874059,45.52189709904314,0.03873381258324178,0,2.020080428041012,0,0.03027267638201326,0.06592877053852306,0.011391841841083246,6.315571574564652,7.238743145618062,5.391840015415477,49.78970027124048
GR,2021-08-06,218,NA,NA,NA,64.156841339035,0,0,7.447631614634815,7.447631614634815,2021,GR_2021,77.41861527664189,51.49290347956365,0.03825650011837005,0,1.990609520832685,0,0.02769754807779284,0.06035337593345718,0.010512569061237962,7.4102240952147564,8.341503327741629,6.466902693379283,53.01427865396135
GR,2021-08-07,219,NA,NA,NA,62.679110454990074,0,0,7.247764155880444,7.247764155880444,2021,GR_2021,76.15492148766045,49.97583008159601,0.0385927014860058,0,1.9527722185092355,0,0.028173196136636706,0.061310696745196215,0.010497622678357495,7.20409858095922,8.152124353000934,6.250799839381197,51.978705190817706
GR,2021-08-08,220,NA,NA,NA,44.766326600397484,0,0,4.023553721330289,4.023553721330289,2021,GR_2021,57.159541548687905,33.58198889942265,0.03773809490643193,0,2.0163331495314423,0,0.03819808723441027,0.08638223537886655,0.014028017805785175,4.033653305259797,4.974099522769163,3.1075244693106345,41.58161714427403
GR,2021-08-09,221,NA,NA,NA,66.04877823891398,0,0,7.82828833987576,7.82828833987576,2021,GR_2021,79.60538872236096,53.30820738065428,0.03929857515063548,0,2.0984251813699717,0,0.02768498214186638,0.05930637321194131,0.010438699500789114,7.771024771924235,8.695450746579205,6.839564506028582,51.757626615086
GR,2021-08-10,222,NA,NA,NA,70.87281289437941,0,0,8.42276623363278,8.42276623363278,2021,GR_2021,84.14872799501039,57.61978153193698,0.03759092420784384,0,2.0949299753956585,0,0.02525563461900931,0.05524427133250339,0.00964357329714258,8.36349215541101,9.281320993677976,7.416471044777494,51.655947804775934
GR,2021-08-11,223,NA,NA,NA,61.61695746651221,0,0,7.357505174142284,7.357505174142284,2021,GR_2021,74.58234852327595,49.31230945024467,0.03825708243384529,0,2.159676795281198,0,0.028758708506957727,0.06447166822400455,0.010984918987235878,7.307928207172458,8.236303614040736,6.368876934410599,54.08505964713627
GR,2021-08-12,224,NA,NA,NA,63.28604004576142,0,0,7.664860843444922,7.664860843444922,2021,GR_2021,76.55321482350068,50.52732641020953,0.034200609089474004,0,2.2543575183877222,0,0.02894791738924378,0.06425446342509564,0.010759983149910848,7.605536943370815,8.550284495829493,6.669469541287605,54.515851894956896
GR,2021-08-13,225,NA,NA,NA,63.08217810492241,0,0,7.667723647079678,7.667723647079678,2021,GR_2021,75.87876693248312,50.62751548620265,0.037763067509339845,0,2.247727515552812,0,0.029451053911059406,0.0651074623897625,0.01100875345321826,7.610070713140265,8.5427003644528,6.648034786595396,54.74911657579854
GR,2021-08-14,226,NA,NA,NA,58.910429284672894,0,0,7.127877523922488,7.127877523922488,2021,GR_2021,71.63728666362537,46.89868966973956,0.03574332756414278,0,2.35158874745945,0,0.03198915729293189,0.0706052896102393,0.01196458691194783,7.087875047554515,8.019337973058768,6.143218554437795,54.81949668397174
GR,2021-08-15,227,NA,NA,NA,56.484160597809726,0,0.017594467596420582,6.76712254534557,6.76712254534557,2021,GR_2021,69.33285252908497,44.39008520146764,0.03228966755574321,0,2.497846071627069,0,0.03401474297379303,0.07541286459627647,0.01247171852344028,6.723336803321977,7.665608506342258,5.765822763207628,54.27236353904086
GR,2021-08-16,228,NA,NA,NA,55.68913732432508,0,0.010701572997612985,6.5302687733099205,6.5302687733099205,2021,GR_2021,68.57620211634617,43.757953941266265,0.029479964993385385,0,2.499001843896688,0,0.03434467562224512,0.07574906787741262,0.013275592054897154,6.485959199015058,7.422573212270505,5.53447357484869,50.97496444765747
GR,2021-08-17,229,7.077280599300001,0.19949893646000003,0.6667030174499999,16.4823037888,0,0,5.164296159076417,5.164296159076417,2021,GR_2021,36.876732186209836,0,0,0,0,0,NA,NA,NA,4.994983896791104,5.912970277418332,4.062159421910332,46.042460230455134
GR,2021-08-18,230,NA,NA,NA,38.3806664423588,0,0.10099879612857565,2.9242572563375244,2.9242572563375244,2021,GR_2021,50.31307830918923,27.938473518065464,0.027642584970649656,0,2.5928324521526656,0,0.05088919397405567,0.11193291700543209,0.019084174442429196,2.949806871861493,3.8832900574330194,2.0216903733886173,37.148593932749584
GR,2021-08-19,231,NA,NA,NA,56.935532496815576,0,0.21031592869315263,6.077275565473741,6.077275565473741,2021,GR_2021,71.09901935903147,43.82479895168425,0.024149460939142137,0,2.922924853942417,0,0.03685274514513866,0.0819382566466438,0.014042705794120681,6.017881282744883,6.939001644264826,5.100362195990188,35.89304348569289
GR,2021-08-20,232,NA,NA,NA,61.25964923100766,0,0.25414453611918253,7.108312867773986,7.108312867773986,2021,GR_2021,74.93412889932101,48.10498118123375,0.018921827847664635,0,3.080666826400161,0,0.035168756727925465,0.07914796855670699,0.01291796711467356,7.047786389847234,7.97457851522982,6.113407428051385,44.03577658391932
GR,2021-08-21,233,NA,NA,NA,53.562153880593236,0,0.3322454527987069,5.679006025237023,5.679006025237023,2021,GR_2021,67.33162746515248,41.05829454976155,0.017405160165913702,0,3.2377205087340504,0,0.04121818880308614,0.09266109715423747,0.015554219239508997,5.632848366030801,6.564333400928978,4.690257531013799,37.2176351324124
GR,2021-08-22,234,NA,NA,NA,62.322035201742644,0,0.4452208257961101,7.690785703285381,7.690785703285381,2021,GR_2021,75.23635368644462,50.025621934550024,0.014947707293620022,0,3.391424677869074,0,0.03754036842392014,0.08158186165403916,0.01380223372275081,7.630317621304771,8.582679801023541,6.684207586689169,53.824455130037514
GR,2021-08-23,235,NA,NA,NA,63.809254262850196,0,0.4533256565446613,7.8886646381499785,7.8886646381499785,2021,GR_2021,76.54077987161317,51.1935639801371,0.01053536143581102,0,3.610219999896793,0,0.03660285899741879,0.08353634488428979,0.013524669828631783,7.825867049975079,8.756371675315433,6.894964995625442,54.269972131839374
GR,2021-08-24,236,NA,NA,NA,56.876772050347135,0,0.6642907661326389,6.960043787639241,6.960043787639241,2021,GR_2021,69.5642326383638,44.85677704826029,0.007317430054578383,0,3.87119084014001,0,0.044036525834339535,0.09679258904204001,0.01635741987355991,6.914253034314453,7.830778635278294,5.963205086331508,54.66582395198001
GR,2021-08-25,237,NA,NA,NA,59.4277979778986,0,0.6694862357776352,7.105508835220177,7.105508835220177,2021,GR_2021,72.36772997002082,47.15729379901441,0.005405948428791052,0,4.116941481387512,0,0.04243857774534338,0.09582595680336789,0.015896448074739222,7.047945496107694,8.006035743399458,6.122261906410128,49.83286914490792
GR,2021-08-26,238,NA,NA,NA,54.14525471193689,0,0.7941556465312432,6.125028128444721,6.125028128444721,2021,GR_2021,67.42511706824286,41.99687566732789,0.0026012850149302325,0,4.237661634253952,0,0.048582444191722786,0.10711806164069554,0.017296031218053454,6.081089494784052,7.012038422898843,5.148908631469718,44.3043772130793
GR,2021-08-27,239,NA,NA,NA,47.48302765847439,0,0.8935965215421153,4.8100371023945945,4.8100371023945945,2021,GR_2021,60.62396953971851,35.69784425909371,0,0,4.651107895705351,0,0.05640274682713517,0.127283025943297,0.02042088422834979,4.794085495035604,5.7297566451084005,3.850728234555426,39.09442482134425
GR,2021-08-28,240,NA,NA,NA,56.20127275705226,0,0.9666235377997885,6.622183427434192,6.622183427434192,2021,GR_2021,69.19937689575791,43.88412887855712,0,0,4.962541930038881,0,0.05002209156496439,0.11350500110212447,0.018285395776049578,6.569983881049828,7.507338148760802,5.6216827542770504,49.34419780739391
GR,2021-08-29,241,NA,NA,NA,57.189944982122384,0,1.1428833230392548,6.896281752562306,6.896281752562306,2021,GR_2021,69.66099021324742,45.50485287122898,0,0,5.120336643799504,0,0.0516184667739574,0.11316011610970979,0.018470992419707285,6.853374956990368,7.7775603700657765,5.927236438036139,52.61344233691012
GR,2021-08-30,242,NA,NA,NA,54.6744184460802,0,1.3007001793500033,6.516547621141008,6.516547621141008,2021,GR_2021,67.2263244472805,42.633273776402454,0,0,5.383978321856889,0,0.05569747295051623,0.12199456952080945,0.02005683225261496,6.474054694188601,7.396087303424595,5.550625743987297,52.733853891062
GR,2021-08-31,243,NA,NA,NA,52.0294284071922,0,1.3571951278083572,6.110287744112136,6.110287744112136,2021,GR_2021,64.40437384660488,40.59913736990553,0,0,5.814395660217613,0,0.06016859686483746,0.13389789345297853,0.021819285801907423,6.076045335972388,6.992943534665364,5.117324048412626,52.91701387895404
GR,2021-09-01,244,NA,NA,NA,47.66396992272671,0,1.5806218198884747,5.457585683432572,5.457585683432572,2021,GR_2021,59.41400709987597,36.46710666446523,0,0,6.218340728226121,0,0.06974980035090383,0.15071254941575857,0.02549674853443448,5.433859407809118,6.382895847128876,4.487941655468538,54.5405597809854
GR,2021-09-02,245,NA,NA,NA,47.699076123914985,0,1.8169844937762636,5.388997262540767,5.388997262540767,2021,GR_2021,59.805268562726475,36.60784232348286,0,0,6.49793529973355,0,0.07295581935847277,0.1571644689233039,0.02783625980998601,5.3729483398374835,6.29992369150214,4.430321739298213,53.26445229428849
GR,2021-09-03,246,NA,NA,NA,47.93093693159775,0,1.8164721713963092,5.439057297320773,5.439057297320773,2021,GR_2021,60.273562471710264,36.670202153425826,0,0,6.837524287931135,0,0.07294948168089055,0.16158203216182418,0.02692421246555294,5.419767760141555,6.3546003681974685,4.462800392045775,53.2069053507004
GR,2021-09-04,247,NA,NA,NA,48.41118706478422,0,2.1565359757044216,5.351469244636133,5.351469244636133,2021,GR_2021,60.45340190610577,37.1168125116038,0,0,7.171085983566039,0,0.0777695462685093,0.1648580348660981,0.029345285825394737,5.3329980601247184,6.272665157650254,4.391942895749549,50.638559109340186
GR,2021-09-05,248,NA,NA,NA,48.59706676870936,0,2.376620178379374,5.472425016621667,5.472425016621667,2021,GR_2021,60.76242370133213,37.247873578029676,0,0,7.7936332661728684,0,0.08213384379288864,0.17434114666395895,0.030990897761017374,5.46257378483927,6.385949862562829,4.525735537408559,52.28789877305534
GR,2021-09-06,249,NA,NA,NA,48.69343826090101,0,2.513223551993463,5.38159835032609,5.38159835032609,2021,GR_2021,61.37043328333482,37.367198478233966,0,0,8.234984747546008,0,0.08329233601279377,0.17838817538810697,0.0315712057865947,5.369203162868059,6.312677389265315,4.426548326098082,50.150355198519115
GR,2021-09-07,250,NA,NA,NA,49.763621449786065,0,2.6930288738312966,5.582174885670901,5.582174885670901,2021,GR_2021,62.552302669980364,38.029302233267295,0,0,8.560169591599124,0,0.08509863191645686,0.18096197333421135,0.03255628520481974,5.568144874477882,6.498630910504326,4.645824950673498,50.91662278831874
GR,2021-09-08,251,NA,NA,NA,49.92059607464001,0,2.8998679564588428,5.621758866890226,5.621758866890226,2021,GR_2021,62.120487662764944,38.680116646047544,0,0,8.77377166404165,0,0.08883362869937564,0.18257755502022507,0.03362176044133516,5.598189199395518,6.544992788830594,4.6487764547198065,52.08935212798643
GR,2021-09-09,252,NA,NA,NA,50.164837559822836,0,3.207588190855686,5.5374963661801875,5.5374963661801875,2021,GR_2021,62.2937330086857,38.463062440606706,0,0,9.418048359066571,0,0.0931585980993534,0.19299826889161845,0.036662718513662054,5.508842878971979,6.46238392057666,4.595027080404626,49.955321169791446
GR,2021-09-10,253,NA,NA,NA,52.82294048520644,0,3.5392723861864543,5.7071276739650205,5.7071276739650205,2021,GR_2021,66.0693818121813,40.7407354865838,0,0,10.12901769516608,0.04530583810739541,0.09324054261926502,0.19064026921597876,0.03619271757925881,5.680635022450305,6.613078725947833,4.766941830249799,44.56135542414939
GR,2021-09-11,254,NA,NA,NA,51.340576213671724,0,3.5856548283347016,5.5542659733556885,5.5542659733556885,2021,GR_2021,63.956584892934394,39.42220231713819,0,0,10.483815175198732,0.0214732865408358,0.09725068138808138,0.20023910659024086,0.03715019951732919,5.537024521224012,6.4898900700176405,4.582542324182427,47.606238059354546
GR,2021-09-12,255,NA,NA,NA,57.05106531721804,0,3.9813101892307947,6.318516704529884,6.318516704529884,2021,GR_2021,70.16003283898051,44.30142212958226,0,0,11.335122902608433,0.28795145815821366,0.09483160432038412,0.19336998094156388,0.03680217695323182,6.284710934632756,7.225040635981997,5.347776112974232,46.67841263221797
GR,2021-09-13,256,NA,NA,NA,55.022410740377644,0,4.199935633056432,6.07809021671998,6.07809021671998,2021,GR_2021,67.49545566367782,43.09450885006545,0,0,11.23792192289909,0.38813915463643633,0.10095164865604253,0.20210756855408518,0.04013723200294053,6.051010247359506,6.969968489281875,5.09375212417466,48.3722667304794
GR,2021-09-14,257,NA,NA,NA,56.38278115713111,0,4.237527571731432,6.365163898889441,6.365163898889441,2021,GR_2021,69.38907483172805,44.176673766290605,0,0,11.79209731233997,0.3647519995539308,0.09938478266920008,0.20204674614144752,0.03883852180657983,6.338851085233113,7.287202050116158,5.402434697417202,50.33009574155528
GR,2021-09-15,258,NA,NA,NA,49.972818098425826,0,4.4778843603259535,5.236362654946309,5.236362654946309,2021,GR_2021,62.28922510633086,38.72177784406295,0,0,12.262109086122187,0.4664248947411034,0.11355642271284141,0.22890145036123766,0.04512454465582259,5.227773530881123,6.169804221283046,4.308068764122731,48.73073927711159
GR,2021-09-16,259,NA,NA,NA,57.360128029149486,0,5.127611321188702,6.537798698421999,6.537798698421999,2021,GR_2021,70.26414613915047,45.13089269058222,0,0,13.541958635043345,0.7042922081363376,0.10979528887278196,0.2189188056972724,0.04327818352591574,6.507470312212993,7.444537152747205,5.5642889105346764,51.75294572702036
GR,2021-09-17,260,NA,NA,NA,61.21083046686401,0,5.23385469266209,6.759264522648793,6.759264522648793,2021,GR_2021,74.47121238094427,48.731218920854,0.0031568385510852004,0,13.614796467062437,0.7224380724524067,0.10624170082771502,0.20928344247201888,0.04127730153904361,6.722621671606083,7.645477494015342,5.788425212720258,47.08227862215742
GR,2021-09-18,261,NA,NA,NA,63.732189072868074,0,5.591764456395088,6.997423480525235,6.997423480525235,2021,GR_2021,77.0959566088611,50.785180068593284,0.012032336580968722,0,14.61406530680339,0.7931478461156987,0.10596633538666994,0.21286806781524242,0.041097123894284215,6.964303074473383,7.8999373214155995,6.014889060769008,45.67672570570264
GR,2021-09-19,262,NA,NA,NA,64.939639626399,0,5.938448359895931,6.542536128205194,6.542536128205194,2021,GR_2021,79.89564282654412,50.61939297996225,0.019384025262217552,0,15.040935120750614,0.9510521354013513,0.10923473184225244,0.21589779549533744,0.041777274355286,6.4975851841847065,7.43235093241367,5.5546118997242635,35.67872646824997
GR,2021-09-20,263,NA,NA,NA,74.85086576921331,0,6.248119071780575,6.914502740911148,6.914502740911148,2021,GR_2021,92.19464074845823,58.790436479828266,0.030225049036166365,0,15.495431055009938,1.1455070108019032,0.0986342355185211,0.19545468138953476,0.039267287838630344,6.846543368904422,7.7875458071054435,5.916193993069188,26.08909272413021
GR,2021-09-21,264,NA,NA,NA,69.46157860331432,0,6.6435867352694125,7.885868613019736,7.885868613019736,2021,GR_2021,83.32577602286173,56.11611068242717,0.04250774052089369,0,16.569782140597923,1.3451234920430317,0.10974434599517897,0.21704447372324603,0.04498998118991043,7.844852086351056,8.775011326783723,6.8924839239846865,49.375397371223826
GR,2021-09-22,265,16.7834826683,0.39442822226,2.97405666765,47.180595372,0,10.0589217392,8.959332455053978,8.959332455053978,2021,GR_2021,98.54045718735371,0,0,0,39.67585495795868,0,NA,NA,NA,8.755227061469839,9.678529863210613,7.836661172444467,47.89069667812664
GR,2021-09-23,266,NA,NA,NA,77.58562749234035,0.003340075673681442,7.053038148755254,8.633265757673984,8.633265757673984,2021,GR_2021,92.41412619523722,63.488289360551,0.0807197219021584,0,17.802122844373354,1.529271521333596,0.10455156421872125,0.20586161641323059,0.04212024377551992,8.57848367538811,9.49930394579318,7.631490584085302,44.676218445972225
GR,2021-09-24,267,NA,NA,NA,81.07643240186054,0.016181006225200384,7.555684578481671,9.17908226011697,9.17908226011697,2021,GR_2021,95.37592270566643,67.04457505779587,0.10773105598451219,0,18.339299533160887,1.6145968781281508,0.10390735629888344,0.20343032724898025,0.0416445465605533,9.127096607250763,10.047124168704539,8.176935833924178,47.77852335723249
GR,2021-09-25,268,NA,NA,NA,91.50290031947635,0.03108112375416308,8.005114441333228,10.30327728162442,10.30327728162442,2021,GR_2021,105.88472549151207,77.33838483993897,0.13894211067913242,0,18.935994150552357,1.8242914465291151,0.09774562054146817,0.19097800401562035,0.03906339697896721,10.23420828275513,11.145422808265897,9.30420204560337,47.44228736927532
GR,2021-09-26,269,NA,NA,NA,97.14131110869516,0.051934935573069885,8.370017263668913,10.967305393715566,10.967305393715566,2021,GR_2021,111.94478917809758,82.647575687502,0.1791925904161107,0,20.11284398601979,1.9656033208294659,0.0961415709958863,0.18837268030459187,0.03793742510286915,10.898918319625775,11.829300776768699,9.978080404840092,47.601514582465654
GR,2021-09-27,270,NA,NA,NA,59.04710755435283,0.07837761636244966,8.014938991835638,NA,NA,2021,GR_2021,84.2100085683282,39.89967218412885,0.23308232587461286,0,19.511160099921305,1.8005278674385954,0.14230217465614792,0.27824711460510637,0.05628478509654967,6.048342432669764,15.458368093243454,-0.06691390006317122,47.22500482548992
GR,2021-09-28,271,NA,NA,NA,59.13460914719763,0.10591485666297512,8.387474944164296,NA,NA,2021,GR_2021,83.46795230912248,39.69479989218347,0.29665630666942977,0.005623346686718073,20.303745357079155,2.0210904314429086,0.14539833578986924,0.2848103637576301,0.059245804836250436,4.73550041616105,11.97893769326785,-0.9378396914012473,28.255230259690713
GR,2021-09-29,272,NA,NA,NA,59.59652184051259,0.14713583848614392,8.638562420632425,NA,NA,2021,GR_2021,84.62951854195849,40.193243556012526,0.3803146823187512,0.021218933551013675,20.83219017578148,2.0839676576003554,0.14728219440444293,0.288315622710004,0.05977813935583587,6.039572618589945,15.061418273967508,-0.08336251369591295,47.373058752169186
GR,2021-09-30,273,NA,NA,NA,60.51600584463905,0.19364527893017752,9.008309075047746,NA,NA,2021,GR_2021,85.74182453733742,40.555424045002134,0.48573351764364225,0.04206597625887819,21.875701572000718,2.153200727404181,0.14831956926005002,0.29217739601083376,0.06067024238549324,6.163496294438135,15.784399489651257,0.02427922890386501,46.584113806951365
GR,2021-10-01,274,NA,NA,NA,60.631418026048024,0.26537134949571467,9.34575925377955,NA,NA,2021,GR_2021,86.22480831309721,40.863831751798486,0.618654256260119,0.07108894809949667,22.31448556906433,2.407302969653468,0.1519465997720354,0.2988456798886876,0.06266627355148044,5.9657136437932525,15.110317894152454,-0.12329546230255636,43.10400552633347
GR,2021-10-02,275,NA,NA,NA,61.33108532636768,0.3447681268293812,9.545320633869503,NA,NA,2021,GR_2021,86.84017422923672,40.84231016345185,0.7883212523115364,0.10538319216357286,23.0012537487629,2.5116556757842594,0.1560694366917727,0.3036693070825457,0.06382322277627603,6.265904814836084,15.82134075604315,-0.12013474228528832,47.04299957113068
GR,2021-10-03,276,NA,NA,NA,60.52011246324722,0.439067033688362,9.839622229742378,NA,NA,2021,GR_2021,86.92921165147219,40.804303452236745,0.9982950636175029,0.15090968188873977,23.276396926467402,2.423837123571827,0.1562468342618289,0.3057860782428681,0.06372393831298596,6.110099426017772,15.738963580151317,-0.22127622264214772,45.60467062790006
GR,2021-10-04,277,NA,NA,NA,61.15853332029554,0.5732961475017397,10.387812791702252,NA,NA,2021,GR_2021,87.34629222296006,41.25353578789401,1.266213602702607,0.20392734900735254,24.94563517979457,2.806810069742212,0.1641062454383487,0.3151297001366588,0.06619401718435264,6.165993635551956,15.985725077085117,-0.0348174842940098,45.7045592124025
GR,2021-10-05,278,NA,NA,NA,62.026408455656444,0.7428107849197109,10.716078324644066,NA,NA,2021,GR_2021,87.84423383952057,42.10602031449809,1.5976231449647758,0.28503437771906753,25.448507194105613,2.9313649583894965,0.1634413406157685,0.3159804653259846,0.06597163889459842,6.252170450706996,16.061156744596452,-0.008358833728476537,45.517063560099835
GR,2021-10-06,279,NA,NA,NA,61.320223349622204,0.9399858330047511,11.258295074331581,NA,NA,2021,GR_2021,87.87263069052584,41.57324872663062,1.9863848506853183,0.36264646562676045,25.685759385999212,3.211439318584063,0.16747570084505464,0.31613312908180113,0.07098350292281738,5.996103065658824,15.077912859603662,-0.19269109745678822,40.85624948163137
GR,2021-10-07,280,NA,NA,NA,62.07513707725914,1.2337991689044991,11.116510343259325,NA,NA,2021,GR_2021,89.28329503694445,41.61537784191475,2.531631825758178,0.4887112596110902,26.394343613292236,3.122088555989149,0.16672847606717792,0.32002066122746853,0.0685796378492218,4.955573075770642,13.009064304285902,-0.7162892636514339,27.233193543543884
GR,2021-10-08,281,NA,NA,NA,63.05773189678097,1.5570093315651028,11.818945275737882,NA,NA,2021,GR_2021,89.87274305989754,41.778171043460084,3.1914977632876105,0.6392167164660506,27.727620180189092,3.3328580021606284,0.17162062734992142,0.3241270682070765,0.07059312137829521,5.700653563013194,14.422249371872262,-0.2901362900814707,35.388963246375766
GR,2021-10-09,282,NA,NA,NA,62.40362209886807,2.001598766845414,11.79811434720573,NA,NA,2021,GR_2021,90.7024733574713,42.00404968648923,4.087764889606066,0.8453694023976626,27.932315426902264,3.1513892755450867,0.1668679878806026,0.3254585776607377,0.06733111753270732,6.29614411210262,16.065509494344536,-0.05660576319591901,43.95538083051914
GR,2021-10-10,283,NA,NA,NA,62.52829287903688,2.5719894256669935,12.564182054867906,NA,NA,2021,GR_2021,89.69047945531523,41.60602492406354,5.211841032113577,1.096244092980473,28.78883368143392,3.6636611469308824,0.17618012262499708,0.3284286060274585,0.07262041661955632,5.480639036365152,14.065233392473628,-0.500550203908325,31.920491707106837
GR,2021-10-11,284,NA,NA,NA,63.161358459847555,3.238569014920514,12.848017946492487,NA,NA,2021,GR_2021,90.83352311196745,42.232114448490684,6.495491297217933,1.4344991832440086,28.994632908148958,4.009571682006104,0.17633536802834013,0.3271304550179402,0.07349442857898261,5.868038698058008,15.23135011554961,-0.20547116773622132,35.68266958847025
GR,2021-10-12,285,NA,NA,NA,63.06236837501377,4.194345235614865,12.887867098879534,NA,NA,2021,GR_2021,90.4790169240053,42.24685339481159,8.377503325832164,1.8691872920604777,29.961085090877955,3.79126549172037,0.17304311464237815,0.3267037464754673,0.06987559188486209,4.110477752277422,10.925691365221551,-1.1395245516730004,18.720171404416593
GR,2021-10-13,286,26.6332603427,5.00951559746,8.46119776745,70.07382003,7.603442064,40.966125954,NA,NA,2021,GR_2021,121.84263336852716,18.305006691472816,28.192169524906568,0,166.1751120508987,0,NA,NA,NA,6.81568400538959,10.978995047797765,2.6027995930632253,40.29541913399176
DL,2020-07-13,195,NA,NA,NA,21.331467915505062,0,41.29522132174068,NA,NA,2020,DL_2020,32.22405167367054,13.476647766655109,0.034733213582674685,0,89.45448842858038,15.428850864346572,0.6526242098602204,0.814914838158059,0.40878329576600725,2.947680286066383,8.709146398598364,-1.9050269723405011,47.217741229384345
DL,2020-07-14,196,NA,NA,NA,20.835995064959047,0,40.585203103469176,NA,NA,2020,DL_2020,31.186298574885388,13.370283187737224,0.03458704446608399,0,87.04334657808009,14.562070260381173,0.6529146592837671,0.815067004299747,0.40782387145092613,2.968864900945072,8.448983891651118,-1.916400453819249,49.321928920205224
DL,2020-07-15,197,NA,NA,NA,20.09250973508395,0,40.05059273001091,NA,NA,2020,DL_2020,30.44532623718867,12.832938148763665,0.03327854736069982,0,87.27599319777481,13.959265712365251,0.6556462494222712,0.8190254167297953,0.4111967823313463,2.8255849852330677,8.269225980488498,-1.8177714902583697,48.60317332221642
DL,2020-07-16,198,NA,NA,NA,19.870191109259153,0,38.29766957951964,NA,NA,2020,DL_2020,29.24490805012922,12.73766667937373,0.036066543285291436,0,84.80919172854875,13.31646787154039,0.6510338575634278,0.8158528924469056,0.4008252888927715,2.776555397776778,8.159634985659746,-1.9712645142322407,48.135166041507674
DL,2020-07-17,199,NA,NA,NA,19.356359515040115,0,39.30117706205183,NA,NA,2020,DL_2020,28.485663271793676,12.616845205327431,0.03815804857677074,0,84.84600774907632,13.825332601659307,0.658989071984776,0.8187214420978355,0.421629858823802,2.6407430848845572,7.861024665226791,-2.0487587921724297,44.8329330148125
DL,2020-07-18,200,NA,NA,NA,18.93064101895791,0,37.6330091741569,NA,NA,2020,DL_2020,27.452996564241687,12.26666293195227,0.039062623823126016,0,81.60546407612266,13.050771051443206,0.6592832616730395,0.8192235964980915,0.410709376971423,2.6014344891613197,7.860326678035756,-2.021571559882141,47.79817938108562
DL,2020-07-19,201,NA,NA,NA,18.47320720318007,0,37.39595503182804,NA,NA,2020,DL_2020,27.115984517173995,12.051267303623804,0.03918998480566642,0,80.80985251971302,13.405465049983459,0.6614556383281973,0.8209338446151657,0.41608610299214266,2.584322868351417,7.6528325161783215,-2.1400586160119777,47.87398721379938
DL,2020-07-20,202,10.226532025100001,0.80069528946,16.28738940785,14.340705906599998,0,155.57808243999997,NA,NA,2020,DL_2020,27.971971462814135,0.7094403503858637,0,0,495.4238304839511,0,NA,NA,NA,2.9003797079692353,7.045265118049014,-1.3107789503539449,47.54883925405035
DL,2020-07-21,203,NA,NA,NA,17.326969064437538,0,36.272330215296286,NA,NA,2020,DL_2020,24.967231546407536,11.287957331246472,0.03863338287182584,0,78.34473762064249,12.599196620024879,0.6682023418468677,0.8249441686616233,0.4248628591732726,2.4329435518306664,7.442264060906064,-2.127307624260413,47.26378777627945
DL,2020-07-22,204,NA,NA,NA,16.656038128587657,0,34.62505569821625,NA,NA,2020,DL_2020,24.29621439623168,10.864816685203657,0.039125209707418396,0,78.16666626617723,11.887575442582992,0.6678805831523038,0.8269419338754784,0.42295451595102673,2.357779102737485,7.208866194784945,-2.2884802948786955,46.42049257837393
DL,2020-07-23,205,NA,NA,NA,17.950899439167994,0,40.420854929907044,3.3156934217596414,3.3156934217596414,2020,DL_2020,25.231833846072004,12.049643329945214,0.03904151925465696,0,85.03046409509139,13.940561157071931,0.6839163584646105,0.8349379717591489,0.43672966123548274,3.259642484609164,4.172050888183874,2.3252451659629214,33.54253407817242
DL,2020-07-24,206,NA,NA,NA,17.84644349637401,0,41.40214661403199,4.031577540713154,4.031577540713154,2020,DL_2020,25.106343888628295,12.101092219721108,0.03826329684260493,0,88.12118606597474,14.278235017035424,0.6867644039110787,0.8371481738653281,0.44078879084371664,3.958384994110506,4.876058396643302,3.0385255680366225,48.257491587762885
DL,2020-07-25,207,NA,NA,NA,18.072604321186343,0,43.819954658647596,4.506750325209916,4.506750325209916,2020,DL_2020,25.414346911677423,12.19450435484112,0.03834562435167674,0,90.75888798268257,16.014416806487706,0.6980337770431657,0.8412290156291682,0.457804432611877,4.419306294092367,5.33890714680374,3.480482412452369,49.13548734740952
DL,2020-07-26,208,NA,NA,NA,19.662151069052545,0,47.860927745172226,5.70736220890343,5.70736220890343,2020,DL_2020,27.445472374508903,13.278730472013043,0.03678210837044396,0,101.96232010419557,17.54549509705868,0.6998180410894611,0.8481880438332279,0.46416643752621206,5.5661555140274235,6.496091626509624,4.622332691215464,48.92183855902033
DL,2020-07-27,209,5.5044476309,0.76866238086,9.47632731605,23.987609942000002,0,38.30091617,5.1357435432406335,5.1357435432406335,2020,DL_2020,61.321317775994814,0,0,0,93.17285145754563,0,NA,NA,NA,5.020036842473682,5.946883615847893,4.101678028966006,48.25281586019668
DL,2020-07-28,210,NA,NA,NA,16.95738270135861,0,43.60411325105546,4.844659009781876,4.844659009781876,2020,DL_2020,23.925056698775187,11.3725018928257,0.035802448382669216,0,92.3092136689937,15.33039813176013,0.7110673399209284,0.8519104811771359,0.4645575727760752,4.7221835473840414,5.639073859468755,3.8035629914130804,36.63798667058179
DL,2020-07-29,211,NA,NA,NA,15.587958333238193,0,38.56784783434532,4.307276173276299,4.307276173276299,2020,DL_2020,21.853353812131857,10.320885868929755,0.03491272451547475,0,84.32978655260108,14.012912048438068,0.704584229542742,0.850321712033187,0.4677134814853638,4.198270292951975,5.105637141475509,3.2552647945967443,42.66780490991494
DL,2020-07-30,212,NA,NA,NA,16.521480849147157,0,45.15112544174075,5.544076483188638,5.544076483188638,2020,DL_2020,23.218524299005196,11.003103294173455,0.03589366472175903,0,94.77892612583145,16.302114951148333,0.7190764526121437,0.8585721165234583,0.48542729691937914,5.383677519749115,6.306615348320064,4.455490496750287,47.76612464822255
DL,2020-07-31,213,NA,NA,NA,15.593188001764647,0,43.69027562825267,5.35825034650326,5.35825034650326,2020,DL_2020,21.866517033328304,10.500516642623731,0.03436145336678556,0,92.52068165179439,15.68214547496159,0.7280983673608661,0.860745979626867,0.49271278876011354,5.21165604241779,6.139775856218332,4.275253818921148,43.954398357971975
DL,2020-08-01,214,NA,NA,NA,14.667372850079575,0,41.31973462673829,5.041277597695611,5.041277597695611,2020,DL_2020,20.594198243327615,9.759775995440195,0.0315189329984254,0,88.60326759245838,14.93693063548886,0.728545368533376,0.8607289876904783,0.49700025644823365,4.890342525579417,5.803465192418683,3.9851420673775055,42.81594803348612
DL,2020-08-02,215,NA,NA,NA,14.136152985497578,0,42.44770957161207,5.402716045709619,5.402716045709619,2020,DL_2020,20.344050744034817,9.36606597968871,0.032582331645246224,0,91.85082822980972,15.096872405523033,0.7348017673769791,0.8690696832464908,0.5033639934957735,5.244344191477966,6.173474294188569,4.30955401871853,45.96106050074858
DL,2020-08-03,216,3.4049888147,0.41958329826,3.85392907105,6.2912159976,0,11.8393556368,3.9420704421528456,3.9420704421528456,2020,DL_2020,11.620092461046772,0.9623395341532262,0,0,41.96202163484667,0,NA,NA,NA,3.792690156073492,4.7124036352743985,2.85665661295452,43.89952011045816
DL,2020-08-04,217,NA,NA,NA,11.568521570338628,0,33.40016754217692,3.5717318240631353,3.5717318240631353,2020,DL_2020,16.60415566090535,7.577385170069135,0.03211086273746688,0,73.65939008587164,11.568342899578711,0.7306057846973473,0.864575196495976,0.491127955968366,3.4937501748781807,4.4081337081701335,2.5723379585441526,46.33289561973019
DL,2020-08-05,218,NA,NA,NA,10.621651159751188,0,30.790660307023064,2.957415391135162,2.957415391135162,2020,DL_2020,15.457499091501512,6.960185012088788,0.03164883452615383,0,67.78890942973644,10.823228229513724,0.7268370281017478,0.8644480437708812,0.49627176857541755,2.8867714035844063,3.818589092999871,1.974203133806791,44.36897584578123
DL,2020-08-06,219,NA,NA,NA,10.141525342181957,0,29.613345149649636,2.542465237810208,2.542465237810208,2020,DL_2020,14.49090949312315,6.4370272457057105,0.03238707277911282,0,64.15985837677427,10.053098793686654,0.7317403948227099,0.8649165785304216,0.4931261096472995,2.491392447654455,3.4080510215502646,1.5823961092756618,41.86360670421912
DL,2020-08-07,220,NA,NA,NA,9.84780584462541,0,29.24450622074956,2.619907431800361,2.619907431800361,2020,DL_2020,14.21618972866976,6.376590842705658,0.032080187135518454,0,64.72238426150538,9.995597649586578,0.7366374174521577,0.8652878793278869,0.5003628092415837,2.567098085205293,3.512187490970052,1.626440149560292,45.867495660221415
DL,2020-08-08,221,NA,NA,NA,9.631436916870774,0,29.387506302255062,2.927904764299123,2.927904764299123,2020,DL_2020,13.983678139384796,6.070069833391733,0.031138475588849315,0,65.3569880613925,10.262546891026398,0.7385981430501631,0.8718453311979688,0.5047410313777909,2.8641242097595,3.7911305405567255,1.9227395239026646,45.73861306427821
DL,2020-08-09,222,NA,NA,NA,9.893232126986002,0,32.085228937539874,4.061451087696126,4.061451087696126,2020,DL_2020,14.637851192129352,6.394903955286132,0.03390871575966076,0,70.10489455057036,10.939869328417757,0.7455097044752226,0.8748939894844021,0.5089455600665991,3.9435333788975124,4.841792837343511,3.023790487995591,37.129278749278235
DL,2020-08-10,223,2.6510604826999997,0.41937976646,4.69854249725,5.461095200400001,0,6.777498123200001,2.307710329122119,2.307710329122119,2020,DL_2020,9.44422348276456,1.4779669180354404,0,0,17.632306073438055,0,NA,NA,NA,2.228662938187984,3.1488275069868856,1.3152943852433594,46.18646600262353
DL,2020-08-11,224,NA,NA,NA,8.704396900460361,0,26.483545446167877,2.4662519121202804,2.4662519121202804,2020,DL_2020,12.736854344358514,5.487812855518298,0.034451201951568644,0,58.82154179458139,9.009474933387544,0.735933671858402,0.8670907613496011,0.502392876136175,2.420146576598513,3.3567848139585807,1.4904851545881745,45.86987618525682
DL,2020-08-12,225,NA,NA,NA,8.381403707941718,0,25.88290932797302,2.0805323758164196,2.0805323758164196,2020,DL_2020,12.252887748022456,5.306567183636561,0.035750809487088864,0,57.34376917403753,8.634570058296264,0.7364663583481545,0.868117176096664,0.5055079911992058,2.0384500347615617,2.95483678915642,1.1218305420249115,37.86272236081564
DL,2020-08-13,226,NA,NA,NA,8.140089760440093,0,24.98494045791308,2.0657422644429473,2.0657422644429473,2020,DL_2020,11.963855966613881,5.22308949693468,0.03642846641996837,0,54.94626129417292,8.101744771973644,0.7351159025071086,0.8651013852204408,0.4968896153596211,2.0275824322785874,2.9401565391742523,1.1195193489321862,43.31486431730862
DL,2020-08-14,227,NA,NA,NA,8.046026315914355,0,25.070842971979847,2.0918334923481816,2.0918334923481816,2020,DL_2020,11.9493475180822,5.041991259947157,0.035441499767550885,0,54.361682961737884,8.580694657018102,0.7387539550811615,0.867547867499012,0.5057359006598054,2.0526022186321438,2.9733258932789877,1.1342165575400633,46.6812725384058
DL,2020-08-15,228,NA,NA,NA,8.075546202181618,0,24.471258064377754,2.3377048823275044,2.3377048823275044,2020,DL_2020,11.964856681818995,5.069336696398427,0.03749580673909739,0,54.49530149912919,8.485904845271389,0.7347916750307704,0.8673827910248967,0.5013889972881879,2.2965765855942912,3.2125663353230696,1.3739601465159732,46.41035646438403
DL,2020-08-16,229,NA,NA,NA,8.163201378239878,0,24.33226859948007,2.48665707941473,2.48665707941473,2020,DL_2020,12.08680880224317,5.209334328854251,0.038928249974550716,0,54.78457331855318,8.085862488291117,0.7299672107941325,0.864928158508336,0.4887283274559772,2.429163173609144,3.373909665785995,1.4884429839659115,43.16851828875784
DL,2020-08-17,230,3.1698987827,0.32371074126000005,4.89583316085,5.551191472800001,0,7.4235638864,2.594731155476998,2.594731155476998,2020,DL_2020,8.826319725693194,2.276063219906806,0,0,15.910919295562692,0,NA,NA,NA,2.5058689821904108,3.4263721754925744,1.5798382612260808,44.726671692234795
DL,2020-08-18,231,NA,NA,NA,8.04504566989907,0,22.699594441773655,2.3515875434822924,2.3515875434822924,2020,DL_2020,11.953010159444924,5.07204913677452,0.03679590884681816,0,50.894503100481145,7.371642707543655,0.7195761296011971,0.8603394783876326,0.4782527978850808,2.2986236693983204,3.2087237432215003,1.3890973917742298,44.02423521558457
DL,2020-08-19,232,NA,NA,NA,8.168462955557446,0,23.171135222918654,2.4741954229449528,2.4741954229449528,2020,DL_2020,12.180884824602101,5.134036722851057,0.035464956621129265,0,51.13560216196104,7.858329606961467,0.7218084092333474,0.8572544913558897,0.4862457954710515,2.420278689178569,3.337902754590268,1.4949492994634366,39.36561983365783
DL,2020-08-20,233,NA,NA,NA,8.280227038266245,0,23.130678616028238,2.580506772709059,2.580506772709059,2020,DL_2020,12.267401076732337,5.268709104583506,0.03645567934835579,0,51.24160905287524,7.700976234867589,0.7200621571592893,0.8558675640396519,0.4863942511211266,2.52232782220806,3.4269063626179923,1.6062781301700255,40.020346496964905
DL,2020-08-21,234,NA,NA,NA,8.557000073969506,0,22.769994909797806,2.7694645579746555,2.7694645579746555,2020,DL_2020,12.470891407419792,5.435666758964109,0.03565318617139851,0,51.318349824406766,7.281099917462873,0.7131699293982877,0.8519478719173016,0.4650219976189277,2.6960547827322117,3.620636762692123,1.7850067379837324,44.74092069611152
DL,2020-08-22,235,NA,NA,NA,8.61714734881845,0,22.457479044839914,3.0128424721169442,3.0128424721169442,2020,DL_2020,12.760860105551876,5.445392814814788,0.03666881621457872,0,50.39826133310665,7.675069789941027,0.7071797915688679,0.8495048905579152,0.47666093791748476,2.93250176238069,3.834871882910759,2.0422071962599455,45.340180007129064
DL,2020-08-23,236,NA,NA,NA,8.07154495630272,0,19.937108761041387,NA,NA,2020,DL_2020,11.9614347092006,5.025852451840841,0.03665216028766184,0,45.56209544845755,6.578578789497197,0.6986623650707077,0.8440641273508044,0.45880903566511333,1.289882416066889,5.733691607350647,-3.0700852918762838,45.76568536692204
DL,2020-08-24,237,2.5323166918999997,0.6151293628600001,6.00967439205,6.8182437398,0,11.1351767986,NA,NA,2020,DL_2020,14.19771201074098,0,0,0,16.999468204951544,5.270885392248454,NA,NA,NA,0.8114601951483942,4.989162310398496,-3.395226341637921,38.64196614704501
DL,2020-08-25,238,NA,NA,NA,8.236928942391716,0,19.432909471697858,NA,NA,2020,DL_2020,12.349650303539276,5.153416220911048,0.035469218911618625,0,44.33196396449667,5.856039079844651,0.6857152373525169,0.839628265794401,0.43308082752245725,1.1960639925803283,5.555717989447264,-3.0734992432649073,40.34748191134582
DL,2020-08-26,239,NA,NA,NA,8.36831455931535,0,18.900770834081545,NA,NA,2020,DL_2020,12.464134781044388,5.214117549808245,0.037909745559672345,0,43.23651226596307,5.80129143830249,0.6780284948518024,0.8340215227007646,0.42610368230051965,1.2985764387049756,5.567635653031167,-2.9967844561399013,45.14033694089777
DL,2020-08-27,240,NA,NA,NA,9.447891700679024,0,20.60267146172414,2.872282405646198,2.872282405646198,2020,DL_2020,13.796192495334958,6.01121044126025,0.03390689833930759,0,47.24529829242719,6.764234943646612,0.6764297139426318,0.8336754544353858,0.42607322987094487,2.7894415072218797,3.721227054542109,1.8770169026679697,42.58927166648913
DL,2020-08-28,241,NA,NA,NA,9.895903927956162,0,21.67396208975853,3.3267440146833875,3.3267440146833875,2020,DL_2020,14.383873012529898,6.285864060457856,0.03516824339764342,0,48.437902264889296,7.086921867554098,0.6735408676893231,0.8305170235155899,0.42924001247958654,3.2336312377218333,4.175879863280017,2.3123855307054457,43.65086150899942
DL,2020-08-29,242,NA,NA,NA,10.074133073485733,0,21.701440131042578,3.5079553976193862,3.5079553976193862,2020,DL_2020,14.782693708692085,6.4828235095892754,0.03446275953491927,0,48.227990036760445,6.9496312033156595,0.6716608315502712,0.8290027301252647,0.422111907574508,3.4094282699102747,4.35331702679939,2.507112108525297,45.96462965762251
DL,2020-08-30,243,NA,NA,NA,10.372120331859906,0,20.843945158784106,3.3452599261584814,3.3452599261584814,2020,DL_2020,14.957454217700716,6.689380881742375,0.035077971469364366,0,46.935226572275496,6.610716497858885,0.658819225020101,0.8214755185207439,0.40635367248824644,3.250638277334227,4.164218167810219,2.3333389709173114,45.20389993276424
DL,2020-08-31,244,NA,NA,NA,10.25160010687157,0,20.031919489126583,3.131047576387212,3.131047576387212,2020,DL_2020,15.10588286304821,6.545028254297593,0.034284761123316354,0,45.80571035646365,6.286267573153255,0.6486456719001743,0.8175389179040486,0.3979784581541359,3.0292785102394424,3.9543025054368024,2.1335984826003243,25.357626400336287
DL,2020-09-01,245,NA,NA,NA,10.536430387477665,0,19.533232106425825,2.9739153387111905,2.9739153387111905,2020,DL_2020,15.333857083426418,6.731661439266025,0.034465871634431655,0,44.30190170842568,6.266439629863653,0.6399195437133074,0.8089053251673387,0.39448606998203817,2.9102533664184143,3.834048071799842,1.9603991446549345,45.46936552712909
DL,2020-09-02,246,NA,NA,NA,10.970573025297437,0,19.563269299101826,3.4014824444415295,3.4014824444415295,2020,DL_2020,16.033403609465815,7.09165159548961,0.03302460719270506,0,45.7669326603822,6.271279648608708,0.632989767913001,0.806310292798465,0.38006555981874585,3.3146910170723594,4.264754810730861,2.370894579953924,44.25058539770798
DL,2020-09-03,247,NA,NA,NA,11.307594871171217,0,19.683583322837556,3.368857824506739,3.368857824506739,2020,DL_2020,16.372822530768286,7.391664241261177,0.0343598702436706,0,43.85636218161482,6.449785764400183,0.6277015428729495,0.7997322899379671,0.382952742930187,3.2848084109161393,4.212373050076801,2.350506578000532,45.756731615271114
DL,2020-09-04,248,NA,NA,NA,11.434331781623358,0,19.78672310190223,3.386619186646779,3.386619186646779,2020,DL_2020,16.545567582439404,7.468304463126751,0.03418884234634649,0,44.15517941187114,6.373537505412678,0.6281017408828342,0.7978484128409593,0.3735872638801194,3.2993449792969787,4.223524920897667,2.3704006662932096,45.66041851696037
DL,2020-09-05,249,NA,NA,NA,11.962149290728371,0,19.49102304376046,3.5979585942408403,3.5979585942408403,2020,DL_2020,17.487114388006844,7.713342648377786,0.0336529540487947,0,43.727614012095636,6.312773942824592,0.6137821025789463,0.7926997425171362,0.36340883841212007,3.495722746315061,4.423873054163,2.5888683162223827,40.41509678649358
DL,2020-09-06,250,NA,NA,NA,12.027662341169746,0,18.647740097470468,3.4759237505989775,3.4759237505989775,2020,DL_2020,17.546355128082833,7.839509316091192,0.03291950402983919,0,42.81469288320327,5.865228474614481,0.602824225019569,0.7831577298108718,0.35392599237711136,3.3969284114636054,4.305108807234775,2.4493150652992948,45.007401138157825
DL,2020-09-07,251,NA,NA,NA,11.118966217097329,0,17.292831020816234,1.70030074675072,1.70030074675072,2020,DL_2020,16.377223277109834,7.104130141632149,0.03195729988160495,0,39.72782984142558,5.4750668798458335,0.6043611885600735,0.7847074057239077,0.354476192541696,1.663179984896551,2.5879549568193796,0.7439885747442283,18.572447273744228
DL,2020-09-08,252,NA,NA,NA,11.658780217885115,0,17.733255761927413,2.3576020878825195,2.3576020878825195,2020,DL_2020,16.81084564928855,7.570625737205074,0.03316360707953442,0,39.96853762360879,5.543518729385383,0.5995490935510657,0.7780192867017202,0.35179459175356315,2.3234664408361194,3.2609549079863407,1.3907909343134022,46.27559023368091
DL,2020-09-09,253,NA,NA,NA,12.19766736120833,0,17.73609200861676,2.73285094866264,2.73285094866264,2020,DL_2020,17.54270206578124,7.900994528707534,0.033832881764548906,0,40.506356382121695,5.345347978793281,0.5908135412280523,0.7740199222374312,0.336046965772292,2.6892700422471973,3.6185300447096,1.7457250021024648,45.86202686207573
DL,2020-09-10,254,NA,NA,NA,12.574803784264398,0,17.800041660925803,2.9452157996482144,2.9452157996482144,2020,DL_2020,17.91139717702714,8.271302256268047,0.0334598870581774,0,39.31992617421994,5.772065361707089,0.5839086638814951,0.7662623260032639,0.3396196541485493,2.8776983625202845,3.788835731487968,1.961232691929596,45.63746854271647
DL,2020-09-11,255,NA,NA,NA,13.14789001576292,0,17.286524264836626,3.1892451702186664,3.1892451702186664,2020,DL_2020,18.764320084262547,8.647362280183971,0.033888153811037255,0,39.6143666567937,5.422345416772618,0.5702848259603164,0.7581396267074818,0.31946330107530074,3.1194664618132553,4.033860916433398,2.1990563745563994,45.66661250471804
DL,2020-09-12,256,NA,NA,NA,13.579574851580924,0,17.879189192273895,3.498972341420697,3.498972341420697,2020,DL_2020,19.37117164604597,9.110496129867828,0.033119896608002755,0,40.53509315012247,5.70290158568749,0.5663161804298656,0.7537590027224276,0.3232495879784936,3.416839314083645,4.344804488341264,2.4940661884683495,45.38448629774376
DL,2020-09-13,257,NA,NA,NA,13.656702713656498,0,17.290123062818413,3.3452838216201175,3.3452838216201175,2020,DL_2020,19.412413468337316,8.961656485814691,0.03203238816126083,0,38.83837539548928,5.411959240929065,0.562685883421868,0.7487403413009847,0.3181454891018735,3.2718853542277717,4.187619765253712,2.3558804949486976,45.600472351320626
DL,2020-09-14,258,4.2799180167,0.6647566838600001,6.92109170025,11.6892848204,0,15.971061067800001,2.5587591226435857,2.5587591226435857,2020,DL_2020,21.990806517290125,1.3877631235098762,0,0,39.559871370524014,0,NA,NA,NA,2.5007174478204885,3.422386464727969,1.574351910173472,45.13640995267467
DL,2020-09-15,259,NA,NA,NA,14.259523526079507,0,17.366120903079047,3.27631680415623,3.27631680415623,2020,DL_2020,20.221385157150785,9.444440463013773,0.033581071528738043,0,38.579326010017326,5.727546949988469,0.5529190048464655,0.7395062939031181,0.31934396540231685,3.202546684786802,4.1137488662702,2.2872739103576416,41.42428855633605
DL,2020-09-16,260,NA,NA,NA,14.389397974066455,0,17.314136895462646,3.2644560856203086,3.2644560856203086,2020,DL_2020,20.450693664653297,9.595318305948979,0.03349346044779909,0,38.309843459719964,5.603749130016771,0.5486271413956785,0.7380571329808141,0.3098020110683742,3.1884346044744003,4.132571996567921,2.2568728874196635,44.15911584451548
DL,2020-09-17,261,NA,NA,NA,14.64353775729157,0,17.36731605837825,3.3969441165403578,3.3969441165403578,2020,DL_2020,20.662252632433052,9.801015467574626,0.034134711753827846,0,38.47135827489901,5.482396079053197,0.5464605002294249,0.7337761141275974,0.3078643677096906,3.323183351795795,4.2497432249728995,2.4046162284477317,44.73418493644422
DL,2020-09-18,262,NA,NA,NA,14.855657498097722,0,17.01985643364357,3.2662355412171267,3.2662355412171267,2020,DL_2020,21.096773789497032,9.92083063212713,0.033994522100519176,0,37.41974163140266,5.509746221364027,0.5369179477682482,0.7252585506503048,0.3069848395208625,3.2009235912549023,4.119519709652728,2.298736239052117,42.59246642798946
DL,2020-09-19,263,NA,NA,NA,14.241693833185165,0,16.060420376888107,2.394829519449657,2.394829519449657,2020,DL_2020,20.245817744191825,9.42411229585968,0.03381904227466481,0,35.852951643761486,5.085861029883766,0.5366788578864199,0.7265167072101204,0.29827831900135193,2.3507537351453536,3.2639722785752507,1.4427696239309402,25.765293682127453
DL,2020-09-20,264,NA,NA,NA,14.815239998453722,0,15.881977962884687,3.036063599226743,3.036063599226743,2020,DL_2020,21.10350295886663,9.855268336941464,0.035520572263722336,0,36.85001009598401,4.836706658734016,0.526556582837572,0.7215483483224162,0.2827457830140303,2.9725804351586893,3.8950678419600773,2.0327736796356004,42.39084032101002
DL,2020-09-21,265,8.1193729297,0.94958350106,13.84308558925,15.113898122,0,37.7353036714,2.7901683454588038,2.7901683454588038,2020,DL_2020,20.701093970490348,9.526702273509654,0,0,85.27694451434716,0,NA,NA,NA,2.742244969869908,3.672091785126611,1.8234727817305412,40.56789384932662
DL,2020-09-22,266,NA,NA,NA,14.727039960224994,0,15.991828674973068,2.6469425708007863,2.6469425708007863,2020,DL_2020,20.856943676988035,9.862316304590998,0.03545172058882522,0,34.825652432749955,5.197164671020836,0.5258370496154978,0.7125762281472278,0.29724176541883995,2.604005879094045,3.5445158472351093,1.6666695611134374,38.902534633421624
DL,2020-09-23,267,NA,NA,NA,15.441758344262903,0,15.385431289749842,3.012087886781166,3.012087886781166,2020,DL_2020,21.492626463524598,10.442635705306223,0.03585775383098666,0,35.04143899568195,4.583845836983993,0.5130255838205546,0.7031434750120941,0.2745827185078167,2.9573780523038513,3.8718837147254375,2.0224937058536403,39.35780836912309
DL,2020-09-24,268,NA,NA,NA,14.384366458686923,0,15.554046897674706,2.1080688261099447,2.1080688261099447,2020,DL_2020,20.55308704774897,9.45553395821348,0.035429920567469436,0,33.95391847891541,4.950797181546699,0.5198602506076457,0.7138392494327759,0.2905453145330227,2.0809465575196535,2.9944140814257545,1.1505936845998355,29.494922040751913
DL,2020-09-25,269,NA,NA,NA,14.53621479995966,0,14.963887234369928,1.9014135671329888,1.9014135671329888,2020,DL_2020,20.777125290906806,9.664120432945838,0.03578873780981601,0,33.273034873462144,4.62822737049521,0.51168731108059,0.7109402273125319,0.278271965617291,1.8803732692740742,2.785550722411232,0.9498587843675736,24.915899005060627
DL,2020-09-26,270,NA,NA,NA,15.136992971116841,0,14.898637208612666,2.4398142753763326,2.4398142753763326,2020,DL_2020,21.261510250997713,10.089797673317522,0.03598962337634988,0,33.35310006903797,4.583251438776799,0.49952579199323505,0.6975669027898967,0.2766435866846636,2.397715338284484,3.329095919095541,1.464307865305995,30.622635370396832
DL,2020-09-27,271,NA,NA,NA,14.934225403223374,0,14.96427805940004,2.405138730759366,2.405138730759366,2020,DL_2020,21.0756890546085,9.990716752181449,0.03567809167856288,0,33.01946375931826,4.620648008117946,0.5074420191265754,0.6988897175232637,0.27780537234911873,2.375519823315868,3.294402747027405,1.4578584017190557,42.64080310528096
DL,2020-09-28,272,3.9767256199,0.6308150756600001,5.99673456185,14.4118518596,0,14.795815013600002,2.437195534259206,2.437195534259206,2020,DL_2020,20.55564304956057,8.268060669639434,0,0,30.087363613039262,0,NA,NA,NA,2.3943793122807144,3.3098036185822126,1.4783294576885233,42.01524708988275
DL,2020-09-29,273,NA,NA,NA,15.452197484312792,0,14.175475759818163,2.6969673727913417,2.6969673727913417,2020,DL_2020,21.650861703385967,10.492299259105323,0.03628948259401943,0,32.13986824425374,4.176438406039161,0.4878259154384072,0.6870576532888719,0.25737792953716804,2.6510542370784114,3.5621086771146704,1.7345926324706946,42.54604859744648
DL,2020-09-30,274,NA,NA,NA,15.607370982764438,0,14.341645569986571,2.6805973073028038,2.6805973073028038,2020,DL_2020,21.672221428870387,10.45419549779682,0.036567258874698846,0,32.62197833405031,4.387865288233719,0.48955961051757935,0.6867404817390181,0.25807114888159954,2.643488883848338,3.5664311514470044,1.7116186745273538,42.14129031580154
DL,2020-10-01,275,NA,NA,NA,15.674082295039264,0,14.23404058954213,2.7936688257741324,2.7936688257741324,2020,DL_2020,22.34286319098636,10.652373240801545,0.034902354305337974,0,31.819169828856044,4.161598215187549,0.48646968834165316,0.6810493427683028,0.2539099055314239,2.756359663022164,3.692732105214582,1.8328726336919892,39.11655452630758
DL,2020-10-02,276,NA,NA,NA,15.5427461085141,0,14.038040285088488,2.645877533154126,2.645877533154126,2020,DL_2020,21.95122222429654,10.351352191902997,0.037027882503521015,0,31.453697035927394,4.2381822395044235,0.484740880389014,0.6813516866146796,0.2589648124646733,2.6102413779606772,3.5287469211090636,1.6943375123768065,41.82095895051109
DL,2020-10-03,277,NA,NA,NA,15.51843180294665,0,13.703626411641253,2.5748133255526433,2.5748133255526433,2020,DL_2020,21.686099454569675,10.493703713241157,0.035181941369867645,0,30.896212636037877,4.081666856055106,0.4803280614003579,0.6762245252992733,0.2530593700718303,2.5428298862461585,3.4863168498326838,1.6145751089027063,41.714289833220306
DL,2020-10-04,278,NA,NA,NA,15.835040660063166,0,13.30920361074931,2.677018493694445,2.677018493694445,2020,DL_2020,22.076423575280792,10.462375587386672,0.036313374567426004,0,30.06757428052217,3.9864557413413784,0.4726496756605546,0.6719958438558673,0.24811475163879132,2.6355249993059147,3.5715958999646515,1.7286952456726048,42.056163990290585
DL,2020-10-05,279,5.1469213763,0.86605868326,10.81656441665,11.9832923064,0,26.718369148,2.533315133875383,2.533315133875383,2020,DL_2020,18.447314922546767,5.519269690253235,0,0,46.60291122656179,6.833827069438211,NA,NA,NA,2.481194480241358,3.399354718908368,1.554246808633157,41.21536320355804
DL,2020-10-06,280,NA,NA,NA,15.877060469978199,0,13.363328736670123,2.6532495130234346,2.6532495130234346,2020,DL_2020,22.48146817458191,10.639427474822135,0.036245747342901286,0,29.924496862746057,4.101819195633842,0.47189367990220865,0.6730692638764403,0.25256488747000166,2.6069474035974958,3.5156832399756346,1.7022267869698944,40.45587488644149
DL,2020-10-07,281,NA,NA,NA,15.875741793149226,0,12.480918612058403,2.7110531285142754,2.7110531285142754,2020,DL_2020,22.285541919788574,10.55890893533285,0.03835272634726525,0,29.201875006583634,3.487726151652153,0.45959233348881495,0.664267534312792,0.23220016298318447,2.6605164684579536,3.5840077095919924,1.730626155619328,41.090697273369486
DL,2020-10-08,282,NA,NA,NA,16.407027771458978,0,12.916310978886614,2.9070663126696226,2.9070663126696226,2020,DL_2020,22.90224389107047,11.033280959768415,0.03553369944553322,0,28.850182832182146,3.9072420964371593,0.45580488909410977,0.6569741354847098,0.23720988256801995,2.8682861954473218,3.7853515091213303,1.9298392685099288,41.24933722539579
DL,2020-10-09,283,NA,NA,NA,15.764692204702152,0,12.274233209117668,2.488795645947331,2.488795645947331,2020,DL_2020,22.372299156081798,10.510872277120889,0.03828492522022989,0,28.690074687777066,3.4815065065690454,0.456637824886164,0.6606522547077023,0.230086615075915,2.451394538292572,3.3781255639870182,1.5447395106193507,39.252399090952046
DL,2020-10-10,284,NA,NA,NA,15.499266564043305,0,12.313018672952813,2.1375121184146106,2.1375121184146106,2020,DL_2020,22.06625041521168,10.31564024854188,0.036450443492009266,0,27.677554102668797,3.423593046208089,0.4564466679003406,0.6554406018125676,0.2366155167060096,2.120086382990808,3.0249993393219463,1.197399279907242,34.540539442328104
DL,2020-10-11,285,NA,NA,NA,16.033110937954454,0,11.674729537161356,2.009954106459939,2.009954106459939,2020,DL_2020,22.8001870692469,10.726982499641734,0.03535922305129585,0,26.95242582641685,3.222380850412327,0.43613714725961356,0.641879685292008,0.22553607921963048,1.9747794962062328,2.894402006013749,1.052175329192469,21.84965620045852
DL,2020-10-12,286,5.3104705167,0.7770594944600001,7.80244107325,15.343662367999999,0,17.664806784,2.086452317084725,2.086452317084725,2020,DL_2020,29.77674616848544,0.9105785675145595,0,0,27.0249647888412,8.3046487791588,NA,NA,NA,2.0492888801389975,2.9738774189844266,1.1306522349939974,26.88404541876837
DL,2020-10-13,287,NA,NA,NA,15.84015878570783,0,11.39757579699642,1.394061823837558,1.394061823837558,2020,DL_2020,22.609554516857607,10.53005010964263,0.03549184517023529,0,26.388808715240632,3.1982425246649426,0.4354892398318922,0.642914818765619,0.22238074160125437,1.386292077795673,2.3077483765645064,0.4580844857991871,18.668844175634597
DL,2020-10-14,288,NA,NA,NA,16.03495958153387,0,10.926793245433206,1.8435706784175305,1.8435706784175305,2020,DL_2020,22.624547809437804,10.646058541423441,0.036639835526928136,0,25.23405319703471,3.038539139411109,0.4247381461450275,0.6316975555704254,0.21529397605806552,1.8316787533337329,2.7617410357745227,0.8931383892179718,31.204206146580724
DL,2020-10-15,289,NA,NA,NA,16.253152677646344,0,10.758234992868896,1.8337471086660604,1.8337471086660604,2020,DL_2020,23.096105552237987,10.799840047690926,0.03406626394176204,0,25.271720094205378,2.914228168946957,0.41539565240826193,0.6272037645001521,0.20804843112594015,1.8275666817659673,2.7248836062788873,0.9264023502716864,29.067923839107607
DL,2020-10-16,290,NA,NA,NA,16.206354640060077,0,10.375143362088604,1.4124241358201943,1.4124241358201943,2020,DL_2020,23.136133479905368,10.719536340927037,0.03633305968679487,0,24.172548917304137,2.8137010875482926,0.4115932741733046,0.6214360577664153,0.20535797485877474,1.4111638351579026,2.335114561293745,0.4900048945298028,21.055435473830343
DL,2020-10-17,291,NA,NA,NA,16.39893960462075,0,10.205239375019621,1.4549901017223343,1.4549901017223343,2020,DL_2020,23.46181068522289,10.88107958018559,0.037283735538204424,0,24.19818344437775,2.550330776262831,0.4044975544979446,0.6169038304156299,0.1928585607132488,1.4409329270801434,2.3787795117949893,0.5172250445206852,18.64614511233581
DL,2020-10-18,292,NA,NA,NA,16.666968871786363,0,9.959165312037504,1.5119723454554643,1.5119723454554643,2020,DL_2020,24.17918265004478,11.017696611790132,0.03553779363962395,0,23.63355430838097,2.5722938929226733,0.3933148732446349,0.6089229516507846,0.19129832347999687,1.4912883259640828,2.4219098002090997,0.5690331469549137,17.749714843899973
DL,2020-10-19,293,7.1301276457,0.5860985362600001,4.51446905225,19.057168054,0,11.442737919999999,NA,NA,2020,DL_2020,31.10145848232889,7.0128776256711145,0,0,25.290848530786732,0,NA,NA,NA,1.5419735851666345,5.750840968339433,-2.660433081156547,26.73336853948611
DL,2020-10-20,294,NA,NA,NA,16.74620045520744,0,9.563020774657414,NA,NA,2020,DL_2020,24.71694821501283,10.69266772371984,0.03774013561614435,0,23.12640873392715,2.44046166648824,0.38787598810615714,0.6023364278338199,0.1873289114326574,1.7275419681462765,6.37271294020276,-2.6929873753453175,32.980768143524074
DL,2021-06-22,173,16.2911399327,0.19949893646000003,0.6667030174499999,32.235504725999995,0,0,9.240244667519365,9.240244667519365,2021,DL_2021,70.65877951932386,0,0,0,0,0,NA,NA,NA,8.965174789716897,9.888909090295735,8.0341686116566,63.030532811221256
DL,2021-06-23,174,NA,NA,NA,41.07574495582932,0,0,6.059086903294355,6.059086903294355,2021,DL_2021,52.279312054594236,31.005832320818595,0.03598771032532673,0,1.9594012661702904,0,0.04032799115237963,0.08935905579641105,0.015363153762264745,5.9806405751013205,6.908347345273267,5.0480702631802705,62.38479359111954
DL,2021-06-24,175,NA,NA,NA,42.33715332136797,0,0,6.334980997348927,6.334980997348927,2021,DL_2021,53.720652450210146,32.08816629886723,0.037677315871010975,0,2.0522181433408098,0,0.04070794555464245,0.09037703278591797,0.015550438118054923,6.257548064573603,7.185220997710776,5.327637013952228,63.00214819095575
DL,2021-06-25,176,NA,NA,NA,50.46472065365348,0,0,7.700934306037347,7.700934306037347,2021,DL_2021,63.48007593198404,38.764046035240774,0.035317507796334635,0,2.0444834273245376,0,0.03461163717256371,0.07499053318695428,0.013144698198646134,7.5884031457232926,8.535142021417542,6.656182496964015,54.822576523052874
DL,2021-06-26,177,NA,NA,NA,32.30193142051281,0,0,4.281174894243677,4.281174894243677,2021,DL_2021,42.12906004730563,23.6075195936756,0.034913819905048174,0,2.0413411405452826,0,0.0523245998103908,0.11383528277996954,0.01924761955426868,4.254687842937072,5.170835055587451,3.321548512512384,61.602769796216215
DL,2021-06-27,178,NA,NA,NA,30.050612284896726,0,0,NA,NA,2021,DL_2021,42.82437048615681,20.073661769135132,0.03467087515520095,0,1.9048414310089714,0,0.05341603735247207,0.1194826590321302,0.020557658381432312,3.4629644487315785,9.667521301176029,-1.575947483975115,60.388920464486525
DL,2021-06-28,179,NA,NA,NA,29.769471106661033,0,0,NA,NA,2021,DL_2021,42.277921890042784,19.7162857185458,0.030884510348787836,0,1.8844580484539457,0,0.05392183712253043,0.11972905867454571,0.0199497628116229,3.4671893837764456,9.59495836905518,-1.5447707339246914,61.79060443668506
DL,2021-06-29,180,NA,NA,NA,29.24895918647108,0,0,NA,NA,2021,DL_2021,41.75210925720645,19.328045339626662,0.030801800013404046,0,1.892392623564513,0,0.05540237415885781,0.12306634905170796,0.020828121297103486,3.4048309284171725,9.424121795537285,-1.6543964472360375,62.60491408504618
DL,2021-06-30,181,NA,NA,NA,28.708102905814233,0,0,NA,NA,2021,DL_2021,40.99769355446943,19.199617305201752,0.03360294608711159,0,1.8132437313941998,0,0.05435012903954278,0.12033490528735191,0.020212347581773756,3.3908899787609483,9.026717761283074,-1.648699801228294,62.151239154578384
DL,2021-07-01,182,NA,NA,NA,30.69884373810474,0,0,4.116595199431205,4.116595199431205,2021,DL_2021,40.427570672943936,22.021356350205128,0.03128388873250609,0,1.8319228522309738,0,0.052773070004224494,0.11396608547499334,0.02027283868613166,4.074160122215691,5.014849701661493,3.145168999811551,57.79495632108659
DL,2021-07-02,183,NA,NA,NA,37.75111903612264,0,0,5.927876906310891,5.927876906310891,2021,DL_2021,48.71197967322451,27.897459346859222,0.032057997892961695,0,1.91330926419485,0,0.04362839469584441,0.09728322192784844,0.016423389798068577,5.8462989228017435,6.801915155673245,4.901968742604081,60.44671828239335
DL,2021-07-03,184,NA,NA,NA,35.973155191715,0,0,5.685369097815567,5.685369097815567,2021,DL_2021,46.19664639179819,26.584295815318352,0.03312673969398197,0,1.8086929905320543,0,0.04538342453986146,0.09776481276197002,0.017432415781599292,5.603383963258337,6.545632968648611,4.685588567488678,66.06414942380745
DL,2021-07-04,185,NA,NA,NA,31.394041727498273,0,0,4.542985701866955,4.542985701866955,2021,DL_2021,41.311347695705635,22.728835442726986,0.030358300643297156,0,1.8176039029646098,0,0.05032595881230249,0.11121842973184888,0.018892440099525253,4.490953597132174,5.431859743721374,3.549062534424343,58.88243552830921
DL,2021-07-05,186,NA,NA,NA,31.754886025317713,0,0,4.66312950262007,4.66312950262007,2021,DL_2021,41.77117380473668,23.06152508261825,0.032677484639165644,0,1.7384496957665574,0,0.049741930739774357,0.10857871530877292,0.018900694470793178,4.600660739817231,5.525100722481691,3.6720115338747874,53.85864633724155
DL,2021-07-06,187,NA,NA,NA,34.926301289060945,0,0,5.703557750465695,5.703557750465695,2021,DL_2021,45.075211227827104,25.61065785732462,0.034332208946441234,0,1.773794851103701,0,0.045666062031889526,0.0993061678850574,0.016749688557291274,5.618499986051551,6.540869865780306,4.6948485209536885,66.11648220597124
DL,2021-07-07,188,12.777395868900001,0.19949893646000003,0.6667030174499999,18.3047832126,0,0,3.041874484571845,3.041874484571845,2021,DL_2021,28.810523469320163,7.7990429558798375,0,0,0,0,NA,NA,NA,2.9849793479861573,3.9086215529979005,2.0680088152710745,46.3902285785425
DL,2021-07-08,189,NA,NA,NA,29.133317505413594,0,0,4.377103826043503,4.377103826043503,2021,DL_2021,38.381082077241764,21.023238295499052,0.034919084668802794,0,1.7033759551459,0,0.05253120266479312,0.11588032193466792,0.01970645391618987,4.325448705214241,5.2598194479470655,3.4087138502892107,66.43881470952488
DL,2021-07-09,190,NA,NA,NA,27.184497231483736,0,0,3.70705099843116,3.70705099843116,2021,DL_2021,36.370547409253554,19.60112192371918,0.035963920079834996,0,1.6500871928822414,0,0.056617510801285326,0.11950062200693669,0.02225949061270601,3.6795284435673814,4.617007597705025,2.7541508738424527,56.86330663760205
DL,2021-07-10,191,NA,NA,NA,27.620821463412604,0,0,4.0357333623092835,4.0357333623092835,2021,DL_2021,36.682509424861266,19.762226576720803,0.03666457825844653,0,1.6403737391894335,0,0.05528806384683664,0.11881969062287523,0.02135458224894783,3.9985453141171305,4.938965973617897,3.0963519377754474,66.22438834849125
DL,2021-07-11,192,NA,NA,NA,26.9980704313166,0,0,3.859751989659324,3.859751989659324,2021,DL_2021,35.914439477144754,19.39073576077363,0.03923291051508558,0,1.6478995861954688,0,0.05631780973343169,0.12231704339733987,0.020604501457156782,3.8274484905980346,4.763042970781332,2.8995880732398183,65.64612284618616
DL,2021-07-12,193,NA,NA,NA,27.530067420491033,0,0,4.071592566716109,4.071592566716109,2021,DL_2021,36.61973913394315,19.90333649521739,0.03858750631868216,0,1.6180833446414757,0,0.05471032655052073,0.11853246131871023,0.020445510585507053,4.032271555778454,4.943435691748844,3.096521336440484,65.6366432598187
DL,2021-07-13,194,NA,NA,NA,27.27175380484795,0,0,3.9140976052978456,3.9140976052978456,2021,DL_2021,36.24580874576905,19.5258644246239,0.04106980864673537,0,1.630302326709118,0,0.054899880312985996,0.1198408182306015,0.021241275477411614,3.8817317154014335,4.82785215786031,2.970728763825357,62.63022777314355
DL,2021-07-14,195,NA,NA,NA,29.596733499556102,0,0,4.7337334517555725,4.7337334517555725,2021,DL_2021,38.85635440947112,21.443277033028803,0.042085659228479094,0,1.7010741424740576,0,0.0517153867610283,0.1141711001780139,0.020074059516494755,4.679728303022941,5.613940855426651,3.74343480242538,65.06723430667587
DL,2021-07-15,196,NA,NA,NA,29.79193307550781,0,0,4.862233907068282,4.862233907068282,2021,DL_2021,39.190442283582605,21.69764014586391,0.04404546287299589,0,1.6281740689136424,0,0.050383792706463176,0.11066669976342616,0.0192391313414211,4.801087225720321,5.751217457845049,3.852767125620823,64.25121860525344
DL,2021-07-16,197,NA,NA,NA,30.414532948855236,0,0,4.932651729461493,4.932651729461493,2021,DL_2021,39.263996378358094,22.092987652231802,0.04391816784002177,0,1.5382831566241664,0,0.04933612037752034,0.10816614494887329,0.019075118503206024,4.871173650851874,5.795263243934625,3.933348636126024,64.69532544479767
DL,2021-07-17,198,NA,NA,NA,29.359408348942406,0,0,4.752139400719019,4.752139400719019,2021,DL_2021,38.589750223480216,21.125642963344497,0.046092878809678106,0,1.5589970859345903,0,0.0523420193995507,0.10992236329610419,0.02004067866685983,4.688317973711446,5.615061094616692,3.770399380478043,64.84193920315765
DL,2021-07-18,199,NA,NA,NA,31.065639414448032,0,0,5.209521277309148,5.209521277309148,2021,DL_2021,40.54008706337914,22.609803087620975,0.04718872643382993,0,1.572717993435203,0,0.04927157636364646,0.10721713702019739,0.018517862695452192,5.1323744983597255,6.057353852184422,4.207742298039997,64.20120751092564
DL,2021-07-19,200,NA,NA,NA,26.05260330043222,0,0,3.4920762365854316,3.4920762365854316,2021,DL_2021,35.25994351180527,18.14028075968299,0.046723841900660396,0,1.597201742578254,0,0.05704559743563191,0.12411682386557774,0.022092863317797806,3.454212396450485,4.397378177726816,2.5410399952558005,45.321427157066
DL,2021-07-20,201,8.5239100629,0.19949893646000003,0.6667030174499999,15.928985567,0,0,3.5606282269964993,3.5606282269964993,2021,DL_2021,28.56378211709467,3.294189016905332,0,0,0,0,NA,NA,NA,3.4657155885586737,4.39529471674746,2.5443567799326843,45.98655526415578
DL,2021-07-21,202,NA,NA,NA,27.482429875283596,0,0,4.032069748390096,4.032069748390096,2021,DL_2021,36.366030030102195,19.72780110802068,0.04515486967087383,0,1.4957376917501422,0,0.0528882341049285,0.11476579699106322,0.020143960066194094,3.9791734791968563,4.913528758860282,3.062571879475305,52.62377626178012
DL,2021-07-22,203,NA,NA,NA,28.96919922958972,0,0,4.607817763524984,4.607817763524984,2021,DL_2021,38.16975508872463,20.81998808405545,0.0472619676235381,0,1.5206830405498928,0,0.05087467723997373,0.11092324057020328,0.01875546322251875,4.550779092215179,5.497006736703264,3.6194361890478746,63.204038623802035
DL,2021-07-23,204,NA,NA,NA,27.643648512555696,0,0,4.294871555385998,4.294871555385998,2021,DL_2021,36.65363801109437,19.876162794915825,0.0467291810146996,0,1.56145618025938,0,0.05355651057146053,0.11550564962541622,0.02044572150842627,4.242624890245358,5.169964746590416,3.333543928389246,64.3804939200619
DL,2021-07-24,205,NA,NA,NA,25.712768593871864,0,0,3.6649385551615437,3.6649385551615437,2021,DL_2021,34.32056967534671,18.363167347382447,0.04338274802065312,0,1.4993482945960142,0,0.05549672908724558,0.12244334517206612,0.020860481635058204,3.639343179763684,4.5747487427191045,2.709204520476274,64.00180945920607
DL,2021-07-25,206,NA,NA,NA,24.86912367875623,0,0,3.339627431835895,3.339627431835895,2021,DL_2021,33.41231324905145,17.730324085915687,0.04475926802582471,0,1.5504378176059985,0,0.0588471513429336,0.12826287972334116,0.022606254822869386,3.3183494158592017,4.251909955813033,2.411314377586713,63.280588418061384
DL,2021-07-26,207,NA,NA,NA,24.339879487999983,0,0,NA,NA,2021,DL_2021,35.12541662096688,16.364014234640837,0.04414253103469701,0,1.4858417569095912,0,0.05790590689084302,0.12740965959482484,0.0218039502186425,2.9355155827863753,8.44302230625962,-1.8785587268976054,62.065532351511315
DL,2021-07-27,208,NA,NA,NA,24.334644939491263,0,0,NA,NA,2021,DL_2021,34.79976564212023,16.331300731483463,0.041820438217913286,0,1.4773251514010384,0,0.05807817839067787,0.12883358014807417,0.021358977473479753,2.8629120926592124,8.326343227051193,-1.962074868003173,59.16937356057914
DL,2021-07-28,209,NA,NA,NA,24.505438757659316,0,0,NA,NA,2021,DL_2021,34.79231615791665,16.094237229332254,0.039723891055939625,0,1.5520724950273288,0,0.05842544290432275,0.1311232319641549,0.0215765762583251,2.8524109480722832,8.460620040607981,-1.9192510045623308,59.48861190496744
DL,2021-07-29,210,NA,NA,NA,24.41303168375607,0,0,NA,NA,2021,DL_2021,34.91087403185144,16.157040260586964,0.03820190763536044,0,1.5315082402125513,0,0.05943072056959288,0.1294944041784774,0.02233203462159567,2.2783647258489417,7.323605488557613,-2.2706280404011205,34.74600573791513
DL,2021-07-30,211,NA,NA,NA,24.637359322556183,0,0,NA,NA,2021,DL_2021,35.21649364157796,16.700435715336003,0.04179628144833342,0,1.5439875682812176,0,0.059787054944516735,0.128361068359671,0.02243889794626732,2.922055027695312,8.445454143406245,-1.782992960570376,60.75243845685309
DL,2021-07-31,212,NA,NA,NA,24.575003587372297,0,0,NA,NA,2021,DL_2021,35.41337413836759,16.454487667106275,0.0380343132884174,0,1.5400504223777993,0,0.05844521996804014,0.12913907241206973,0.022027838207016894,2.9524862619861505,8.363454095056854,-1.8780710848424218,60.06623787776045
DL,2021-08-01,213,NA,NA,NA,24.736363101210113,0,0,NA,NA,2021,DL_2021,35.15897893095157,16.407883680813388,0.036173789983403426,0,1.503385529212582,0,0.05766302275471111,0.12828412650653498,0.020983431487759618,2.7573496985132606,8.178240031890383,-2.0555420276724403,52.40481480950389
DL,2021-08-02,214,NA,NA,NA,24.727662901342317,0,0,NA,NA,2021,DL_2021,35.53483124163962,16.430796380192394,0.03687021677758791,0,1.4993279795948333,0,0.05677565557579271,0.1281595312729389,0.021447181018471487,2.2306011723503527,7.197578730929893,-2.43664890130241,32.06757462197721
DL,2021-08-03,215,8.9075188289,0.19949893646000003,0.6667030174499999,34.399056961999996,0,0,4.0615688836792,4.0615688836792,2021,DL_2021,44.95870929122532,23.839404632774677,0,0,0,0,NA,NA,NA,4.04310491593776,4.95792948371216,3.121004430501611,56.61059834199659
DL,2021-08-04,216,NA,NA,NA,25.56327061755457,0,0,3.3007640845634216,3.3007640845634216,2021,DL_2021,34.41714940285414,18.027325451234038,0.035022886419397256,0,1.5277671353072448,0,0.0572909647419929,0.12334805213190578,0.021845679898217972,3.2892989244542905,4.199560238741136,2.3527070451369103,57.24067079480813
DL,2021-08-05,217,NA,NA,NA,24.178382277696148,0,0,2.6546294043081735,2.6546294043081735,2021,DL_2021,32.54154702777361,16.968969877904104,0.03580247378700585,0,1.5731937062010517,0,0.05958089768205052,0.13147480005658832,0.022418155995963855,2.653932125619341,3.5830129848938506,1.7271042191475057,52.33802311232671
DL,2021-08-06,218,NA,NA,NA,25.7470591688714,0,0,3.1803999350911276,3.1803999350911276,2021,DL_2021,34.28590130314872,18.12113181527862,0.03552493077624576,0,1.4977141841764579,0,0.05714727372166892,0.12375454901946525,0.021509296600131095,3.15818751768562,4.0857314441136845,2.2613992901254165,55.58510058381217
DL,2021-08-07,219,NA,NA,NA,27.19689440650401,0,0,3.6613712159677916,3.6613712159677916,2021,DL_2021,36.279234998469626,19.269739651647022,0.03436948219837094,0,1.5804178154812156,0,0.054256656379599866,0.11944433171064779,0.02085000824173096,3.6317659867459255,4.544824362814103,2.7144809810407065,54.32983834327815
DL,2021-08-08,220,NA,NA,NA,24.011649169232616,0,0,2.241490361286605,2.241490361286605,2021,DL_2021,32.38786007001477,16.820820162394096,0.036969373587504406,0,1.585189273835585,0,0.06065843631344136,0.13247487819568324,0.02270677149033571,2.2538376127984687,3.175166037504672,1.3226163571793543,43.47586641873108
DL,2021-08-09,221,NA,NA,NA,26.83958557973118,0,0,3.5233511985764783,3.5233511985764783,2021,DL_2021,35.8632519389219,18.981699123793632,0.0376878216559664,0,1.5925941117831233,0,0.056362585118820224,0.12105049848417587,0.021169297076274334,3.4999605990301066,4.436468895778343,2.575118379049391,53.858190659802375
DL,2021-08-10,222,NA,NA,NA,27.89715396417892,0,0,3.7917101549169914,3.7917101549169914,2021,DL_2021,37.04121644288332,19.833212686952898,0.03857527544413043,0,1.7283998139215617,0,0.05436298653635882,0.11977593468153745,0.01954509919222407,3.7569406309221858,4.699232544514053,2.817365883820483,53.67552663619062
DL,2021-08-11,223,NA,NA,NA,29.33131573320397,0,0,4.2909859613280235,4.2909859613280235,2021,DL_2021,39.11643468865143,21.096586204380966,0.03887656444447521,0,1.5872962211586086,0,0.0502989678889547,0.11339641330730282,0.018782332669674016,4.244573974658284,5.184416681283159,3.2988430097251924,56.02137366978547
DL,2021-08-12,224,NA,NA,NA,30.36298831310197,0,0,4.602581825681908,4.602581825681908,2021,DL_2021,40.13256307616425,22.15785108341296,0.039338056800586566,0,1.745943140831936,0,0.0511897085894288,0.11190773954172138,0.01869749950291032,4.55286570092086,5.474961630936915,3.6042778647350544,56.330589414516794
DL,2021-08-13,225,NA,NA,NA,31.195035889537838,0,0,4.622672689639726,4.622672689639726,2021,DL_2021,41.020573531759986,22.22363549915917,0.04015766343791716,0,1.6189296966245528,0,0.04950341358116549,0.10814994745836337,0.018562826488789732,4.563354813410427,5.511223137354784,3.630639139638762,56.43720127365272
DL,2021-08-14,226,NA,NA,NA,30.18420069850637,0,0,4.362511830985341,4.362511830985341,2021,DL_2021,39.60401320541722,21.656817822054176,0.04110827013604092,0,1.731431169925226,0,0.05113138815280033,0.11306017756123735,0.019313389453319757,4.308871245236315,5.240576593619541,3.3885972792138164,56.37565495451866
DL,2021-08-15,227,NA,NA,NA,30.111294431009856,0,0,4.306970477701425,4.306970477701425,2021,DL_2021,39.72372566215832,21.573825833690396,0.041821005905227485,0,1.6977848546453793,0,0.05204062264730536,0.11436625527078584,0.019823332071183582,4.261244839467821,5.175186288324015,3.3260473937030124,55.68135281091538
DL,2021-08-16,228,NA,NA,NA,30.65927038295204,0,0,4.293864134770489,4.293864134770489,2021,DL_2021,40.63370581539844,21.882371545304945,0.04105602114048143,0,1.7973450586247703,0,0.05221141055234017,0.11522077176633204,0.01888101271729996,4.247046482562994,5.179430119057486,3.3152400243650915,52.164633759282246
DL,2021-08-17,229,8.3882848965,0.19949893646000003,0.6667030174499999,19.8814207662,0,0,3.177672406731763,3.177672406731763,2021,DL_2021,44.88468412064519,0,0,0,0,0,NA,NA,NA,3.119284106067595,4.036781508629606,2.2051982094220053,47.01691413881496
DL,2021-08-18,230,NA,NA,NA,24.619331059782024,0,0,1.8907273722994509,1.8907273722994509,2021,DL_2021,33.672640341493455,17.161921796725593,0.0460267836097336,0,1.8645950026591676,0,0.06464787827784119,0.13936067750352893,0.02402598154197185,1.9108502552395765,2.8267914358941546,0.9989571229489972,37.85292864527206
DL,2021-08-19,231,NA,NA,NA,29.05301114794428,0,0,3.2902483631781685,3.2902483631781685,2021,DL_2021,38.91670286124481,20.30167264206303,0.04662311222912145,0,1.8140879607749687,0,0.05422938605532186,0.12121611318328039,0.02012568994778602,3.2638238908545976,4.227478732026477,2.3158924592481203,36.503574500704865
DL,2021-08-20,232,NA,NA,NA,30.246095148401412,0,0,3.836675029698853,3.836675029698853,2021,DL_2021,40.26830900877051,21.719272272021993,0.048650149893480266,0,1.9632439426306587,0,0.05469125227918527,0.1197584007720637,0.020011108079470555,3.8034575511225865,4.739024633303665,2.892573842858853,44.621116096289654
DL,2021-08-21,233,NA,NA,NA,30.045124033106234,0,0,3.527905622041409,3.527905622041409,2021,DL_2021,40.39468270553468,21.224328465764682,0.04850275408232954,0,1.9491923223679688,0,0.054788657235366786,0.11935750208523328,0.020156550735352934,3.4928755975777968,4.441225797063231,2.5593692774501884,37.629993496178834
DL,2021-08-22,234,NA,NA,NA,29.932043543296675,0,0,3.9592129942423915,3.9592129942423915,2021,DL_2021,39.77889106659967,21.51428878580577,0.048243319891129025,0,1.995543016310974,0,0.05475307579962918,0.12146620748800996,0.020759172815746033,3.9273247117247063,4.86283023354269,3.0072723694035255,54.28943724812593
DL,2021-08-23,235,NA,NA,NA,32.18694156709042,0,0,4.512514860346192,4.512514860346192,2021,DL_2021,42.438962526664696,23.24481730856676,0.051704037174310075,0,2.034554507133621,0,0.051045103558043425,0.11381298129511985,0.018284902939661805,4.468407903494233,5.406844287621473,3.5156918615196964,54.60539204594848
DL,2021-08-24,236,NA,NA,NA,32.75769340560196,0,0,4.522645535416659,4.522645535416659,2021,DL_2021,42.88519836420969,23.852774742514203,0.05169367760097357,0,2.1157857133101996,0,0.05129755109097567,0.11501223926186291,0.018309940584206767,4.474676154528855,5.442888037248548,3.5084176737154067,54.868196095869166
DL,2021-08-25,237,NA,NA,NA,33.54394639358633,0,0,4.554915672509437,4.554915672509437,2021,DL_2021,43.81102927752545,24.342661517994024,0.05172323827368311,0,2.095595340343104,0,0.04857708561659309,0.11224317684758353,0.017630385982211907,4.508549368993897,5.4427717968206615,3.579206239924621,49.89036433855456
DL,2021-08-26,238,NA,NA,NA,31.844244682268158,0,0,3.9502508794831774,3.9502508794831774,2021,DL_2021,42.05893894203426,22.823806360112517,0.054088548863233055,0,2.144944373153708,0,0.052592536979342915,0.11877591253366432,0.019002930873788976,3.9223457561849493,4.852886554785519,2.986826276059504,44.24404587789397
DL,2021-08-27,239,NA,NA,NA,30.4862617566755,0,0,3.4392208949248673,3.4392208949248673,2021,DL_2021,40.86220287848739,21.545768698971354,0.05639833876823827,0,2.245951697587483,0,0.05503597837373311,0.12553267252035846,0.019458693663304383,3.4165608513633097,4.342850818496537,2.4660090868301827,38.92960914116361
DL,2021-08-28,240,NA,NA,NA,32.86966927982085,0,0,4.310735615851882,4.310735615851882,2021,DL_2021,43.18581260484952,23.83084512721046,0.05612763201069859,0,2.2634360240185454,0,0.05079504145562705,0.11603957511059398,0.01813944825011197,4.260749308925118,5.190411874281433,3.3236841086427322,49.039208670372176
DL,2021-08-29,241,NA,NA,NA,33.608537897991205,0,0,4.527407034852204,4.527407034852204,2021,DL_2021,44.07132761102521,24.482179584236118,0.056196063999417845,0,2.33848598768806,0,0.04995243700079606,0.11656975917455442,0.01792868919754577,4.470775704656802,5.4139161087428915,3.5529082300477812,52.16167779360749
DL,2021-08-30,242,NA,NA,NA,33.724749656287386,0,0,4.494336971901035,4.494336971901035,2021,DL_2021,44.06630700239535,24.504625779111095,0.05973447847093416,0,2.2890660535716463,0,0.0507649643808568,0.11691181110372471,0.017115270819392205,4.4541227177771106,5.36767317446917,3.5420347898356805,52.16001121435105
DL,2021-08-31,243,NA,NA,NA,33.16321359682204,0,0,4.341232228656344,4.341232228656344,2021,DL_2021,43.372416970031075,24.05720187279216,0.0571910019552615,0,2.2636771164766176,0,0.05043341717077615,0.11709018371013688,0.017815623206585543,4.311648898860961,5.242274887023026,3.3871389657647675,52.2155140733702
DL,2021-09-01,244,NA,NA,NA,30.879371391242056,0,0,3.794150850527529,3.794150850527529,2021,DL_2021,40.60143683351928,22.212956561750012,0.05996200933031626,0,2.334018356033426,0,0.05457785820443916,0.1256306909130495,0.01920923289158514,3.7731349598906547,4.705319093440322,2.8590560334658828,53.69413945952011
DL,2021-09-02,245,NA,NA,NA,31.58576570824179,0,0,3.9026213246353523,3.9026213246353523,2021,DL_2021,41.60929165979629,22.750950775855657,0.05930964375554998,0,2.2438684484588722,0,0.05369719833787345,0.12104937423505548,0.018852265925036603,3.879479374375743,4.813914233443802,2.9352512614218464,52.30762105276233
DL,2021-09-03,246,NA,NA,NA,30.64631796149332,0,0,3.6155207147009385,3.6155207147009385,2021,DL_2021,40.32898904440911,22.086816008349402,0.05880692176706198,0,2.414620168558962,0,0.05497142869718228,0.12750704550176462,0.019248173442895238,3.594145484759413,4.5461646660376696,2.67117715011627,52.13282603508881
DL,2021-09-04,247,NA,NA,NA,31.464100000202347,0,0,3.787438355408266,3.787438355408266,2021,DL_2021,41.663391885196056,22.65685107408975,0.05980714275198484,0,2.366798085002745,0,0.054145777241782336,0.12560830603634834,0.01934059021437929,3.769228477774728,4.680794226862588,2.841554800438206,49.51144510476964
DL,2021-09-05,248,NA,NA,NA,32.921787484916315,0,0,4.12997966457015,4.12997966457015,2021,DL_2021,42.89154369368457,23.88719659208999,0.055045623678083966,0,2.4087219984245256,0,0.05311641019627876,0.12163989737048302,0.018723621140884477,4.095477657730336,5.034092939571622,3.148673453176377,50.99292120520608
DL,2021-09-06,249,NA,NA,NA,34.10799104070431,0,0,4.399754704311721,4.399754704311721,2021,DL_2021,44.61957712303509,24.949244469651468,0.0581775960630852,0,2.393668234380343,0,0.05124258827447507,0.11815181587848737,0.017826739611875385,4.361899059564586,5.291321199464528,3.437246177805906,48.77936035948118
DL,2021-09-07,250,NA,NA,NA,33.915885912016144,0,0,4.4048737810820455,4.4048737810820455,2021,DL_2021,44.32103851093054,24.516612812117092,0.05840803495113692,0,2.4369145342536362,0,0.05196451678431584,0.12025110740168687,0.018381621298038282,4.361248059182909,5.3070367129012705,3.447704174169746,49.4317742075752
DL,2021-09-08,251,NA,NA,NA,34.740271948430966,0,0,4.655133023334528,4.655133023334528,2021,DL_2021,45.086126082346034,25.363619155539666,0.05549579937563168,0,2.433237939031216,0,0.048841110253709234,0.11627961596642827,0.017269161187756017,4.605778377412423,5.533542011951026,3.680874179497876,50.46342492508796
DL,2021-09-09,252,NA,NA,NA,34.0993687029753,0,0,4.402454395616802,4.402454395616802,2021,DL_2021,44.48147809168571,24.737987730086257,0.057415113188543476,0,2.43218883334467,0,0.05060942478256449,0.11911815377950594,0.018089106858570743,4.354373881323436,5.279814268496237,3.4275085698388157,48.27888915675861
DL,2021-09-10,253,NA,NA,NA,32.87561522752399,0,0,4.0538507466392435,4.0538507466392435,2021,DL_2021,43.8086647201024,23.47403122633803,0.05374294250134576,0,2.3245196040384344,0,0.05151993907074673,0.12047378139271757,0.018633812718254122,4.014437452868471,4.92380727966475,3.107978244667998,42.94607057955625
DL,2021-09-11,254,NA,NA,NA,33.475896900440624,0,0,4.23004428626435,4.23004428626435,2021,DL_2021,44.005342060311634,24.070189039991188,0.050871709471389304,0,2.361370603254326,0,0.05150941792591239,0.11892025765159997,0.018677301937406448,4.194339339241995,5.115047722394895,3.2685677384526945,45.83530904895088
DL,2021-09-12,255,NA,NA,NA,32.73186531288514,0,0,4.0180003069575125,4.0180003069575125,2021,DL_2021,43.10394289494172,23.49132794127924,0.054134516732282256,0,2.365575902669551,0,0.052458128687842824,0.12086317850582043,0.01935643037505301,3.9851927744978184,4.892802213864144,3.0761408038499454,44.820972746638176
DL,2021-09-13,256,NA,NA,NA,31.743449606204134,0,0,3.8523472991475174,3.8523472991475174,2021,DL_2021,42.181843804445954,22.675629240805875,0.05094598811188683,0,2.3112816445377375,0,0.05471362123909944,0.12346516137456098,0.019339233454534022,3.826147155383483,4.753156511376433,2.924416350425631,46.37659907048892
DL,2021-09-14,257,NA,NA,NA,31.546975136236245,0,0,3.8602608641613276,3.8602608641613276,2021,DL_2021,41.476916326293676,22.87005488868274,0.05197759261735643,0,2.3267319614371824,0,0.054880896663342685,0.12465193763614135,0.019784462171215184,3.828719638547894,4.7644957779168555,2.916290121737355,48.1530502367207
DL,2021-09-15,258,NA,NA,NA,27.60546496718374,0,0,2.7151474244660947,2.7151474244660947,2021,DL_2021,37.04170240550681,19.769574440369215,0.048652429934230884,0,2.3376345559877882,0,0.06369616210554901,0.13656261973947087,0.02304002168006792,2.7224351932081636,3.650967873007407,1.8073557525183286,46.541250388188104
DL,2021-09-16,259,NA,NA,NA,28.322161338582756,0,0,2.9815170233903707,2.9815170233903707,2021,DL_2021,37.589522722631806,20.033404922614793,0.04703242179397164,0,2.3579034107456613,0,0.061612029491004444,0.13753425651869491,0.022580251681153303,2.9779930894618842,3.9127353767405215,2.0581159219455794,49.338434685091094
DL,2021-09-17,260,NA,NA,NA,28.22433134199454,0,0,2.858163334031801,2.858163334031801,2021,DL_2021,37.251986098170086,20.00875041101455,0.047009686777326753,0,2.3427026495197896,0,0.061725883100819556,0.1369374892393881,0.022752505551358757,2.8519002588512423,3.767229685389034,1.9531968465185368,44.803568893114615
DL,2021-09-18,261,NA,NA,NA,28.589711678738876,0,0,3.0123093356530513,3.0123093356530513,2021,DL_2021,38.27908217265322,20.449881060209297,0.048927282359438704,0,2.229624587317313,0,0.059117365902651424,0.1320447804757635,0.022136904942772383,3.0079023869773067,3.925583996936442,2.101957430056257,43.445987754829616
DL,2021-09-19,262,NA,NA,NA,28.803270130115145,0,0,2.8143170025905233,2.8143170025905233,2021,DL_2021,38.984491940188946,20.105781780972645,0.048912125584134686,0,2.2982763896108227,0,0.060405194531023235,0.13426304641232925,0.02273642427450931,2.80762915032059,3.7606932870539453,1.879636247868066,33.890712377899874
DL,2021-09-20,263,NA,NA,NA,30.00713117119737,0,0,2.732359860632826,2.732359860632826,2021,DL_2021,40.56543133451866,20.801910799771914,0.0469864175367351,0,2.228714676854317,0,0.05887586176743212,0.12845394265620252,0.022110497009049414,2.70727815358981,3.6414552094191945,1.759093487421894,24.779283300740985
DL,2021-09-21,264,NA,NA,NA,27.92608428193314,0,0,3.061778897076338,3.061778897076338,2021,DL_2021,37.28626296540828,19.623523307783323,0.04912444357317461,0,2.2629045116801527,0,0.06222119939576163,0.13661436905887103,0.022714762681341732,3.0455694884832223,3.984797473169652,2.1076653746036715,46.70230730526768
DL,2021-09-22,265,12.634638691700001,0.19949893646000003,0.6667030174499999,34.053062923999995,0,0,3.1206618056185484,3.1206618056185484,2021,DL_2021,64.2146095364813,3.891516311518695,0,0,0,0,NA,NA,NA,3.1329456145239254,4.0495014774552995,2.2082667256562605,45.23109649761819
DL,2021-09-23,266,NA,NA,NA,28.201223485708567,0,0,3.1471311078048614,3.1471311078048614,2021,DL_2021,38.107718459628884,19.66622842262706,0.049332387014011256,0,2.2229076774438368,0,0.06135392464797048,0.13529759453977389,0.0224499369499164,3.1305463855770324,4.042818426181377,2.2077675844562212,42.15008352097351
DL,2021-09-24,267,NA,NA,NA,27.60549426870245,0,0,3.139072644830005,3.139072644830005,2021,DL_2021,37.022674151548784,19.520651598783093,0.050814376526366375,0,2.2639939881004048,0,0.06305608409252622,0.13683468312554334,0.024357329905435376,3.126683182211586,4.04492004662917,2.206032978024804,45.02980043432096
DL,2021-09-25,268,NA,NA,NA,27.62547500982933,0,0,3.2586961032775443,3.2586961032775443,2021,DL_2021,37.529819600325716,19.465369020180045,0.05361302490189146,0,2.275142974807394,0,0.0622798914418072,0.13793380991696602,0.023442294252212684,3.2393499832331436,4.171375159433326,2.298304230665333,44.66494788015438
DL,2021-09-26,269,NA,NA,NA,27.54923089546836,0,0,3.3239074663983317,3.3239074663983317,2021,DL_2021,37.424053821315745,19.30947594939715,0.05494928842690622,0,2.2369846192735676,0,0.0630213860586306,0.13777786078625576,0.02361639701846482,3.306494222111061,4.224666799451911,2.373315842924968,44.7508182789564
DL,2021-09-27,270,NA,NA,NA,26.87984657178813,0,0,3.190677376443585,3.190677376443585,2021,DL_2021,36.50201016258509,18.961178269167736,0.05740027600995487,0,2.225602796407484,0,0.0618865385001319,0.13774431436506734,0.023323244794070542,3.160627135644312,4.090396216667672,2.2417865624073725,44.36631688133602
DL,2021-09-28,271,NA,NA,NA,24.8267264969074,0,0,1.7131909296352115,1.7131909296352115,2021,DL_2021,33.942611130981454,16.966995366505365,0.05516914354013108,0,2.203767068281319,0,0.0663636688458483,0.1487257689496632,0.025167383940500474,1.7259361231598458,2.639958504436505,0.8274587384277355,26.571606062631748
DL,2021-09-29,272,NA,NA,NA,24.36650254668676,0,0,2.439436750859351,2.439436750859351,2021,DL_2021,33.10412383245711,16.801331057190552,0.05668938887804367,0,2.2546152196787896,0,0.06898719902813263,0.15245942860997352,0.025316121495883116,2.4377763648620574,3.35059117570287,1.5159224107174638,44.42657232919782
DL,2021-09-30,273,NA,NA,NA,24.407108028079964,0,0,2.5649305211836717,2.5649305211836717,2021,DL_2021,33.167956773736485,16.97027907907727,0.056418762026693464,0,2.2869581163340817,0,0.06945748055909592,0.15133558503189373,0.025392765758399244,2.564129784838766,3.5040398554530827,1.6083551272000314,43.647293992546174
DL,2021-10-01,274,NA,NA,NA,24.03374713286865,0,0,2.4408479720404515,2.4408479720404515,2021,DL_2021,32.54530729442958,16.67931706416338,0.06014928318926094,0,2.284831432005833,0,0.07071627473569195,0.1547481746139857,0.02571950806192113,2.4510368608148454,3.3605898946463983,1.5161465776813043,40.4339217015258
DL,2021-10-02,275,NA,NA,NA,24.137266003707513,0,0,2.7634634339764075,2.7634634339764075,2021,DL_2021,32.59229375524168,16.80206229423121,0.057427849827240474,0,2.2794399330905377,0,0.06948212580346724,0.15268493819924442,0.02543311501547729,2.7497849000483585,3.6731613410122668,1.8439077638787627,44.050645628138845
DL,2021-10-03,276,NA,NA,NA,23.917960709453357,0,0,2.8139229504526164,2.8139229504526164,2021,DL_2021,32.73281645318047,16.542781147729563,0.05845658923374461,0,2.305555548120806,0,0.06991302472767402,0.1525555236949599,0.026000950526506878,2.7962050924850788,3.7216260331429716,1.872395275033673,42.691612421216206
DL,2021-10-04,277,NA,NA,NA,23.79650475416258,0,0,2.8531728649675916,2.8531728649675916,2021,DL_2021,32.6509632451754,16.475186023311984,0.05974242135422991,0,2.2019761799652904,0,0.07084006103290715,0.1542239876882405,0.025763284927595033,2.829866337239707,3.7556498854449174,1.9080920580131162,42.763896450331515
DL,2021-10-05,278,NA,NA,NA,23.73163202480005,0,0,2.9320294417382886,2.9320294417382886,2021,DL_2021,32.2004161802737,16.503746381193253,0.05792868201225432,0,2.278670368795867,0,0.07011638089296268,0.1551429263083691,0.025701267304926667,2.905669872246662,3.8256959042624086,1.9852368971131087,42.57518964585647
DL,2021-10-06,279,NA,NA,NA,22.677337219004794,0,0,2.5829275534807468,2.5829275534807468,2021,DL_2021,31.308285180311398,15.595715948512067,0.056973383924542736,0,2.284774761537887,0,0.07408950088132513,0.16072692414517728,0.027685342894304667,2.569060251386335,3.4815729799758572,1.6504927211028748,38.27486938505183
DL,2021-10-07,280,NA,NA,NA,22.157134044696452,0,0,2.150818396630317,2.150818396630317,2021,DL_2021,30.868107310524547,15.004778786238754,0.05634829453329038,0,2.309986337911553,0,0.07419095333908186,0.16856473169398264,0.027265505375455214,2.1351254731206586,3.0670923265786354,1.1893329427298955,25.68192225110524
DL,2021-10-08,281,NA,NA,NA,21.881314343117776,0,0,2.2863608875774633,2.2863608875774633,2021,DL_2021,30.04490985649063,14.834537323398576,0.053831858714716574,0,2.217008660232968,0,0.07645326296062752,0.16653690164318574,0.027603436878747917,2.273764568170211,3.178860866561391,1.3625140622369365,33.275132392051724
DL,2021-10-09,282,NA,NA,NA,21.11464301237842,0,0,2.4278263168448304,2.4278263168448304,2021,DL_2021,29.354074511002484,14.350158699487228,0.052871986017133527,0,2.2639038184129423,0,0.0781652332111887,0.16878250618104676,0.029025675206724243,2.4124236369582097,3.3347612822193597,1.4722209236913486,41.122458300338245
DL,2021-10-10,283,NA,NA,NA,21.180075115595564,0,0,2.3219334225064867,2.3219334225064867,2021,DL_2021,29.768414822566186,14.33784353272539,0.05167422304249408,0,2.205589647166286,0,0.0774468726808672,0.16950668221770357,0.02936060662098471,2.292281767668828,3.218974776080376,1.3733777076607785,30.016436568942726
DL,2021-10-11,284,NA,NA,NA,19.669027696400764,0,0,1.6988424065394758,1.6988424065394758,2021,DL_2021,27.533563004923835,13.291547698296027,0.04505323242779641,0,2.1998787547674907,0,0.0814727460431086,0.17870311740482636,0.031468686405012505,1.703066014688713,2.623473185490787,0.7825791566834794,33.53794076451874
DL,2021-10-12,285,NA,NA,NA,20.190265624754755,0,0,1.6427146621363486,1.6427146621363486,2021,DL_2021,28.703904362288036,13.425207326217748,0.046898468834525836,0,2.1637394803314502,0,0.07895039200592152,0.17521055484056863,0.029338510152729824,1.629535563519085,2.5601191774647565,0.7164713007765353,17.752547300193434
DL,2021-10-13,286,11.7455923441,0.19949893646000003,0.6667030174499999,20.036690016,0,0,1.6568493111651041,1.6568493111651041,2021,DL_2021,32.703165568869494,7.3702144631305035,0,0,0,0,NA,NA,NA,1.6642991088938255,2.5864306310900185,0.7360849932433475,37.7821892771663
BG,2020-07-13,195,NA,NA,NA,9.866036896910922,0.23327356534957855,18.439244390553377,NA,NA,2020,BG_2020,15.395843147145543,5.903074989355522,0.7001428516451766,0.043359190134142384,41.893438821382524,5.931902239487798,0.6280576726052063,0.7965590290976561,0.3777745362257143,1.7530789489771117,6.403370343502618,-2.7598599010647336,68.72544548466294
BG,2020-07-14,196,NA,NA,NA,10.293949871120413,0.2720085840506751,17.98652353981338,NA,NA,2020,BG_2020,15.844051972161518,6.267618217202612,0.7365466700677684,0.06058120565737671,40.27076689330707,5.632722260692805,0.6108022664417561,0.7885167564069928,0.36176915913191304,1.7436707716064572,6.435420090361866,-2.7056397220668593,69.70348069486556
BG,2020-07-15,197,NA,NA,NA,10.788065138124574,0.30414427098707053,17.45260839051335,NA,NA,2020,BG_2020,16.65141994414059,6.610958637555475,0.7910783646670808,0.07939281428438927,38.7468545180403,5.750692083704022,0.5961101790172814,0.7737858557936406,0.3573389971007319,1.814239366164286,6.500873857639961,-2.747691659383872,68.79863070355454
BG,2020-07-16,198,NA,NA,NA,11.354561682574287,0.3469426793424971,16.87393007965383,NA,NA,2020,BG_2020,17.249567544595898,6.9518582847267165,0.8432995041817277,0.1066092052790848,38.235576247467286,5.314746251087193,0.5801066597304385,0.7647052465013071,0.3311490709546179,1.8821233392726446,6.60369224813471,-2.642779870919002,68.00536322345451
BG,2020-07-17,199,NA,NA,NA,11.7166809140475,0.37478651195987317,16.841627371001092,NA,NA,2020,BG_2020,17.68729528342987,7.21635104897147,0.889664641121943,0.11919384019430154,36.782250323687826,5.380639100227043,0.5689128783329,0.7514770240238294,0.33033868906393493,1.8691019827739521,6.57273347047076,-2.598077511362487,60.07996205566262
BG,2020-07-18,200,NA,NA,NA,12.299606561412771,0.42333803333468256,15.902329600067784,NA,NA,2020,BG_2020,18.294948933959247,7.718638209084206,0.9675229863712475,0.14387228101226623,35.72247011620389,4.876429163962531,0.5484209510137124,0.7399249192698635,0.30895515967498166,1.8909066137379882,6.735611669472021,-2.587566399175244,65.79537242384976
BG,2020-07-19,201,NA,NA,NA,12.844172781987774,0.4462615248526486,15.594007084106476,NA,NA,2020,BG_2020,19.299930578465148,8.139531336287252,1.0119989336228787,0.15219504493739805,35.09750398940452,4.784408791942576,0.5344685650487595,0.7222190016336583,0.29559087715636717,2.0029558364687094,6.796081696067736,-2.4619333769882044,67.1964457869104
BG,2020-07-20,202,NA,NA,NA,13.460136129495355,0.49255595494444593,15.315265271189094,NA,NA,2020,BG_2020,20.071519282895437,8.462216328394588,1.077884350340756,0.17171125246176988,34.015663838912786,4.681586392750754,0.5208809637390508,0.7144788042166494,0.2836159492159758,2.051318266340737,7.03395569009159,-2.488174458469261,66.73030318864694
BG,2020-07-21,203,6.1406095537,0.50999596086,16.610648293049998,10.8169874994,0.617915106,63.18570701999999,NA,NA,2020,BG_2020,39.524662633685296,0,3.3260474614263766,0,328.5796274277734,0,NA,NA,NA,1.9858757020275584,6.185331064701041,-2.1968664229226156,65.69031768861686
BG,2020-07-22,204,NA,NA,NA,14.57171519038843,0.566234367194581,13.902875271626272,NA,NA,2020,BG_2020,21.63224883761396,9.275538958841373,1.186860601060931,0.20907732383174515,31.067613261750974,4.0672063287673055,0.4831530546704022,0.6819905121512208,0.25054835829758026,2.126997722217997,7.009052277181174,-2.496955988240658,61.86139399496323
BG,2020-07-23,205,NA,NA,NA,15.216007478281883,0.6129273858571862,13.592262796618277,NA,NA,2020,BG_2020,22.604666993364724,9.756774678464176,1.259315415435717,0.23382727653842833,30.17464711957675,4.0573082667001525,0.4611499774420418,0.6639469666376756,0.24130743042848468,1.9692788377256347,6.797048713452661,-2.4899311442247702,47.89252316894044
BG,2020-07-24,206,NA,NA,NA,16.02808377660428,0.6190502754265137,12.803402797323734,NA,NA,2020,BG_2020,23.356410076048004,10.339979885368688,1.3055982537200777,0.22504211631294269,29.46952104093548,3.570973374471673,0.44433601760827546,0.6482182552400131,0.22299656118703676,2.3133446905665975,7.274149329431559,-2.1894695818315943,66.65206177668048
BG,2020-07-25,207,NA,NA,NA,16.711639947052312,0.6419145802019667,12.70416345474738,NA,NA,2020,BG_2020,24.249263684064545,10.840725150083069,1.329436839288309,0.23932254658866797,28.625162246323896,3.750812761354934,0.4316237285370085,0.6358588409001737,0.21836333945730255,2.3973875879952127,7.422250717014387,-2.251178846445316,67.60855660760821
BG,2020-07-26,208,NA,NA,NA,17.264425311153378,0.6314849093747529,11.980716541935653,NA,NA,2020,BG_2020,25.09206577138728,11.177379630056754,1.2965966479839444,0.2404851099073031,27.268381318726536,3.3989231157304842,0.4099628240279194,0.62035127925511,0.2037577033035096,2.42778067813543,7.442790036535091,-2.1394282870415178,67.05881077211504
BG,2020-07-27,209,NA,NA,NA,18.12434444162754,0.6476991550533239,11.279002374915876,NA,NA,2020,BG_2020,26.16012604198403,11.906883200867526,1.328872967856236,0.2478020097258356,25.475465994778116,3.260719832201335,0.3902806875409871,0.5941115058351841,0.19375955318677052,2.474470825220405,7.57814107880035,-2.230081686752506,65.9345644212441
BG,2020-07-28,210,NA,NA,NA,18.830279011608138,0.6385962032020359,10.583826476881637,NA,NA,2020,BG_2020,27.367222645445096,12.165976396584776,1.3094318262232112,0.24635580029436593,25.1678921520062,2.6591556233469613,0.3692333847129737,0.5790751390238672,0.17180048206507853,2.410957211343436,7.537566419498555,-2.290931159816645,58.1057556842732
BG,2020-07-29,211,NA,NA,NA,19.724785715938655,0.6202384188293492,10.248333885978564,NA,NA,2020,BG_2020,28.358959483976257,12.89747708452539,1.26596533934755,0.23536835815988605,23.838652894546026,2.6483756358809516,0.354455503584175,0.559067953477015,0.1651759042340032,2.437919899583395,7.535761354373344,-2.1579763993307135,52.525875608180534
BG,2020-07-30,212,NA,NA,NA,20.48136910833811,0.5986600791960168,9.849788433243699,NA,NA,2020,BG_2020,29.40984944850602,13.516612517301889,1.2306500520223254,0.22403759210452356,23.012968017478986,2.535503884815886,0.3414274539722403,0.5446766936229578,0.15951314813688378,2.7213750844555977,7.736172573064627,-1.979820199606666,64.53039688232042
BG,2020-07-31,213,NA,NA,NA,21.24568927593252,0.5730986100722979,9.317592096894229,NA,NA,2020,BG_2020,30.839761131212338,14.25165885704718,1.1725345841942176,0.21760448774929908,22.27413684052988,2.3574683926997886,0.31958206638149045,0.5285158744380609,0.1487416153063974,2.757067513452852,8.146952473558299,-1.8976473956962188,63.96064486466695
BG,2020-08-01,214,NA,NA,NA,21.94828261837846,0.5280438319214654,8.812981040287074,NA,NA,2020,BG_2020,31.51881937907329,14.454009103474865,1.104940627899654,0.1989085404540879,20.810468145296795,2.2455563449386005,0.3076480881666456,0.506768980635056,0.14343097530577803,2.7146424130247446,7.843663482597868,-1.9275061658384245,57.18928542400441
BG,2020-08-02,215,NA,NA,NA,23.20999481790385,0.49972945072436514,8.191729461781566,NA,NA,2020,BG_2020,32.95905905447268,15.439395614441063,1.035393014767298,0.190672133603824,19.75306561549754,1.9469070654754206,0.28837911343157063,0.4820017584459906,0.127116319511987,2.9297187253305017,8.483240851968796,-1.8449578412965977,61.65617566698207
BG,2020-08-03,216,NA,NA,NA,24.022371657700486,0.452262307965116,7.757336733277503,NA,NA,2020,BG_2020,34.10502877998095,15.977649573648842,0.9438996525610818,0.16776493557111966,18.744834857967543,1.8156954011572504,0.2716075894933776,0.466625038420679,0.12142108482278831,2.9902111589085676,8.391949838941489,-1.7676137279056947,60.09489529491624
BG,2020-08-04,217,13.111840514499999,1.02377257426,5.18185185985,28.855486026,0.8194101006,8.2960720586,NA,NA,2020,BG_2020,54.18685446142728,3.5241175905727204,3.042003112654345,0,30.041337836366974,0,NA,NA,NA,3.2866742336760653,7.4702963074088595,-0.8763222286587066,61.519931172882885
BG,2020-08-05,218,NA,NA,NA,26.10931709131589,0.3659009141523847,6.675388752545686,NA,NA,2020,BG_2020,37.2310935128018,17.4183556013854,0.7833896716004645,0.11893873345243988,16.746854000467774,1.329368632298515,0.23478654305493957,0.4160952210030575,0.10185402489616656,3.2112236343612697,8.786232480179924,-1.6803749762266607,60.02000435039331
BG,2020-08-06,219,NA,NA,NA,26.753631796204075,0.3392459298054244,6.38571484362493,NA,NA,2020,BG_2020,38.36751087124293,17.871497546766154,0.6993948511140162,0.11002205970397858,15.855628420381166,1.3173350288930088,0.226587155980572,0.40651959515907443,0.09839735709297144,3.107337115458204,8.62040049934684,-1.7888511743103856,52.87346612308578
BG,2020-08-07,220,NA,NA,NA,27.492214531182913,0.281740541577498,5.7397833607755455,NA,NA,2020,BG_2020,39.57755422697905,18.327484294336728,0.6210094077853485,0.08552811505406005,14.52886418351071,0.9410332682037676,0.20887614654256928,0.3839131416494911,0.08612230811881866,3.1715557892684494,8.93578092551178,-1.8093314929654918,53.24062555049827
BG,2020-08-08,221,NA,NA,NA,30.217833115248144,0.24561877313813385,5.476517716005503,4.097576026643954,4.097576026643954,2020,BG_2020,39.91135627158492,22.11089331527448,0.5539518958148687,0.07100395652808997,14.267258924092328,0.9639495563748395,0.19139017093973587,0.3499104582600951,0.08118908843345664,4.069213189982737,4.990407202657998,3.1540780211216153,58.79066317209587
BG,2020-08-09,222,NA,NA,NA,33.82496034450113,0.21260131182609482,5.0205323432691,4.399639541656371,4.399639541656371,2020,BG_2020,44.413074720640964,24.38251797439685,0.4788881427724375,0.055548307447583045,13.406632318498069,0.7169897188280623,0.16759515088425878,0.3199910304351873,0.06860743025443454,4.352443998339793,5.270413814847572,3.4204832503427447,43.47613038187975
BG,2020-08-10,223,NA,NA,NA,33.032842713333544,0.17741548619808573,4.506875248538115,4.443818588686553,4.443818588686553,2020,BG_2020,42.89260950037832,24.17471604783904,0.41759043055690653,0.03762576360038708,12.307677940530082,0.5436447189531677,0.1605106033276103,0.306649052955775,0.06619354425897903,4.411515356914588,5.346937307955365,3.4546182390646005,59.467358913511305
BG,2020-08-11,224,NA,NA,NA,33.75239338173602,0.15217430436015983,4.117066505937347,4.434681979261891,4.434681979261891,2020,BG_2020,43.64267176082254,24.649438935277768,0.36014337518744394,0.026697618022232486,11.354842930389857,0.30821922197294604,0.14881335171796287,0.2951495137532019,0.05950551910295337,4.401736812232554,5.330971262589705,3.4831101073780446,58.668173384391466
BG,2020-08-12,225,NA,NA,NA,31.944150836468157,0.1240091473467011,3.6778624068401933,3.479368107892838,3.479368107892838,2020,BG_2020,42.399760797414125,23.098926461997767,0.31121207957113467,0.016093043097186788,10.737508282602965,0.2023824822081859,0.14831247864281033,0.2901103446975749,0.06063608094284753,3.474731228692096,4.406764062365435,2.5411381473313344,45.09367629973023
BG,2020-08-13,226,NA,NA,NA,30.451469519893887,0.10026201930065085,3.157949198994032,3.244793725292494,3.244793725292494,2020,BG_2020,40.07165190648162,21.734069053120756,0.2685340597480408,0.005206434284877118,9.694410854734215,0,0.14270015182862839,0.2840471480488521,0.05768240715108803,3.2564664039153275,4.199639308419692,2.306046869940291,56.078926275238736
BG,2020-08-14,227,NA,NA,NA,30.84893338675226,0.0802339483544614,2.853536153758942,3.2873596315507743,3.2873596315507743,2020,BG_2020,40.31630213461721,22.1485418846644,0.23058102306066453,0,8.870956194077808,0,0.1318850733920259,0.26783042616862884,0.051608921671408486,3.297583984536092,4.234724821879645,2.3852776640453275,59.26556467900288
BG,2020-08-15,228,NA,NA,NA,31.947232439522868,0.0639256316307189,2.5625823182071863,3.4817198265724874,3.4817198265724874,2020,BG_2020,41.57419117833483,23.25092972175399,0.2048721915613685,0,8.31859863568275,0,0.12257314506307167,0.2500328103684984,0.04711133468694238,3.4859515820902978,4.421245255506487,2.558816512781756,58.64596681683959
BG,2020-08-16,229,NA,NA,NA,33.154203869834895,0.05046172492233915,2.0858335201479252,3.5612193230989457,3.5612193230989457,2020,BG_2020,43.5211747640673,24.021154454608983,0.17106622566705482,0,7.61724662967222,0,0.10726503322056812,0.2326461852680446,0.040760655765545814,3.5612862445953173,4.499023033675368,2.643688532324436,53.65628720474273
BG,2020-08-17,230,NA,NA,NA,33.40283883046901,0.037836895817553146,1.927468530169639,3.6674387825800694,3.6674387825800694,2020,BG_2020,43.52937917670129,24.34722372264232,0.14594576275527596,0,7.181070840564365,0,0.10337973687741986,0.22015110773310087,0.039407508288949664,3.6650468064469877,4.610319963782242,2.7487427609972683,55.86155620490514
BG,2020-08-18,231,20.8141807569,0.19949893646000003,0.6667030174499999,65.972342732,0,0,2.648256989728735,2.648256989728735,2020,BG_2020,117.79333115516407,14.151354308835922,0,0,0,0,NA,NA,NA,2.84962293090576,3.768118596948646,1.9283604588912802,54.98814884526059
BG,2020-08-19,232,NA,NA,NA,34.63730799740915,0.017693951129467783,1.412277616508772,3.537038693736449,3.537038693736449,2020,BG_2020,45.00669326985569,25.310333912950018,0.10816418465710309,0,6.04665883316407,0,0.08825748692641983,0.1945348885220763,0.03186600021872054,3.542681705758861,4.484644669031386,2.6026089040897062,49.08503181293993
BG,2020-08-20,233,NA,NA,NA,34.57199856650052,0.010402268539535062,1.224987652308282,3.641152808911566,3.641152808911566,2020,BG_2020,45.12524135100867,25.4242300841873,0.0905426400139617,0,5.6972628037877655,0,0.08239777879771237,0.1883669879489006,0.030606914662551075,3.647061770798027,4.55915199046034,2.700431406737854,53.202994260962704
BG,2020-08-21,234,NA,NA,NA,36.32186186201849,0.004554337682184412,0.997442828304901,4.009323424282853,4.009323424282853,2020,BG_2020,46.71517205736768,26.813884710233534,0.07929212820806586,0,5.258091775778098,0,0.07502815763270698,0.1719625888098334,0.026525651377499196,4.007388142043144,4.938991189084749,3.0754619850621934,54.77286140551196
BG,2020-08-22,235,NA,NA,NA,38.109039398419455,0,0.8073122283196676,4.2129147432337115,4.2129147432337115,2020,BG_2020,48.77917264706863,28.184471033409825,0.06886887670339825,0,5.0185862325117565,0,0.06772695247185669,0.1592438852215246,0.023705603540889197,4.203042788101326,5.1385466647523605,3.272002155042124,50.62201052019229
BG,2020-08-23,236,NA,NA,NA,38.80985638391594,0,0.707513443191671,4.368387274580608,4.368387274580608,2020,BG_2020,49.573873865409794,28.788374751648714,0.05895893907753655,0,4.719121116707594,0,0.06484190825022493,0.154474930999455,0.022740153282633575,4.361505631368022,5.278024411103401,3.4142014162189684,50.77945406280716
BG,2020-08-24,237,NA,NA,NA,33.47210974147362,0,0.5411595733873358,2.891414461035535,2.891414461035535,2020,BG_2020,44.11022253116814,24.13066104065921,0.050678920367728794,0,4.300686650162513,0,0.07044944595788541,0.16360254530526275,0.02450669420482889,2.9145850366955517,3.8544653800098017,1.9547420663688027,45.07999117062888
BG,2020-08-25,238,NA,NA,NA,28.98067525607303,0,0.47970808323086755,1.721866053168049,1.721866053168049,2020,BG_2020,38.52505589183584,20.813461742353283,0.04606618612382954,0,4.064623148738894,0,0.07625604946017103,0.1795137044930592,0.026758329875946868,1.782989058859531,2.7078317248902097,0.839946590458451,45.04577363343398
BG,2020-08-26,239,NA,NA,NA,36.775532398218765,0,0.4531009675914439,4.032804597311537,4.032804597311537,2020,BG_2020,47.55973368588055,27.358486705522676,0.04123131860839238,0,3.994922102614192,0,0.06121413594817707,0.14530788488546487,0.020923098929224435,4.033919863779797,4.964236704464035,3.0764081761369897,53.96587722551665
BG,2020-08-27,240,NA,NA,NA,38.30362956406116,0,0.4015336552418156,4.3155691193851755,4.3155691193851755,2020,BG_2020,49.134287919338554,28.64402315284097,0.03621087950598756,0,3.8707557350997805,0,0.05806083028752336,0.13598858395618818,0.020685531666816467,4.303506325366111,5.24203637312415,3.360472816290275,53.59098021580969
BG,2020-08-28,241,NA,NA,NA,39.27001806984874,0,0.3055102066788016,4.477263622053748,4.477263622053748,2020,BG_2020,50.29014324779437,29.07183483105765,0.033589734793491755,0,3.6921939053603903,0,0.05468017645956376,0.13305575292161573,0.019757800135107514,4.468504559475539,5.420956345546819,3.512588129060493,52.637123143293486
BG,2020-08-29,242,NA,NA,NA,39.434373672566785,0,0.35841689505033303,4.5886335048021065,4.5886335048021065,2020,BG_2020,50.58152951525684,29.474106846796193,0.029710979810194812,0,3.7312041083323577,0,0.055928232999393174,0.13359481330728515,0.019690687796052344,4.578523921991165,5.502900466592284,3.650763905665884,54.42977360754161
BG,2020-08-30,243,NA,NA,NA,39.551213158231,0,0.34245397785369436,4.67905237816844,4.67905237816844,2020,BG_2020,51.052706662220274,29.59848222831404,0.031082036463170926,0,3.730472844737354,0,0.054652215618703225,0.13258910715028827,0.01995503956319535,4.659816054634003,5.591394277083224,3.733282075164417,55.01663106199454
BG,2020-08-31,244,NA,NA,NA,42.79066647697912,0,0.37560388949592216,3.6919806029165616,3.6919806029165616,2020,BG_2020,56.65278023901163,30.367339729524804,0.027924405617713616,0,3.792625927876306,0,0.052692302526009496,0.12562854917231167,0.018668607748347995,3.6514982123772635,4.588076264200167,2.6977820602277127,21.106047101580018
BG,2020-09-01,245,19.4271211375,0.19949893646000003,0.6667030174499999,31.317124138,0,0,4.081035180291346,4.081035180291346,2020,BG_2020,82.46333855504245,0,0,0,0,0,NA,NA,NA,4.040776264732417,4.963840314845649,3.1237863148831657,52.0055804188915
BG,2020-09-02,246,NA,NA,NA,41.54803696496937,0,0.5072321425786459,4.820433081505446,4.820433081505446,2020,BG_2020,52.69612071788116,30.88751791301004,0.02737818316497935,0,3.989405500033022,0,0.056071011863350464,0.13067447032332444,0.020763358421376225,4.791985121326832,5.704454547981672,3.857534857363294,49.56703154498303
BG,2020-09-03,247,NA,NA,NA,43.42270925397377,0,0.5631089124537225,5.375597245641121,5.375597245641121,2020,BG_2020,54.97447381103466,32.61107941216702,0.027418639110609322,0,4.115988112456748,0,0.05512103094183396,0.12960313304616924,0.02091317850819629,5.335476193591727,6.275925365260457,4.412817256711197,51.99554619080134
BG,2020-09-04,248,NA,NA,NA,45.63206061214513,0,0.6761215830100773,5.764734359894043,5.764734359894043,2020,BG_2020,57.36110880223674,34.5596195403341,0.030488997545412636,0,4.332539669812542,0,0.05505382413911426,0.12711008586276362,0.020437854953120223,5.7151582533664484,6.657345410900619,4.774102993152414,53.20698678152358
BG,2020-09-05,249,NA,NA,NA,45.071016780377995,0,0.7820184971768076,5.541704774385757,5.541704774385757,2020,BG_2020,56.9115282070542,34.02651868340733,0.028859572659830912,0,4.57177514226966,0,0.057817880027488874,0.13138576163837135,0.020486423737186,5.4955800730213,6.43418694919796,4.558105066772364,49.102662354795825
BG,2020-09-06,250,NA,NA,NA,49.576164333003334,0,0.8905101521363283,6.406367555420342,6.406367555420342,2020,BG_2020,61.84125658885263,37.883739323518505,0.030235721062362914,0,4.742380796828449,0,0.054689930036987314,0.12350296431325089,0.019804041201929648,6.344739445918709,7.278058529027727,5.391157289598189,51.90237028060892
BG,2020-09-07,251,NA,NA,NA,34.351092264588324,0,0.9666396602255967,1.946260042534551,1.946260042534551,2020,BG_2020,46.02758859361094,24.100136808406898,0.03028003047625076,0,4.752966018709708,0,0.07761347754325755,0.16965230650967533,0.029019824944150827,1.9700336801209977,2.889828432452315,1.0368561406309287,22.868211010392017
BG,2020-09-08,252,NA,NA,NA,41.62868426592015,0,1.1338291580902693,5.0571565692999405,5.0571565692999405,2020,BG_2020,52.784830603375816,31.599213337499105,0.0315673191044535,0,5.1805341791785136,0,0.06832092017793677,0.15122697260556733,0.025570318626566148,5.029193687954379,5.94368151820855,4.102286940000605,53.34902587410094
BG,2020-09-09,253,NA,NA,NA,43.026652471321945,0,1.268363425104876,5.300148043867654,5.300148043867654,2020,BG_2020,54.54809754185711,32.3495670553217,0.03580807334959912,0,5.621306439310132,0,0.0702766454840793,0.15640781705971346,0.02593310307711152,5.263788678842543,6.204990541383743,4.323400477695451,52.44801047808433
BG,2020-09-10,254,NA,NA,NA,43.93249772344191,0,1.393796215137543,5.468881461292936,5.468881461292936,2020,BG_2020,55.285677663284744,33.06136098545182,0.0341117536575144,0,5.712035484440138,0,0.07069092964700502,0.15450887889036796,0.02651513601777059,5.434657636918162,6.364673162829266,4.495398543994668,52.119655019157534
BG,2020-09-11,255,NA,NA,NA,44.72370841917516,0,1.5582070054665649,5.634782879339051,5.634782879339051,2020,BG_2020,56.574754538410616,34.04150072794145,0.03612570808816683,0,6.059706962340039,0,0.07255628006568607,0.15775088252061537,0.02688153389508391,5.587926847511712,6.525095078945619,4.650295468016552,51.9685295242709
BG,2020-09-12,256,NA,NA,NA,44.62590354645163,0,1.6492057195629397,5.55496507239058,5.55496507239058,2020,BG_2020,56.594806015599325,33.832345880810784,0.03558614947456917,0,6.285305188718906,0,0.07466895169259413,0.16158861785169912,0.028832489605250325,5.510802815700123,6.458906996326592,4.56867925750958,51.10487434598042
BG,2020-09-13,257,NA,NA,NA,38.715763805395774,0,1.873080856221916,4.404950820714787,4.404950820714787,2020,BG_2020,49.811079865275254,28.726349529777718,0.037766668083819954,0,6.661929091815159,0,0.08992781857145365,0.18871572222531469,0.03561631618323584,4.387202238879247,5.314502768249349,3.4754261414679584,51.64079916027769
BG,2020-09-14,258,NA,NA,NA,34.688648425362416,0,1.984360411271981,3.426543703501149,3.426543703501149,2020,BG_2020,45.12307844898926,25.564493876030234,0.039869796000911034,0,6.723629414761678,0,0.10049520776121795,0.20747504699401423,0.038636481159883905,3.4441608408045354,4.3737443878257425,2.5242350357907157,50.50132073374719
BG,2020-09-15,259,NA,NA,NA,37.49044378145471,0,2.0824719672805085,3.9207668655106187,3.9207668655106187,2020,BG_2020,48.31189022206866,27.67894615354679,0.03863749547934103,0,7.0747962109257045,0,0.09522728514174564,0.19975395762806514,0.036966986653481415,3.9160341557330693,4.845057222439292,2.985342553323924,45.9849754067348
BG,2020-09-16,260,NA,NA,NA,39.676036925019076,0,2.3508960445260896,4.489251351824131,4.489251351824131,2020,BG_2020,50.905103856733895,29.531671407082875,0.037754638896948106,0,7.406935332817463,0,0.09734168631947226,0.19935252416106136,0.03845355170257329,4.466334733995824,5.407478702060683,3.547556154815996,49.12374184444104
BG,2020-09-17,261,NA,NA,NA,38.89611426744013,0,2.408182545153761,4.305610609753614,4.305610609753614,2020,BG_2020,50.057968909979046,28.692101771169742,0.04157743838834563,0,7.780907087985206,0,0.10018661751718316,0.20813881550968777,0.039133965413309206,4.2912569564093195,5.2147351186127064,3.3685872302499495,48.22662669696863
BG,2020-09-18,262,NA,NA,NA,38.21929372254632,0,2.6377389913720237,4.133220213167045,4.133220213167045,2020,BG_2020,49.27347417716957,28.238952679741388,0.03880742034482547,0,8.025232419819949,0,0.10624955563018436,0.21452797234608945,0.041011233617423495,4.120448071687356,5.051837881010923,3.1771201245974336,48.22100986293227
BG,2020-09-19,263,NA,NA,NA,31.827848879981,0,2.69010512960369,1.6672753653584231,1.6672753653584231,2020,BG_2020,42.518529855546106,22.50663849837677,0.04106985959923046,0,8.291949176855436,0,0.12481555096346125,0.2519396037587023,0.04916931988410318,1.7181256226624413,2.645764380273521,0.7869397213261939,29.5257035748178
BG,2020-09-20,264,NA,NA,NA,35.846373261969724,0,2.7775779348189773,3.3698358539775177,3.3698358539775177,2020,BG_2020,46.734024795812914,25.972682152334407,0.04122905688255063,0,8.515254615477282,0,0.11589660642503818,0.234385991622649,0.04626617717066675,3.3800456503535456,4.325890119336622,2.440831234958002,42.54412314590668
BG,2020-09-21,265,NA,NA,NA,40.49323912956188,0,3.0198933449290126,4.465389043269839,4.465389043269839,2020,BG_2020,51.77434129506166,30.131391318214412,0.042489731348057364,0,8.9193089973139,0,0.107834113810972,0.22105112424577922,0.04304726363733342,4.447197269813091,5.378146244674299,3.506789887632367,45.01627953620865
BG,2020-09-22,266,NA,NA,NA,36.841291101441904,0,3.1920129657847096,3.6714321625443707,3.6714321625443707,2020,BG_2020,47.74548195852055,26.999297649901326,0.04233537027545649,0,9.203840717044866,0,0.12272952604576681,0.24027070638484482,0.048874758483284625,3.6638481573376227,4.581019396364397,2.75334554714417,42.54902190218799
BG,2020-09-23,267,NA,NA,NA,38.697613501713924,0,3.41095851281664,4.128501011793349,4.128501011793349,2020,BG_2020,50.178118487306044,28.53832208969399,0.04249216418461421,0,9.744170812530133,0.11011243498713741,0.12112502652948999,0.23691867408108447,0.04875231993208725,4.1138466220147585,5.037148281956779,3.1708675074076558,43.57907822359684
BG,2020-09-24,268,NA,NA,NA,33.010155167759386,0,3.3649605711618746,2.3200279152130263,2.3200279152130263,2020,BG_2020,44.0367003015376,23.34733049044839,0.04587972210110129,0,9.543466979088912,0.09377425694769181,0.13635944350586768,0.2643796241735692,0.055690331764998414,2.346351406583775,3.26199032479444,1.422568937000046,33.19275897007647
BG,2020-09-25,269,NA,NA,NA,36.06498850038076,0,3.485094580536717,2.7148879329155533,2.7148879329155533,2020,BG_2020,48.144336209549934,25.512085248131033,0.043680517012276945,0,9.961771268688484,0.12642061503269053,0.1300873784136719,0.25814185400713174,0.05199685691244756,2.7264988332474074,3.6374850477415968,1.7951382510677247,26.344032623358167
BG,2020-09-26,270,NA,NA,NA,34.66794934290291,0,3.592100533797645,2.8921664208268707,2.8921664208268707,2020,BG_2020,46.06695894554712,24.935312829330886,0.044948475219907066,0,10.176545159837806,0.0971216659554881,0.13467347486539016,0.2688118434093876,0.05326883685304743,2.9019151064503976,3.8312850479228113,1.957240588421056,33.45833981967241
BG,2020-09-27,271,NA,NA,NA,34.88532821219409,0,3.814907454932482,3.503216276887786,3.503216276887786,2020,BG_2020,45.465234353028,25.704960627449616,0.04540584956445991,0,10.451313001394485,0.26071689528626996,0.13899057211991164,0.271522250185835,0.057542322079250675,3.5097655730142834,4.4530719242081895,2.5788525404713267,46.26863345929919
BG,2020-09-28,272,NA,NA,NA,37.80939713524151,0,3.964912190178065,4.239624055090392,4.239624055090392,2020,BG_2020,48.784626628870534,28.059395256088326,0.04820120291734062,0,10.85899468408319,0.2918813616810496,0.13455917994661565,0.26043507262301396,0.054286088491171884,4.2260208787744435,5.1590711662716435,3.286099363110118,48.28432436229971
BG,2020-09-29,273,17.8529338663,0.40083129486,4.91085107545,59.75540453199999,0,10.009995332,4.584389254950797,4.584389254950797,2020,BG_2020,110.6910162764376,8.819792787562408,0,0,53.880734164942844,0,NA,NA,NA,4.651006632195223,5.578034578956657,3.71259072795925,49.140661279613376
BG,2020-09-30,274,NA,NA,NA,38.618738234414394,0,4.3019592285168216,4.528852685639295,4.528852685639295,2020,BG_2020,49.868879948748315,28.42399427559425,0.050876882523614,0,11.488983238691699,0.4431328483685255,0.13875766493121572,0.2675820180593094,0.05573646332640929,4.509896046069122,5.431572133451467,3.56840510276338,48.91236567943161
BG,2020-10-01,275,NA,NA,NA,36.07845638949302,0,4.2840147099999,3.953838190979882,3.953838190979882,2020,BG_2020,47.071481128534415,26.299966257308704,0.05089102385542679,0,11.59809354052004,0.42034011001334814,0.14499789264465446,0.28091296180813935,0.05917630759168828,3.9411481977096354,4.854355590664801,3.0280153926863362,46.168036265769295
BG,2020-10-02,276,NA,NA,NA,38.02351165561854,0,4.36118472053268,4.471470866612455,4.471470866612455,2020,BG_2020,49.02605533604172,27.909318241821808,0.05606212491219706,0,11.731850826132366,0.4590563372045833,0.1429031442394793,0.2727058911508699,0.05848830794127252,4.448902798110581,5.372316456264102,3.523493981050173,48.27418973882443
BG,2020-10-03,277,NA,NA,NA,38.71850302098118,0,4.477746621101781,4.656359750242857,4.656359750242857,2020,BG_2020,49.599485797745665,28.57909491221835,0.05678972769561991,0,12.159183903609343,0.568195919445734,0.1419448409019304,0.2749128852722116,0.05877126007294149,4.62294320986825,5.544506687330047,3.7177725433519737,48.20721715986779
BG,2020-10-04,278,NA,NA,NA,35.78539174623514,0,4.407800541613032,4.111698667226342,4.111698667226342,2020,BG_2020,46.579869152948135,26.296350961500327,0.05696507002076104,0,11.91317441803922,0.41911575166780635,0.14986350948179067,0.28623161632685323,0.06024119561421817,4.098078492363509,5.033394168731913,3.1654896323480983,48.55893729523368
BG,2020-10-05,279,NA,NA,NA,36.734982361917446,0,4.6112972922413995,4.378230659278599,4.378230659278599,2020,BG_2020,47.56414978474012,27.037892288332337,0.05994445307893423,0,12.256784590449662,0.5306228847535599,0.15174935802518072,0.2853681800765553,0.05994819425838423,4.356584829447801,5.280655064120898,3.403659123386372,47.695962796615234
BG,2020-10-06,280,NA,NA,NA,37.13650102909727,0,4.7927539780047965,4.6212414816694425,4.6212414816694425,2020,BG_2020,48.42161162441618,27.389943164507155,0.060280396578724416,0,12.388543854265917,0.5092016208639358,0.15041334512764018,0.28776330687614615,0.060222770328473535,4.586436659238915,5.522317477020474,3.6334262073508534,46.891012305022734
BG,2020-10-07,281,NA,NA,NA,36.43522390472081,0,4.737504433850518,4.522200202328547,4.522200202328547,2020,BG_2020,47.48174758420219,26.830331067803645,0.06322445174226299,0,12.536151228617719,0.5921116492557226,0.15116541792471794,0.29341805090128154,0.06295779333402861,4.4819148778409925,5.401595362976033,3.5628578631395373,47.91511983565501
BG,2020-10-08,282,NA,NA,NA,33.043754221212396,0,4.733419681897486,3.7773042871663565,3.7773042871663565,2020,BG_2020,43.50163273866604,24.011530031817646,0.060351954666045954,0,12.198509844760945,0.62074963193762,0.16399309846360183,0.30917392076646594,0.06833049312508382,3.7666954340529513,4.691430580034394,2.830412926741509,47.94064183429363
BG,2020-10-09,283,NA,NA,NA,32.01965479428244,0,4.572028435967633,3.5495491372951373,3.5495491372951373,2020,BG_2020,42.49253211656322,23.269365879858807,0.06250153497302227,0,12.319660037328624,0.4584103939095163,0.16306126294716744,0.316962801453249,0.06656695394833506,3.5421745532378965,4.455512095220967,2.629295592883319,45.6943881450031
BG,2020-10-10,284,NA,NA,NA,29.02458236795618,0,4.477058546882656,2.268214877420369,2.268214877420369,2020,BG_2020,39.23054324181086,20.369697872820694,0.05922572004842119,0,12.042442349354884,0.4759875079881115,0.1768158668652401,0.3342983010119549,0.07293481742732306,2.295154905935578,3.2394856657490867,1.3694841063582106,34.20858040694315
BG,2020-10-11,285,NA,NA,NA,30.387219502196896,0,4.473234751970857,2.4144598720892194,2.4144598720892194,2020,BG_2020,41.42991092772352,21.31803296289096,0.05749510059844298,0,12.32632909358323,0.4707974259011185,0.1706555634318871,0.328697150211644,0.07070128035840817,2.4241277316661307,3.3555808747970715,1.4831694468891425,26.708538431605845
BG,2020-10-12,286,NA,NA,NA,30.444462254721874,0,4.825596250950547,2.55736415248232,2.55736415248232,2020,BG_2020,41.352944448776874,21.296772187544196,0.05878555150784004,0,12.551452415952145,0.6700922131947817,0.17867520183936014,0.33568732141127894,0.07380480729384006,2.5557503405823616,3.465292101696977,1.6205860912470966,26.39915821994128
BG,2020-10-13,287,NA,NA,NA,28.05956851385987,0,4.47010273393688,1.242926809043093,1.242926809043093,2020,BG_2020,38.36840310709062,19.2717954231852,0.05757238624104641,0,12.30820969617026,0.450162788510466,0.1824301346630633,0.3449238592949646,0.07381648260758447,1.2696851787979238,2.2003969389162576,0.32304379606839423,18.864635813810587
BG,2020-10-14,288,NA,NA,NA,25.34075259516634,0,4.390090696938492,1.4818940120141408,1.4818940120141408,2020,BG_2020,34.72480162007972,17.622276533134478,0.05488902102617957,0,12.048319348135477,0.39558148119077874,0.193465010390879,0.36320520274875717,0.0795429927304634,1.5214514725626385,2.443855088299709,0.5896469274626983,33.86109926045533
BG,2020-10-15,289,NA,NA,NA,27.553527255551156,0,4.563631575538521,2.1574717215303796,2.1574717215303796,2020,BG_2020,37.393062152755284,19.320933279821947,0.05249495482640747,0,12.196361826523445,0.5576823757080791,0.18554293622120221,0.34998017302618495,0.07765855360459682,2.165522179343609,3.1129882733599046,1.2388731425702653,30.49131119471186
BG,2020-10-16,290,NA,NA,NA,28.264997913938092,0,4.430537638495876,1.770114848539834,1.770114848539834,2020,BG_2020,39.1500180791088,19.103875756865513,0.05273672331710988,0,12.249747428694965,0.3942489632927759,0.17915660019675486,0.3468260855695773,0.07310303179421526,1.7734368078162683,2.6878537815894106,0.871261019311845,17.728080436470783
BG,2020-10-17,291,NA,NA,NA,24.46223877596935,0,4.373005348577104,0.6005826627469831,0.6005826627469831,2020,BG_2020,34.112120818456546,16.72928317433897,0.04751286856785468,0,12.104091394572963,0.410285716078183,0.19956036149578155,0.3721310051657841,0.08210738839108159,0.6612973886429652,1.591640364753906,-0.2705031459919424,21.391928374347707
BG,2020-10-18,292,NA,NA,NA,26.600400813110067,0,4.346794703954796,0.9843595039812907,0.9843595039812907,2020,BG_2020,37.39447870032261,17.809108153257906,0.04736400933598589,0,12.151831829774066,0.3599630147010324,0.1865199797230901,0.35474027722161294,0.0743534722573737,1.0048849165451874,1.9362657953100997,0.06705439951185883,14.497087855470976
BG,2020-10-19,293,NA,NA,NA,25.095839086551724,0,4.0611028835267184,1.0778363431691367,1.0778363431691367,2020,BG_2020,34.69567561966803,17.177852260008336,0.042869202902222445,0,12.211622579956403,0.1991078850173409,0.18865970290011863,0.36489855330486265,0.0745271249679754,1.1115096886156046,2.0367090266606596,0.17009786734326243,20.94385998538569
BG,2020-10-20,294,6.9573224775,0.34927308986000005,3.00580674545,31.566673530600003,0,2.9015183740000006,1.156165941111884,1.156165941111884,2020,BG_2020,78.4338895925073,0,0,0,15.617983325568172,0,NA,NA,NA,1.2242770944319006,2.1391364037212637,0.3066206076413026,31.4745948413777
BG,2021-06-22,173,10.4615961611,1.26106714486,62.352966619650005,18.1965474858,0.32730589660000003,110.1348401954,4.332871765386046,4.332871765386046,2021,BG_2021,38.44704880820887,0,1.3562787921424535,0,272.8970515858167,0,NA,NA,NA,4.28210525140857,5.198043237012374,3.3723601141444504,66.64837790068802
BG,2021-06-23,174,NA,NA,NA,19.557753212617367,0.27217917297932037,87.68320386782301,3.8109396080526197,3.8109396080526197,2021,BG_2021,27.23197785345772,13.211469399843795,0.6072785363888827,0.07997981923192468,168.65197031083227,35.36970661112697,0.8054168463978291,0.901315832994446,0.6089771177613468,3.8073578893221454,4.717437504986694,2.885757217379317,65.02571350664536
BG,2021-06-24,175,NA,NA,NA,20.118744367318843,0.33095791997412194,88.22889234430615,3.9336432403210417,3.9336432403210417,2021,BG_2021,28.072250283804397,13.605469205458496,0.7235865510403247,0.10691916212665614,169.78741433371047,35.40503794804615,0.7996290158499859,0.8978507027660023,0.6014775190746311,3.9211188839941027,4.844813552279767,2.9924580243661176,63.55386396009426
BG,2021-06-25,176,NA,NA,NA,19.928878194574285,0.39323781476133757,82.44640269744717,3.430568435036652,3.430568435036652,2021,BG_2021,27.887907461567682,13.38797266516655,0.8505613646713805,0.136303565465486,161.3080925240586,32.73592287306316,0.7895448739975854,0.8951608951666847,0.585386320576424,3.436532813801902,4.369616793494426,2.486473218919581,56.78635842107692
BG,2021-06-26,177,NA,NA,NA,20.425066171752416,0.4609756396401209,79.51304251352455,3.6651530985136853,3.6651530985136853,2021,BG_2021,28.03353974931378,14.073238147165041,0.9851877785427211,0.16196961816549435,158.92065062268503,30.686244662702176,0.7815618714522359,0.8889051056122115,0.5641388443666122,3.6584481183847672,4.596244315658649,2.733398050457647,65.78950889296095
BG,2021-06-27,178,NA,NA,NA,21.95367308631405,0.5550483364025007,87.4268382889182,4.180123213244935,4.180123213244935,2021,BG_2021,29.87624609597495,15.034655306526213,1.1507622960876671,0.19942218112062404,173.86072219073495,33.35573277900948,0.7825718107850502,0.8915857087065462,0.5639609637996071,4.1634958642733615,5.102554531597494,3.2308448440432884,65.25816388868273
BG,2021-06-28,179,NA,NA,NA,23.402183753658356,0.6628833624582523,97.43027538140991,4.764963501019432,4.764963501019432,2021,BG_2021,31.874647077667834,16.42286913923569,1.3601374780965965,0.26230246729810647,186.1919978739648,37.96297565465064,0.7896468913389221,0.8919463943716915,0.5789262151253854,4.732120860365185,5.660279001789445,3.800052712325711,65.68757708639356
BG,2021-06-29,180,NA,NA,NA,23.68549070962454,0.8002424807045506,93.23079046455528,4.737951460070628,4.737951460070628,2021,BG_2021,32.1154724986926,16.48380067995865,1.6493470294713122,0.3125539160682415,180.145118929564,37.56065287904337,0.779344966428675,0.8874572255842688,0.5709395514969833,4.707412683256999,5.651207575533658,3.7920706056792044,66.31292373028803
BG,2021-06-30,181,NA,NA,NA,24.113701716373622,0.9651849649708438,89.78298331515127,4.687661285666865,4.687661285666865,2021,BG_2021,32.68440190949962,16.854622914204086,1.9783401347571918,0.3924903026467884,177.3479945318285,35.07450538092394,0.7699282119187529,0.8836057268005868,0.5540543488612009,4.667324900676687,5.590248811117615,3.7238245570794737,65.89455399953833
BG,2021-07-01,182,NA,NA,NA,23.50051183416684,1.1608309307008597,83.8034231224777,4.157146305605109,4.157146305605109,2021,BG_2021,32.451289373206414,16.24282415866399,2.3755920996708877,0.4726287156474299,165.77000399054404,32.65784867091072,0.759497445095662,0.8766854396942148,0.5399556890995995,4.135057676466268,5.07689178795674,3.195750327872991,57.170242625285944
BG,2021-07-02,183,NA,NA,NA,24.421288905954132,1.4332486969724534,84.46399586552981,4.4362058464785,4.4362058464785,2021,BG_2021,33.152872016752255,16.893824966302763,2.9084609047735204,0.6021765722943178,168.95059871214465,32.81504653648137,0.7530488735673371,0.8733372667815845,0.5243314983318142,4.417676586699493,5.348272487710245,3.4985599143726906,62.530063863192005
BG,2021-07-03,184,NA,NA,NA,25.917092311847075,1.722432559554822,92.47766712780539,4.99128962513398,4.99128962513398,2021,BG_2021,34.940386767187526,18.194356168180686,3.52825349269504,0.7265086569609912,178.18806184612347,36.54049933367805,0.7548807771406729,0.8730645103454786,0.5342588979532555,4.9704155075781316,5.877163234565869,4.042814223145971,68.0123688442638
BG,2021-07-04,185,NA,NA,NA,25.85069997413176,2.179473329189251,87.84216960066932,4.726934757761941,4.726934757761941,2021,BG_2021,34.92327279329836,17.996632223328064,4.447179383929265,0.9202326896144915,172.6834446062978,34.83395738842762,0.7435107023721863,0.8662671846463799,0.521465913809955,4.7006904371953215,5.595973132195315,3.7944056544070204,59.02476802613647
BG,2021-07-05,186,NA,NA,NA,25.963508245795932,2.6698235663060697,84.86607884370123,4.829067079888514,4.829067079888514,2021,BG_2021,35.02663361566136,18.10393435884865,5.4736335716469515,1.1491198645077922,167.58134197079062,33.12433824206677,0.7285546745739527,0.8598515567411571,0.5029260180483967,4.808449894715812,5.736745517358416,3.8895562850398817,66.6630955953267
BG,2021-07-06,187,NA,NA,NA,27.398546692130434,3.3415605532436365,90.52126388769325,5.286049835848964,5.286049835848964,2021,BG_2021,36.415210378307215,19.467948273386472,6.815204999083947,1.4343195348203,176.82996471713614,34.98211278485238,0.7275050432807564,0.8570398310676326,0.49614504207172766,5.243446303878194,6.180975702830994,4.322026351955865,67.40035224495274
BG,2021-07-07,188,17.8943229257,2.43926440466,81.49516442445001,28.34983077,3.3227430668,147.74120542199998,3.188972608766654,3.188972608766654,2021,BG_2021,56.60926631513844,0.09039522486155471,9.272012430090864,0,425.55458312924867,0,NA,NA,NA,3.2308064240120187,4.149266376516887,2.306116890016769,42.90462537501204
BG,2021-07-08,189,NA,NA,NA,27.60281481840528,5.3583527892242735,84.9074308100596,5.205500428517891,5.205500428517891,2021,BG_2021,36.913331663950096,19.37735703030704,10.615260717713292,2.3609945828393375,167.38679360615944,33.494083633764745,0.6977368828623335,0.8390870910788903,0.4649879327018055,5.181107415908565,6.122945519167271,4.256189970977401,67.68354771404
BG,2021-07-09,190,NA,NA,NA,30.71426312490153,6.602232792212063,103.22944487775833,6.0726621706931345,6.0726621706931345,2021,BG_2021,41.231366025065036,21.775595240337935,13.306219531625974,2.8169606790010486,200.78434141835695,40.75792034153424,0.7118127974850883,0.8453286821700334,0.48195081843274457,6.012572434372817,6.9468492326908065,5.102333286494678,56.239366294881066
BG,2021-07-10,191,NA,NA,NA,35.68615583000095,8.56949412239002,127.5268142482597,7.83559532923457,7.83559532923457,2021,BG_2021,47.0243682997477,25.355474757255887,17.279149888579855,3.6753868415105337,240.82297925999765,51.457242847934744,0.7184948055014773,0.8504552704207029,0.4882106467504485,7.754668808176732,8.693177163804707,6.787528000863714,67.87690471068609
BG,2021-07-11,192,NA,NA,NA,32.20303793455478,10.343604261975269,104.80305730656504,6.779216460700881,6.779216460700881,2021,BG_2021,42.63934852003624,22.973027361456516,20.318447951305565,4.523747401280693,203.74706138105367,41.221696661146275,0.6830155229545372,0.8296891685583427,0.4463402193933518,6.722596472943089,7.668184051012981,5.778544721275022,67.57656617898634
BG,2021-07-12,193,NA,NA,NA,35.29082893262392,13.208625127626606,121.31150273575732,7.827613861628496,7.827613861628496,2021,BG_2021,46.81022363238468,25.136637015280876,25.909086695053034,5.815045667499743,235.33537714758043,50.011452859842734,0.6885751625843506,0.8332414326087244,0.4530671834408203,7.7500450140810635,8.67957516707953,6.808086130414731,66.80897132720796
BG,2021-07-13,194,NA,NA,NA,31.500364236972526,14.927942705039266,98.17627408740664,6.606106374302312,6.606106374302312,2021,BG_2021,41.95860570463564,22.45442635132163,28.885825393041937,6.645008932852924,190.14680239181004,39.751653514250684,0.6497576918483281,0.8043794646803912,0.4141915967018628,6.558505138784988,7.503691320668886,5.615802851178081,66.05154503378648
BG,2021-07-14,195,NA,NA,NA,33.91911057372169,18.213363129229432,106.78761568609967,7.5182011069504835,7.5182011069504835,2021,BG_2021,44.84744065215509,24.23560992429535,35.65984956988481,8.280543955002154,210.8196178699583,42.29143991840465,0.6409222600345863,0.8036711848770842,0.39623216104625614,7.45386510117906,8.374389628052501,6.501801969211037,66.85849983580667
BG,2021-07-15,196,NA,NA,NA,32.46718898166,20.681985559882456,104.88194455014637,7.207257987937069,7.207257987937069,2021,BG_2021,43.345764243307045,22.848394444152397,39.03492159981038,9.231223692320194,201.49854427537332,41.37295315934977,0.6325524741624071,0.7945415680571741,0.38838434239822084,7.145224646207886,8.081827112004392,6.224006591744463,66.54261208749959
BG,2021-07-16,197,NA,NA,NA,30.10579896683914,21.386262061677634,90.17576282472031,6.464501312033947,6.464501312033947,2021,BG_2021,40.497879456031264,21.35318896923884,41.54564471325539,9.551956528255143,176.00403533982328,36.76764443082825,0.6004948016794189,0.7742663727650958,0.3681263289804759,6.418731346140476,7.353903262786304,5.48547836779892,66.47437209024038
BG,2021-07-17,198,NA,NA,NA,30.301043515108784,24.269591442640955,91.81498314722428,6.67006853772466,6.67006853772466,2021,BG_2021,40.60040681092114,21.55767694670535,46.0546731119976,11.342651548510446,178.29240967441464,35.686226972989836,0.5939410226856376,0.7666802107666189,0.35411385457483907,6.624674554991306,7.546066415670151,5.692352266602624,66.89714984464018
BG,2021-07-18,199,NA,NA,NA,30.018017594203872,25.72138392992185,89.06907770176493,6.65018194344637,6.65018194344637,2021,BG_2021,40.364311859383214,21.24469164453304,47.968242948912945,11.748106572039994,174.39310720586172,34.0625694586916,0.5826397190127359,0.760958062990289,0.33738787189004515,6.608120529330192,7.5340056469038865,5.68611357860713,66.53939039317322
BG,2021-07-19,200,NA,NA,NA,22.499917201645463,21.220348621681897,57.08917575731535,2.934724319674395,2.934724319674395,2021,BG_2021,30.8348287861109,15.632923928623514,39.79208018821646,9.534533979706563,119.71781026354277,21.821978604213317,0.5371425127337389,0.7313484471261302,0.3070611912715624,2.9700734377267053,3.9004990114395723,2.0446898207113176,44.169264613034464
BG,2021-07-20,201,26.2612264807,35.717859198460005,104.15629418145001,32.913641902,57.646526004,264.4154868,4.612278505685168,4.612278505685168,2021,BG_2021,50.37623981023349,15.451043993766513,95.03391891770022,20.259133090299784,465.9273178020713,62.903655797928685,NA,NA,NA,4.724055479349969,5.651366245839342,3.7940861104194155,47.62295768612895
BG,2021-07-21,202,NA,NA,NA,23.34535691093242,21.868250211921314,62.29067550805477,3.7209636636801577,3.7209636636801577,2021,BG_2021,31.86501905680608,16.086520562803795,41.20354936852391,10.009298962370062,126.61503082844847,23.637416128327555,0.5504033079829218,0.7361175758108683,0.3106791895228107,3.7382852596238947,4.6857637308119084,2.802689892317371,51.28849479492465
BG,2021-07-22,203,NA,NA,NA,24.091644241402687,21.70306000898405,65.10525872028077,4.530536361416723,4.530536361416723,2021,BG_2021,32.6979635177693,16.788475454358792,40.9493830222353,9.894523596952228,131.3615207112076,25.06310456302687,0.5558936585612406,0.7428547427105014,0.31747339226939003,4.5362357553193,5.453659101703786,3.602121976789199,66.30728366912268
BG,2021-07-23,204,NA,NA,NA,22.54514657358251,19.922172281530678,59.551950361700854,3.8696363422179267,3.8696363422179267,2021,BG_2021,30.651272699453852,15.484681318444137,37.563283270067195,8.994411589025491,118.98975611379845,22.34322083119172,0.555783823747011,0.7392420363261981,0.3102438333034024,3.8896235378955457,4.815463703466405,2.962834693617957,67.26682103325717
BG,2021-07-24,205,NA,NA,NA,23.001851619687404,19.21663506451263,61.54403347446178,4.208458979785177,4.208458979785177,2021,BG_2021,31.263188364985663,15.996826060262672,36.19620742064045,8.468530577567476,124.30510546010797,22.86232554280066,0.5636762588040233,0.7474624379820796,0.31816045948406835,4.21758763789027,5.135247493879744,3.278688133654466,66.93199404386009
BG,2021-07-25,206,NA,NA,NA,22.686039720398558,17.78381337638413,62.08719491910009,4.103138767657024,4.103138767657024,2021,BG_2021,30.71656205412604,15.775826334702026,34.14494619463095,8.112912804700253,124.49556690072981,24.52122974100392,0.5777738177034435,0.754287835797754,0.3403798557718461,4.116388585207382,5.057834842628923,3.183469509118389,66.27861402828671
BG,2021-07-26,207,NA,NA,NA,21.733796402515086,16.268534934886354,59.12362212964488,3.6922381283670633,3.6922381283670633,2021,BG_2021,29.731165263074846,14.954175697368287,31.265404928534146,7.162807918768077,118.8055007663398,22.66959219570319,0.577490082022557,0.7539236442134141,0.3385637626389242,3.692445878153057,4.63163539850715,2.772262219309304,63.30082294883297
BG,2021-07-27,208,NA,NA,NA,21.921376527023785,14.8147025151162,59.13321004744403,3.806483219085758,3.806483219085758,2021,BG_2021,29.876439400442617,15.12957602408632,29.333981553917962,6.563837231313872,124.12129285975838,22.611597624199966,0.584485404464022,0.7675999985236766,0.34326287618125345,3.811446949986613,4.744556035338913,2.887806933990399,62.29041264498932
BG,2021-07-28,209,NA,NA,NA,20.878576118133715,13.039248960952204,55.5888047829741,3.2847946344886783,3.2847946344886783,2021,BG_2021,28.597638571629073,14.254287333661042,26.222294409357133,5.877055074281741,115.10778170188352,20.941745501225622,0.5887028824101888,0.7680798379643061,0.3436860715110093,3.308744162262075,4.257478830249985,2.365907805778426,61.391274829751715
BG,2021-07-29,210,NA,NA,NA,23.53348040280658,13.097104702273205,65.51243017479646,4.090529879575546,4.090529879575546,2021,BG_2021,32.47149711621213,16.2012407656804,26.74396884130227,5.627311466837755,137.07073923192388,23.72996757533646,0.6074000099040742,0.7852619476393998,0.3501501961860575,4.070061217159854,4.9818013909794265,3.1339006277192096,42.00649010683517
BG,2021-07-30,211,NA,NA,NA,22.73190252953091,11.8568882434115,63.02100916336892,4.321780533942595,4.321780533942595,2021,BG_2021,30.87450155623588,15.795936842369708,24.131480929017982,5.191713105110268,128.3661104286855,23.950070194833476,0.6120323679270857,0.7795167800548619,0.37224778526971225,4.309081755202332,5.2366762629874195,3.37902796841357,64.55395955581358
BG,2021-07-31,212,NA,NA,NA,22.849792344515564,11.362140574045144,64.32338960930569,4.519260818130027,4.519260818130027,2021,BG_2021,31.146591252967266,16.05729575323286,23.280914462061887,4.840556124423483,132.95827944410874,24.33953211528925,0.6221445041914269,0.7898005633064027,0.37359858595219686,4.503153150579129,5.412939606681678,3.584546354678028,63.95539286993065
BG,2021-08-01,213,NA,NA,NA,21.098296167158615,10.044808825669486,57.60349281884053,3.3306453912997585,3.3306453912997585,2021,BG_2021,29.142902676710015,14.637580226344829,20.807450990581373,4.253663690841653,117.29704506507603,21.918159223228724,0.613467717365846,0.782825776398268,0.3772394117572799,3.3396898357769436,4.277850172047669,2.405213072537866,49.11111105541527
BG,2021-08-02,214,NA,NA,NA,21.842066063782738,9.787204919414311,60.33937709660348,3.168850861395596,3.168850861395596,2021,BG_2021,30.08156718117473,14.933741742948689,20.137417344505195,4.13436458116629,126.37640534625258,21.857255636065222,0.6257306980783706,0.7910470228263381,0.37576581770991957,3.169537284449111,4.10217988361355,2.2464080994448166,35.52244527108962
BG,2021-08-03,215,7.2865642595,0.76015882806,6.10137973805,15.312181577999999,1.851073871,13.047710672000001,4.613504415446194,4.613504415446194,2021,BG_2021,26.08136770706499,4.542995448935008,6.091916023117703,0,37.20525402646025,0,NA,NA,NA,4.4845257426856024,5.421805549276134,3.5619178134058997,60.97852577356978
BG,2021-08-04,216,NA,NA,NA,22.489122730223453,9.49417841607606,62.894694407171905,4.429781661423063,4.429781661423063,2021,BG_2021,30.857841911194843,15.611658852969226,19.703190558846575,4.059762044072423,130.39920775196887,24.23445541599632,0.6321663506744062,0.7958587505676713,0.3858786181304765,4.409708258940643,5.3351314515495805,3.465428340708017,61.09617111284807
BG,2021-08-05,217,NA,NA,NA,20.863478348120054,9.166180173102601,56.40166395121029,3.5935099277186113,3.5935099277186113,2021,BG_2021,28.772463562442653,14.49035364218158,18.892249766138928,3.826885770954758,115.64642892412164,21.10135312426137,0.619389478424988,0.7848887088155492,0.37529410547394537,3.5842020560425483,4.510564313332571,2.6578432274992423,57.94936604470978
BG,2021-08-06,218,NA,NA,NA,22.59134063305919,9.493437812856579,62.6512604164756,4.387171738509402,4.387171738509402,2021,BG_2021,31.01958803295234,15.46795127859592,19.752007639429912,4.019719595433203,126.81284440174362,25.202910895649456,0.6313966158363498,0.7923894535887324,0.3970675657433238,4.360647729886455,5.2862913484626715,3.437582743193399,58.283863983691475
BG,2021-08-07,219,NA,NA,NA,22.390515945105744,9.90649569162657,58.902798916314886,4.216845078041672,4.216845078041672,2021,BG_2021,30.4793289544392,15.679739224839418,19.770636556681502,4.221766907467618,119.91300270890196,22.15889036614997,0.6175942763511726,0.7834413047577804,0.37397026986511817,4.198825487964861,5.144835484058,3.272772518057235,59.74663846435813
BG,2021-08-08,220,NA,NA,NA,19.289435583243414,9.270732415157502,48.53727884311836,1.8478246690499764,1.8478246690499764,2021,BG_2021,27.002050045833915,13.062979182842877,18.925381478603274,3.972709884505995,100.86340141580555,17.948268994029036,0.5987845833625504,0.7673283134721604,0.3581797732028307,1.901401556017393,2.829035654021145,0.9824170268687162,37.912076123767434
BG,2021-08-09,221,NA,NA,NA,22.807782981394407,10.464732678846554,58.938021050650654,4.078431418243841,4.078431418243841,2021,BG_2021,31.313107001917157,15.677096735297157,21.31481977071905,4.535018857685959,121.02562238042609,21.46810963798072,0.6047495567413288,0.7763317127980829,0.3580757973414338,4.044237239276477,4.977626782229416,3.122490553355428,46.70178960623467
BG,2021-08-10,222,NA,NA,NA,21.329747200666237,10.621657950093573,54.74454062356681,3.735948362540222,3.735948362540222,2021,BG_2021,29.51418433896837,14.675374553723797,21.509989497642263,4.565700033214618,113.89404518982734,20.37994444268517,0.6001135638056614,0.7759376257271506,0.35518823410851413,3.735633396015972,4.677652139340135,2.787953755414731,57.13310367880729
BG,2021-08-11,223,NA,NA,NA,22.705538485250628,11.906222468193947,55.38647900317522,4.246292567255456,4.246292567255456,2021,BG_2021,31.037465045620547,15.805917355309548,22.930700168876893,5.259981107493996,114.0585960514246,20.86312538097956,0.5878403315858491,0.7605010559733739,0.3459113631957009,4.22298811370899,5.146149116273709,3.304002989803417,60.174610095888696
BG,2021-08-12,224,NA,NA,NA,23.365450872058123,12.291537656269577,56.58516157491861,4.500760934184511,4.500760934184511,2021,BG_2021,31.858560427840754,16.33387212615299,24.03487132394719,5.391649660283903,117.26651927233145,21.31806279520765,0.5832772547627598,0.7610456745944079,0.3433212246558009,4.47803752613497,5.4002512048400035,3.5389451123639533,60.733373787158534
BG,2021-08-13,225,NA,NA,NA,24.08537455713929,13.467315029100966,58.19028662903255,4.7685575826594855,4.7685575826594855,2021,BG_2021,32.79436602648756,16.781284629726176,26.01564179943133,6.136346632668303,117.5578121551608,22.0353778874791,0.5805881961917936,0.7521793978211619,0.3370295669956214,4.723855101024006,5.668180467028239,3.7936562487597176,60.87185468000881
BG,2021-08-14,226,NA,NA,NA,23.71143740813567,13.730565264814265,55.33764699284895,4.498809919281631,4.498809919281631,2021,BG_2021,32.21991693953627,16.371277539182046,26.413081908030595,6.157484464498604,111.79584649381741,21.028326510339568,0.5671839604922972,0.7489702158032174,0.3307367344021349,4.485250557796497,5.4161509156432865,3.555052895532475,60.69225963272367
BG,2021-08-15,227,NA,NA,NA,23.811814765676054,14.217189558319205,54.267052129501,4.534241438230732,4.534241438230732,2021,BG_2021,32.500052635704236,16.548901566637344,26.822921465917474,6.440096890576285,112.88643461322228,19.624673773941186,0.5600629322541085,0.7436058550331549,0.3146437385928775,4.521514121979422,5.449731746904988,3.5772801777342997,60.10189995719917
BG,2021-08-16,228,NA,NA,NA,24.470522651506638,14.500244626211385,53.880105070039626,4.669946142704513,4.669946142704513,2021,BG_2021,33.296315923541286,17.150413483388093,27.983010786930244,6.618323909019273,111.88996294928137,20.180158905297287,0.5534438384667317,0.7369017079106476,0.31246346075666054,4.64003001127333,5.563574356476458,3.7104613361139847,59.501822865600744
BG,2021-08-17,229,15.304817604985715,17.394832473174286,56.206458706592855,31.90896516571429,26.800783843571427,124.79664605428572,2.8115861381340146,2.8115861381340146,2021,BG_2021,68.95100194467928,0,78.29168148457099,0,258.5577226139439,0,NA,NA,NA,2.920357437207724,3.8416154782833645,2.0005914156745503,50.637206758452606
BG,2021-08-18,230,NA,NA,NA,20.70327792442114,13.483309364615337,43.3240122871319,2.375718839926841,2.375718839926841,2021,BG_2021,29.014311420831735,14.208771736801644,25.238505845927754,6.169394785966375,90.55554149840921,16.08865413029632,0.5315723896414946,0.7191470236370784,0.2984046291152691,2.4037620095666297,3.3435891246291685,1.4705065015772423,41.64689340177917
BG,2021-08-19,231,NA,NA,NA,23.84100737442612,13.775552959498347,48.30386148989849,3.823398179433963,3.823398179433963,2021,BG_2021,32.26084627823413,16.51842090533245,26.77503766026417,6.157910636179012,100.41610457156214,17.94746261120989,0.536686703990058,0.7209824763489161,0.30308837854895443,3.806469291398448,4.734103070574258,2.8910745750383677,49.50152820590928
BG,2021-08-20,232,NA,NA,NA,23.553754497619177,13.470203581037902,47.415045791803216,3.7141395020675887,3.7141395020675887,2021,BG_2021,32.30114993748195,16.32556983460699,25.581105229635064,5.98036046570658,98.44509683507273,17.532829555314606,0.5338628275032248,0.7202444051770381,0.29981778139250553,3.7136937263290544,4.637459792379035,2.785889561460223,50.98524758957329
BG,2021-08-21,233,NA,NA,NA,22.17911389993896,11.880316729735947,42.99490568093227,2.7644117967860513,2.7644117967860513,2021,BG_2021,30.656174657646194,15.224209843587298,23.55621410687217,5.293780651486628,91.47494869731021,15.679103842962927,0.5321936736039361,0.7214768960503167,0.2897261286723446,2.7805701196830848,3.694940738547347,1.8589360605021643,43.175165417268246
BG,2021-08-22,234,NA,NA,NA,22.40512254601146,11.436480535350288,43.49427113337581,3.3112518673017095,3.3112518673017095,2021,BG_2021,30.697501005885552,15.501317676098958,22.434778952193057,5.109697557673134,90.33930315828215,16.308464752582235,0.5335272484937262,0.7223010938785709,0.3010563411763712,3.3301926734994596,4.261819647838298,2.3895595139656867,58.20390391800484
BG,2021-08-23,235,NA,NA,NA,23.566928653112722,10.220348041533757,43.59186087601251,3.671791337929317,3.671791337929317,2021,BG_2021,31.929601167818998,16.47953525988461,21.00349745129784,4.362251094835539,92.38386592572814,16.112878550495267,0.5369082815663049,0.7232979385249538,0.3005279745998715,3.6825211129298228,4.627923147875672,2.737839022897604,59.571944928612375
BG,2021-08-24,236,NA,NA,NA,24.31163031332765,9.353657984882156,44.37793764861707,3.864322576268738,3.864322576268738,2021,BG_2021,32.78309428840274,17.121639506013242,19.395693884556543,3.9868164358733114,90.3750789069365,15.749887929765688,0.5370227744789193,0.7241289434605993,0.29549298350088016,3.857963607535522,4.792823182554155,2.948004892796258,59.89805160619003
BG,2021-08-25,237,NA,NA,NA,25.069936883320764,8.343696307919048,43.60020161201056,3.941562551501942,3.941562551501942,2021,BG_2021,33.72992302184645,17.75462307964909,17.570792657480872,3.4737102504702064,92.51994108752994,15.67914252721829,0.5403152552108238,0.7272768072989065,0.29838393821911124,3.9262641071239157,4.826466525878764,3.0243061844164387,55.43430570066425
BG,2021-08-26,238,NA,NA,NA,23.28358088199812,7.124915651529814,40.263648133307434,2.8987063043579715,2.8987063043579715,2021,BG_2021,31.68926915576468,16.186411553412018,15.017534421263989,2.9308343219423088,83.45024400096298,15.18901493198334,0.5415915304562666,0.7255047345491411,0.3049059196663929,2.915816804229955,3.8718619540024553,2.000961278437907,47.806586938884166
BG,2021-08-27,239,NA,NA,NA,23.92736459425689,6.3639780508953,39.373342661575926,2.84937363997542,2.84937363997542,2021,BG_2021,32.48736109245768,16.48753351929909,13.660436761049832,2.623324479169675,83.15924756438177,13.983888813315914,0.537481088258249,0.7264928760882882,0.29720983573834286,2.8579942248486345,3.805905844028237,1.9139376694237011,42.1871950680069
BG,2021-08-28,240,NA,NA,NA,25.640590736550575,5.575997963361394,42.12057216984487,3.8906196303555163,3.8906196303555163,2021,BG_2021,34.60561487093523,17.943681971009546,11.986355276792949,2.1490335495882,87.66999885228407,15.277540619708255,0.5493216535143424,0.7330161596971124,0.31160672451460325,3.8758299433031422,4.820437476138821,2.934604723423262,52.08170648318522
BG,2021-08-29,241,NA,NA,NA,25.945451863349,4.61351850005821,41.12835903233553,4.012004117303671,4.012004117303671,2021,BG_2021,34.90498287274162,18.285919736096332,10.25010865049371,1.8323887830074321,86.53615140404112,15.096819010680857,0.5520952089218525,0.7327957060348141,0.3127211648961833,3.994204989156114,4.919480983883789,3.0755745138847117,56.58474362164657
BG,2021-08-30,242,NA,NA,NA,25.837706954277866,3.712271292889582,41.50925494457499,3.91045662315594,3.91045662315594,2021,BG_2021,34.88962745039928,18.258727603917603,8.64585102308398,1.4437911882014043,86.8698072800605,15.195694654758832,0.5575599363501169,0.7441003640104484,0.3195923894553198,3.8851803242024996,4.828159850772689,2.9643135868589208,57.35508807809878
BG,2021-08-31,243,NA,NA,NA,25.960619433668967,3.0400030269539644,39.66698120663816,3.832230484126744,3.832230484126744,2021,BG_2021,35.26739485817032,18.054023745881505,7.361049452545393,1.1296816780000434,83.04897277456286,14.364472151948977,0.5525129677127986,0.7386885822314055,0.3158984321714793,3.8250199096632396,4.7346813285802,2.906442041504058,57.69686927461387
BG,2021-09-01,244,NA,NA,NA,24.70919874135645,2.516833526783563,37.50003388197981,3.337601026316534,3.337601026316534,2021,BG_2021,33.429648498187824,17.390846068183077,5.9809109247434025,0.9450602262531181,77.64529448856943,13.972994464349407,0.5589563195624827,0.7396816175738472,0.3256474258000207,3.3429541750176632,4.247677789659404,2.4292784890851222,58.980548884650275
BG,2021-09-02,245,NA,NA,NA,26.053095368912615,2.152969486120528,37.213652837367924,3.693687920719073,3.693687920719073,2021,BG_2021,34.73330403521573,18.487482807288064,5.165366955822583,0.7681128967164141,78.57317602755856,13.413863451122202,0.5506519846578538,0.736714640030233,0.31209080840967685,3.6942549175397064,4.606959129852939,2.7452243891920025,57.877665953259104
BG,2021-09-03,246,NA,NA,NA,26.23370540950286,1.7394909863292702,36.575836105487646,3.6479166861316674,3.6479166861316674,2021,BG_2021,35.130760547346235,18.585361079765836,4.19923360027444,0.619817329421402,77.64478176667701,12.984279550755835,0.5543915423938,0.7382202216966471,0.3134628492662979,3.6484942117270123,4.572460900840307,2.726218092038189,57.30923523702459
BG,2021-09-04,247,NA,NA,NA,27.112847897694806,1.4038834140247558,36.52969585155713,3.801735697960469,3.801735697960469,2021,BG_2021,36.020718377778486,19.095531642744696,3.4602596788060827,0.4914530640710476,77.62621393517468,13.287172260314977,0.5542662594923489,0.733853798026793,0.31598830132288364,3.790175112012636,4.715685419687571,2.85322428512095,54.48345882877479
BG,2021-09-05,248,NA,NA,NA,27.500253799510187,1.139227981499991,35.57649874142097,3.8267047747427427,3.8267047747427427,2021,BG_2021,36.45000511639356,19.46865128170602,2.877727911906003,0.39173602284117043,76.81561099526196,12.287641324893697,0.5442109343932103,0.7337223163859529,0.3017201792562676,3.8162366239637215,4.75642072879863,2.8758961958759617,56.06312590818694
BG,2021-09-06,249,NA,NA,NA,27.521828339775183,0.9335805336771247,35.391146261824225,3.813546900082446,3.813546900082446,2021,BG_2021,36.745483220875435,19.553055825688404,2.3665941092780294,0.30977299618893533,75.49601613919398,12.343286406641123,0.5456286703459428,0.7352868522110079,0.3045552987253757,3.8016529201240443,4.71417003079809,2.871699496336937,54.67643477230565
BG,2021-09-07,250,NA,NA,NA,28.574680618174575,0.7686724475084706,34.763256362745786,4.008954657795367,4.008954657795367,2021,BG_2021,38.106888986597944,20.125817644639767,1.9168332282056517,0.25095665148657664,75.21948207117477,11.817478007649852,0.5347193726220152,0.7274391480033899,0.2974123221386948,3.9916798314345905,4.919348771181129,3.0752611655719773,53.97251857833411
BG,2021-09-08,251,NA,NA,NA,28.39095418749552,0.6161995376488334,33.7091850595422,3.9398052582286067,3.9398052582286067,2021,BG_2021,37.805469565015,20.11225460269364,1.5457309335348666,0.18914019797512055,72.92321755152261,12.161401807098763,0.5358581021929268,0.7277423699941185,0.30073724167552,3.9309127455093593,4.865893062027619,2.9827102910168675,55.76648686130285
BG,2021-09-09,252,NA,NA,NA,26.818073943917145,0.498998383100968,32.48707145510493,3.326582858327329,3.326582858327329,2021,BG_2021,35.6900400017199,19.00398155827961,1.284002064125163,0.14186029152892052,67.68109419417361,11.052879587390464,0.5389560337842781,0.7254134145492922,0.29534410625997076,3.3218330026250316,4.24744205570982,2.404129271260826,53.093555286924946
BG,2021-09-10,253,NA,NA,NA,28.678162968688028,0.4011388971818617,32.53053747370076,3.621084038262314,3.621084038262314,2021,BG_2021,38.346615913028785,20.2564279948666,1.0296246295218023,0.110050405658426,70.43871094526175,11.521398151215159,0.5312716579883445,0.718999050127462,0.2919410440885734,3.60774082607747,4.534761414522971,2.6934642534110393,47.26272892974526
BG,2021-09-11,254,NA,NA,NA,29.714894218449523,0.3243040395545842,30.823218178694898,3.5240772168550594,3.5240772168550594,2021,BG_2021,40.10176018788938,20.99168375193806,0.8556936731943234,0.08506931189081238,67.79811970007789,10.662044398136477,0.5077914340952486,0.7049171206183986,0.2728731922774823,3.5081816549847487,4.445165015911668,2.5834685210848214,37.42931517419275
BG,2021-09-12,255,NA,NA,NA,30.134481645760385,0.2595985062670859,31.067661631520163,3.629888911912543,3.629888911912543,2021,BG_2021,40.49081713515937,21.305954934788858,0.6932326872380221,0.059825264794440086,66.17292430184243,10.664042163514917,0.5075643122724987,0.7009627174119435,0.2716306697806038,3.611637131724734,4.543816131940779,2.676849171224646,40.2516431398405
BG,2021-09-13,256,NA,NA,NA,29.027082257303405,0.2000987455394611,28.994464833482976,3.5967521283006705,3.5967521283006705,2021,BG_2021,38.462239657338365,20.850501245754852,0.5529972220894337,0.035402959396383646,63.0991036070237,10.035853135331287,0.49864789359643724,0.6975526520373598,0.2722284750117863,3.5952705837250645,4.516921259875585,2.656475536923336,51.60121790419995
BG,2021-09-14,257,NA,NA,NA,29.103034974750532,0.16723493663535077,28.963812145484166,3.5340611195615024,3.5340611195615024,2021,BG_2021,38.67095397726883,20.50640970082785,0.4611837850657664,0.02295463146470736,62.24698337857394,9.962103283125668,0.5020042316421848,0.6979015174453859,0.27014650477154656,3.539214430178614,4.453613779788627,2.597214120234318,50.33225808075263
BG,2021-09-15,258,NA,NA,NA,27.824860520629112,0.1294828080862112,27.324766545170522,3.109728542066171,3.109728542066171,2021,BG_2021,37.024467661770096,19.622510956441605,0.3670976899927889,0.01105267323418796,60.41116711135893,9.240872052897837,0.500979165070501,0.6999046373760975,0.26444882898185323,3.1197914360386862,4.047938454214278,2.2039472808677414,50.38611386454281
BG,2021-09-16,259,NA,NA,NA,27.502559892580006,0.09524843145898942,25.901632694660965,3.1393889472342336,3.1393889472342336,2021,BG_2021,36.79605343376854,19.50740627922624,0.29433662797066223,0,57.78953994447586,8.730212938609764,0.49173846389289283,0.6942010470826998,0.2570305768483554,3.1523062204008387,4.078773358598858,2.2235932146360966,54.77430315525726
BG,2021-09-17,260,NA,NA,NA,28.19352462301268,0.07444557823967302,25.84120082619845,3.053640246005569,3.053640246005569,2021,BG_2021,37.59349736031911,20.008663793894346,0.23849866209627818,0,55.96643701290143,8.819465119657755,0.48496189619954255,0.6803987897110707,0.25923722888249867,3.0616088750485027,3.9886660586750575,2.1280973925608664,47.8445807035265
BG,2021-09-18,261,NA,NA,NA,28.09321131946597,0.052571152015171374,25.803431958197557,2.9261515680984798,2.9261515680984798,2021,BG_2021,37.62487603851148,19.91417734090413,0.18981212509190198,0,55.12436376047667,9.045568094583006,0.4842086101981575,0.6789962192667913,0.263128468344616,2.944003269225197,3.8806011132545346,2.027437541584596,46.81567916519201
BG,2021-09-19,262,NA,NA,NA,28.38399087743333,0.03817956675913706,24.826642818314586,2.7005523242523783,2.7005523242523783,2021,BG_2021,38.36941908639181,20.02466069988729,0.15428027356237792,0,53.47850126523448,8.617723833277097,0.4755169928187007,0.6722981022548405,0.25117840622343063,2.7198290879406297,3.638261236966845,1.790168313610621,37.666047101662166
BG,2021-09-20,263,NA,NA,NA,29.61272430457232,0.023286936410845935,23.76362265159009,2.3750864189079333,2.3750864189079333,2021,BG_2021,40.21669672931879,20.504936377867697,0.12239475700777147,0,53.96303305575493,7.84622396518191,0.45334610118730034,0.6651975798131466,0.23303223757664687,2.3864222674950746,3.3353834838128402,1.4592395877686442,26.050884324976757
BG,2021-09-21,264,NA,NA,NA,27.41636202193582,0.009871849862391938,22.968461280702844,2.8583880661030405,2.8583880661030405,2021,BG_2021,36.49883984694819,19.58545561615897,0.09387408907987504,0,50.78820727672626,7.451831970872821,0.4622173512905642,0.6669065193170556,0.23897787862241787,2.8769652342366903,3.7925579586507965,1.9236890200632153,51.822047483929524
BG,2021-09-22,265,26.6665820407,0.32422235466000005,2.28035297125,57.447599307999994,0,8.126756182000001,2.8770168849935605,2.8770168849935605,2021,BG_2021,101.95266158861291,12.942537027387084,0,0,43.74383553065656,0,NA,NA,NA,3.0185995938168855,3.9419328229178245,2.102787172127602,49.785767507577454
BG,2021-09-23,266,NA,NA,NA,27.864781081048744,0,22.240691965432706,2.888511557031184,2.888511557031184,2021,BG_2021,37.32171048412322,19.718853495767004,0.05987771769180439,0,48.564891087306364,7.446327126487162,0.4533558859817819,0.656208071958344,0.23512326048155024,2.9031709246078345,3.8347129566134517,1.9772873477888335,46.16819932964455
BG,2021-09-24,267,NA,NA,NA,27.95865205495215,0,21.732234145619895,3.0848376906671335,3.0848376906671335,2021,BG_2021,37.32204861348609,19.90976658914872,0.046967527986825935,0,48.76888323648567,7.103308488448933,0.44705217073931397,0.6545814053707238,0.22838351111377647,3.095543322650926,4.015942837377249,2.162946078556408,49.95324962361079
BG,2021-09-25,268,NA,NA,NA,28.295328710642604,0,20.866219772262337,3.0943921951955544,3.0943921951955544,2021,BG_2021,37.46551780807989,20.331130790866442,0.03593418209424072,0,46.59862159125811,6.7861572541312185,0.4349873965297917,0.6419979117366559,0.2202694764502241,3.106375976302409,4.030958249076157,2.1710043611612937,49.63291460351005
BG,2021-09-26,269,NA,NA,NA,28.00767373493156,0,19.976238863997825,3.1070126220572165,3.1070126220572165,2021,BG_2021,37.38086937386426,19.815305794799016,0.028545278933511803,0,44.16210627547554,6.282406998373151,0.4305213608142471,0.631872082644221,0.21464725901028547,3.119478303049882,4.011918424623745,2.188801262151073,49.53246294153129
BG,2021-09-27,270,NA,NA,NA,27.60585127553701,0,19.616582188424374,3.0656151378280603,3.0656151378280603,2021,BG_2021,36.76949052250616,19.67095937888502,0.019560437109137616,0,43.31903117887024,6.05143105770882,0.42707883268806973,0.6314536930335259,0.20932756183243056,3.0759189432336225,4.0140514909570895,2.1433839298608928,48.98381262664731
BG,2021-09-28,271,NA,NA,NA,27.716675774524877,0,18.74916939178612,1.7145468799766954,1.7145468799766954,2021,BG_2021,38.419889742443324,18.987849423608225,0.016066089538398234,0,42.3970627482255,5.912798699480856,0.41534962653217644,0.6248559673094481,0.20693084632659298,1.7256275586731782,2.6587299194423735,0.7938539451280369,18.71718381183452
BG,2021-09-29,272,NA,NA,NA,25.430514016229314,0,17.243763659781553,2.452907227626045,2.452907227626045,2021,BG_2021,34.45324029388866,17.685975814630314,0.00981073819612259,0,39.70417118306761,5.263441042064972,0.4168316008423584,0.6319307174127384,0.20575222447855784,2.4730382545404757,3.397628793413506,1.565628061524429,47.51702468406297
BG,2021-09-30,273,NA,NA,NA,25.338430852766095,0,16.916070153108997,2.4614635301358554,2.4614635301358554,2021,BG_2021,34.19995422463658,17.77777627159392,0.008492740890755801,0,38.52122821078217,5.184519794568413,0.4162726754029783,0.6248493648144227,0.20383978781266865,2.486645535761867,3.427786650294822,1.5421435308364861,48.04479517113583
BG,2021-10-01,274,NA,NA,NA,24.724719073264968,0,16.361070016755125,2.2296309966583254,2.2296309966583254,2021,BG_2021,33.794692109592454,17.04824552525884,0.005823779379078742,0,37.75274929464309,4.861274516037984,0.41343067830635455,0.6274927120165831,0.1985014795064874,2.264530248249369,3.1982483362079552,1.3304804396230647,41.92949344124597
BG,2021-10-02,275,NA,NA,NA,24.808808357875474,0,15.76481411822402,2.50647182897953,2.50647182897953,2021,BG_2021,33.348963221652376,17.235283312793666,0.00515246129598812,0,35.1792322752571,4.855243521638517,0.40627749131185475,0.613961450322519,0.19923389491042556,2.5284678621386716,3.4746417187001395,1.6089301698074225,48.23144475419642
BG,2021-10-03,276,NA,NA,NA,24.332379953331053,0,15.5450594686098,2.4953128625228453,2.4953128625228453,2021,BG_2021,33.28366080585243,16.990444152635582,0.0029477187814459654,0,35.47429685161191,4.634245960730361,0.40479254384699714,0.6133215582842799,0.19757880190705066,2.517093258879308,3.4278640134766984,1.6013386828481482,46.24968047813089
BG,2021-10-04,277,NA,NA,NA,24.300400231852063,0,15.107855682758522,2.5516664013606936,2.5516664013606936,2021,BG_2021,33.04304259271354,16.829682950589277,0.004730876890985503,0,34.398656339338935,4.633660851944796,0.3993846545787051,0.6082977947125858,0.19877305877883458,2.5567943007565175,3.485813148959689,1.624830002483881,46.4509937631371
BG,2021-10-05,278,NA,NA,NA,23.68769087898397,0,14.001749017197067,2.512134812973626,2.512134812973626,2021,BG_2021,32.48389076816973,16.127705441654257,0.0069720348460560605,0,32.48152482004649,4.190163258841052,0.39234366367934015,0.6036139717311335,0.19180739172574332,2.5194829543343795,3.4435408931168308,1.5791509521291454,46.63558932815357
BG,2021-10-06,279,NA,NA,NA,23.72652741433506,0,13.095651687787567,2.482508964750738,2.482508964750738,2021,BG_2021,32.79245062749222,16.16954801956976,0.006957920442752549,0,31.559852352560203,3.5858398178160447,0.37743080122955175,0.5951004191082985,0.17397401676964808,2.481688641783035,3.4014971679181683,1.553129972550916,40.6508274910499
BG,2021-10-07,280,NA,NA,NA,22.606186582192333,0,12.308292311343425,1.9445542964660456,1.9445542964660456,2021,BG_2021,32.02070159282108,15.108040254200903,0.0067839028920181205,0,30.112909405072937,3.41379528831656,0.3755461717571646,0.5910397766889356,0.17604593911287297,1.9575003112120883,2.853763343597577,1.0463853789808903,31.439762426295427
BG,2021-10-08,281,NA,NA,NA,23.39186736378591,0,11.70365855730926,NA,NA,2021,BG_2021,34.991226376918284,15.304747067851102,0.008534426437933437,0,28.73537942467062,3.068982432855154,0.3544593702841312,0.5783763945517315,0.15619002813192703,2.4840136145641183,7.934713429790367,-2.2548074276892662,37.17354941997157
BG,2021-10-09,282,NA,NA,NA,21.726277972391113,0,10.997302170000278,2.2349273277466284,2.2349273277466284,2021,BG_2021,30.573142774680562,14.710460962260315,0.012358922582200782,0,26.799309998253754,2.6596990864163224,0.3617714822526874,0.5770402269136355,0.15938776357467205,2.246636893314602,3.147139955446374,1.3351821935523267,44.80366462167923
BG,2021-10-10,283,NA,NA,NA,21.916493530068518,0,10.302565160652396,1.7195430882701819,1.7195430882701819,2021,BG_2021,31.37822296501872,14.346659313121648,0.011948668522042072,0,26.131596771904654,2.566808256264825,0.3468958040083565,0.5665488626666068,0.15573713258721114,1.7279658374651086,2.652118783539881,0.7940549703244562,23.89374610396991
BG,2021-10-11,284,NA,NA,NA,20.433159371767527,0,9.640810079506759,1.5735217094414038,1.5735217094414038,2021,BG_2021,29.520750659766787,13.443582588785276,0.015123135632125265,0,24.307470643267514,2.0799044397367,0.34506017178946763,0.5687293753338503,0.14828744686309175,1.5889906805891065,2.5420576458509827,0.6595282195264994,33.541152938364284
BG,2021-10-12,285,NA,NA,NA,19.995755616428678,0,8.535446447524066,1.425800666361606,1.425800666361606,2021,BG_2021,29.08509703351769,13.033322880602897,0.01531853990199393,0,23.14441591924543,1.669544419686932,0.3280456802260152,0.561631649459823,0.1390547696336232,1.4415350362892565,2.3713123838049066,0.5255192419677205,29.30980133501777
BG,2021-10-13,286,NA,NA,NA,21.338680850661046,0,7.819634739572697,NA,NA,2021,BG_2021,32.29202844136912,13.309694681660137,0.01829912098002129,0,21.95996076378292,1.2956348621634124,0.2980242299934386,0.5331589119390547,0.11861743877070424,2.3703347110792676,7.7609601965345885,-2.2579636065043847,39.118184448022525
GC,2020-07-13,195,NA,NA,NA,38.24965981714845,3.002548440064951,108.44816037259422,NA,NA,2020,GC_2020,56.72051436847927,24.681866536361042,7.4634592067225,1.071402139758665,231.24941867016622,40.90913710430576,0.7002698336167041,0.8453017648127266,0.46026011614711154,2.739257742726237,8.107021005538142,-2.0113405713536214,13.067112124868112
GC,2020-07-14,196,NA,NA,NA,37.8571765297845,3.112892930230768,110.70264795873393,NA,NA,2020,GC_2020,56.12447159678869,24.72453758208352,7.4904314145907565,1.1958066393020927,231.0304888272525,41.67287943608271,0.712232793336788,0.845058849751184,0.4712948483783309,2.7951158842704693,8.251250327331714,-1.9413538915986452,13.666228951086238
GC,2020-07-15,197,NA,NA,NA,36.99816368457224,3.2346196021956586,104.26536308606866,NA,NA,2020,GC_2020,54.37173708605855,24.38979340457521,7.432660825024562,1.2360027524784147,221.96204433097256,38.746607849901594,0.7012942141489322,0.8463594034307861,0.4645633312826324,2.707620348448536,8.03902177087051,-1.9718845557986477,13.76118451961016
GC,2020-07-16,198,NA,NA,NA,36.74958970649228,3.3629665612297646,103.83993353201895,NA,NA,2020,GC_2020,54.05222561494556,24.171839796077155,7.432832116339034,1.3872830752636256,220.44643556350132,39.77517289429376,0.7063169453964803,0.8442191918172511,0.4728655503986351,2.7600843147572505,7.92802931246265,-1.9233717948194418,14.002609061264318
GC,2020-07-17,199,NA,NA,NA,36.39832208377677,3.4086571586629146,106.88068334347282,NA,NA,2020,GC_2020,52.913048017407114,23.90862608601264,7.183612000500149,1.4085611507293603,222.7718100369037,38.852930354452,0.712431466094842,0.8484569844211401,0.4685291097755948,2.5775447252479227,7.582204742395517,-2.0319095070551394,12.835035468308368
GC,2020-07-18,200,NA,NA,NA,35.31438964313221,3.4330145134686116,100.84583014802887,NA,NA,2020,GC_2020,51.99845274185744,23.07829517531809,7.196313591441787,1.4529622389819794,218.00512093253008,37.89588156705002,0.7076029732675915,0.8472369241953842,0.469884993920592,2.790039058097882,8.102240754800926,-2.0306050279774674,14.86449559682791
GC,2020-07-19,201,NA,NA,NA,35.03468401914136,3.4719219858470756,105.16693414877145,NA,NA,2020,GC_2020,50.82221612412382,23.097514472496464,7.135813199376263,1.4690346796191478,219.46937815188264,39.87664420440897,0.7146028530234174,0.8482225659271138,0.48675706973502364,2.7709315938393315,8.174545977962271,-1.9298547972109377,15.10737662468699
GC,2020-07-20,202,NA,NA,NA,34.17227496770401,3.559475760952888,100.62772075613208,NA,NA,2020,GC_2020,49.98442643892777,22.730841105682455,7.022561767939751,1.543602147669076,213.68637116466758,37.359213655402634,0.7143377496079356,0.8498883116462976,0.47187793057171157,2.737547456489387,8.054976984455946,-2.0189326072006133,15.519454307972962
GC,2020-07-21,203,24.6069502125,3.15848262106,89.43968768745,41.580070565999996,4.9909248262,146.8252229528,NA,NA,2020,GC_2020,95.77134635436828,0,16.11860122462725,0,423.0427693486141,0,NA,NA,NA,2.9741959244256018,7.114421066879528,-1.1684228122226201,15.768289915126552
GC,2020-07-22,204,NA,NA,NA,32.75841475300553,3.4602176537395546,97.88689961515603,NA,NA,2020,GC_2020,47.93692832577745,21.85328440846572,6.927682618128902,1.5127205343357444,211.50084353750663,36.82143406636211,0.7152166198862019,0.8526692080819521,0.48182686342853925,2.65655883775713,7.921407026271363,-2.014041357447979,15.531534862237235
GC,2020-07-23,205,NA,NA,NA,32.279045834997916,3.461781729811166,98.64804974432012,NA,NA,2020,GC_2020,46.61239482033084,21.439249710108765,6.774660591636512,1.4524028508225038,210.33451364358504,36.15714957478285,0.7188672043998849,0.8538934932540813,0.48568676580668424,2.0167228384583344,6.699751249635862,-2.495964268435026,10.488753728038516
GC,2020-07-24,206,NA,NA,NA,31.847237494409722,3.3162218634608096,97.27013710328245,NA,NA,2020,GC_2020,45.61400813711844,21.456495373977106,6.622501413376675,1.3974682965898881,204.99402626050633,35.63447427092728,0.7205042547688636,0.85327934701409,0.4801590258801155,2.8637111029629256,8.078420590775153,-1.7313924759791985,17.945082527362764
GC,2020-07-25,207,NA,NA,NA,30.622146401281366,3.233539375123631,97.6094235703733,NA,NA,2020,GC_2020,44.10676495437291,20.775529503747922,6.428167917868723,1.399853819268908,202.90676750998892,36.80549077617006,0.7258282715261604,0.8554574697354143,0.497698627871717,2.869632703661929,8.165157731252629,-1.8790356473283354,18.92546696466752
GC,2020-07-26,208,NA,NA,NA,30.416622776055444,3.2018312303842245,97.85798792488477,NA,NA,2020,GC_2020,43.74884485969478,20.259797428688042,6.337393248003246,1.3911803916199688,204.0243044041152,37.88401284662624,0.7281000276020688,0.8576511711024577,0.5084509799318939,2.900433783949385,8.215802886061061,-1.8068280552369809,19.453876453422076
GC,2020-07-27,209,NA,NA,NA,30.113155703729003,3.154797130298118,93.58924385132912,NA,NA,2020,GC_2020,42.810350668215634,20.031693026416445,6.3165988991065225,1.3605375906474744,200.37592254274486,35.80431316202983,0.7242351639827391,0.8574703420310976,0.4958949352590716,2.938277671572405,8.123298254093259,-1.7765586264917876,19.90328835236164
GC,2020-07-28,210,NA,NA,NA,29.165265936992338,3.1632072936617677,95.08668156227003,NA,NA,2020,GC_2020,41.93718100367147,19.60912017469792,6.204986652102463,1.407327168073456,197.4875289620973,36.42840519655026,0.7322658805783093,0.8601854476900683,0.502090822289282,2.4595515967227017,7.404803850562055,-2.1970601386621005,15.625397336315086
GC,2020-07-29,211,NA,NA,NA,28.479438526321044,3.167782799664266,92.03943531266869,NA,NA,2020,GC_2020,40.89501760015154,19.04072361294952,6.421201269326493,1.3345703775631992,196.607035846804,34.92397434521668,0.7297951233530131,0.8575516868499206,0.5052256651402998,2.4188178394931943,7.346277730259069,-2.259064930467698,16.260635849196106
GC,2020-07-30,212,NA,NA,NA,27.86678828439711,3.1394333058576995,92.90447069709167,NA,NA,2020,GC_2020,40.264667157173385,18.621037479815765,6.227118677906353,1.3353884973006784,196.327715457874,34.47267053729759,0.7351099808438653,0.8624845612951436,0.5027185976994002,2.866358575878759,8.188974842025493,-1.9180487201685366,21.621772274921916
GC,2020-07-31,213,NA,NA,NA,27.516181252193043,3.0998925570479208,92.365555860348465,NA,NA,2020,GC_2020,39.39802404100758,18.16134736434305,6.332496407018831,1.313026539305699,193.95045732281514,33.88068577175667,0.7330879459036217,0.8616992120651907,0.5063710577585621,2.790709078354805,8.025016260909343,-1.977735251073691,20.723750723566297
GC,2020-08-01,214,NA,NA,NA,26.623397688182266,3.1821874574360987,89.36815215706822,NA,NA,2020,GC_2020,38.28116174239217,17.858147323449113,6.488588010739815,1.4047805885519984,194.60398709395295,33.68183644708805,0.7349046337876919,0.8626755783511032,0.5094258357926615,2.6252360728622035,7.735516472115332,-1.926726865721142,19.80701483674069
GC,2020-08-02,215,NA,NA,NA,25.796162858469973,3.2577388099603866,88.29767890075318,NA,NA,2020,GC_2020,37.23381127792528,17.324111069943587,6.57232568492859,1.4153451760924032,188.83498882144053,34.04485115560118,0.7389574984032488,0.8616607953827382,0.5168232016298424,2.7333120946558607,8.034102675038381,-1.8120798419294992,22.31108066140904
GC,2020-08-03,216,NA,NA,NA,25.726084092995105,3.4497359321555883,88.45179071833824,NA,NA,2020,GC_2020,36.768392518887815,16.889878628113365,6.8103223586313915,1.5077002594871556,186.64054534897448,33.20467652490258,0.7375362738327113,0.8632046619388989,0.5101300350671936,2.742269964130851,7.973269773479756,-1.9573819880922416,22.130696395982177
GC,2020-08-04,217,5.9861605495,5.0979955414600004,123.31552300145,24.0630460364,3.0155276834,186.07435124,NA,NA,2020,GC_2020,79.63795688670821,0,6.476931361755064,0,463.51745231942857,0,NA,NA,NA,2.954789177972896,7.180675567550592,-1.273058366590045,24.118480078094382
GC,2020-08-05,218,NA,NA,NA,24.74189357925712,3.621230199189492,88.07928174970078,NA,NA,2020,GC_2020,35.48819960912243,16.443279611028476,7.275882638651557,1.5314894887634232,187.36209604944935,32.874494034775275,0.7358067651480587,0.8660235751453904,0.5128923158410066,2.801652505358586,8.120850988864806,-1.8593305955178085,24.2638522878424
GC,2020-08-06,219,NA,NA,NA,24.014478076152,3.771650597756864,85.7204158209555,NA,NA,2020,GC_2020,34.546737622574206,15.820540237439866,7.502152251637722,1.6300612873774463,180.62212600749513,32.21271594858525,0.7356842103767953,0.8627516755233822,0.5131305611166821,2.630658619663412,7.702853662385512,-2.0812215997840338,22.243420738594605
GC,2020-08-07,220,NA,NA,NA,23.575611444473427,3.859156438973534,84.26503428989402,NA,NA,2020,GC_2020,33.98844708240785,15.767891797430226,7.632982917025025,1.65931450606718,181.31652048107924,30.72455005417208,0.7350750666041588,0.8649511192930452,0.5053150272760396,2.717011052589698,7.979808130952028,-2.000774552277407,24.230267881054207
GC,2020-08-08,221,NA,NA,NA,25.248459207859934,4.186172827083818,95.14473036761974,4.034895323473088,4.034895323473088,2020,GC_2020,34.98649520837946,17.372130139721293,8.332801400765199,1.7910640498589787,194.0571046296519,37.011681110784345,0.7457854344976456,0.8666456437290254,0.5218643379958147,3.9839027340006616,4.896525278273948,3.0666396596887475,26.63139219019128
GC,2020-08-09,222,NA,NA,NA,26.576539224352516,4.3550138591693015,109.15558126388046,4.542469468571914,4.542469468571914,2020,GC_2020,37.17466552722967,18.07206067494069,8.643370963806065,1.9518742152267192,218.16111825911312,43.679207098834645,0.7608706100343336,0.8760330096343962,0.5449217115604743,4.451808698365195,5.395861511241608,3.523686816809649,20.707155963929303
GC,2020-08-10,223,NA,NA,NA,25.992370306381364,4.519316914208496,105.74728307249876,4.729611614402344,4.729611614402344,2020,GC_2020,36.233806669312386,17.799893270845818,8.944481367963162,1.9198816079355656,210.4878776320534,41.21554785565187,0.7565052041854501,0.8733419193832689,0.533321205222684,4.665841175968964,5.569451478388122,3.747443156333017,28.604026139317288
GC,2020-08-11,224,NA,NA,NA,26.35450330015087,4.683326002173218,109.72165799660036,5.013578864243053,5.013578864243053,2020,GC_2020,36.42645246050157,18.022040207883784,9.45039265124738,2.026305370607812,217.73614291129783,43.775754552667685,0.759811559579086,0.8754422150800394,0.5488929778630538,4.937681431496416,5.861476575081597,4.0140950507177156,29.27788570904498
GC,2020-08-12,225,NA,NA,NA,24.92345772494153,4.830473034701097,99.286661659601,4.217399344771779,4.217399344771779,2020,GC_2020,34.89297385580368,16.743641023526564,9.504443819334805,2.106597825389121,201.69117195923715,37.42955828824997,0.7472990226183325,0.8708147194751484,0.5215355655928389,4.1493362775993585,5.071536228294265,3.2394002196472687,23.751094181341266
GC,2020-08-13,226,NA,NA,NA,23.338806011089673,4.838975465783082,88.35520616913296,3.7566901125490966,3.7566901125490966,2020,GC_2020,32.33397954807902,16.03779874150798,9.545406290990963,2.1304317933949233,176.2771943583698,34.86867145999347,0.736424585991792,0.8595550988829659,0.518123934152849,3.7180727343997875,4.640490326611544,2.7862819460908343,28.892974203037024
GC,2020-08-14,227,NA,NA,NA,22.845932974071033,5.014793020687015,88.38380125940851,3.9075208194157347,3.9075208194157347,2020,GC_2020,31.968716886867217,15.56307572975142,9.641576611334065,2.2698012028751253,175.15346654363245,34.06895128608634,0.7385568910768262,0.8621299411103731,0.5096025209366758,3.87485244823194,4.7938809812240315,2.9417016361167057,32.2282017569501
GC,2020-08-15,228,NA,NA,NA,23.124236286248486,5.013839874895807,89.83721163022282,4.093628664265648,4.093628664265648,2020,GC_2020,31.916364134157146,15.980262838570441,9.836636116757136,2.288564356099863,179.68191872500208,35.3446339101703,0.741420094654963,0.8639419564714395,0.5138360503175743,4.048493587259271,4.963684431043013,3.133439474277538,32.85602181589224
GC,2020-08-16,229,NA,NA,NA,23.10356699141725,5.048136403691507,88.31660107246695,4.149495953141679,4.149495953141679,2020,GC_2020,32.119314763136664,15.682007814622386,9.853953997056646,2.225766895404546,178.32291581605486,34.27212805418902,0.7362276719415237,0.8613330776659103,0.5171443917369971,4.098448129659477,5.031128188676309,3.1770506236566454,31.29287119427894
GC,2020-08-17,230,NA,NA,NA,22.903280700093607,4.932285145603231,85.59450409732365,4.0598430430727275,4.0598430430727275,2020,GC_2020,31.701560309985897,15.689565299885354,9.555591929842086,2.220577236165186,171.7152954902669,32.407472172765544,0.7329172161894126,0.8601762108653679,0.5068991494845569,4.020913358938061,4.943234715875111,3.0799129891818255,33.06616309927904
GC,2020-08-18,231,14.2682866833,10.90049990546,100.19041153345,19.763979974,9.4827604236,141.047173682,3.1956470349721964,3.1956470349721964,2020,GC_2020,24.478798221975325,15.049161726024677,28.329796674462262,0,309.38022556319754,0,NA,NA,NA,3.188255340058991,4.109165967559849,2.2630427542662543,33.528042062519454
GC,2020-08-19,232,NA,NA,NA,20.876850055001842,4.4580198268140245,74.24351814300518,3.0521599653843388,3.0521599653843388,2020,GC_2020,29.288613881333596,14.220656055201848,8.91359142117727,1.9476216581576988,149.97856201216572,28.15529945434689,0.7210346384564004,0.8527608273016714,0.49641011283359393,3.0371418016854266,3.9630884491152485,2.1130734585434823,30.207094122111016
GC,2020-08-20,233,NA,NA,NA,21.00100395432305,4.380198390120628,70.96756335814347,3.20821350585421,3.20821350585421,2020,GC_2020,29.372227443778502,14.37930147743529,8.470188438359827,1.973400087095238,148.8878689492074,26.647480959554574,0.7174565558085433,0.8508589004535796,0.4827568553612088,3.2001388193691005,4.113977922091754,2.260361127336888,33.222488233876106
GC,2020-08-21,234,NA,NA,NA,20.482318231536166,4.011484649391728,68.7406823050292,3.07565898491712,3.07565898491712,2020,GC_2020,28.563418512452564,13.756516432128912,8.051115607011509,1.7002151731139064,142.8077430650139,25.733777796335193,0.7155530687102662,0.8520739636474399,0.4790633491172053,3.0653115508943145,3.981395883296469,2.148829713059641,35.83362340752078
GC,2020-08-22,235,NA,NA,NA,20.16707611572105,3.7920756689142965,68.73118252869334,2.9876250858896722,2.9876250858896722,2020,GC_2020,27.91495298205759,13.671715531176593,7.5792571121103105,1.6724296013583966,138.84058664337337,26.170403008947584,0.7216558438316744,0.8507232770729416,0.4960671109858223,2.976735709440488,3.887120556118189,2.069246038186965,35.55393350480833
GC,2020-08-23,236,NA,NA,NA,20.1890801389376,3.613478273881921,67.49223496880666,2.9567382242091487,2.9567382242091487,2020,GC_2020,28.023880430957767,13.625386729001315,7.0873970786535745,1.5560847411022203,136.8993966580026,25.567163548001293,0.7201316995877309,0.8522695075781195,0.48672221498982704,2.952429861717501,3.860686197782784,2.016813466291979,36.180836231663825
GC,2020-08-24,237,NA,NA,NA,18.440554197606193,3.259201634363064,58.3919949790704,1.7113860013761508,1.7113860013761508,2020,GC_2020,25.74817936815449,12.385031499980835,6.412073213902175,1.4719984007624949,119.73651381916666,21.65169594955039,0.7088111924675352,0.8422213027051644,0.47525713615566917,1.7427454140254461,2.6728509492405683,0.8096691701738611,32.45436792603457
GC,2020-08-25,238,NA,NA,NA,17.85024660306541,3.071605307494499,55.8908868962963,1.4656331622304604,1.4656331622304604,2020,GC_2020,24.838200460055813,12.048648610633478,6.015799254565326,1.327812874649629,115.29870503465345,21.14990254744401,0.7075714008895155,0.8427043556598572,0.479091078082514,1.5053995100650388,2.438840889536183,0.5796237747967352,33.22832149734027
GC,2020-08-26,239,NA,NA,NA,19.581143969618026,2.816643145604686,60.603490621432364,2.6676569051883967,2.6676569051883967,2020,GC_2020,26.756149024929716,13.284892479203789,5.684228882142208,1.2105446778573743,125.83779053224559,22.831405560840945,0.7132531268908634,0.8470022009499819,0.48015622404707936,2.66396374800438,3.5864755581304117,1.7550021246242207,39.18124642018975
GC,2020-08-27,240,NA,NA,NA,18.681347093584346,2.581836414353629,57.902842412893754,2.359925381568534,2.359925381568534,2020,GC_2020,26.13177115956691,12.600903486157671,5.189880286463289,1.0964877116291523,120.34037405535513,21.26495732335787,0.7113864360146771,0.8481415198501432,0.4727522713974469,2.3773173652023036,3.299852997114982,1.4581320781623717,39.1790987926073
GC,2020-08-28,241,NA,NA,NA,19.433290159594275,2.4063356682931087,60.32317410133414,2.7822098738692804,2.7822098738692804,2020,GC_2020,27.038100798732955,13.089740183489461,4.855242157990011,1.0160910903271887,123.11686396190774,23.426745268266,0.7126032531479508,0.8481768127742043,0.4912159174584142,2.784635374603108,3.6981953671884735,1.8779394622320187,39.84020019664267
GC,2020-08-29,242,NA,NA,NA,19.17859243670574,2.2391132204826616,58.191391939032094,2.7449637395513973,2.7449637395513973,2020,GC_2020,26.5632098614667,13.053510604955676,4.533540941532327,0.9510775255672782,120.94541880656813,22.14680189660024,0.7107228436846993,0.8491890926640872,0.47953311378809255,2.754437680996862,3.6723960603772374,1.803365517197302,41.847857414206686
GC,2020-08-30,243,NA,NA,NA,18.86950752010269,2.055124229170198,57.8553177126428,2.52471213104229,2.52471213104229,2020,GC_2020,26.206061388846347,12.60569377727098,4.218704990691849,0.8675292742372782,118.6313495713891,22.127848879862345,0.7149070893894854,0.8512484291301559,0.48949312460307565,2.527385305792404,3.4617378170266746,1.5932808531503269,41.483456857032266
GC,2020-08-31,244,NA,NA,NA,18.988434718061885,1.949797593176568,56.902090374766836,1.7672877732255323,1.7672877732255323,2020,GC_2020,26.975887812883364,12.819586106730865,3.9620894877587847,0.815735775923823,120.7677374474493,21.35562559446142,0.7132338998287429,0.8501614763168497,0.4854396867781948,1.7702898514576533,2.715535607086618,0.8392972731530632,20.33967352090384
GC,2020-09-01,245,13.297331311899999,0.73595492666,21.39683425185,25.192119999400003,1.396500057,0,2.2991673360781575,2.2991673360781575,2020,GC_2020,60.2942393607108,0,5.63131224567294,0,0,0,NA,NA,NA,2.306318910255665,3.2203679579525732,1.3807732747965347,41.83197520549579
GC,2020-09-02,246,NA,NA,NA,18.779639894036887,1.7788921095646764,53.20763332209696,2.602637646124572,2.602637646124572,2020,GC_2020,26.075077356941982,12.72619295124356,3.680824661806662,0.7376979613495235,114.32006496712883,19.523934782408947,0.7033414744973765,0.8457874059076906,0.46511724948776734,2.6014342565595583,3.513824012799066,1.6856079817970173,41.66407194716155
GC,2020-09-03,247,NA,NA,NA,19.28203587048286,1.6861852598847142,53.879779579413615,2.7846055238898955,2.7846055238898955,2020,GC_2020,26.72875569398573,13.114297431076665,3.578671236587642,0.678058139142316,112.60693201659113,19.542520179799986,0.7025089927026635,0.8450899708295279,0.4606025305481135,2.788524687664851,3.7077318687756162,1.8789710010827485,43.23055504938869
GC,2020-09-04,248,NA,NA,NA,19.298992768776866,1.6374586762300334,54.63620086528436,2.843971428584803,2.843971428584803,2020,GC_2020,26.740437451907585,13.03664369907566,3.5284693502676547,0.6598892303500162,111.74947028475232,20.411644574798913,0.7052367370694972,0.8429101401383807,0.4709231055523899,2.834243916986619,3.75778895487288,1.9178351922385575,43.700841991899416
GC,2020-09-05,249,NA,NA,NA,19.315420603980332,1.6654155056639302,53.28001279075577,2.7523865683606825,2.7523865683606825,2020,GC_2020,27.109578035993884,13.05474426909579,3.560362258800548,0.677728787752398,110.42877245071826,19.39822180075009,0.6990047860269397,0.840381107483828,0.454606887142398,2.745042573996453,3.657949596852495,1.8186772277984316,39.69916747741181
GC,2020-09-06,250,NA,NA,NA,19.314654355741045,1.6571675294676522,52.89110756116795,2.851378745984211,2.851378745984211,2020,GC_2020,26.827949483739616,13.147102608469796,3.5765820797997114,0.6542828583143016,110.9727022312958,20.192329498563186,0.7000282911503435,0.8389709788427682,0.4672301158105605,2.84797669978024,3.7873684593594756,1.9203883127710986,43.879125709638615
GC,2020-09-07,251,NA,NA,NA,18.862653738333403,1.7038871529083561,49.27342188194709,1.1950014638065387,1.1950014638065387,2020,GC_2020,26.992662579890638,12.587279451935567,3.7138250308010603,0.6757736386061578,104.57478473090991,18.29320177684383,0.6843815105196404,0.8321404917937614,0.45389592531227985,1.215492526695637,2.1401402936164575,0.28840909432403333,17.77857979521429
GC,2020-09-08,252,NA,NA,NA,18.205916898283075,1.732847098843862,46.4260400170789,2.0664623750049964,2.0664623750049964,2020,GC_2020,25.189785767436973,12.284345003768964,3.7409627816985997,0.701510111223365,96.12004271947815,16.558609214253117,0.6777513492881841,0.8296361173935392,0.43744649485791054,2.092602306365742,3.0197523355849536,1.1566771627962809,45.79804147959322
GC,2020-09-09,253,NA,NA,NA,18.64472522865272,1.7978543400480955,46.84678863887371,2.36261688868602,2.36261688868602,2020,GC_2020,26.066141679279326,12.687312149325496,3.9140391124006375,0.7247429221007783,97.26337963942161,16.81049248018738,0.6732680300242172,0.8250897779262756,0.43145804533621174,2.3815686631093183,3.3084067943278983,1.4490267312334522,45.614147813379034
GC,2020-09-10,254,NA,NA,NA,19.46697683010944,1.9284407584117624,46.988246298866486,2.588985559096403,2.588985559096403,2020,GC_2020,26.85163743383036,13.16405793270797,4.249770419609172,0.7750021487060459,97.43317035704247,16.858015448339998,0.6646873324029108,0.8168049263422604,0.42434035686281524,2.590636859521739,3.5272733413297876,1.6824868554485697,45.62173391206913
GC,2020-09-11,255,NA,NA,NA,19.578368695246837,2.0541888210983257,46.12786102716324,2.647644040604856,2.647644040604856,2020,GC_2020,27.048732610335584,13.44849110362113,4.382405304507175,0.7832010547263882,96.87408802969746,17.005995050739173,0.66056731207098,0.8151581452088277,0.4212527381387476,2.6483945750858306,3.5711500265986227,1.7340638779248627,45.83082267212108
GC,2020-09-12,256,NA,NA,NA,20.05340083602133,2.184045612728624,45.079348840202414,2.7447869689912014,2.7447869689912014,2020,GC_2020,27.99632391116269,13.515690505117513,4.792171511934927,0.8698450422549142,94.67126613025171,16.3582513050413,0.6498208980522148,0.8102081465807951,0.40523507824459915,2.7487611652418416,3.680469972877283,1.8146569102077479,45.34255927297663
GC,2020-09-13,257,NA,NA,NA,19.52097840766332,2.298097951447326,42.606135838830276,2.285283296535429,2.285283296535429,2020,GC_2020,26.9341295235749,13.32306005952751,5.109914601214923,0.9352218650247227,89.31838750142295,15.989318284411649,0.6412071794854689,0.8029341292148297,0.40052315401758515,2.29605237377163,3.2381885031303987,1.3825058917528223,46.09199291036466
GC,2020-09-14,258,NA,NA,NA,18.684070722311645,2.580193150951582,39.83657859439992,1.7390770496035903,1.7390770496035903,2020,GC_2020,26.070146735289942,12.644516498723437,5.610614031128913,1.0344371527498204,84.11505802591915,14.608132726502344,0.6273788383880221,0.794657011943907,0.3912856912795003,1.7880440981242804,2.7279886705215106,0.8631397311725103,44.86201987853408
GC,2020-09-15,259,NA,NA,NA,20.032235035224044,2.747066524499613,41.49276308392479,2.110108466665265,2.110108466665265,2020,GC_2020,28.033515345206666,13.565891838739335,6.029164217151057,1.087263879723856,87.03451507613164,15.214295040114258,0.6222401560601134,0.7907960469009393,0.38272132426726757,2.137144366132062,3.0649232890208533,1.1881841228765966,39.12313323463067
GC,2020-09-16,260,NA,NA,NA,20.219659035203502,2.9236534465480037,39.828195072030205,2.2433758728300046,2.2433758728300046,2020,GC_2020,27.947238322747722,13.843125133975512,6.490957824858149,1.1676575066634878,83.01838422850183,14.054056896463706,0.6052145881535356,0.7772772988143289,0.3642149048139075,2.2556088550630413,3.2082708129056363,1.3184273536058941,44.19506225395199
GC,2020-09-17,261,NA,NA,NA,20.29783701786973,3.289915506676333,38.92482995249899,2.168548319217163,2.168548319217163,2020,GC_2020,27.886307871091798,13.872303152211023,7.036049857590616,1.3137725058783483,81.28006652155086,13.813072027061,0.599476067245658,0.7722797401480416,0.35639717440695506,2.190860494709371,3.099425255784994,1.297479955723897,44.54094108017256
GC,2020-09-18,262,NA,NA,NA,20.488080492719334,3.666890270414045,37.32954351070808,2.1460168836644735,2.1460168836644735,2020,GC_2020,28.379458231011185,14.135102714186162,7.574906392676364,1.539083115216704,79.2161716243683,13.411127730921272,0.5829419832982305,0.7611541465270896,0.34302972485264177,2.1777159114985434,3.1152827806638097,1.2465795014300955,43.861318663824086
GC,2020-09-19,263,NA,NA,NA,21.267115715939298,3.9091297725716188,36.95010013267001,1.2984645464459226,1.2984645464459226,2020,GC_2020,29.634229518407846,14.341942861459346,8.065499548998439,1.6167680669630387,78.294325081155975,13.544202358908276,0.5766381117494053,0.7511771086722479,0.3330573202387002,1.3374489877082834,2.2660669981349733,0.4285432295415766,24.53646501448715
GC,2020-09-20,264,NA,NA,NA,20.963024132683724,4.090883343359109,33.48046499902143,1.9195055624965998,1.9195055624965998,2020,GC_2020,28.99985636087564,14.418761019956412,8.61147664435835,1.69176272915246,73.37792340170569,11.80602015518761,0.5510236693587074,0.7420923396627741,0.3111919978206249,1.9569737555543822,2.898424250915084,1.008164835133073,42.51895650381757
GC,2020-09-21,265,NA,NA,NA,21.903786629001946,4.416257868910399,34.871975568158724,2.3078758699618858,2.3078758699618858,2020,GC_2020,30.293393423372127,15.194095045830073,9.038073468925406,1.8572811022786362,75.915762572725,12.833536713156988,0.5470691037938578,0.7344017436091783,0.3138485839627012,2.3292450003156038,3.2587791954520324,1.4038305219375962,41.581281696069496
GC,2020-09-22,266,NA,NA,NA,21.770093066876466,4.7416269089560314,33.41054797671622,1.970861337294973,1.970861337294973,2020,GC_2020,29.92258242488948,15.074503495869068,9.64983616793278,1.9755443286049168,71.21733679641875,11.636891635068439,0.5363753780008981,0.7225114577379946,0.29552370139987266,2.0064406203451544,2.9243077028938798,1.0941060292998057,40.049741666022896
GC,2020-09-23,267,NA,NA,NA,22.62078313963688,4.793018170228578,32.6916943844624,2.195184079234523,2.195184079234523,2020,GC_2020,30.84666379937843,15.558556600391102,9.82222767176395,2.08012756269494,70.3651177665917,11.56519347990969,0.5244864074947726,0.7194378951952035,0.2945846999931195,2.228379900479445,3.160390910352031,1.297435549399029,39.88662478917098
GC,2020-09-24,268,NA,NA,NA,22.07592420739012,4.988028926073877,31.85462639183306,1.292382866705784,1.292382866705784,2020,GC_2020,30.339699077088625,15.090643814654056,9.773992389722931,2.117573416445226,67.50315580437037,11.14531593206057,0.5250186064790711,0.7128453331286552,0.29225314387479917,1.345197867589743,2.272439891228736,0.4200019677694118,30.66090892867849
GC,2020-09-25,269,NA,NA,NA,23.43620321336861,5.0846343383605275,32.53587454990184,1.5415646296618408,1.5415646296618408,2020,GC_2020,32.575328293136245,15.970052315584207,9.903794050109882,2.227095559044472,69.50084911056184,11.791624195121273,0.5192396939390436,0.7065279265374144,0.28957413501937124,1.585771841684928,2.5059292228170134,0.6520157652711118,25.40082200036588
GC,2020-09-26,270,NA,NA,NA,24.32480856992594,5.12628664742537,30.411211478338597,1.920726825468141,1.920726825468141,2020,GC_2020,33.10717636216963,16.681050056474735,10.055002375461733,2.2621683915603232,65.63362026763635,11.064221851535379,0.4990156871666138,0.687143332212169,0.2741371671168136,1.9508308440467124,2.882272986297786,1.0201349542724567,28.270212656537577
GC,2020-09-27,271,NA,NA,NA,23.00796167206191,4.926906063579952,29.29927459565374,1.9294541217759849,1.9294541217759849,2020,GC_2020,31.273317562262367,15.755983981571022,9.73304524263217,2.1389603248441262,61.90463256041147,10.166987149364694,0.49795960899212666,0.6867841666334827,0.2682148958867059,1.9720255862316676,2.9125392663513137,1.0387962085749847,42.08899652709647
GC,2020-09-28,272,NA,NA,NA,23.71973266993177,4.691602665555781,27.747919255323975,2.061809572639521,2.061809572639521,2020,GC_2020,31.99652907523767,16.534611053467202,9.345217248185278,2.074086120940606,59.98133646743618,9.738643167493212,0.47993431577377976,0.6756630315774497,0.26274045148260333,2.111470432327617,3.015611773854276,1.2087673451699246,42.68572977820123
GC,2020-09-29,273,16.6503127835,3.22417397306,68.16334075345,52.090755696,8.938002069000001,128.75644126199998,2.1932189992108353,2.1932189992108353,2020,GC_2020,81.33844101248886,22.843070379511158,23.80091697867055,0,450.02177819043504,0,NA,NA,NA,2.383472079379819,3.3158280536255913,1.456842265727832,43.19642106117097
GC,2020-09-30,274,NA,NA,NA,24.36235210451828,4.129125851317737,26.426758484338986,2.209362806045254,2.209362806045254,2020,GC_2020,33.17576448831611,16.994071557593838,8.086121544469291,1.8102445065795072,57.55899390008257,8.918487307671644,0.4710398536717262,0.668593320039977,0.2480163936544041,2.2493453579841125,3.168550984658007,1.3156459996639343,42.72209300349617
GC,2020-10-01,275,NA,NA,NA,24.744354678506493,3.7900182894412398,25.77167526561494,2.057751849708048,2.057751849708048,2020,GC_2020,33.61457877344915,17.10925565080602,7.629296768884575,1.6521710947795611,55.3710706609762,8.699854665974694,0.4674783100213973,0.6570776774822675,0.24816379274690462,2.09471141514788,3.027669919608863,1.1617374121988846,39.215129129153574
GC,2020-10-02,276,NA,NA,NA,25.21558156066664,3.4010966477225777,24.47199490342749,2.2104799485650966,2.2104799485650966,2020,GC_2020,33.999575205372096,17.744313739179855,6.796351011398721,1.5279891092591917,52.96748298629194,8.250655781476725,0.45347786712106275,0.6540638286121611,0.2364517708094454,2.252990901813923,3.1718596585107446,1.3177462748975435,40.4983625223369
GC,2020-10-03,277,NA,NA,NA,25.640771685603834,3.0971636984848607,24.345696942714635,2.3297962923883486,2.3297962923883486,2020,GC_2020,34.57685342498271,18.168164256359844,6.144680411823494,1.38408129077613,52.883146336096864,8.049588281069443,0.45097859612686836,0.65087940715756,0.2352608640103126,2.35114902856254,3.278906786098226,1.4374771703385152,40.27036357013629
GC,2020-10-04,278,NA,NA,NA,26.08198162892651,2.647053906761398,22.809760161280412,2.3838572325783263,2.3838572325783263,2020,GC_2020,35.37764709184547,18.153177469911526,5.322732223805714,1.1332271984773863,49.629834897357064,7.858090112296299,0.44431820787614795,0.6404686735612855,0.2287530987427752,2.404994992487207,3.3448239602274445,1.48318417905525,40.40512808818774
GC,2020-10-05,279,NA,NA,NA,26.56315542809236,2.283349070617812,21.704882789163992,2.3827074700016198,2.3827074700016198,2020,GC_2020,35.85906029704072,18.608450028168125,4.562560410286236,0.9230942440413163,47.690069127477095,6.861917983930523,0.43283266271278187,0.6295102026021488,0.21271408427631727,2.4087208218657086,3.3405120951073752,1.4943752167785014,39.46964491658868
GC,2020-10-06,280,NA,NA,NA,27.2274258956563,1.8557487848754652,21.328776304705624,2.4722171835880205,2.4722171835880205,2020,GC_2020,36.946280425545304,19.187308216616053,3.8449229303280728,0.77494772218556085,45.106452074411415,7.219565113982728,0.422018723621389,0.6176107178523799,0.22047001056984797,2.4960942110876303,3.4052118590147975,1.5854141690823282,38.5930784125799
GC,2020-10-07,281,NA,NA,NA,27.64113967972557,1.525516120765682,19.697496819568197,2.4629835910652202,2.4629835910652202,2020,GC_2020,37.052548049051005,19.40150833765924,3.1811772850364672,0.6270472772200711,43.30339026514106,6.505284389602446,0.4099497660561426,0.6097256226433974,0.20449033457213064,2.4918181329905504,3.4075854780853136,1.550640507361058,39.11671205615083
GC,2020-10-08,282,NA,NA,NA,27.742239554192086,1.2546974057801883,18.39310002174751,2.41726903685736,2.41726903685736,2020,GC_2020,37.25319673534423,19.532177051612468,2.6268368983361614,0.5014638383359472,40.66460677372337,5.889178027704293,0.3983713288545335,0.5977425098180248,0.19446016020272863,2.4334873449821974,3.3630399562181927,1.5335896712467059,39.07013925122051
GC,2020-10-09,283,NA,NA,NA,27.91915706971909,0.994366224232971,17.365136597824776,2.2445061496726284,2.2445061496726284,2020,GC_2020,37.50755500525087,19.59532818007739,2.0784471838469734,0.38952943007310026,38.87187470861386,5.465685426435,0.3861646038475059,0.5876360409242647,0.19229865058588,2.2810015290743584,3.188444094104125,1.3405303904418233,37.0996348409404
GC,2020-10-10,284,NA,NA,NA,26.514185448700676,0.7864379791101136,16.206164926349647,1.3609845719165952,1.3609845719165952,2020,GC_2020,36.13104730040123,18.594266347624796,1.6799418658796457,0.3004670213391525,35.275894469832714,5.020614680125409,0.3822984335933838,0.5834067985181921,0.1870811993986944,1.4129464887909173,2.3373053639327366,0.49353516174640016,30.732967007995775
GC,2020-10-11,285,NA,NA,NA,30.216558363285326,0.5933649581094348,15.604528909538654,1.796587342334348,1.796587342334348,2020,GC_2020,41.23179807939667,20.806144017819324,1.306152327814293,0.21550942217398528,34.22733813657737,4.680063327746575,0.35200977425440316,0.5430293906739325,0.16676353844705075,1.818061449551691,2.7599383067265175,0.8838490443262353,21.146860594235804
GC,2020-10-12,286,NA,NA,NA,30.646470742760886,0.46511546034168005,14.297602333427715,1.929046962206662,1.929046962206662,2020,GC_2020,41.53644164409946,21.235941915766464,1.0192485443894514,0.16224628579526362,31.99172849594225,4.420286865357461,0.3331889027710512,0.5324310044564642,0.15909182219244028,1.953507023455535,2.867184462090287,1.0257878993867655,22.98224024890949
GC,2020-10-13,287,NA,NA,NA,30.169766325657047,0.33750367704094036,13.257352494057324,1.0286903282317865,1.0286903282317865,2020,GC_2020,41.71277828687841,20.69161862913953,0.7554086974118431,0.10442641944743081,29.58198128669422,4.075083721591913,0.32085914906054674,0.5164661720626884,0.15273002039673605,1.067037343301671,1.991275811367445,0.16132100502081181,16.465547420116
GC,2020-10-14,288,NA,NA,NA,27.14490008662491,0.25099788136716367,11.387887381609005,1.1672695730038258,1.1672695730038258,2020,GC_2020,37.06797762012409,18.944815576483844,0.5726702782871343,0.06673921048808301,26.54386239217015,3.0845039530287877,0.3165890860301277,0.5145034076690245,0.1445700101571165,1.2190422609484293,2.154029378822123,0.28582489442560644,31.02409259726828
GC,2020-10-15,289,NA,NA,NA,30.919218750203168,0.17404422090516405,10.30463643438432,1.8400080976080944,1.8400080976080944,2020,GC_2020,42.14907344024554,21.528274405250503,0.41979777869326546,0.03518422506990193,24.12669974399703,2.6141778805293154,0.27560645426415,0.4680443652066361,0.12067165361938209,1.8804998142876046,2.815589917517178,0.9531883697647077,26.012762905498107
GC,2020-10-16,290,NA,NA,NA,31.301705759910927,0.1160228029774113,9.288585799647363,0.9315476908423772,0.9315476908423772,2020,GC_2020,43.36433028284413,21.546254322585423,0.3067803545890138,0.011433561242442658,22.137396960561592,2.3557725519704875,0.25567779123265466,0.4437881558222608,0.11255174343889555,0.9861544661739554,1.9418873270162327,0.06718060554975816,16.29727863848347
GC,2020-10-17,291,NA,NA,NA,31.501900260740523,0.07428180077138244,8.07581019311747,0.6981948540523203,0.6981948540523203,2020,GC_2020,43.69424844358953,21.687756697858052,0.21769302250001699,0,19.636251733875874,1.831470917731084,0.23509098046669505,0.4185775912011256,0.1003379347127022,0.7561213427826001,1.6557245673883283,-0.16232125598366628,15.29485035974816
GC,2020-10-18,292,NA,NA,NA,33.73359355671574,0.03859365232717518,6.896212051374363,1.2018070847205737,1.2018070847205737,2020,GC_2020,46.68366830884266,23.03870120696799,0.14064832857211607,0,17.585165461484568,1.3894430351778113,0.20304620496185566,0.3766602376567014,0.08420713404479954,1.2323320570173126,2.143813327152944,0.301377768947033,14.15308875737509
GC,2020-10-19,293,NA,NA,NA,33.26539480290172,0.011132676343110298,5.496410606213566,1.4396652732703126,1.4396652732703126,2020,GC_2020,45.284278949112846,22.887727054813745,0.0937681200071997,0,14.587572910055012,0.7864869831050108,0.18138202663611663,0.34439606849578197,0.07300150476546774,1.4800185123270149,2.397583194291672,0.5481063455131242,19.909250418259955
GC,2020-10-20,294,14.3656133303,0.28964449466000003,2.5188890432499997,49.308569354,0,3.0208495108,1.6794156930459485,1.6794156930459485,2020,GC_2020,93.62110450318737,4.9960342048126325,0,0,11.426972634493943,0,NA,NA,NA,1.7770871712180396,2.6971894076423255,0.8554650257610517,27.660143057840124
GC,2021-06-22,173,8.6271488743,0.19949893646000003,1.6560945890499998,24.299859608000002,0,0.6703700671999999,7.147137243566896,7.147137243566896,2021,GC_2021,40.0629261636403,8.536793052359698,0,0,3.608396426266992,0,NA,NA,NA,6.908329464187691,7.831338502985931,5.980661829686081,40.12664033634119
GC,2021-06-23,174,NA,NA,NA,31.590637823295918,0.008715762314238706,279.15364025064844,7.233753738189381,7.233753738189381,2021,GC_2021,44.59695228211131,21.289307452363435,0.0897217370262316,0,459.36421316056646,124.53881390231969,0.8910558716657475,0.9464008808334169,0.756397473074403,7.155215071781362,8.112816656094253,6.243755543773659,39.724465892107254
GC,2021-06-24,175,NA,NA,NA,27.240942013531754,0.02751287933525308,150.4971616219881,4.71247026802742,4.71247026802742,2021,GC_2021,37.918370951661835,18.632504797874443,0.12153480617397175,0,281.5892643626906,58.9589822216151,0.8381088855705617,0.921410511939781,0.6496583718346913,4.69498597150403,5.602470520524584,3.774824361038492,40.16078132830167
GC,2021-06-25,176,NA,NA,NA,27.320107683987487,0.04914638328811799,145.17993012393103,4.345652236176669,4.345652236176669,2021,GC_2021,37.73243721856691,18.842940505753457,0.16289510419750425,0,276.1828363583973,58.5790553376711,0.8331420064900851,0.9184857915393428,0.6470043175941467,4.325945452573335,5.250550450676049,3.4232335128016,34.51997481646754
GC,2021-06-26,177,NA,NA,NA,29.058884109653764,0.0749774379981625,161.95533565525284,5.129892325537249,5.129892325537249,2021,GC_2021,39.84798229546476,19.641664260796038,0.21448972891176338,0,299.69705953597713,65.5588952245106,0.8405516529543675,0.9220264998189033,0.6533857092428684,5.098333043494995,6.020339891756217,4.1689628817414395,40.036257253630225
GC,2021-06-27,178,NA,NA,NA,33.66154939185963,0.10486753271750027,232.17735165521526,6.825629464715894,6.825629464715894,2021,GC_2021,46.30285443182569,23.093526396405455,0.28370300970889284,0.006728803225399052,405.10000094111297,99.16384777845019,0.8667769023030637,0.9347616881663232,0.7040768002423428,6.765513960878735,7.699492571509381,5.840548507202348,39.66943779396118
GC,2021-06-28,179,NA,NA,NA,37.388580611141855,0.14602018381568732,282.7947542840161,7.943730187243328,7.943730187243328,2021,GC_2021,50.98513740546688,25.648449230217242,0.35239518667866493,0.025768560705628718,479.69437269708135,128.10867051610603,0.8783834758049804,0.9395636967832696,0.7328105542275004,7.8716669311832455,8.806301673929918,6.931211567816713,40.41545433075685
GC,2021-06-29,180,NA,NA,NA,33.00125414570279,0.2004446902031931,183.3232279061397,6.036657211291808,6.036657211291808,2021,GC_2021,44.793042030107465,22.74443701292997,0.4553681682263854,0.05109418378556467,334.49560697494536,74.16068999152132,0.8388822691032475,0.9209898233611857,0.6560532725709833,5.998153812674312,6.934932700607622,5.042539620899703,41.1869816819104
GC,2021-06-30,181,NA,NA,NA,34.690773567563326,0.2487018967283095,193.36491266541347,6.351579345350611,6.351579345350611,2021,GC_2021,46.76792184810859,24.26110466572089,0.5622696050234542,0.06953054614949172,348.87313302558834,80.753699284602,0.8396270704966675,0.9203148189691228,0.6615368305726569,6.307236482080101,7.218516030541062,5.388210828763819,41.09755235308776
GC,2021-07-01,182,NA,NA,NA,32.28033454061707,0.3186374054283229,155.22535158129986,5.161658872119699,5.161658872119699,2021,GC_2021,43.91547080048044,22.400187861613837,0.6996931101666499,0.10253635275505923,290.7797551873487,60.2849531057085,0.8180189715675167,0.9100647707156765,0.6119337251110561,5.125482708564531,6.065423066540218,4.19806778655231,36.05349692759862
GC,2021-07-02,183,NA,NA,NA,33.43008086872745,0.39595341406478146,151.81258003477186,5.389059994440027,5.389059994440027,2021,GC_2021,45.23377327853942,23.191706734581384,0.8596526081471502,0.13612247308869344,287.9078261282658,60.52418533200922,0.8091120936893563,0.9061854755072619,0.6071302714542902,5.3552449960052435,6.293393030423472,4.42261289120934,39.94663148486015
GC,2021-07-03,184,NA,NA,NA,34.24850025406287,0.4881604185562657,156.8132035191296,5.811795802767511,5.811795802767511,2021,GC_2021,46.28521449209245,24.257193688204257,1.0276856245998243,0.17960074258522557,293.7315687770607,64.13455964359123,0.8105049896197164,0.9053883666067409,0.6110198716777806,5.784466027535709,6.737844086898165,4.840163651420987,44.07471224731696
GC,2021-07-04,185,NA,NA,NA,35.94890665305396,0.6069904575108382,167.9725585592447,5.8184224246561405,5.8184224246561405,2021,GC_2021,48.585078833161496,25.312356738936796,1.2683563881279434,0.2262164254475722,314.8498779925901,69.7404026334565,0.8148035454839871,0.9066048388316261,0.614103392077635,5.7818984547675925,6.7427403634755825,4.836957382615589,37.25334878108565
GC,2021-07-05,186,NA,NA,NA,37.69209507668989,0.7446865518106548,169.80742309650762,6.20937241338247,6.20937241338247,2021,GC_2021,50.707235649608165,26.789247583529725,1.544137998779835,0.2939935477841089,314.48962718132293,69.77500926249147,0.8048851397652627,0.9043864908571478,0.6041391013102064,6.166582503808861,7.113584018764474,5.249750411696717,39.1715918127258
GC,2021-07-06,187,NA,NA,NA,38.40307592923304,0.9023089330455697,161.29246653666215,6.376016840750208,6.376016840750208,2021,GC_2021,50.91963757060713,27.13180258764457,1.846564847074017,0.35591971128928507,303.23442808615283,63.835300676226815,0.795761539512137,0.8979941057260423,0.5810909140840974,6.338049747265618,7.265878360350695,5.439922717098713,44.36316113450128
GC,2021-07-07,188,9.5655347203,1.24416346886,52.02483870345,19.162062600600002,1.6126076997999998,42.365271568,4.76089625836245,4.76089625836245,2021,GC_2021,39.43521583353523,0,3.6386228623949464,0,127.19089086596229,0,NA,NA,NA,4.615907917341457,5.538208136107656,3.688866053577849,26.752794547980702
GC,2021-07-08,189,NA,NA,NA,41.724144611178765,1.2393770178110315,173.97484064782478,6.961112565275345,6.961112565275345,2021,GC_2021,54.77039930146393,29.75369001136628,2.513434840702256,0.5097099849568377,324.18016095304546,68.85164592918112,0.7922997406595336,0.8971193244110691,0.577149815698737,6.918287530431465,7.883418907705404,5.980878932917305,44.959251621761474
GC,2021-07-09,190,NA,NA,NA,46.74008222624253,1.3903495554428495,211.86331054016978,7.648272629176392,7.648272629176392,2021,GC_2021,61.90920750618365,33.51006284234425,2.8530979210543737,0.5667013684282255,382.9724675766804,84.19382739767899,0.8052996913440456,0.9027970499827294,0.5947414289068995,7.578803799544232,8.531689139886264,6.629685944347778,36.52460470666751
GC,2021-07-10,191,NA,NA,NA,45.160884310380915,1.678499309833,187.02491566374286,7.636636498986453,7.636636498986453,2021,GC_2021,59.551881643963135,32.74659996235052,3.2780645121256566,0.6994021386468734,347.5298144707673,76.87538965056687,0.7891954894080305,0.8952915214233594,0.5796138576365409,7.588568267228915,8.52763966845767,6.656031427002677,45.278402053999834
GC,2021-07-11,192,NA,NA,NA,40.15212461437181,1.8395297497854788,143.434218174883,6.102839254809659,6.102839254809659,2021,GC_2021,52.910152685431875,28.90694374641109,3.637449950703325,0.785073572523168,269.9289306787848,56.426836442668325,0.7616243326061245,0.8764258006046065,0.5408341132432046,6.084202560723458,7.0288568444610595,5.1475288343480905,45.16172226749939
GC,2021-07-12,193,NA,NA,NA,46.57422880329185,1.9834447337548151,172.4569374462512,7.4554058126162985,7.4554058126162985,2021,GC_2021,60.473750544029414,33.36532979465047,4.003715904645927,0.8563222945563423,323.8384580669227,70.73746584339376,0.7699360926565244,0.8843112889457596,0.5541352667594961,7.410393044979133,8.358276186428153,6.46405282714243,44.55824757965353
GC,2021-07-13,194,NA,NA,NA,54.19751688481232,2.172767407669841,223.63262411956393,9.030396368602311,9.030396368602311,2021,GC_2021,70.079211230212,39.124592284514755,4.393061941986018,0.9322365928140489,412.77413545589377,94.91356662631331,0.7892361679797255,0.8948497213009257,0.5792340444061319,8.963265981223714,9.885464982559224,8.011928497917218,43.68682948800159
GC,2021-07-14,195,NA,NA,NA,41.8549999534748,2.3061476436017503,127.15949346862816,6.085793878227459,6.085793878227459,2021,GC_2021,54.47435255111863,30.18035713536099,4.577434372782675,1.011878137956634,252.03592067278257,50.50219519780365,0.7313923109712375,0.8619150510174358,0.5052967742908033,6.072610896111228,7.001474646406772,5.1513282605303585,45.15669850119827
GC,2021-07-15,196,NA,NA,NA,46.85274092106169,2.428237587528007,157.4434643943799,7.239962558403336,7.239962558403336,2021,GC_2021,60.970162649087634,34.14337700206528,4.71642835861109,1.0529601691197255,297.16651025196006,62.434477503759716,0.748229920615347,0.8724702182944376,0.5245872172367888,7.208314577247626,8.159700955878376,6.270538279120002,44.98329985954063
GC,2021-07-16,197,NA,NA,NA,46.902401864572376,2.473418663919887,150.80194565290995,7.102590399396106,7.102590399396106,2021,GC_2021,60.38223903727252,34.27592254683536,4.922839799543602,1.048902403537856,286.70751601214073,60.81958842203202,0.7413906541142686,0.8675745716629195,0.5146937852544373,7.067999042076217,8.019571217707824,6.1226774711671865,45.21058671609128
GC,2021-07-17,198,NA,NA,NA,47.79890925998918,2.5053229366796894,151.2357921128158,7.236124578076711,7.236124578076711,2021,GC_2021,61.34410186957725,35.137230496165834,4.87626282557318,1.0908995129426087,289.60088248829726,61.84882586199383,0.7408778599678961,0.8652254181033027,0.5163158201050706,7.194472096972489,8.158540029540736,6.276989843371095,45.49569165213759
GC,2021-07-18,199,NA,NA,NA,54.853592739690235,2.5027743026648435,181.01421379191154,8.538055560226264,8.538055560226264,2021,GC_2021,70.06374287888143,40.234870895274184,4.846231309729055,1.0749803584651212,341.88777206625406,71.04217111624381,0.749714985559065,0.872381167020627,0.5182202420242088,8.482486194763505,9.424765161072255,7.552110101446849,45.27119822018332
GC,2021-07-19,200,NA,NA,NA,47.5657828180101,2.390503194904124,147.03148550966958,6.034472253087373,6.034472253087373,2021,GC_2021,62.521125113864734,34.28839861603357,4.75914687343971,1.0674214068750616,291.06331423428855,58.43402724290613,0.7355428499601298,0.8648195489286055,0.5048085144655846,5.99714732190794,6.944273372215533,5.046643659975738,28.94552796853968
GC,2021-07-20,201,14.2198162751,1.9789946480600002,37.01849194545,51.950889065999995,3.8332346330000004,104.551688248,5.849476489452436,5.849476489452436,2021,GC_2021,134.2494911736791,0,11.921548778957336,0,393.23210243951684,0,NA,NA,NA,5.816837405099347,6.730714224399254,4.903084060552711,33.98711042359614
GC,2021-07-21,202,NA,NA,NA,45.40818992230983,2.17111431855445,130.9856694041463,6.017781200780943,6.017781200780943,2021,GC_2021,58.84589882900152,32.84347432636898,4.307190306934372,0.9149184744591656,253.39167288707756,52.490330659517234,0.7258012998312119,0.8559545408634812,0.49298516734319964,5.997061473383058,6.935801288169719,5.0609690897205235,36.90131137051395
GC,2021-07-22,203,NA,NA,NA,47.43729349252239,2.043069474229393,138.1902077127215,6.916213226339538,6.916213226339538,2021,GC_2021,60.890720151609685,34.862490940100294,4.0360281564062195,0.8881986108387431,268.4986927759343,56.58720672697999,0.7275860161831345,0.8581681737423607,0.49868206333661375,6.889556750483824,7.835809286792063,5.949723344467928,45.343532241247424
GC,2021-07-23,204,NA,NA,NA,44.4081274216305,1.848493850785875,123.56891818027096,6.230054229216774,6.230054229216774,2021,GC_2021,57.209034112907254,32.583836119868586,3.7682551531655677,0.7814789054716437,239.4451417341811,49.225332395775176,0.7175640674308328,0.8493072064583131,0.4822024380661667,6.220729535950864,7.148381012844788,5.298404895796616,46.20871288815358
GC,2021-07-24,205,NA,NA,NA,46.04035560788068,1.7425569226285078,129.0207424671353,6.626315411972441,6.626315411972441,2021,GC_2021,59.52609525540005,33.66225213705513,3.4951485801658166,0.7399838771024397,255.10781745640597,52.11448406772927,0.7222243921686414,0.8578212761070148,0.4869098784744785,6.607999275774025,7.543903997610865,5.6677957088387405,46.0617879184851
GC,2021-07-25,206,NA,NA,NA,48.820115055481345,1.6172219142075508,141.18549601669739,7.167878776752833,7.167878776752833,2021,GC_2021,62.96728519544799,36.06190784172755,3.252274297103401,0.6705646667488232,272.11396104411,57.10720663875015,0.727413777113195,0.8587182336728711,0.49643803865236913,7.136168608893682,8.080209144678237,6.194341380849246,45.68432957874874
GC,2021-07-26,207,NA,NA,NA,49.720126666057034,1.5049399402054568,141.7530402197921,7.263048212987442,7.263048212987442,2021,GC_2021,63.590936804028935,36.50171616003518,3.0376650473728977,0.6356659801421056,276.9663924052748,54.8831181622065,0.723075905706048,0.8580182258203481,0.48439623439706075,7.219767048056896,8.148332988348788,6.291392227714074,44.63412948413313
GC,2021-07-27,208,NA,NA,NA,48.8014370400051,1.3771905900261774,144.39475755982144,7.081211911009734,7.081211911009734,2021,GC_2021,61.92314717319777,35.85697905213842,2.872814920703947,0.5612128383852034,273.1138532429959,59.49982297527081,0.7348622039372742,0.8623541813837765,0.5115864254212645,7.046539424466114,7.958534809919951,6.118990410597177,43.425434398268
GC,2021-07-28,209,NA,NA,NA,47.89457249736748,1.2893321105420283,136.79359154160628,6.917652946245054,6.917652946245054,2021,GC_2021,61.53290508286463,35.15253759563353,2.611413978320188,0.5252654646166822,262.0455679607205,55.27386140572349,0.7266151403283254,0.8572917901587999,0.4974736637562175,6.879870166156526,7.819472847677655,5.966864305366557,43.75086576001717
GC,2021-07-29,210,NA,NA,NA,61.158185522762224,1.2076202034225183,206.79665397057153,8.29090141039513,8.29090141039513,2021,GC_2021,79.43756710605153,44.321806522434166,2.4832267898967397,0.488692541558131,391.824584610206,82.63053214872566,0.7594748982041852,0.8804497025404524,0.5329254635886195,8.203106423036807,9.126434587829566,7.277472986465968,26.37066239679665
GC,2021-07-30,211,NA,NA,NA,58.89745376878742,1.1509931797495851,202.0363645155123,9.367957107155895,9.367957107155895,2021,GC_2021,74.76008260641116,43.695268445508646,2.4383739066486263,0.4577608641277172,374.48455413894357,84.98713016740399,0.7634879683797635,0.8781705576753416,0.5451751608290456,9.296001215494126,10.244111729928136,8.333083923565233,44.66913025597921
GC,2021-07-31,212,NA,NA,NA,63.16334098582373,1.1095489670746836,222.31366383286473,10.12230415476857,10.12230415476857,2021,GC_2021,79.62074825448948,46.51705333723534,2.34416086403237,0.45296143102070385,409.5931034617024,90.25775638453077,0.7670333480583862,0.884239453234527,0.5426799734659291,10.04462904919413,10.991958974441442,9.112386946019903,44.27443172316362
GC,2021-08-01,213,NA,NA,NA,58.36595078394702,1.069263406204005,200.0718562356894,8.704744546239365,8.704744546239365,2021,GC_2021,75.15970576317054,42.65297467152504,2.32133853995387,0.4200112768630993,376.6328942885033,83.1038022122364,0.7630335562359661,0.8809703702770006,0.5456774746856717,8.633028980913918,9.565727357192547,7.685504409976499,34.81474589309931
GC,2021-08-02,214,NA,NA,NA,64.22335716260623,1.0728760333523115,249.3488941162188,8.82846105062614,8.82846105062614,2021,GC_2021,84.53813415422526,45.925364681244865,2.266185345276783,0.42227531167822174,471.7228898991047,104.37372349207871,0.7844159973365463,0.8946780755168471,0.5751169389304552,8.703297668632928,9.640836625798475,7.751553763123773,21.370013539403335
GC,2021-08-03,215,7.8304679415,0.26672692826,8.387761909249999,24.078665486000002,0.45322769799999996,21.5529331936,11.092204448496448,11.092204448496448,2021,GC_2021,65.35486667365977,0,2.439585664346941,0,111.39807574902026,0,NA,NA,NA,10.671573536574632,11.595923146022999,9.743269410143563,41.4075640097848
GC,2021-08-04,216,NA,NA,NA,49.21167034002399,1.1025396649597323,158.17402410965522,7.663819994800223,7.663819994800223,2021,GC_2021,64.13988343737357,35.83409973897746,2.328452685858729,0.4324258697584711,303.29229223413085,62.78116621068397,0.7447678324559457,0.8727905498010553,0.5205270800884889,7.604353169262392,8.549874704466808,6.660910317733457,41.807670467285945
GC,2021-08-05,217,NA,NA,NA,40.68444275695211,1.1287181102439843,116.79924483945939,5.693029683430488,5.693029683430488,2021,GC_2021,53.604670131528735,29.41826586269546,2.4050915070517416,0.4497729697190507,229.33460772427335,47.98478326383115,0.7266727825788228,0.8575504068098279,0.5016400785260025,5.663570710623803,6.5985751882295425,4.736317826102691,39.877414357970494
GC,2021-08-06,218,NA,NA,NA,42.40757118541038,1.2148604048520926,126.86624913247572,6.2645181011441045,6.2645181011441045,2021,GC_2021,56.16420076835128,30.782919538258934,2.51396260654905,0.49365048877461193,243.48842599570568,50.91937797215494,0.7320290600515147,0.8619223252336564,0.5074766498127491,6.233533348428622,7.149924886174818,5.314577754592068,40.66497050396283
GC,2021-08-07,219,NA,NA,NA,40.37443441853326,1.3117762182694475,116.95778454165834,5.827522605086498,5.827522605086498,2021,GC_2021,53.07920330621594,29.245377999363573,2.7240377611045825,0.5318804904830646,232.90527143641611,45.35961388664602,0.7271510613501702,0.8592525052133746,0.49434158957764024,5.797129095559851,6.728775989180813,4.873349908831641,40.516082118117055
GC,2021-08-08,220,NA,NA,NA,31.955754527385718,1.3804982492848978,85.29201538566444,2.839239424458732,2.839239424458732,2021,GC_2021,43.30775199514124,22.493428038078417,2.835137399495198,0.5438609238450022,172.14860934947083,32.36765142289638,0.7049103352426553,0.8460843986984046,0.4673852021934175,2.872365643424663,3.8035526847320758,1.9426168426849009,28.168730885293844
GC,2021-08-09,221,NA,NA,NA,40.87226604967267,1.559165313565361,125.19714378398841,5.789278478319601,5.789278478319601,2021,GC_2021,54.10409530041479,29.534225721529264,3.1917115552331095,0.660540439708067,238.98327297506168,49.820029798135025,0.7356982029967118,0.8592635010758812,0.507795713055623,5.747713287004453,6.67839876457794,4.8043802311324875,34.126412303278265
GC,2021-08-10,222,NA,NA,NA,39.05552636179885,1.7588690122141881,117.58561693884548,5.64944261169651,5.64944261169651,2021,GC_2021,51.42211704660794,28.104579711156756,3.528827507604154,0.7415863858337565,227.34932703727418,47.54276578930524,0.7304453075057513,0.858390882841954,0.5062861178782427,5.618436715713154,6.544702877131624,4.6977494164708125,39.28900416667092
GC,2021-08-11,223,NA,NA,NA,42.14090705042472,1.9825162039373616,133.49796336589466,6.701741954718478,6.701741954718478,2021,GC_2021,55.273136020816914,30.48251721332603,3.9758000625917753,0.8323330448619383,257.17782120740105,52.6826588843913,0.7381317576754161,0.8652623592287831,0.5134994844094728,6.648409699840048,7.595590667235875,5.693992601636321,41.790583235305895
GC,2021-08-12,224,NA,NA,NA,43.20339119843907,2.1871047957458756,138.25760958435959,6.970816402651123,6.970816402651123,2021,GC_2021,56.40648268780742,30.896602595328023,4.429633956227125,0.9243291072441205,266.460217638081,55.35973471282578,0.7411651147508949,0.8666941808058131,0.5118979023164058,6.90948637820993,7.840990487905568,5.987538227218861,42.20139606697556
GC,2021-08-13,225,NA,NA,NA,41.09775203293699,2.4780391977419627,129.89965103443095,6.620354427931446,6.620354427931446,2021,GC_2021,54.00168115663297,29.42397645134729,4.932176653309855,1.0616148960394884,251.71603019948006,51.491434232500545,0.735722596556684,0.8637115355997613,0.5108613383121757,6.556957237977762,7.4951107142716955,5.649267435940236,42.39834762080449
GC,2021-08-14,226,NA,NA,NA,41.33193797702355,2.867186551707038,131.0609460332866,6.697452521197539,6.697452521197539,2021,GC_2021,54.400678298574626,30.072465509349666,5.642785325566437,1.254271010634012,254.65988029529595,52.44612888735124,0.7344548095232419,0.8620489216229165,0.5093091233901963,6.638499717915327,7.580553030259959,5.714260195259481,42.43504102699284
GC,2021-08-15,227,NA,NA,NA,40.501031751246714,3.2699419985667473,134.2837110744318,6.683927468682984,6.683927468682984,2021,GC_2021,53.66216623708562,28.801959638070237,6.369801026725098,1.412013595259328,257.72539580014944,54.04881023530339,0.7401258490699663,0.8646043598047338,0.5168178108177464,6.627231431131014,7.539299709145171,5.695086558566647,42.04930947585656
GC,2021-08-16,228,NA,NA,NA,42.60468263369764,3.770859032310262,141.9930049128391,7.151255973878145,7.151255973878145,2021,GC_2021,56.02048732351569,30.936960266961062,7.257323827967101,1.6836227609580359,270.2048989871508,57.38416555286523,0.738473494355701,0.863922257497809,0.5142107645930165,7.08099492462307,8.020999655488373,6.12227516051746,41.04779000978503
GC,2021-08-17,229,9.0575416417,3.08421775346,73.74404613459286,24.258802414285714,6.2517310138571425,136.16268722571428,6.108032593955812,6.108032593955812,2021,GC_2021,34.97848969821099,13.539115130360432,19.667493061179837,0,313.5590838137423,0,NA,NA,NA,5.974728074077729,6.895796959349721,5.062098632804338,35.77435607021806
GC,2021-08-18,230,NA,NA,NA,32.97133344455505,4.466267734320479,97.56150766732313,4.118003652825842,4.118003652825842,2021,GC_2021,45.01700873186878,23.01532048921094,8.858370266749152,1.988467858412918,195.65017915399727,37.77280115446896,0.7056335211609412,0.8422573598029327,0.4680595483170717,4.105229856171793,5.05547788001284,3.171990691049534,28.563824493470197
GC,2021-08-19,231,NA,NA,NA,44.37544142312448,5.207328100817915,156.16233407617088,7.2121431179645,7.2121431179645,2021,GC_2021,58.84807551818245,31.3438717581594,10.341903888688838,2.366005265112327,294.41950350906205,62.56282467356704,0.7429100145812053,0.8635534986211335,0.517897679949182,7.112180127009905,8.02460678720012,6.195214349930011,29.464843201863296
GC,2021-08-20,232,NA,NA,NA,41.22155801894475,5.613720409614495,134.4647508543463,6.790122390979321,6.790122390979321,2021,GC_2021,54.849189632340305,29.24771171681032,11.161646603655148,2.4983567501162622,258.5008901146776,53.12197532924053,0.7214747000005831,0.8531958639161534,0.4929727925728582,6.71319944482454,7.6657336132117395,5.7807869193077375,35.62862365225528
GC,2021-08-21,233,NA,NA,NA,34.69377220906175,6.101190151890246,102.04747523211695,4.852154810091564,4.852154810091564,2021,GC_2021,47.03269406752133,24.58996066335447,12.230851709141824,2.6766409269978118,208.43976041569115,40.44165871165148,0.6953122061885366,0.8372405103048352,0.46420377575808747,4.8097968447508705,5.751017184640957,3.8755857283147974,28.613633190311123
GC,2021-08-22,234,NA,NA,NA,36.91364502196135,6.689343811237426,111.4292196610641,6.125162386206608,6.125162386206608,2021,GC_2021,49.148850810152574,26.19486908890783,13.407703881770502,2.865881883236537,221.25153154271302,44.93061538767508,0.6956169546028457,0.8403681895123264,0.46784130464392865,6.0696807892801345,7.013313281877467,5.143001968567336,41.75685795821319
GC,2021-08-23,235,NA,NA,NA,36.97260508879601,7.340646367846596,114.22246017583952,6.3211482175986164,6.3211482175986164,2021,GC_2021,49.21385720021194,26.525960800055298,14.499597704204907,3.1825797847152915,222.61184131189097,45.19359848744831,0.7002719373161865,0.8358149425207394,0.46641690098917743,6.2700016037846265,7.174786413724055,5.3265081133995,42.37888729279328
GC,2021-08-24,236,NA,NA,NA,35.65035018726942,7.532312049171854,105.8584608277874,5.9110196066843095,5.9110196066843095,2021,GC_2021,46.980561441697375,25.50866192276285,15.452215307540259,3.2719236196241783,207.65632760908522,41.22014333682793,0.6858501073799922,0.8309056920918538,0.4466813130809375,5.868298563194701,6.803879997138271,4.940909416829598,42.77585621297522
GC,2021-08-25,237,NA,NA,NA,37.022313801176644,8.32344638968853,114.80749694362156,6.311657906243582,6.311657906243582,2021,GC_2021,49.0077850547445,26.6724478450635,16.818063582084427,3.5667044532131165,220.83460621793918,46.18079057755995,0.6933076021978948,0.8298441013916942,0.4615476751456566,6.25865023243714,7.157527265343147,5.321003989134873,39.30359144995715
GC,2021-08-26,238,NA,NA,NA,36.2927677799443,8.442481673659856,109.3413552574029,5.932889740830537,5.932889740830537,2021,GC_2021,48.49872526412469,25.880435408393563,17.411336530113736,3.5519768673392695,216.30424010899446,43.93123272305839,0.687019582262884,0.8295675343455562,0.45468237865279665,5.876736387852278,6.816738417794219,4.924028390800771,34.64346538053593
GC,2021-08-27,239,NA,NA,NA,34.013231000930006,8.715757563416487,100.32759869831337,5.1191083992681286,5.1191083992681286,2021,GC_2021,45.81635229401589,23.899590933746293,17.918302972430848,3.780669957709751,199.5562866837656,39.23293528352919,0.6772200366883294,0.8201239714325412,0.44234892546834875,5.063694943041758,6.011499184312289,4.121760858060783,31.46460718076198
GC,2021-08-28,240,NA,NA,NA,34.483042987040925,8.821763730763527,99.93931558608615,5.689610769250406,5.689610769250406,2021,GC_2021,45.834274664687605,24.280424781129,18.106410593761886,3.8833038020089963,200.1118575318634,39.46316739509775,0.6735762273457865,0.8233353488373245,0.4317254061555005,5.640916744164595,6.557357271421513,4.7083979522291335,38.34760032715452
GC,2021-08-29,241,NA,NA,NA,32.63307116640234,8.855088792430749,94.84571207535723,5.329680289797476,5.329680289797476,2021,GC_2021,43.563907181682175,23.121136521290772,18.332968153653027,3.805126668517392,185.6226746720908,37.492100981140204,0.6689164738199774,0.8168382846900639,0.43201796264503617,5.292234853838566,6.230101459782284,4.361418446124383,40.89673629355686
GC,2021-08-30,242,NA,NA,NA,32.938589060872765,9.095708682490043,96.69541078718788,5.560830215546317,5.560830215546317,2021,GC_2021,44.29274887806934,23.26258415201042,18.520861079047116,3.929857667733365,194.39597739164768,36.786533390477516,0.6701202214340826,0.8202474233116921,0.4191829698049737,5.514792455204365,6.448630199636371,4.598774478612151,41.38505391834587
GC,2021-08-31,243,NA,NA,NA,30.67090034062421,9.040145254832234,85.98314247153967,4.838039754344281,4.838039754344281,2021,GC_2021,40.89612189642867,21.846609766145473,17.946655601772157,3.931064974993301,168.9742758176395,33.38999967132132,0.6563137468154936,0.808595729465566,0.41572573538077984,4.810187003110516,5.761820085933644,3.873771543288451,41.62902105152124
GC,2021-09-01,244,NA,NA,NA,28.99520992003865,8.873950201194424,77.66135277666969,4.372854201262677,4.372854201262677,2021,GC_2021,39.0683235829806,20.528317292445923,17.757384005852273,3.91499674634852,155.87624816571847,30.55115564296037,0.6465623682429276,0.8019657422051474,0.4104154846971751,4.3605882176571935,5.274598331308937,3.441651329462536,42.422301544499334
GC,2021-09-02,245,NA,NA,NA,30.037635824320308,8.809220632505356,80.82029016853697,4.663069918935316,4.663069918935316,2021,GC_2021,40.373497525799735,20.99341928997337,17.671081584501657,3.8878457106148834,161.80238976556123,31.187325473563906,0.6485736678312549,0.8035857857621906,0.40947229331521806,4.634855636422619,5.567496823803799,3.71538579289598,41.5806394806914
GC,2021-09-03,246,NA,NA,NA,29.239809241627693,8.666385356971311,78.95652282197736,4.529001279753117,4.529001279753117,2021,GC_2021,39.54704952212438,20.606638596432436,17.35444016931904,3.926744852332657,157.32871486803222,30.346302384471823,0.6489226073135114,0.8037685879737826,0.40972770218526144,4.504516666732451,5.450510132061152,3.5719454565964397,41.50064566270187
GC,2021-09-04,247,NA,NA,NA,30.50014528634618,8.905119280926579,79.85473855508691,4.8622363589061885,4.8622363589061885,2021,GC_2021,40.92994617092327,21.348526906879812,17.306112577715908,3.9619476278840025,160.8659456347314,30.854034873035697,0.6498232335875538,0.8046705633584399,0.40984635007633574,4.8215752220412895,5.726513411600792,3.912283312861109,40.3751660299749
GC,2021-09-05,248,NA,NA,NA,30.865902462224373,8.601089410994872,82.55741798400516,4.999289556256244,4.999289556256244,2021,GC_2021,41.00041718073246,22.07324575482299,16.77862842491505,3.8505220092646373,166.64916727203277,31.690527582020206,0.6519779631788152,0.8069481938809893,0.414737420502839,4.963128099513636,5.878038045164576,4.0214530437555585,40.763349282038035
GC,2021-09-06,249,NA,NA,NA,30.604514324710504,8.515830105737917,79.51175638597135,4.921488799495859,4.921488799495859,2021,GC_2021,41.16900743429841,21.546671152935012,16.63510338362199,3.6872557629632374,161.23560175099922,31.14589113664356,0.6498838907142903,0.8062075485847074,0.4153491947495146,4.873947236898857,5.805847589062248,3.9353527092950378,39.13629869883727
GC,2021-09-07,250,NA,NA,NA,31.51977162589429,8.328244805280159,82.43947649464859,5.265161814687933,5.265161814687933,2021,GC_2021,42.550429640236175,22.37269435050528,15.851001235696968,3.7417749167683385,168.33292277105303,31.47391317407651,0.655365691714921,0.8084286525620961,0.41316252435773704,5.208049937243825,6.127494120531405,4.278034754733448,39.49530231001344
GC,2021-09-08,251,NA,NA,NA,32.91520221473437,8.218345212593155,86.77440052069862,5.583893369856588,5.583893369856588,2021,GC_2021,43.7579379585513,23.284213628866258,15.50965417215876,3.630798869003142,173.1462166409298,33.372281918712424,0.6555877859666626,0.8102476925327581,0.419750449545936,5.528175647698821,6.4594870226580205,4.585310034287301,40.80788784469465
GC,2021-09-09,252,10.6229725706,5.32001276181,73.51580830445,26.550680215200003,10.0637786353,170.44926516299998,5.449391659905939,5.449391659905939,2021,GC_2021,59.755449657419724,0,31.41430302996512,0,380.84286198924065,0,NA,NA,NA,5.380812610206442,6.296339446241322,4.461790066920786,39.02839595282104
GC,2021-09-10,253,NA,NA,NA,32.68899677788969,7.587915421380191,84.57318254379315,5.316400808134965,5.316400808134965,2021,GC_2021,43.726596357360506,22.788947292158173,14.470472822379893,3.3147709894108544,167.59935081212566,31.814931579676472,0.6567699215266654,0.8081542431641101,0.4146849133910141,5.25584928172778,6.165247297192431,4.318573713286031,35.06701305650954
GC,2021-09-11,254,NA,NA,NA,33.52276557469754,7.398310670308175,82.00890605702462,5.498982953043486,5.498982953043486,2021,GC_2021,44.747433724277094,23.606567404837886,14.0286850296969,3.2490439136959623,167.15966595448666,31.695478957356205,0.6497934094979794,0.8048286580670693,0.4092841077115831,5.422721382899169,6.353815003646902,4.505827252254854,33.9625066599096
GC,2021-09-12,255,NA,NA,NA,32.167038635646875,6.932472686740563,77.79891004865642,5.025280938065388,5.025280938065388,2021,GC_2021,43.458044992321625,22.503429542586744,13.576193566202114,3.1282543752041763,160.05091196471014,30.132816003424093,0.6477017611054423,0.8059981336861275,0.4048440951897136,4.969374452995628,5.888879756689758,4.046788496280263,32.40314484463861
GC,2021-09-13,256,NA,NA,NA,32.502602420937286,6.683783918730071,74.28414639935106,5.2272415245421024,5.2272415245421024,2021,GC_2021,43.60536016429598,23.108784358442634,12.99264622243219,3.031119706936094,152.38554465441013,28.36672692708383,0.6351464214118799,0.7953725480525664,0.3945568941115807,5.175825931203643,6.1037029937954514,4.2558863010845895,37.954192893483686
GC,2021-09-14,257,NA,NA,NA,31.34118779312774,6.252986302873284,71.00121586387463,4.862575320141451,4.862575320141451,2021,GC_2021,42.2595249089655,22.13275388519082,12.54294853476979,2.7204328174053205,143.9371071255181,27.064043499471925,0.6332531661529023,0.7954258332774642,0.39404757846026095,4.8182419075424745,5.75646570783466,3.878039391946835,38.24273711145312
GC,2021-09-15,258,NA,NA,NA,31.046351249363237,5.836234079959056,66.94781860042545,4.708769478512632,4.708769478512632,2021,GC_2021,41.86211576363919,21.901889950920605,12.01389624864778,2.5207081221530228,135.6641970448574,25.6742793658096,0.6246056653513108,0.7871881708806708,0.3801163932626674,4.666070987439332,5.608558410686097,3.7414769369263383,37.89683883662726
GC,2021-09-16,259,NA,NA,NA,29.900369332901082,5.5274543451552445,60.8236300533104,4.3708844217537175,4.3708844217537175,2021,GC_2021,40.18395612576033,21.01675392836497,11.365908968462564,2.3171392091850205,128.8142663275567,22.763451017073507,0.6123966951720132,0.78316866514593,0.36612863478937085,4.349709751932673,5.285534474943532,3.4210605279790802,40.83886256808687
GC,2021-09-17,260,NA,NA,NA,30.66064467372428,5.232065648485805,62.25172597422435,4.387738771820047,4.387738771820047,2021,GC_2021,41.577851096060705,21.56056602868529,11.071249337762803,2.1829426523719704,126.95404120745376,23.43537743109269,0.6102952720597152,0.780453335909217,0.3645082764891884,4.359571162864878,5.274033737017696,3.425349480445756,35.97479321359952
GC,2021-09-18,261,NA,NA,NA,32.70131591797638,4.9917126961869736,64.23608562595584,4.966340665636222,4.966340665636222,2021,GC_2021,44.272060802536124,23.11437698829069,10.913835226448345,2.060223362868319,133.56966244127554,23.129058739157433,0.6097083690310554,0.7786660281513202,0.3548820265007795,4.913296872325576,5.85596658912077,3.980602284488731,36.22638486921917
GC,2021-09-19,262,NA,NA,NA,31.731552609912722,4.524174000152148,61.17924561870394,4.053080987748133,4.053080987748133,2021,GC_2021,42.73772688791703,22.226708975001838,10.234333273064353,1.7873970879210122,123.54114946548412,22.493519580674803,0.6025004048115958,0.7719713271547977,0.35954789819733807,4.0104529020248005,4.934726569758923,3.0891189252496254,28.034145228477676
GC,2021-09-20,263,NA,NA,NA,33.35581034651219,4.297468997953341,60.473848501682994,4.263294177732449,4.263294177732449,2021,GC_2021,45.573916537992865,23.026052861352223,9.83917701340219,1.730702151705743,128.71926630427376,22.173237665922358,0.5940602246690143,0.771665608426704,0.34956007486748486,4.202661511442525,5.135196360497329,3.277471241864623,21.877364315612255
GC,2021-09-21,264,NA,NA,NA,31.633774360021977,3.9718891661763087,55.41763809226768,4.462017703209674,4.462017703209674,2021,GC_2021,42.606214157630625,22.19183901134578,9.373390234705461,1.5426903518627166,115.10962866263287,20.108742387407503,0.5870822422376076,0.7665466376076994,0.3393076321599761,4.431644438585188,5.380333170887179,3.508422981821594,39.161129568367365
GC,2021-09-22,265,NA,NA,NA,35.25013583309412,3.800596817552919,59.98927852267855,5.393633796779077,5.393633796779077,2021,GC_2021,46.74273740985462,25.1585047911433,8.986391001376768,1.4472154191584479,126.73554436482637,22.743174411659044,0.5841374056303794,0.7647975753372884,0.3425965704041458,5.328254931338234,6.263261394822466,4.419386019201303,38.012567223839824
GC,2021-09-23,266,NA,NA,NA,37.22363956734255,3.6258572117467325,61.04594946521964,5.6770191726034005,5.6770191726034005,2021,GC_2021,49.38862267579906,26.507239768188562,8.737125122553007,1.3246092967230063,125.2475655942187,22.555305514118036,0.575361467510797,0.7542877542112966,0.3354773296488062,5.598506704551283,6.5078683825429495,4.676793404226724,35.39910822919458
GC,2021-09-24,267,NA,NA,NA,35.22771680181775,3.352060610963384,55.20772064356735,5.241314036775066,5.241314036775066,2021,GC_2021,46.87269007543176,25.233004988565835,8.119889139442238,1.1785585067289808,116.59109546503977,19.917373438232,0.565103677049241,0.7519183346951026,0.32245543925878906,5.19207270320929,6.125142709115078,4.25307641171302,38.07873257502285
GC,2021-09-25,268,NA,NA,NA,32.36453213210715,3.0229316239447726,49.2911180300107,4.390721611129415,4.390721611129415,2021,GC_2021,43.68225718107767,22.721335980324053,7.4760442140709715,1.0471785542962064,104.09975801054891,17.242698915482517,0.5591007411076363,0.7454747880444632,0.3121788300566312,4.352935162357556,5.302082710963606,3.402015907086802,37.89523322321896
GC,2021-09-26,269,NA,NA,NA,33.83616391020039,2.8472415892242706,50.70788452350915,4.757593351234736,4.757593351234736,2021,GC_2021,45.073022011200216,24.053750877811705,7.030782540423411,1.0078074592980157,105.73634077146089,18.918153428848274,0.5605288553054968,0.7419899503346303,0.3258646324165185,4.7113925976552835,5.632798823496495,3.7942941503144403,37.97462314029815
GC,2021-09-27,270,NA,NA,NA,33.71191159479139,2.6085485795413406,46.50393698200026,4.65345467585186,4.65345467585186,2021,GC_2021,45.36410033314001,23.744798647385682,6.568336534613355,0.9238398745229922,100.6311342798458,16.500854887546687,0.5457697747316168,0.7353328149079887,0.29870894779959245,4.615512159877628,5.5686641930547065,3.6730189496301096,37.70075452072667
GC,2021-09-28,271,NA,NA,NA,32.837822335506736,2.371703811342905,45.64392210955774,3.3846291531309385,3.3846291531309385,2021,GC_2021,44.70432738528344,22.546679924362294,6.061513274511246,0.8284994710403552,94.61000589306373,16.838006419834567,0.5521857828793095,0.730115546152904,0.3116153041694521,3.3486634035586387,4.254674347161683,2.4113927199209932,19.79272817099455
GC,2021-09-29,272,NA,NA,NA,30.79170935066355,2.210065053737514,41.29474745439018,3.796493015993879,3.796493015993879,2021,GC_2021,41.42084735419161,21.59252990036305,5.458891088247624,0.7841274165275074,88.27943407510703,15.129147932603619,0.5406181055517649,0.7281374419202141,0.3045797724252113,3.783884007179644,4.711871097285135,2.8683040064730907,38.00848491215664
GC,2021-09-30,273,NA,NA,NA,30.770656537326484,2.0928869659858207,40.445054061407895,3.700238144014595,3.700238144014595,2021,GC_2021,41.13353414437312,21.384079139815082,5.1142011998945796,0.7452989809575696,86.42659063078136,14.648761123896328,0.5352573292876499,0.7293741314252915,0.30437424177627276,3.6869598575962796,4.6137337054513905,2.759724889138757,37.3054338987989
GC,2021-10-01,274,NA,NA,NA,30.65221732763425,1.8461179171237445,37.99657682326246,NA,NA,2021,GC_2021,44.30703352442556,20.468249592423682,4.621544354153133,0.6580025760344184,80.55408698238885,13.709434057617525,0.5244362932037103,0.7129146867545878,0.2873897142366957,3.2609405181733915,8.762513673154412,-1.5013554568637217,32.558279751786635
GC,2021-10-02,275,NA,NA,NA,30.65114847629061,1.7464798682313964,36.791931809066234,NA,NA,2021,GC_2021,43.86254016896665,20.35923449839562,4.2242208399917756,0.6220169272780732,78.69160877785667,12.893950931297692,0.5188409307803918,0.7099919340940203,0.2842848115129032,3.37832888550087,8.982223426536885,-1.398414438600523,36.42895987403681
GC,2021-10-03,276,NA,NA,NA,31.495210155949646,1.613226144554897,35.35112291635513,3.707329417398499,3.707329417398499,2021,GC_2021,42.15836387314687,22.42344876553884,3.8254937564519427,0.6028702140659308,76.42549976923385,12.638990056093183,0.5045783378809088,0.7045119205534431,0.27850842768614414,3.687924685959711,4.618827684584852,2.7555432278972343,35.374488314782255
GC,2021-10-04,277,NA,NA,NA,32.774897799018746,1.5139006143359475,35.716099878715305,4.015077996844493,4.015077996844493,2021,GC_2021,43.59690008555835,23.071434017582185,3.48076019095947,0.5597368733213284,74.58727279420408,12.5639444836266,0.5022130717192697,0.6978372232625091,0.274768464149405,3.988615169083754,4.9263058496758765,3.06167705947034,35.4224094649954
GC,2021-10-05,278,NA,NA,NA,33.79874103675956,1.3807852640439608,35.36029710422638,4.326230740835897,4.326230740835897,2021,GC_2021,45.11868248983351,23.854015306772844,3.19349702783724,0.514894408827199,74.14751631419382,12.866706524848848,0.49887381395762476,0.6899794485468947,0.27176792753889656,4.280261351457963,5.219618182409212,3.349595525132245,35.48066085833875
GC,2021-10-06,279,NA,NA,NA,32.50948425437573,1.2622292961937167,31.84228859468872,3.8747374922936313,3.8747374922936313,2021,GC_2021,44.07839177968659,22.843229922333105,2.823897115361367,0.48387533966541685,69.47082434320234,10.82429422068642,0.4825136480612719,0.6842568384690257,0.25193698217868954,3.8473294928570474,4.784379260046939,2.924931043992086,32.99880105447396
GC,2021-10-07,280,NA,NA,NA,31.101402011224533,1.1393370477778353,29.882539414648356,2.9438661361882894,2.9438661361882894,2021,GC_2021,43.048793450567736,21.313752805384055,2.527223484078984,0.43568944395439146,64.54115426980572,10.59290973672779,0.48057169913491515,0.6771264258577392,0.2555901742297999,2.9376622946961204,3.86013628059356,1.9911350404186223,23.396985748074307
GC,2021-10-08,281,NA,NA,NA,30.604787094479217,1.0612975390579842,28.346831819092106,3.099922242329587,3.099922242329587,2021,GC_2021,41.988159871764715,21.269157859018016,2.337269265863487,0.41024659092927557,59.91096237048452,9.699008823764055,0.47299591674782976,0.6681768632527217,0.24593150343647308,3.083589926245578,4.024953446858761,2.167532236438081,29.66442046562553
GC,2021-10-09,282,NA,NA,NA,30.682256926741413,0.9616065191080746,25.781462553976805,3.2538087898512313,3.2538087898512313,2021,GC_2021,41.302413762949804,21.465101370210363,2.0671693879814703,0.36815109897091347,58.0981830659699,8.80544537100033,0.4554612525115592,0.65970673207263,0.23193308999493467,3.2375755189751407,4.183670132884076,2.3027215686081832,34.453153522541854
GC,2021-10-10,283,NA,NA,NA,30.81420777842214,0.8786512480020736,24.132499920032387,NA,NA,2021,GC_2021,44.288178905553174,20.35196369766852,1.813545038424155,0.35649566218882567,54.68717319843332,7.936073727122448,0.43277879182432244,0.6506860145082374,0.21681221763988817,2.5052465602829033,7.6443460526497224,-2.2179306980178017,22.510616920191573
GC,2021-10-11,284,NA,NA,NA,30.908138049682517,0.7913274251019701,23.406099912522073,NA,NA,2021,GC_2021,44.42793684856413,20.67510246348873,1.6137065589317863,0.3162472504007761,52.090499082890204,7.556041706091733,0.4254956076439578,0.6385426719274503,0.2083534668309504,2.7984138196354444,8.038808613692627,-1.782123657463406,27.01866737780679
GC,2021-10-12,285,NA,NA,NA,31.596972983010257,0.7109162309594009,22.214226442729203,2.5299182138362415,2.5299182138362415,2021,GC_2021,43.71092717134628,21.58205900032791,1.4967638109209922,0.2736477795310551,49.03660848083157,7.089360225296483,0.4154459432018488,0.6228718722017602,0.2009655402374887,2.5013486235769946,3.4404154791168247,1.5355994432911282,16.9668790425093
GC,2021-10-13,286,18.2084121035,0.94412503366,9.02075917785,32.5674969296,0.9022554716000001,22.160710138,2.555072520469987,2.555072520469987,2021,GC_2021,84.89920025410484,0,4.856564424034713,0,91.12396326722268,0,NA,NA,NA,2.5693474338229643,3.488771083778215,1.653093515970779,31.568635919988505
PL,2020-07-13,195,NA,NA,NA,15.05448422630874,0,3.35837044519154,NA,NA,2020,PL_2020,22.614698071034706,9.378128779156587,5.614743404197542e-5,0,11.413822686792264,0,0.24305987542421403,0.4725683273028623,0.08843107120498837,1.8740948455341497,6.742782803669685,-2.552196309722188,48.477009966038615
PL,2020-07-14,196,NA,NA,NA,14.517082948761297,0,3.5142682207915583,NA,NA,2020,PL_2020,22.01599060323281,9.173034202764587,0.002888180558265674,0,11.379875505899303,0,0.25398569660045905,0.47690185005343544,0.10084161309506412,1.8336444484287477,6.71504760843733,-2.652133818475772,51.923927751959226
PL,2020-07-15,197,NA,NA,NA,14.322373376299149,0,3.6976040032125987,NA,NA,2020,PL_2020,21.588105443932502,9.105883583438127,0.009757709333482911,0,11.570980992402925,0,0.26395825324681577,0.48340844505098074,0.10520224725728744,1.7756270366679539,6.617173547922387,-2.745344551553127,50.760160014484896
PL,2020-07-16,198,NA,NA,NA,14.135680750068046,0,3.7488099672583073,NA,NA,2020,PL_2020,21.158172397915976,8.934202800548501,0.019808038051255417,0,11.541541039325743,0.017595507397911714,0.26759005182688705,0.4936730268414675,0.10614618194147904,1.7685853406307648,6.544350105691574,-2.754008224303394,49.97478123729756
PL,2020-07-17,199,NA,NA,NA,13.759899613062903,0,3.8511967923653905,NA,NA,2020,PL_2020,20.56017313191539,8.763893467119386,0.02819287176611153,0,11.541552693061888,0.14600330306707976,0.277426563272738,0.4936044186064981,0.11630854940518626,1.6780361662535523,6.394198657981125,-2.8050648301263155,47.042445324611606
PL,2020-07-18,200,NA,NA,NA,13.372906735293343,0,4.13439663725382,NA,NA,2020,PL_2020,19.73240376889235,8.550339399579947,0.04045165313412674,0,11.916011916283189,0.22978390858600095,0.29028867861682883,0.5072053866276236,0.1234661680873412,1.660004690355771,6.34203437746939,-2.8470595962472474,48.865663523614934
PL,2020-07-19,201,NA,NA,NA,13.148923961858584,0,4.0470895384248475,NA,NA,2020,PL_2020,19.64180558215502,8.44347546125345,0.05170668353216111,0,11.857852295821836,0.23059125697032767,0.2913663000393936,0.5090794518505753,0.12600881450211682,1.629469128009311,6.1756289258432675,-2.719086807187731,48.76842620471552
PL,2020-07-20,202,NA,NA,NA,12.775304125221934,0,4.138675091609933,NA,NA,2020,PL_2020,18.876136923662134,8.188491747764155,0.06882782487059352,0,12.018703062134993,0.2744770291743932,0.30225738878375125,0.5180211280987082,0.12940394592264554,1.5611826899696721,6.13733323055594,-2.8702524864944743,48.07167773312518
PL,2020-07-21,203,8.2728865869,0.19949893646000003,1.7269176766499998,16.751836016800002,0,1.2584926909999998,NA,NA,2020,PL_2020,64.02283498147303,0,0,0,6.774080095274769,0,NA,NA,NA,1.739869269792998,5.940328695694593,-2.43528583535901,47.59987849919606
PL,2020-07-22,204,NA,NA,NA,12.202508399701363,0.016748069634084067,4.539957567100998,NA,NA,2020,PL_2020,17.996448241030485,7.799743635554998,0.10649470310352646,0,12.267445182185893,0.4475560502168765,0.3202084133612152,0.5312459787541612,0.14437644958258394,1.4589574826134641,5.95902142788962,-2.8373264805247222,45.582825738288584
PL,2020-07-23,205,NA,NA,NA,12.084470381592602,0.02896833078335978,4.423605937145924,NA,NA,2020,PL_2020,17.816324073863676,7.652041826168729,0.1285641955127341,0,12.193693403356857,0.46547902283235043,0.31917328517793836,0.5321990238088576,0.14360292522943108,1.3197693848157463,5.718462586682548,-2.9555661534345004,34.62158532427666
PL,2020-07-24,206,NA,NA,NA,11.864381817010974,0.04244789398555879,4.604528282332593,NA,NA,2020,PL_2020,17.418094983305828,7.626183350118319,0.15677481349511455,0,12.526663176853955,0.5541008125493918,0.33008341343572783,0.5367409052932203,0.15113358790573672,1.4687227324556553,6.014838891096214,-2.90089850220135,47.59549699754076
PL,2020-07-25,207,NA,NA,NA,11.635745434536615,0.058047332831775406,4.81136693462615,NA,NA,2020,PL_2020,17.128363801710158,7.459646079064676,0.18799930310603574,0,12.613462376958463,0.5509315319878945,0.3374455451663412,0.5471310849093216,0.1536369414604331,1.4864307087314892,5.969043795935738,-2.8862027948486486,48.073542081686846
PL,2020-07-26,208,NA,NA,NA,11.358299436864431,0.07838396205498033,4.787216448885278,NA,NA,2020,PL_2020,16.83197662123292,7.321435325899552,0.22508252721275257,0,12.61152134221207,0.6567885800503004,0.33954851689845417,0.5472071474253799,0.16072826310486787,1.4215187002338006,5.919103429659229,-2.90097265448203,47.687594655346835
PL,2020-07-27,209,NA,NA,NA,11.166447449474699,0.09862381010772925,4.816908880166709,NA,NA,2020,PL_2020,16.654002198927326,7.129888396823064,0.25714088936660984,0.0048637174186318965,12.651354521172733,0.6626624079308954,0.3457409851575478,0.5521076833477583,0.16145259096350312,1.4214659800253533,5.838181073251932,-3.0396978500099214,46.68544320977475
PL,2020-07-28,210,NA,NA,NA,11.082404361210147,0.12115748034965834,4.8529918689255975,NA,NA,2020,PL_2020,16.466496121913348,7.012857675690963,0.30744654006652794,0.013665389121526164,12.679987934953914,0.5978424606233279,0.34557553701527105,0.554209189100616,0.16039884134927745,1.2685752265450303,5.731454361749568,-3.138520392097021,35.4597854699117
PL,2020-07-29,211,NA,NA,NA,10.99473404129782,0.1419386301842645,4.953631844007578,NA,NA,2020,PL_2020,16.30396616937337,6.868222570333474,0.35140869872395186,0.023956057798172004,12.796635424317284,0.7382589652323488,0.35259735294919337,0.5553267849674447,0.1691972211433586,1.3681545556157997,5.761113690090123,-3.061265633283715,39.430464174119514
PL,2020-07-30,212,NA,NA,NA,10.713177232765114,0.16619243519203902,4.95802698028025,NA,NA,2020,PL_2020,15.960457033852743,6.816542183481221,0.39488115902466203,0.033802717718201564,13.00399880582438,0.6375060459179083,0.3573239689056644,0.5638509485017951,0.16724737356517716,1.322335919844015,5.700604689493527,-3.0927097568553523,45.68713374740963
PL,2020-07-31,213,NA,NA,NA,10.669589416775034,0.19703160274030118,4.887366057241632,NA,NA,2020,PL_2020,15.978106162935008,6.693164934166052,0.45580250458886695,0.04714286364321091,12.89073214452041,0.6432734793408454,0.35865444323790274,0.5653225555158597,0.16670062227736074,1.3403901689150328,5.728738869408031,-3.1028251077075732,44.507514793870385
PL,2020-08-01,214,NA,NA,NA,10.618443896300692,0.22805661707532232,4.999067097010135,NA,NA,2020,PL_2020,15.699515521305235,6.699952558069896,0.5099320784633982,0.06071948985949177,12.760442469603127,0.6978234825483742,0.3586943727272103,0.5585749663514613,0.1696706467878907,1.261704087815351,5.642412929391878,-2.992078387745197,40.39862435180051
PL,2020-08-02,215,NA,NA,NA,10.540099743376144,0.2560118410111923,4.9180481857321166,NA,NA,2020,PL_2020,15.84086206709882,6.64892869310601,0.5668310902170058,0.07543879614300594,12.75999648655987,0.7086641225241377,0.3576346562878635,0.561558588469107,0.16674457083039432,1.3063853134803856,5.838662061521946,-3.086678321091062,43.90981491037755
PL,2020-08-03,216,NA,NA,NA,10.6092893236996,0.2879508178676815,5.022926431519544,NA,NA,2020,PL_2020,15.866285790402914,6.798474636378014,0.6300224564427991,0.09207584043468636,12.725602242719127,0.6854196439980931,0.35692485396451445,0.5601262319681543,0.16653567819484333,1.2741587212298948,5.709294927063566,-3.0740301145457605,40.92878337052289
PL,2020-08-04,217,2.1505405551,0.30285466646000003,1.40118344185,3.1490848866000003,0.575254043,17.021039430000002,NA,NA,2020,PL_2020,12.680252464733892,0,2.1218532540838173,0,64.71526487461107,0,NA,NA,NA,0.6362004229135882,4.809431427514244,-3.5806559932965496,43.90445031883362
PL,2020-08-05,218,NA,NA,NA,10.69991416888892,0.35301337134909094,4.7776344923472625,NA,NA,2020,PL_2020,15.842958824485832,6.804804610059511,0.7460610558715685,0.11667909495906256,12.451889027748717,0.5397855884282707,0.34570055123859145,0.551623298610531,0.16027444905406912,1.3025948913825247,5.6870681035506365,-3.0951731859329694,41.180327274475424
PL,2020-08-06,219,NA,NA,NA,10.766844796286446,0.365635417044754,4.733634401548596,NA,NA,2020,PL_2020,15.964112273219198,6.8582846451316115,0.7798282641238898,0.1279288307078043,12.098810817062205,0.5899978122913598,0.34183036663542576,0.5464890801122168,0.1597302594110956,1.2244016125991581,5.729513527236655,-3.147280463764753,39.01882581055053
PL,2020-08-07,220,NA,NA,NA,10.980003452581013,0.3998702000520698,4.661212694402071,NA,NA,2020,PL_2020,16.22725068213281,6.935632313792974,0.8392704436870004,0.1436166150438802,12.059182295956335,0.5634589679095168,0.3323784011271506,0.5374851255007644,0.15747956414695843,1.4126910960959842,5.711275900073235,-2.9604179228602128,43.18946890665047
PL,2020-08-08,221,NA,NA,NA,13.593020697286194,0.42854352677556495,4.993702282082593,4.231490096536159,4.231490096536159,2020,PL_2020,19.5999295906092,8.754256201595924,0.8967359314901178,0.15167430338760735,12.606741282888246,0.7889751040937765,0.3075352889300393,0.5079846529330433,0.14344513035715684,4.107196057914252,5.016784387177352,3.174148188510664,42.89187364552412
PL,2020-08-09,222,NA,NA,NA,13.804295734725073,0.43524722360330437,4.851748938187955,4.29751648252942,4.29751648252942,2020,PL_2020,20.087005238016822,8.836443080135979,0.9337874615306455,0.15159694928372713,12.772695929964586,0.6290180312376035,0.3014903979652407,0.4997247466759265,0.13625055159537075,4.1652253088174565,5.100954586756934,3.2461086823279612,34.90939896801075
PL,2020-08-10,223,NA,NA,NA,14.04168077901564,0.4658685812446598,4.633768175669887,4.227886361499816,4.227886361499816,2020,PL_2020,20.322126439108175,9.277885071912351,0.9853516878330876,0.16739234991022972,12.283479556210391,0.5141566398915227,0.2863200501747024,0.48830005626200573,0.1275773987905225,4.099697330278696,5.004395900545466,3.191401682975845,43.090420764651384
PL,2020-08-11,224,NA,NA,NA,14.521688454789789,0.4500780181446853,4.568227492811948,4.130913597067679,4.130913597067679,2020,PL_2020,20.797585626905907,9.512240534944299,0.9758879304912823,0.16008314238861543,12.198549577350033,0.4646102570960502,0.2818426151495551,0.48063787620909515,0.12393762889837746,4.014611050899341,4.926637597162083,3.077635423686101,43.07514162697521
PL,2020-08-12,225,NA,NA,NA,13.991008815793007,0.4771489801817671,4.403621733251574,3.5113182133696794,3.5113182133696794,2020,PL_2020,20.352735440553523,9.135904697263362,1.0056753434452186,0.17498526341191695,11.647567343419698,0.44617558227125986,0.28116007620083683,0.4739133465494736,0.12597394075653637,3.4212657986790247,4.331639110123119,2.4812467470523414,37.228399143264745
PL,2020-08-13,226,NA,NA,NA,14.45450959570757,0.476604338741763,4.169905297546469,3.4542909654899914,3.4542909654899914,2020,PL_2020,20.631874847471884,9.57513947984698,0.9999939613819308,0.16996844043138945,11.17321216422206,0.3628370988187566,0.27292109522334174,0.46414124930954553,0.11612276512167115,3.361717904308571,4.2844848168147305,2.442550700321609,41.05392828243188
PL,2020-08-14,227,NA,NA,NA,15.086164838257881,0.46728064065578734,4.059427688183545,3.6129534472245153,3.6129534472245153,2020,PL_2020,21.514352465047278,9.821985609002711,0.9870269980707252,0.16916624531159213,10.905657143825898,0.2947394954052647,0.2614889836902069,0.44990487982716504,0.11264175438296536,3.518003408972264,4.473491885204469,2.5630594674848317,43.25774287132775
PL,2020-08-15,228,NA,NA,NA,15.635143974382773,0.46372418025013695,3.856955940353099,3.7203243914138975,3.7203243914138975,2020,PL_2020,22.19523961378854,10.290764236610734,0.9618187222716031,0.16960969039818402,10.538255544441856,0.1953423187172123,0.2463268175955297,0.43369469659990073,0.10521863207519941,3.61953287750865,4.5576981175048585,2.7042655408464373,42.978254771395065
PL,2020-08-16,229,NA,NA,NA,16.174371859713364,0.44697365321065863,3.781172994237268,3.736353681628052,3.736353681628052,2020,PL_2020,23.016928178289763,10.733723359413313,0.9386814515264813,0.16170442606611224,10.418018174400292,0.21120108121716852,0.24003632552941978,0.4251647091844231,0.10224725588457814,3.64610423141895,4.559193722936188,2.7038938310793768,39.424536751537715
PL,2020-08-17,230,NA,NA,NA,17.084405851444775,0.4360079481771332,3.635662610651304,4.081182977027743,4.081182977027743,2020,PL_2020,24.02147448693429,11.531106213621102,0.9151790335978431,0.15444851951622562,10.035858495830713,0.13250057368723045,0.22664493509602393,0.40687320249488906,0.09627513559926243,3.9815882721915656,4.906157874264386,3.0485786398331824,41.416512138625045
PL,2020-08-18,231,6.7340086265000005,0.37873460826000005,5.41898105325,12.165060042599999,0.5959061352,4.658722429199999,3.6477997482614075,3.6477997482614075,2020,PL_2020,27.347118514455193,0,3.2075799231721054,0,15.756073174275937,0,NA,NA,NA,3.5337866698398033,4.4451465314767615,2.619025611909726,40.434707277368624
PL,2020-08-19,232,NA,NA,NA,17.230274770998033,0.4021754441934603,3.258909920003162,3.432550643739411,3.432550643739411,2020,PL_2020,24.259543713396223,11.493396943726024,0.856828101773302,0.14215162160787287,9.379381475689105,0.030251981826955987,0.2131782909428944,0.39053042131223853,0.09171913211572143,3.3502408004763815,4.25316861227562,2.42637061858368,35.762355464978164
PL,2020-08-20,233,NA,NA,NA,17.75505046889941,0.38616873870955304,3.0899664955785204,3.5358679246263476,3.5358679246263476,2020,PL_2020,25.281884464195826,11.906418413270645,0.8167622568168655,0.13153159805132414,9.25896282199928,0,0.2046877678005623,0.37964838769303605,0.08402607724232083,3.4549633398418553,4.354911778128736,2.5348622860974546,34.4747354389408
PL,2020-08-21,234,NA,NA,NA,19.098152605758433,0.3726194142479047,3.0060954653243663,3.9997788399726306,3.9997788399726306,2020,PL_2020,26.62762785500587,12.788414473823337,0.7866794008923405,0.12658773615977437,8.86221622690604,0,0.19329078631953858,0.3588399172359601,0.07899693040329364,3.9041797512986625,4.834654688681817,2.965065450049714,41.62840071179442
PL,2020-08-22,235,NA,NA,NA,19.733905670809886,0.3459504872877588,2.7252934696332036,4.0476852062175634,4.0476852062175634,2020,PL_2020,27.478259930799098,13.4635585569482,0.7410731096910835,0.11171833541607204,8.244737204905448,0,0.18030368620813497,0.33674328839294604,0.07563546872977522,3.954117015198676,4.890421865693692,3.0196689620740806,41.40303229481882
PL,2020-08-23,236,NA,NA,NA,20.247945780692557,0.3296404476465351,2.53489103577807,3.9838448749992543,3.9838448749992543,2020,PL_2020,27.714147607163664,13.856183549875915,0.7338943022473677,0.10965593856948516,7.814235553129251,0,0.17050939830751768,0.32503163233721877,0.07000279630703284,3.895963034802591,4.810071202526881,2.981170458416107,41.590155419037714
PL,2020-08-24,237,NA,NA,NA,18.3205235347374,0.31902754942970013,2.374129495188812,2.5686679049046997,2.5686679049046997,2020,PL_2020,25.769502392039417,12.206052387003346,0.6991724217571387,0.10381156650460122,7.582839873506707,0,0.18069306497826,0.3413150283630148,0.07235683021635303,2.529231447512489,3.4435007360991925,1.608445954790643,34.72419650293464
PL,2020-08-25,238,NA,NA,NA,18.534897890654673,0.29975777760188427,2.1983932559557497,2.5354918441999628,2.5354918441999628,2020,PL_2020,25.989163202432486,12.502238050228952,0.6826714499936707,0.09453288483200972,7.2513123408678695,0,0.17201348043041365,0.32839713046893226,0.06983498011392034,2.503357573080004,3.4110009627669235,1.5775860923583338,37.19040296105875
PL,2020-08-26,239,NA,NA,NA,20.905645512570203,0.2955237662759339,2.1012637439585773,3.6104467283005297,3.6104467283005297,2020,PL_2020,29.096918234618432,14.210243399390198,0.6538255553014625,0.09316242737880423,7.157506573860573,0,0.15217734777806005,0.305142579050944,0.06010125572470854,3.532086192539591,4.49258999379095,2.6162963886914334,41.026731554968705
PL,2020-08-27,240,NA,NA,NA,21.836374876317745,0.2838664281587825,1.987586809243247,3.8069886934815473,3.8069886934815473,2020,PL_2020,30.245950733534077,14.90654303254171,0.6420571987153479,0.08562520523621436,6.820250915757768,0,0.1456371740748099,0.2884999863830773,0.05872293834491748,3.727001659372243,4.639834467666244,2.810745794850059,40.379807930995426
PL,2020-08-28,241,NA,NA,NA,22.302267955506007,0.2816486499897656,1.8026711945872305,3.8956215089017623,3.8956215089017623,2020,PL_2020,31.052444726861534,15.205541442898562,0.6412449881444231,0.0820015360149415,6.510534941366409,0,0.1341195984893334,0.27570259788522467,0.053722550037486536,3.81678300927888,4.74793561528181,2.8895263455932634,40.398622925163
PL,2020-08-29,242,NA,NA,NA,22.974556526549932,0.2773549406923355,1.7656379469074746,3.921931553682903,3.921931553682903,2020,PL_2020,31.549961916756896,15.8276316796906,0.628474128147067,0.07862290727423227,6.51591781756423,0,0.13312453921300443,0.2697559599366406,0.05087092963489599,3.8425287191093593,4.759266645634922,2.927652586954132,42.83230561871571
PL,2020-08-30,243,NA,NA,NA,22.454889593431265,0.2757210495194111,1.606084068061361,3.5494436853304663,3.5494436853304663,2020,PL_2020,30.726404159324613,15.598466320232644,0.6215965409928715,0.08153801958804091,6.226038787543825,0,0.13046360610701135,0.26613009425111,0.05041421624541234,3.484453714965964,4.43498721588106,2.550318866427219,43.31414324035849
PL,2020-08-31,244,NA,NA,NA,22.613955128745534,0.2809915097155936,1.4513537826678387,2.9456827857539323,2.9456827857539323,2020,PL_2020,31.73550738925829,15.100406311200265,0.6485785504521281,0.08158095139830362,5.746198322146027,0,0.12338799722456063,0.259323422650193,0.04691176724186242,2.878417196694021,3.814421410089342,1.9337777132103076,20.947277396465974
PL,2020-09-01,245,7.9795387057000005,0.30488124926000004,10.42516754245,22.079769988000002,0.2597966824,0,3.7197318120544,3.7197318120544,2020,PL_2020,54.04639989446712,0,1.3984058450636336,0,0,0,NA,NA,NA,3.6415744650171282,4.559186482228937,2.726430435399309,42.354926298054664
PL,2020-09-02,246,NA,NA,NA,25.024590427220236,0.30348900505516274,1.3362660724337858,4.032028849511484,4.032028849511484,2020,PL_2020,34.29081717674034,17.43135316265738,0.6807390164375192,0.09243096655989949,5.584536844054385,0,0.11091157870531954,0.23452206794498093,0.04280845702353892,3.9704699889414012,4.887451515160251,3.02737369816594,41.33343426013298
PL,2020-09-03,247,NA,NA,NA,25.24473183844667,0.3267568870086166,1.21683038497539,4.040044332074331,4.040044332074331,2020,PL_2020,34.494061359205126,17.656946840761183,0.737940845636496,0.09770014773409363,5.317266616637301,0,0.10622099332235246,0.2240288964073415,0.039462847946424434,3.971071482347754,4.890305647268895,3.0393960444997603,42.67127869941435
PL,2020-09-04,248,NA,NA,NA,21.781778795586483,0.34420531083183653,1.0929089598362531,NA,NA,2020,PL_2020,31.80170088003005,14.451810842941123,0.7718627547279465,0.10601356100356005,5.002195844529275,0,0.11394742317715303,0.24140468159436201,0.04220828802643715,2.2661510499675375,7.228741912436987,-2.3459146456833935,41.11001013792474
PL,2020-09-05,249,NA,NA,NA,21.98808858371714,0.36864962819155545,1.0282847707248366,NA,NA,2020,PL_2020,31.77484463313527,14.540714132987047,0.8291491450525689,0.115780335655008,5.09687773718648,0,0.11191811521963824,0.24099221847387317,0.04075493377393488,2.2727211718325133,7.225065609652188,-2.298114207733903,39.134428924063094
PL,2020-09-06,250,NA,NA,NA,26.56552309423781,0.4023122681787184,0.9978956421813114,4.058099019000825,4.058099019000825,2020,PL_2020,35.85977854879025,18.65193338109192,0.9132972567669856,0.12804555180606253,5.063487010406661,0,0.09661720352728956,0.20970182236357524,0.03467132374020532,3.9940029017180896,4.913083053551197,3.0706017605104505,42.234319067017765
PL,2020-09-07,251,NA,NA,NA,23.101525757339882,0.4338336651027149,0.888668423274193,1.8247076683124082,1.8247076683124082,2020,PL_2020,32.55725617148041,15.64417510279006,1.0079463647111613,0.1401410415710703,4.899094125280099,0,0.10451513749332676,0.22864022299705883,0.03831674617626179,1.8133930407005296,2.732878481244843,0.8920003227916378,19.680837513715584
PL,2020-09-08,252,NA,NA,NA,23.739900206376493,0.49912580090765013,0.9904530616924503,2.875507332101432,2.875507332101432,2020,PL_2020,32.556091754099576,16.287895451732812,1.1240427421942383,0.1733389871281727,4.878277595799343,0,0.10414533647745108,0.22383485736092484,0.038748200824570214,2.8510718822075307,3.810901314381537,1.9175804364663165,43.67424218988997
PL,2020-09-09,253,NA,NA,NA,24.679980458039186,0.5419400183859163,0.8976413939540375,3.1090277942476785,3.1090277942476785,2020,PL_2020,33.68527361215039,17.01066131935484,1.2294733742538875,0.18102810688703064,4.728916099328734,0,0.09856854935947468,0.21218624672641156,0.03565474178041475,3.0876641292906664,3.9885479958537404,2.1746080245377026,43.14128146014149
PL,2020-09-10,254,NA,NA,NA,25.798572332377137,0.6183008760699332,0.9209884970423348,3.4249440147800034,3.4249440147800034,2020,PL_2020,34.92391268235611,17.838667235469604,1.3920174260950824,0.22048207768125194,4.877677162066693,0,0.09613630562991621,0.20912675417510945,0.034213189415034304,3.3895202068522847,4.312586316592115,2.4535469032881787,42.913851545569656
PL,2020-09-11,255,NA,NA,NA,26.70636428607136,0.6837269233750185,0.9069491996619194,3.6512384686439043,3.6512384686439043,2020,PL_2020,36.101920524703246,18.800830626459383,1.5526285448195813,0.2431364837731414,4.685220224540645,0,0.09074193681123975,0.19769370884110798,0.03256321740936449,3.6118318720060962,4.547793018786137,2.685367005985034,42.98303217052889
PL,2020-09-12,256,NA,NA,NA,27.715023582240956,0.787894447829237,0.942774298503386,3.8007209470349648,3.8007209470349648,2020,PL_2020,37.277156326601336,19.672050789129578,1.7759836250072234,0.272060591737594,4.737775940645694,0,0.08755087460281098,0.19328843264206463,0.03118254644198374,3.7485714318929366,4.682586577393922,2.8353091760401194,42.85996215361955
PL,2020-09-13,257,NA,NA,NA,26.851838753085243,0.8764689302738425,0.8885997076842735,3.458702686772346,3.458702686772346,2020,PL_2020,36.22097942185148,18.741369757528147,2.0069170715566433,0.3285643937040398,4.7454089268973,0,0.0890559077398168,0.19283070173593775,0.03251329409853416,3.426892116662824,4.344274626237829,2.5047896333861908,43.12736920454558
PL,2020-09-14,258,NA,NA,NA,26.356286895062905,0.9918974556131669,0.8022414478374569,3.1233799004207867,3.1233799004207867,2020,PL_2020,35.409840048125794,18.628406158216958,2.2067759156085263,0.3689944696916919,4.625227383273041,0,0.08800213487095487,0.19458884354828015,0.03164678984648905,3.1056007499888034,4.021751284781387,2.1824379401728966,41.451042577145984
PL,2020-09-15,259,NA,NA,NA,28.076771404346264,1.1134201931736545,0.8736762436972296,3.672819679259395,3.672819679259395,2020,PL_2020,37.84827549556332,19.737708539719865,2.5555149782642563,0.42581565401477195,4.883533518571609,0,0.08476354625325419,0.19048250633942404,0.029272245474785193,3.6394389145841872,4.551109008076182,2.729372281599889,40.88629769678254
PL,2020-09-16,260,NA,NA,NA,27.970434479105496,1.2660008238978433,0.9382764989317289,3.6066744446731445,3.6066744446731445,2020,PL_2020,37.64181580239997,19.78983148234592,2.8085882513416016,0.4898638982358614,4.659148977818592,0,0.08509407848705737,0.1825974034010849,0.03103411718778253,3.574241147002606,4.498658769488186,2.6671863715684188,42.10574979617966
PL,2020-09-17,261,NA,NA,NA,28.29740198045359,1.4371320134846055,0.9213137373284841,3.574158538507043,3.574158538507043,2020,PL_2020,38.06438840482547,19.86208959785487,3.1257569951317694,0.5677316798546787,4.723401676267784,0,0.08392692515737903,0.18125110382690823,0.030035107120483334,3.542320408900383,4.461006872104682,2.638329553181753,42.39760327606685
PL,2020-09-18,262,NA,NA,NA,27.65621474136829,1.5887032489080726,0.9789102572229962,3.2483572407498245,3.2483572407498245,2020,PL_2020,37.18222577329846,19.248661083206933,3.4498407540002005,0.6268979677753446,4.7501158499865195,0,0.08649533241419508,0.186960069487652,0.03288790576277151,3.217102627116301,4.151701747663625,2.309221848198587,39.901368760347346
PL,2020-09-19,263,NA,NA,NA,26.912383281483283,1.7724627211513333,0.928195107009429,2.283588371889368,2.283588371889368,2020,PL_2020,37.22759492880389,18.56145382895393,3.803481568432263,0.7153193370603591,4.693473606263463,0,0.0868334443188369,0.18558587067192345,0.03179271142122877,2.2799470774306707,3.218351088215008,1.3621774946505087,25.04679267852502
PL,2020-09-20,264,NA,NA,NA,27.263996894382675,1.9388911175731676,0.9447456650523294,2.955093659152122,2.955093659152122,2020,PL_2020,36.761405702876125,19.200855696487658,4.197551700284593,0.7940457604105436,4.591167929063738,0,0.08486795617099178,0.18087781825545227,0.03134150288937369,2.944832015003044,3.8733201263516177,2.031855680895359,38.64560369878121
PL,2020-09-21,265,NA,NA,NA,29.33290794182302,2.1300453330069344,1.0153715107857515,3.561350349709563,3.561350349709563,2020,PL_2020,39.49059311024564,20.8111532925122,4.525846077594256,0.8880102265957505,4.6900314537213355,0,0.08127934249790286,0.1748165888127317,0.029778407154485195,3.529581990579315,4.455000354603731,2.584650226255694,39.77725381547332
PL,2020-09-22,266,NA,NA,NA,29.09192776199549,2.284770026095688,0.9836451118440226,3.2853444000211125,3.2853444000211125,2020,PL_2020,39.27673983471869,20.463359893057024,4.7631104051919415,0.9361963675554036,4.61243025808788,0,0.0824119659441817,0.171968794565397,0.030651605383075334,3.262610210386005,4.208299988798054,2.3408997870718613,37.64534678550855
PL,2020-09-23,267,NA,NA,NA,30.443691707396336,2.394640197783749,1.1435404485680016,3.622018043289415,3.622018043289415,2020,PL_2020,40.73514737574032,21.67035647073046,5.072581529474466,0.9973990247804728,4.825377493425448,0,0.08089619136407514,0.17199752019637887,0.031396963506344834,3.5854296924659215,4.519352699298151,2.651836405380481,37.30307249897928
PL,2020-09-24,268,NA,NA,NA,28.646593799284258,2.5999773219742077,1.0665823523510993,2.495974877049914,2.495974877049914,2020,PL_2020,39.22551828394537,19.642969623891545,5.217117456725589,1.1021029984335966,4.724559861857607,0,0.08426038935889218,0.17506866483060463,0.032050968998563904,2.485704563088517,3.3875508883317744,1.5874560124948434,26.276946847788885
PL,2020-09-25,269,NA,NA,NA,30.177957754657196,2.689329649327943,1.0254022199949966,2.623454816923783,2.623454816923783,2020,PL_2020,41.01332938996311,20.73897982223606,5.5115724528943275,1.138223797403564,4.564258984097908,0,0.07933290485271914,0.16614007536011421,0.030411556374516785,2.605760602992834,3.516676765956541,1.6767798258029412,22.543111471940673
PL,2020-09-26,270,NA,NA,NA,30.863507669023203,2.6895226798276615,1.0470430602639653,3.1097182078801415,3.1097182078801415,2020,PL_2020,41.929566571723406,21.593549085008092,5.38229964235935,1.170076361087419,4.711438038335082,0,0.07796872314346175,0.1640598888771883,0.029561732493359052,3.099923474016969,3.9994215979019274,2.1516639567426945,28.761163781895693
PL,2020-09-27,271,NA,NA,NA,29.31891622742515,2.710783831135464,1.0926144936885387,3.0802954826899893,3.0802954826899893,2020,PL_2020,39.512676742822336,20.72385923493752,5.393041773298698,1.1741510753232234,4.7368860409255245,0,0.08272185879544182,0.17021740355079196,0.032450721764487975,3.061889273362217,3.992834141757598,2.144538232942648,39.9721977511135
PL,2020-09-28,272,NA,NA,NA,29.81212943607809,2.6594584194322684,1.0790053647333928,3.144661575348437,3.144661575348437,2020,PL_2020,39.98320207139575,21.193133513427934,5.24689805469806,1.1870506512888332,4.744181788555807,0,0.08083966772328859,0.1730219179448937,0.030319870370933484,3.137044480282581,4.0587662835862455,2.1957489538255284,39.957817775735215
PL,2020-09-29,273,9.9051432527,0.94245151326,4.83971888825,31.618116264000005,4.7793740179999995,2.12470342,3.359451540674758,3.359451540674758,2020,PL_2020,55.28089878105543,7.955333746944577,25.725904198522837,0,11.436626727126722,0,NA,NA,NA,3.3404980934603676,4.266387707235797,2.4180907086334433,40.65557420183446
PL,2020-09-30,274,NA,NA,NA,31.72201988327704,2.520735573887197,0.979799417245681,3.4836561936692205,3.4836561936692205,2020,PL_2020,42.262232026120245,22.828399194363026,5.047000543185966,1.0906192656188791,4.54110348140396,0,0.07552060795282085,0.1569101455387721,0.029129152703349637,3.464292021160409,4.402111746233592,2.524709948755926,40.19036885609568
PL,2020-10-01,275,NA,NA,NA,33.274756091653295,2.3313104115118377,0.9232624122920998,3.6025334304871204,3.6025334304871204,2020,PL_2020,44.31987204413529,23.781611856335736,4.586770523136562,0.9792999803266974,4.545006643632661,0,0.07194139687972718,0.15332391464558287,0.02742094352993632,3.5761871735143975,4.5204333512865755,2.6390721233522525,36.53422140990388
PL,2020-10-02,276,NA,NA,NA,34.08305950504538,2.13935547734306,0.9748842805905373,3.773927666136916,3.773927666136916,2020,PL_2020,44.969555658913585,24.554929247978126,4.254933915393134,0.9274557906625797,4.429493178191782,0,0.0728037718229689,0.15199609011898602,0.027973765996948518,3.7476721915173132,4.683873302535808,2.8138073544099687,39.11780181297349
PL,2020-10-03,277,NA,NA,NA,34.172888350983506,1.9317648597712735,0.9228940200757512,3.712315154493699,3.712315154493699,2020,PL_2020,45.40742694117447,24.461303851773973,3.8910041729157245,0.8134753027064029,4.357553752343646,0,0.07163256670213472,0.15011019119386315,0.02710665236332561,3.699653668073755,4.618859077238311,2.7704944171339676,39.03710787437287
PL,2020-10-04,278,NA,NA,NA,34.605655148580674,1.7117113244839781,0.9058282525746129,3.7018751816015136,3.7018751816015136,2020,PL_2020,45.58703335441227,25.19478325740901,3.486393057530855,0.7337251497480982,4.252877988978101,0,0.07037565657452446,0.14764914102156848,0.026648384535966345,3.6804798903726503,4.6091994134322,2.749804404217513,39.27362572984103
PL,2020-10-05,279,NA,NA,NA,34.6818169746928,1.4793013279927587,0.7811755437688013,3.5387748099293104,3.5387748099293104,2020,PL_2020,45.766084400033435,24.990766927809577,3.051770522137949,0.5958990272149423,4.062408929161428,0,0.06826555965179092,0.14470787590451334,0.02600941834674639,3.5266380538823165,4.444763908776677,2.5955578800220724,38.60207722037718
PL,2020-10-06,280,NA,NA,NA,35.42059372306223,1.2984473732146253,0.8245626121301699,3.5578366424455194,3.5578366424455194,2020,PL_2020,46.73319619349727,25.2704593701756,2.6927722385377684,0.5316394354754753,4.165585899106157,0,0.06809597814859542,0.1446216392485232,0.02684208609948578,3.5413336964118587,4.468901188425589,2.60123416000095,37.9492306289734
PL,2020-10-07,281,NA,NA,NA,35.91346517591247,1.0843744845931411,0.729175696967248,3.5947015051559843,3.5947015051559843,2020,PL_2020,47.34711878904925,26.171031835094514,2.251340720249472,0.41793388878222565,4.013838027638769,0,0.06641444539619304,0.14131070730184775,0.02477042719235207,3.5802384945083308,4.502817923524916,2.6637577903720313,38.531341725287625
PL,2020-10-08,282,NA,NA,NA,36.65010240553928,0.8708656985247555,0.7616280460200682,3.5986095820789457,3.5986095820789457,2020,PL_2020,48.08971834089326,26.803429859003298,1.838937858042562,0.33387081494448556,3.9665524190481274,0,0.06539409631823534,0.1396490272846739,0.02526433139003826,3.5908017216396466,4.503488909738136,2.6612331814706542,38.595696581522944
PL,2020-10-09,283,NA,NA,NA,37.68634655857267,0.7118905368481944,0.6537873763267625,3.6354725092479856,3.6354725092479856,2020,PL_2020,50.006172768573315,27.33121399131301,1.5225525866949807,0.27412245100491817,3.6950203162972737,0,0.06269307101905461,0.1328584422221522,0.023274267873587374,3.629165753425305,4.591711418018182,2.69939624534355,36.788115991246926
PL,2020-10-10,284,NA,NA,NA,34.593056809944954,0.5800397459463675,0.6130159847822223,2.5227396998960336,2.5227396998960336,2020,PL_2020,46.06930417151479,24.788669650942992,1.249245263413092,0.2097773014819912,3.7449854342699065,0,0.06618192749172658,0.1435077496092247,0.024691891127945755,2.5406467792058836,3.477546964985376,1.6199382904842619,32.343812153470694
PL,2020-10-11,285,NA,NA,NA,42.741613261296024,0.46625258009176684,0.5291832173063624,3.044124304036865,3.044124304036865,2020,PL_2020,57.064100540725235,30.15238155290085,1.0177865383088087,0.14898192756745685,3.5928929066293978,0,0.05437604530930674,0.1191359105392108,0.020094963701989772,3.0152224754231596,3.9361458284444706,2.0811717598290524,17.496291293674588
PL,2020-10-12,286,NA,NA,NA,40.285633979232884,0.3555378764847276,0.41319131067034,2.804983293142173,2.804983293142173,2020,PL_2020,53.28300936184634,29.02198222409464,0.7948662427880677,0.11454084841423295,3.388882444471624,0,0.05430586868059728,0.12006265724367413,0.020751222087338705,2.8116074446203134,3.7483674394867545,1.8943134919678721,23.6366451891782
PL,2020-10-13,287,NA,NA,NA,41.242364492147864,0.2692110186122707,0.43057446171868596,2.34851350085271,2.34851350085271,2020,PL_2020,55.64765734762991,29.178005146760203,0.6091257892541769,0.0790098481214456,3.34446431736109,0,0.0536470573513381,0.11933802665796718,0.020103083509984736,2.3600977377514907,3.278861509596059,1.4234571497281776,18.395394707576397
PL,2020-10-14,288,NA,NA,NA,38.90320213675033,0.2024502304400816,0.4098069452984112,2.4988249912157223,2.4988249912157223,2020,PL_2020,51.53543962845372,27.87506495617093,0.47441494284006147,0.04685514536564686,3.156223483133409,0,0.05660483315785102,0.12019556168281811,0.021058898011475424,2.529776851828933,3.4233287248140534,1.5958226807757294,27.798595990055865
PL,2020-10-15,289,NA,NA,NA,40.504625597457796,0.13850297972724707,0.31244625508688895,2.5021972522704763,2.5021972522704763,2020,PL_2020,53.26661209322609,29.05372282178566,0.3608886740882348,0.019068664988213427,3.074259747783777,0,0.052817963434060325,0.11549355949750195,0.01921824321290762,2.530085621789838,3.4564216950278364,1.6038614361245431,26.22605003708261
PL,2020-10-16,290,NA,NA,NA,43.20794158106819,0.09937811311796868,0.2219726707523777,2.218388385706166,2.218388385706166,2020,PL_2020,57.695834859085686,30.732800293924708,0.26805686837687515,0.002193503564743779,3.0165956964424328,0,0.048874345898030344,0.10838942764226839,0.01764478737988853,2.2513802391151523,3.1583830668650394,1.3153627879486063,19.170638324659915
PL,2020-10-17,291,NA,NA,NA,45.97382655366589,0.06032804711351741,0.21127052481938735,2.1242646193797707,2.1242646193797707,2020,PL_2020,61.747509475100365,32.33585841523414,0.18793172994549806,0,2.887531858332809,0,0.0453497978983513,0.09959182426698701,0.017119360012192865,2.1437418467760843,3.0587945982597633,1.232318407879714,15.9234497929636
PL,2020-10-18,292,NA,NA,NA,45.69709762075279,0.033284488186509725,0.07316190055621963,1.95434948355868,1.95434948355868,2020,PL_2020,61.361442886151075,32.394519814329506,0.13391388548661284,0,2.6756441051669912,0,0.04370526401368502,0.09777493779717127,0.015912220621193993,1.9905938580199831,2.925613554837679,1.0614974365224645,16.64094790419426
PL,2020-10-19,293,NA,NA,NA,46.11775756974264,0.009249154130867882,0.07031558072435695,2.8328973712998162,2.8328973712998162,2020,PL_2020,59.940106470188375,33.58827384182816,0.09036934960648191,0,2.5569808935023475,0,0.042444582319204845,0.0942693031284291,0.015421912823530372,2.8661802004347736,3.778867884312004,1.9541451468887527,25.233356496492863
PL,2020-10-20,294,22.2482804827,0.19949893646000003,0.6667030174499999,81.25684738000001,0,0,2.672787399917801,2.672787399917801,2020,PL_2020,150.63764205072698,11.87605270927302,0,0,0,0,NA,NA,NA,2.8463812343722785,3.7641472558392928,1.9223222662971113,29.792873677475107
PL,2021-06-22,173,10.5333839643,0.19949893646000003,0.6667030174499999,18.63185442,0,0,4.877588184340028,4.877588184340028,2021,PL_2021,29.015081335000904,8.248627504999096,0,0,0,0,NA,NA,NA,4.747573365989569,5.6712068687327415,3.8173530014464085,59.83101225510544
PL,2021-06-23,174,NA,NA,NA,28.30608500687803,0,0.2296914498064857,4.107021694563141,4.107021694563141,2021,PL_2021,37.73763929548463,20.3387037587394,0.026826987281972955,0,3.1432862790408076,0,0.07114435574500941,0.15726285609597962,0.02598344272993133,4.07091421032602,4.989818446768503,3.143612353808006,60.217372705633046
PL,2021-06-24,175,NA,NA,NA,29.918036318151156,0,0.5171305855854356,4.362406223761361,4.362406223761361,2021,PL_2021,39.29105298824227,21.557822844783505,0.027302918685008587,0,3.763895022832887,0,0.07600216103480473,0.16627850645901376,0.029416659983537884,4.311598589459713,5.24365469243704,3.3874138946401993,59.821050260238614
PL,2021-06-25,176,NA,NA,NA,30.88048549644051,0,0.8069419564817584,4.393096756359703,4.393096756359703,2021,PL_2021,40.63619720802186,22.303270631864994,0.027659991202246784,0,4.114592864842098,0,0.08065162628011846,0.17334087284820426,0.03171944747112481,4.344103530271053,5.28374978426578,3.413677302173706,53.5847168651861
PL,2021-06-26,177,NA,NA,NA,32.57102434135134,0,1.091968251683753,4.863093577828599,4.863093577828599,2021,PL_2021,42.64878550647469,23.511199718753517,0.02973833009468381,0,4.910551676844335,0,0.08466952821499824,0.18056309713630087,0.03328797829325253,4.803288737273283,5.737758665465775,3.869721083859059,59.58963476263549
PL,2021-06-27,178,NA,NA,NA,35.19911512259453,0,1.4138058958998028,5.334933007478293,5.334933007478293,2021,PL_2021,45.67380905588963,25.74388055393698,0.029490594110320345,0,5.646167656965472,0,0.08678552181328289,0.18349636675683484,0.03212977581129171,5.271544178571795,6.178127727723895,4.335749658391228,58.95451996413616
PL,2021-06-28,179,NA,NA,NA,37.789160311306524,0,1.631214003415891,5.829323482648854,5.829323482648854,2021,PL_2021,48.59744099786223,28.21962307088895,0.03232523758974097,0,6.116587113906899,0,0.08621465366881945,0.18229288933684157,0.032149032087188945,5.753865003887093,6.710182701657537,4.827582861766604,60.397638492570266
PL,2021-06-29,180,NA,NA,NA,39.45020923175063,0,1.8027125636313834,6.04959528321147,6.04959528321147,2021,PL_2021,50.08040663259772,29.622940968302508,0.035849032614541365,0,6.61533011204282,0,0.08673926726254477,0.18463132203643667,0.03208939292533374,5.981168600893426,6.901415352772633,5.041034569886099,61.43660569269865
PL,2021-06-30,181,NA,NA,NA,43.74318950534313,0,2.182658868807621,6.803231707313438,6.803231707313438,2021,PL_2021,54.90203713772642,33.314289378033344,0.03904529841474394,0,7.421541822410203,0,0.0856986228506329,0.18277112688825425,0.0326132237090659,6.7133556069470615,7.628618950335956,5.776303399013434,60.913897336374646
PL,2021-07-01,182,NA,NA,NA,36.05967317917935,0,2.3487398150816037,5.052638281180618,5.052638281180618,2021,PL_2021,46.487486053432384,26.704867004619803,0.04548267626322311,0,7.724538814253455,0,0.1048127495222198,0.22147841810195634,0.040507010668978154,5.003801833569297,5.941281382346787,4.068009162900999,56.171576798174115
PL,2021-07-02,183,NA,NA,NA,39.76388663045412,0,2.7011915073029775,5.815804276406127,5.815804276406127,2021,PL_2021,50.31645296435802,29.692682281968885,0.051159962963510955,0,8.58915303435862,0,0.10495595482708373,0.21779648677053767,0.03973791328886885,5.750958946095248,6.689898877946904,4.823197656446679,61.27090595000151
PL,2021-07-03,184,NA,NA,NA,45.16985136637144,0,2.9411254186948885,6.873327868255723,6.873327868255723,2021,PL_2021,56.53981251091392,34.587624898143936,0.06112887551506491,0,9.278144126715125,0,0.09792357775945672,0.20467708722279176,0.03746807047256748,6.793295037573284,7.732581684396452,5.858320273898711,65.23715963494146
PL,2021-07-04,185,NA,NA,NA,40.91716294631167,0,3.2010940973516235,5.813043814945316,5.813043814945316,2021,PL_2021,52.04410190522252,30.642979584079992,0.07084156406874878,0,9.75432144378304,0,0.11185762938138483,0.23120152774800465,0.043430959031313,5.749087262911443,6.671682775409372,4.802331763611538,55.456175005579354
PL,2021-07-05,186,NA,NA,NA,45.058620497786244,0.004773996256420596,3.6857658871027232,6.581813930729155,6.581813930729155,2021,PL_2021,56.93073701064371,34.21505244519156,0.08481528854469864,0,10.340094782678857,0.1666391899075892,0.1100859986999399,0.2222193650119967,0.043768083910353764,6.496171483223604,7.420908739499263,5.551726114459047,54.88048440956999
PL,2021-07-06,187,NA,NA,NA,50.025611777526514,0.01238848269782429,4.024566042034232,7.522975221072331,7.522975221072331,2021,PL_2021,61.752833294495716,39.145169471997,0.10034042387060771,0,11.122097074119676,0.27716914514695645,0.10659137325649864,0.21263345704273584,0.04214586720566127,7.42988916225088,8.37566326885102,6.48800813439546,65.73263576723771
PL,2021-07-07,188,8.5001990411,0.19949893646000003,0.6667030174499999,18.237513667,0,0,5.163128674188635,5.163128674188635,2021,PL_2021,41.13525371701652,0,0,0,0,0,NA,NA,NA,5.001023523978835,5.918430318320206,4.080036880825748,47.161028209247014
PL,2021-07-08,189,NA,NA,NA,48.294518769441865,0.03730653085718205,4.47636458011687,7.26595683798023,7.26595683798023,2021,PL_2021,60.125910862668874,37.77276679015598,0.14344321603975774,0,12.501042679176859,0.47276475649577376,0.11653181489624856,0.23470939732691357,0.04644199975515324,7.182455546467815,8.136375688168581,6.232702073610878,66.405619358043
PL,2021-07-09,190,NA,NA,NA,49.95998834483397,0.052229271113741566,4.857641558124659,7.315738354488629,7.315738354488629,2021,PL_2021,61.440158325048195,38.638717132527525,0.1783504776548162,0,12.784701050024008,0.566103215564143,0.11964852100432588,0.23581087436085188,0.0474661413153839,7.220951737237291,8.15639736904939,6.295376402880623,60.41944401734821
PL,2021-07-10,191,NA,NA,NA,48.85734415141953,0.0714332034102409,5.202038165459218,7.206135302230736,7.206135302230736,2021,PL_2021,60.29110877074064,37.81895023001684,0.21293324684732934,0,13.701118753468869,0.7466763753347672,0.12743795580404468,0.24872161840003096,0.050321726470782924,7.126462268017806,8.07504957302596,6.184233821761154,66.54356381406436
PL,2021-07-11,192,NA,NA,NA,47.659591164389255,0.09347820332954215,5.458693090138343,6.973338161351178,6.973338161351178,2021,PL_2021,58.67543351749814,36.88711080686429,0.25729642493982613,0.0018697104642577678,14.40395511117325,0.8173354140998579,0.13521692634924165,0.2633795259444449,0.05368177651534935,6.8938013792547315,7.83534306333458,5.9760765307669645,65.96557045637596
PL,2021-07-12,193,NA,NA,NA,47.93054217829171,0.12160125970227717,5.8807660074034,7.120871946345825,7.120871946345825,2021,PL_2021,59.70961017551118,37.1179076036728,0.3009832692177855,0.012969858302716311,15.198521555348453,1.028850360660924,0.14039663436608757,0.2675955013482346,0.056917500010475255,7.037653818394261,7.961604074318648,6.122176489285346,65.47983404869541
PL,2021-07-13,194,NA,NA,NA,44.71416243853611,0.14874958459328252,6.116207789920091,6.511285687702061,6.511285687702061,2021,PL_2021,56.00445421734739,34.12690011812794,0.3606905667690369,0.02379762381223212,15.688404672666032,1.1478064184973054,0.15244486463032958,0.2898755558668733,0.061886839873524294,6.442746720636109,7.3833788212543245,5.53218509837424,64.68546744700583
PL,2021-07-14,195,NA,NA,NA,48.92852530683637,0.17973008020573011,6.219895631022403,7.303656977407191,7.303656977407191,2021,PL_2021,60.51102115340692,38.050510614256716,0.42677527410289073,0.04266132163290334,16.103816953939056,1.156642710662707,0.14321159922998886,0.2761964729921701,0.0588323926182079,7.22275305836666,8.12499168623208,6.278488650764568,65.96178017318879
PL,2021-07-15,196,NA,NA,NA,42.31760369265046,0.22489080492996316,6.80890309520078,6.085571200700931,6.085571200700931,2021,PL_2021,53.35440234855091,32.41180193502045,0.5020364817660316,0.06005609845505755,16.99392858822309,1.4642800082197285,0.16780323799922425,0.31548105367193624,0.07058308637264268,6.023974300383453,6.948788156164133,5.1159847113857655,64.86405462934756
PL,2021-07-16,197,NA,NA,NA,49.41393302975893,0.26602206094993186,7.166592975601807,7.358371589175218,7.358371589175218,2021,PL_2021,60.90267353443061,38.78824878514972,0.5802978674006777,0.08056882605282983,18.08916145072493,1.4868375968201768,0.15368553923592332,0.29137788382256513,0.06434609101011775,7.278475526464284,8.22453617626255,6.351425943088228,65.69048542807921
PL,2021-07-17,198,NA,NA,NA,43.94239903571323,0.3114720622988948,7.428927219299354,6.436807043174779,6.436807043174779,2021,PL_2021,55.07412464859829,33.660147618228194,0.6753302953984316,0.09929865826303011,18.26724593333633,1.6297055058487557,0.1744558950958602,0.31837843366116214,0.07317593617458416,6.379257970061424,7.305482956349041,5.44840667312033,66.10653944516899
PL,2021-07-18,199,NA,NA,NA,47.107124302221614,0.3602814264631774,7.91847506428415,7.099022552034537,7.099022552034537,2021,PL_2021,58.53464852957376,36.30589137242603,0.7844033633176318,0.12168721342354438,19.151378375813007,1.836155855273832,0.17061331362357213,0.31479480070330523,0.07171936523001174,7.023750845696789,7.952642534832874,6.090947103929494,65.64289099977042
PL,2021-07-19,200,NA,NA,NA,38.15972265417675,0.4102635427811635,8.068955888075164,4.9485350194710875,4.9485350194710875,2021,PL_2021,49.649063543051945,28.00155798914266,0.856017829955345,0.14581487164307524,19.25971665164604,1.9665197365717426,0.20060004711749374,0.3647680734631297,0.087518952820595,4.896480623371016,5.826777543101617,3.968217962783884,46.80788165918833
PL,2021-07-20,201,5.0336665681,0.31341654186,3.06460010045,13.7902660292,0.8122908144000001,19.26583882,5.289806465700187,5.289806465700187,2021,PL_2021,29.16163071713956,0,4.372312272254248,0,91.11246593573712,0,NA,NA,NA,5.109957937054279,6.031432112155794,4.185328904521445,44.337228576495285
PL,2021-07-21,202,NA,NA,NA,47.34383032648184,0.5025715689476297,8.833200694474932,6.933107001640036,6.933107001640036,2021,PL_2021,59.34022078542183,36.31727415304333,1.041376596916511,0.1828892057292209,21.156280810829642,2.0742088891231583,0.18110510083054726,0.3351016388457881,0.07481394582530247,6.839333902681083,7.785109695777449,5.894583750340127,51.99283600092017
PL,2021-07-22,203,NA,NA,NA,43.865210163467474,0.5355162081045096,9.13911438707996,6.637939791400477,6.637939791400477,2021,PL_2021,55.33467534853893,33.48967994253766,1.1326862826631312,0.20457469541986645,21.4341488037166,2.375108498484862,0.1942600384769128,0.35173572515099005,0.08411361314244317,6.563055338564782,7.507805733095292,5.627283958453718,64.96299331248488
PL,2021-07-23,204,NA,NA,NA,42.39129550064329,0.571480358501414,9.166676644741411,6.421260889520933,6.421260889520933,2021,PL_2021,53.23394274266051,32.14625272257946,1.175343426112014,0.21415638597881542,21.801887698257353,2.2192816432589377,0.204959356931592,0.3644183908308014,0.08605827730653015,6.354120115901109,7.317233440548474,5.393974940562505,66.24021842340386
PL,2021-07-24,205,NA,NA,NA,42.29994032413986,0.5875883414229288,9.410568488366733,6.491281222668084,6.491281222668084,2021,PL_2021,53.30936313871771,32.368887631184236,1.2312483606449356,0.22445065640413564,23.038042531863404,2.2684221903315405,0.20601986679669565,0.37264501429999025,0.08561311974159719,6.409306629459017,7.3439592562506,5.461505625657691,66.0057163240424
PL,2021-07-25,206,NA,NA,NA,42.57838492745547,0.6108758800862079,10.120507862812744,6.602572136323621,6.602572136323621,2021,PL_2021,53.877216114074805,32.55925364572265,1.2374668801881379,0.2328447957639762,23.51305207528685,2.7707465559479645,0.21285464556586753,0.38000140475103905,0.09322727030901788,6.524312492061444,7.437066198770912,5.597784367368683,65.3584589399969
PL,2021-07-26,207,NA,NA,NA,41.62709044790346,0.5984424180325302,10.315811251490913,6.415354276094616,6.415354276094616,2021,PL_2021,52.73647029378472,31.335586093110205,1.2370652449022241,0.2270787722981345,24.03953617173709,2.749653362068107,0.22181237016389665,0.38660158052172167,0.096658848834408,6.334560303571622,7.280152823126651,5.409312326585751,63.91027632758255
PL,2021-07-27,208,NA,NA,NA,37.85347899783018,0.5932794528693557,10.538945849120996,5.6088055459235555,5.6088055459235555,2021,PL_2021,48.62870003068163,27.986246104481012,1.2263801360304103,0.22111761983973838,24.10801988079283,2.959393564449044,0.24069308742033155,0.41179179872199395,0.10620450592179768,5.558406034136374,6.507905184134144,4.601884805260846,60.40946066313522
PL,2021-07-28,209,NA,NA,NA,37.307025946075676,0.5626077319900574,9.890523386869159,5.554344606017263,5.554344606017263,2021,PL_2021,48.09353134132289,27.58905891302783,1.173484861175512,0.21278686434200605,24.095925123914927,2.5530485273634915,0.23353644190587763,0.4150158753788294,0.10082274495064249,5.4948093873366135,6.432585319562549,4.54931124176336,61.74665975579206
PL,2021-07-29,210,NA,NA,NA,40.57547445427968,0.5502689178823071,10.515811144509948,5.686842121313463,5.686842121313463,2021,PL_2021,52.51998402881953,29.66282366894807,1.1226467141286989,0.2103340555510408,25.052238306860737,2.7459661581006736,0.23044441935207235,0.40744413315111605,0.09912257420381684,5.593076639397333,6.524392191887964,4.673871597691097,36.72435490685752
PL,2021-07-30,211,NA,NA,NA,43.081540605922704,0.5075369564901837,11.310235995234429,6.8892136017620915,6.8892136017620915,2021,PL_2021,54.58542894940964,32.761042892680344,1.0522614770070464,0.1904048203445931,26.00872395013805,2.984337083349018,0.2275323116413891,0.3970713329186017,0.09741947981363439,6.795908117165915,7.718906170410867,5.866627025583012,62.82033824417779
PL,2021-07-31,212,NA,NA,NA,39.84116527399796,0.46046453747643634,11.172136573052928,6.2379581618210596,6.2379581618210596,2021,PL_2021,50.6996188961627,29.869296735845946,0.9799171182498873,0.15774784753962806,25.958082690357482,3.024208368008224,0.24020954239674708,0.4166541340348548,0.10563564846930959,6.15556152958515,7.081236839680772,5.232802693825915,62.412934812866105
PL,2021-08-01,213,NA,NA,NA,42.50959473391776,0.42607487000100996,11.662646923508241,6.634125310544262,6.634125310544262,2021,PL_2021,54.21184662849279,31.792560112062464,0.9073877109492683,0.14528767369999324,26.964815968448114,3.485586431864062,0.23742821021592367,0.4111467994705294,0.10672839705460836,6.538541971222809,7.472233308789609,5.608504413226657,51.92403054983698
PL,2021-08-02,214,NA,NA,NA,37.30057451029516,0.3744621965082679,11.478870014181474,5.188646030765627,5.188646030765627,2021,PL_2021,49.47198301112997,26.767759717596324,0.8094902190839476,0.12833786686193083,26.175552974310946,3.285775968678226,0.2556168929985809,0.44219309840836934,0.11649535849956492,5.113329814490635,6.030084583784561,4.1996226131208685,36.11580524641372
PL,2021-08-03,215,8.8829659969,0.42070552446000004,8.90371027485,10.0874041612,0.547078448,15.893887228,6.86430782237817,6.86430782237817,2021,PL_2021,19.528635091058486,0.646173231341518,2.0409304268020034,0,47.47607253525175,0,NA,NA,NA,6.594325047297349,7.524264897188486,5.676330467170049,60.383459563878
PL,2021-08-04,216,NA,NA,NA,38.13975188328482,0.29689627152877557,12.115949409177778,6.0735566544283435,6.0735566544283435,2021,PL_2021,49.02130475562958,28.594611576978682,0.6372197442525555,0.09168157739061533,27.80741539518545,3.389496392387947,0.26255348535111667,0.4434647694048124,0.11680239560487378,5.994058305908214,6.929598498289475,5.044877121316527,60.76739332792991
PL,2021-08-05,217,NA,NA,NA,32.83348109013547,0.25752991062085784,11.65991924858466,4.665143058389707,4.665143058389707,2021,PL_2021,43.04311958043922,23.961018482014424,0.5654213875706654,0.07445894797569513,26.505574048384634,3.3113376300653106,0.2822723842658026,0.47545619121164134,0.1293129260497843,4.622493314179274,5.533156131933678,3.690978625822257,51.82138498952783
PL,2021-08-06,218,NA,NA,NA,35.56405057755918,0.21864696356454072,11.913821562288604,5.40642444225023,5.40642444225023,2021,PL_2021,46.18691192570005,26.072951031339038,0.492649563467894,0.05820994374601263,27.766202898782538,3.3261299480557214,0.2761829398350364,0.4624760106166574,0.12186307255695344,5.342667457456898,6.280488714603191,4.404536142621644,54.53630893422428
PL,2021-08-07,219,NA,NA,NA,37.78180929595949,0.18684661557202686,12.343782247365665,5.938893845865052,5.938893845865052,2021,PL_2021,48.49292831545866,27.961432447989413,0.4313063234960709,0.04550192892475116,27.83940372173928,3.3440292498231234,0.2682435836642605,0.45314106567252166,0.11633643457902991,5.860454188555352,6.773245637447719,4.968094982244689,58.17093713532057
PL,2021-08-08,220,NA,NA,NA,30.093356187928745,0.1576442370666833,11.764422395410378,3.754366668463203,3.754366668463203,2021,PL_2021,39.94036990357034,21.136742582990724,0.37552814918803124,0.029666594200711202,27.0894321024151,3.415817515787308,0.3067606889537064,0.4988807885221841,0.14485046641927218,3.733320526924996,4.638729487772503,2.7891428899487396,46.15937661900003
PL,2021-08-09,221,NA,NA,NA,33.49013420884372,0.12422840477607178,12.04240517093908,4.956178864323049,4.956178864323049,2021,PL_2021,43.25112277266869,24.58186065673168,0.31544405193539377,0.015787465175122722,28.29892809778516,3.3688272630006577,0.28846841154278646,0.4845250564623177,0.1297103913639857,4.905016434713095,5.812814023084517,3.990076760818537,58.97869721200359
PL,2021-08-10,222,NA,NA,NA,35.43216188510856,0.10433930633586308,12.392403954029032,5.3646547408938,5.3646547408938,2021,PL_2021,45.66024203860457,26.067851329321954,0.2695751682836064,0.006120393686256803,28.397186517097367,3.6319491286446417,0.2826589840968541,0.4744353090460053,0.1277688147147083,5.303827318564188,6.227789747492155,4.36114720601883,57.574213810684945
PL,2021-08-11,223,NA,NA,NA,38.10119817409592,0.08306260567136903,13.050497861826035,6.0778729330616175,6.0778729330616175,2021,PL_2021,48.910103273737285,28.211989351690526,0.23176089287126594,0,29.276669298331317,3.845527557221066,0.27608574949264897,0.46575749280569084,0.12378918212127826,6.00188009137246,6.926627803160097,5.063101059582794,59.56096741039857
PL,2021-08-12,224,NA,NA,NA,39.40146936418275,0.06170847691407899,12.901580162922471,6.263786835568207,6.263786835568207,2021,PL_2021,50.236046698793274,29.636135631657005,0.19406855623412717,0,29.493176760287053,3.630336556758166,0.2667996422938018,0.45400559970189913,0.11774123884652782,6.181237190247943,7.1145965421609105,5.247016738160374,60.05194159859506
PL,2021-08-13,225,NA,NA,NA,34.98779390371208,0.05026458233076714,12.490162003434971,5.307728512157994,5.307728512157994,2021,PL_2021,45.20375438953773,25.663180455752936,0.16580595727798147,0,29.146269029359818,3.638377195589839,0.28647564405090575,0.47853249930056463,0.13064473767068724,5.2524445975298635,6.188152069992788,4.3419974689735055,60.263926512440456
PL,2021-08-14,226,NA,NA,NA,37.40964997961514,0.03431398804046759,12.67232900102546,5.815056166665875,5.815056166665875,2021,PL_2021,47.999548435966844,27.663426266558062,0.1383121252916136,0,29.31966039364427,3.5822668448718997,0.2753706122967057,0.4654021461681523,0.1241529599610589,5.736816194606197,6.6782728652185455,4.785219564991336,60.13511236625976
PL,2021-08-15,227,NA,NA,NA,38.255044847188195,0.02194591586909303,12.61837564481316,5.980737414118121,5.980737414118121,2021,PL_2021,49.236769991517605,28.44291961626379,0.11427673810239278,0,29.555633110073643,3.7100348331053588,0.27056183376361576,0.46019086404003384,0.12242931720269237,5.910605352449753,6.814558985195942,4.989838291835035,59.422706447565886
PL,2021-08-16,228,NA,NA,NA,37.43967255507591,0.012860884022747182,12.565039965037222,5.597472027437031,5.597472027437031,2021,PL_2021,48.54644049939691,27.64419292780838,0.09795397356889404,0,29.109196606972738,3.712690939350684,0.27698424268863636,0.46464515535975454,0.12704822718811995,5.5285536404956055,6.459769982472433,4.62062088352104,52.93653910035326
PL,2021-08-17,229,5.7001506811,0.72620922646,3.56684308145,19.444139856,0,22.58016086,4.658308064991644,4.658308064991644,2021,PL_2021,35.330699482741245,3.557580229258751,0,0,121.54207912664663,0,NA,NA,NA,4.535459796173543,5.458382622297535,3.6208050024528777,49.772226270496965
PL,2021-08-18,230,NA,NA,NA,27.049024170036915,0,11.476475109286834,2.4531904541934266,2.4531904541934266,2021,PL_2021,36.29467279978176,19.126957662684713,0.0664612017083579,0,25.964653563855006,3.178077553374077,0.32453550602110187,0.5199361441872581,0.1485418423297081,2.4775391829899256,3.410724669908587,1.5337546924359682,43.42182391321157
PL,2021-08-19,231,NA,NA,NA,37.79467932546243,0,12.509182034633161,5.233489082838785,5.233489082838785,2021,PL_2021,49.49532413453699,27.398655356076002,0.051478285351255065,0,29.362549269244262,3.467270557848408,0.27299000326257694,0.4648693956947627,0.11908908975196882,5.1683000530906416,6.105223076115524,4.2518771623931215,42.6552405211804
PL,2021-08-20,232,NA,NA,NA,38.160832510292984,0,12.768569788825678,5.462184456302013,5.462184456302013,2021,PL_2021,49.40340338538951,28.251481092422207,0.04435159480885592,0,29.353864858851978,3.5171760384217374,0.2731991042874877,0.4615054813667272,0.11974385360712295,5.404190391469516,6.327820512593931,4.475852383249499,50.62095832684185
PL,2021-08-21,233,NA,NA,NA,35.45293956042722,0,12.146332471407122,4.501250287335065,4.501250287335065,2021,PL_2021,46.74936477420044,25.82154467931835,0.03482307589462186,0,28.475680974043634,3.4695677984343525,0.2813129428213542,0.4736906920354701,0.12624923289734347,4.441957668446943,5.387790367858736,3.5089845966851407,39.0077844363221
PL,2021-08-22,234,NA,NA,NA,37.40565462060175,0,12.144837999619947,5.399417983098439,5.399417983098439,2021,PL_2021,48.138801501064606,27.821757470747553,0.027555365188583703,0,29.399275218262982,3.41597929683515,0.2695273779435841,0.46338817457857845,0.11960892407342047,5.346889145394016,6.27374970048686,4.418806168120586,58.34184773601556
PL,2021-08-23,235,NA,NA,NA,38.21140431186277,0,12.682412239200893,5.50382981092371,5.50382981092371,2021,PL_2021,49.09688197450954,28.385187972583733,0.02181522153110517,0,29.553414459889286,3.700858550217084,0.2725594664671547,0.4619196957900195,0.12238883153399702,5.453367610491691,6.383548938936056,4.526308306614781,58.60715366355458
PL,2021-08-24,236,NA,NA,NA,36.93542661960715,0,12.30908201910831,5.144340935305583,5.144340935305583,2021,PL_2021,47.395369536916604,27.246134640234363,0.01703386560423817,0,27.934581147843506,3.5132495825187866,0.2734027808535013,0.4610013429316979,0.12357285222628787,5.101303617761612,6.0152789780716365,4.185862768600755,58.89171437951353
PL,2021-08-25,237,NA,NA,NA,37.740082536175954,0,12.73359339579482,5.1184844077405875,5.1184844077405875,2021,PL_2021,48.831328110027975,27.64532496881065,0.012137599115722444,0,28.685819672342866,3.8079849470726397,0.2749831398249199,0.45950223137259716,0.12556573403189925,5.06981383562211,5.989043771584027,4.129790143544806,52.93413340190075
PL,2021-08-26,238,NA,NA,NA,36.49066257403577,0,12.0571710704894,4.561536341182029,4.561536341182029,2021,PL_2021,47.75521515428458,26.396865999175503,0.010307827398974151,0,27.931799600250923,3.2781033917732034,0.2730551872011282,0.4631222438107919,0.1202335265568398,4.520955749039183,5.441723387759208,3.5891110091998555,43.45422224928753
PL,2021-08-27,239,NA,NA,NA,35.251185071637416,0,11.872752294560943,4.124347787908852,4.124347787908852,2021,PL_2021,46.218425607106155,25.602653133083496,0.008757293680428019,0,27.336388113097172,3.169494781970189,0.27621566822016885,0.4667257149096701,0.12079536173896624,4.104656263340329,5.047082084760347,3.1565482464000056,42.01729766297285
PL,2021-08-28,240,NA,NA,NA,38.4516345622822,0,11.87275576523879,5.168167884402376,5.168167884402376,2021,PL_2021,49.35004978095544,28.486805607912984,0.0051809621124578875,0,28.212245341265763,3.276221541090005,0.25837430215303414,0.45084304982155055,0.11233625491421224,5.125943369854056,6.058621303314091,4.195072729566097,54.54323031265683
PL,2021-08-29,241,NA,NA,NA,38.85683037891139,0,12.062131123191891,5.337056378462374,5.337056378462374,2021,PL_2021,50.188197234641635,29.0938019817066,0.006025169407736786,0,28.212170864663847,3.544525802167056,0.26219228503968484,0.44750926591434737,0.11624837996758416,5.285859224742524,6.217311087028563,4.355990981341399,56.401717499989125
PL,2021-08-30,242,NA,NA,NA,40.48142798401131,0,12.009900241640826,5.529154060334128,5.529154060334128,2021,PL_2021,51.69680057441049,30.38270197065138,0.005416598433910125,0,27.28860785471882,3.438845096841764,0.2531032044032506,0.4325596622467956,0.11277176771910893,5.484392740285362,6.409404165358783,4.542646767062455,56.12554720144867
PL,2021-08-31,243,NA,NA,NA,39.609071838422686,0,11.895443613048428,5.377200174355975,5.377200174355975,2021,PL_2021,51.11047858962957,29.712190278410883,0.005997126824188695,0,27.622722923083344,3.22914816164343,0.2540395620262812,0.43846948228359,0.10921642911393828,5.332326710427834,6.278036704117904,4.381962600545269,56.25720732493442
PL,2021-09-01,244,NA,NA,NA,37.56833282067401,0,11.20021367345811,4.862898405471062,4.862898405471062,2021,PL_2021,48.1750394988349,27.85288483151968,0.005620268734854467,0,27.485054953990865,3.076718231275771,0.25512680825332734,0.4456181773168385,0.11298952639174897,4.837288890909093,5.771635928890574,3.902766559891025,57.692484080290285
PL,2021-09-02,245,NA,NA,NA,37.483124057449935,0,11.723023862029953,4.780043646632302,4.780043646632302,2021,PL_2021,48.19703334825369,27.57847218815311,0.0085750022173266,0,27.13500396840583,3.2686293494264897,0.2627032759526322,0.4505205280996982,0.1160117310021017,4.742363906456045,5.697248193870614,3.8262494361872363,56.18604645255717
PL,2021-09-03,246,NA,NA,NA,38.58189840999046,0,11.172367037092737,4.947492390813549,4.947492390813549,2021,PL_2021,49.477337130795945,28.636500909639498,0.010196033242592384,0,26.58756868673816,2.935857297840362,0.250190486544421,0.43472776399511115,0.10753175982245922,4.9148365081076495,5.850301475736659,3.9715874770358455,56.067991601777926
PL,2021-09-04,247,NA,NA,NA,39.6882105540137,0,11.636555753374822,5.097612521235003,5.097612521235003,2021,PL_2021,50.592221482158706,29.596605545578875,0.013390696112295278,0,26.83181503898415,3.347727791796736,0.2525136330668337,0.4329333719546067,0.11055819103739117,5.067495099960793,5.990859295463031,4.141459529471097,53.776634667252466
PL,2021-09-05,248,NA,NA,NA,40.623607867333874,0,11.168341472168478,5.319927313764626,5.319927313764626,2021,PL_2021,51.9004591299069,30.263476000402914,0.013063006884169837,0,26.34934727105982,3.162859299650561,0.2397926345813015,0.422596589609178,0.10701180283439797,5.274522865175882,6.211359559196063,4.341831679815371,54.92706586052726
PL,2021-09-06,249,NA,NA,NA,41.4608285453219,0,11.066137895758299,5.352471655257819,5.352471655257819,2021,PL_2021,52.39821062444607,30.955181853999367,0.01798074604732891,0,26.30166780278472,2.97186923926971,0.23713410671549112,0.41507921539577985,0.10180184832563051,5.3090373934412165,6.255223974916572,4.37578898849525,53.764618182072
PL,2021-09-07,250,NA,NA,NA,40.9884230172887,0,10.836940285264909,5.246235610002968,5.246235610002968,2021,PL_2021,52.47221122643616,30.477626521131405,0.020545672829552428,0,26.394885326256535,2.8849687286023626,0.2368027471209718,0.4212955126148086,0.10146400846777168,5.210029476819508,6.1387807763085505,4.295437659458468,53.53188420719046
PL,2021-09-08,251,NA,NA,NA,42.369794708328065,0,10.71180792478172,5.515357671136661,5.515357671136661,2021,PL_2021,53.594951547904195,31.85707934181509,0.02551826953410309,0,25.75374024211902,2.775428673345727,0.2277411692394134,0.4041831287649222,0.09608998775675942,5.477162649280592,6.407649950129127,4.545186781581612,54.30446843018871
PL,2021-09-09,252,NA,NA,NA,40.756477702058525,0,10.751950244330494,5.085786180539778,5.085786180539778,2021,PL_2021,52.060344049980955,30.186867999740105,0.031822581331120176,0,25.79804941849841,2.805385908003434,0.23332122914876607,0.41992147217528464,0.09897716248879995,5.049593695809277,5.9676383452935955,4.131656524718971,51.95970001365151
PL,2021-09-10,253,NA,NA,NA,40.68039130266063,0,10.357753711125536,4.90524021853115,4.90524021853115,2021,PL_2021,52.38061024766413,30.18193831886007,0.038703965298362966,0,25.197231908516482,2.7660169725428756,0.2284695079436933,0.4133164270541156,0.09823330024050886,4.869975398167223,5.806508209961177,3.957139586217682,45.85579989336427
PL,2021-09-11,254,NA,NA,NA,40.31522611814882,0,10.36439729048898,4.92128649189642,4.92128649189642,2021,PL_2021,51.481701137546956,30.293621504233798,0.04406877277880339,0,25.17615252512913,2.5682050592554133,0.23026258795382118,0.411505052034868,0.09593076807169791,4.900829895365034,5.8205404538377685,3.9581422503296237,51.54374221206725
PL,2021-09-12,255,NA,NA,NA,41.226185743030655,0,10.258680295723154,4.9668095129434,4.9668095129434,2021,PL_2021,52.71237188112746,30.49391155275453,0.05006278713532582,0,24.960954269455726,2.53921552500142,0.22485094275870057,0.406634957812146,0.09495201759059871,4.938173224626302,5.874977548741608,3.994881915643259,48.273954965867766
PL,2021-09-13,256,NA,NA,NA,40.865062292953354,0,10.22976810531288,4.955814798133862,4.955814798133862,2021,PL_2021,52.19810937987969,30.597136891453143,0.056273071379357886,0,24.76531819101949,2.7127518307745135,0.2272106159970412,0.40438060734923753,0.09773374570697622,4.928129159364539,5.8490790696024915,3.9749410548545834,50.10199552556531
PL,2021-09-14,257,NA,NA,NA,40.90772957877953,0,9.95254251608934,4.970445460191225,4.970445460191225,2021,PL_2021,52.16906613543896,30.571636277143117,0.06956402866690037,0,24.01847149960456,2.689995340656155,0.2215125474057307,0.4023735596749682,0.09708170146215885,4.933945889038226,5.884874687349036,4.015424559851669,51.898466832276895
PL,2021-09-15,258,NA,NA,NA,40.557219776403976,0,9.460714986884216,4.884993351471298,4.884993351471298,2021,PL_2021,51.94179071185129,30.298455906872295,0.07977359098231315,0,23.552258136780303,2.1952387232181603,0.2162875019870919,0.39497693270246415,0.08770263346177413,4.860553402043175,5.796895282885551,3.9467348461352647,50.898488518394984
PL,2021-09-16,259,NA,NA,NA,39.26430733986911,0,9.32952682040824,4.586588069574275,4.586588069574275,2021,PL_2021,50.55005752058853,29.304355336527927,0.0892659242439654,0,23.62528397727345,2.1757413764160716,0.22044538067646177,0.40167013079922964,0.09053921554417252,4.564923549737669,5.488767903093223,3.636194694986919,53.17854136924789
PL,2021-09-17,260,NA,NA,NA,39.85615627176505,0,9.447285054101968,4.578850658784216,4.578850658784216,2021,PL_2021,51.200243526755976,29.536145710833825,0.1118392558137532,0,23.37373311922434,2.2948957448269067,0.2211588652765643,0.39899555567807266,0.09097978288980592,4.563467367648181,5.501404599641844,3.629046186854262,49.503432570043934
PL,2021-09-18,261,NA,NA,NA,41.760736296778084,0,9.182883036281774,4.821972752198249,4.821972752198249,2021,PL_2021,53.515187677192124,30.925678580253578,0.11928863054948213,0,22.9633700715768,2.175399155266144,0.2079914712212592,0.38428033511716936,0.08567449433134403,4.7908524883244805,5.756445144851932,3.8174720919933787,46.10041722559339
PL,2021-09-19,262,NA,NA,NA,40.43948668925311,0,8.891937670365813,4.298544266753935,4.298544266753935,2021,PL_2021,52.470337728087316,29.8986630277113,0.1351450141013938,0,22.179063531931966,2.1344825211868117,0.20814460958401038,0.3835695114995578,0.08669212101215504,4.283751161632788,5.212074202424026,3.3448857645535006,38.96655456052362
PL,2021-09-20,263,NA,NA,NA,42.697516492091204,0,8.959905810565587,4.058929387585714,4.058929387585714,2021,PL_2021,56.407491742438076,30.878257935973647,0.15749463577863138,0,22.315527189631485,2.0920869190575373,0.20143122203973218,0.3704580379356196,0.0825958538494529,4.0303865091587525,4.958968776507709,3.0875631018182195,26.502151904936262
PL,2021-09-21,264,NA,NA,NA,41.2857426462943,0,8.688746401666723,4.827125342121313,4.827125342121313,2021,PL_2021,53.030120958137914,30.800781644452623,0.18187630639692876,0,21.93957289632549,2.0046805449469467,0.2010627944667617,0.3744300092077841,0.08366480725731054,4.810243147890882,5.742912489831374,3.893407201078851,50.30814262601395
PL,2021-09-22,265,NA,NA,NA,44.31688529153421,0.003535792434993551,8.951739464534768,5.2890069357206775,5.2890069357206775,2021,PL_2021,55.72208882598755,33.39419652289416,0.1990275669534044,0,22.080797383842555,2.01947406667314,0.19287344974922466,0.36244042695407164,0.07960533696560274,5.250500493404433,6.1991158430569255,4.326409385345306,48.51957216193169
PL,2021-09-23,266,NA,NA,NA,44.28388457295783,0.00912880470841565,8.444634250420624,5.123812961822515,5.123812961822515,2021,PL_2021,56.176680735207505,33.109955600533475,0.2211491202389263,0,21.511502990722747,1.9001014321454788,0.18890850882764015,0.3594132354701479,0.07669757442762537,5.099996510282007,6.045864211367377,4.154133469227022,45.85625195156557
PL,2021-09-24,267,NA,NA,NA,42.01724049777834,0.019760373670247328,8.141158664035022,4.854858217732565,4.854858217732565,2021,PL_2021,53.59275964971709,31.295777745052288,0.2552058517379062,0,21.13830713349112,1.747936232424344,0.19184222097109216,0.36260322917840127,0.0757722319743595,4.832177498937067,5.764234176285189,3.898820042208142,48.37016138808039
PL,2021-09-25,268,NA,NA,NA,44.421651824660984,0.02574747452246018,8.032600744505572,5.24382179781543,5.24382179781543,2021,PL_2021,56.24866712589508,33.44156302086088,0.30168409699677384,0,20.206593792018122,1.7169712834307442,0.181241379949977,0.343438821285424,0.07104525019381269,5.2148534064467995,6.132759266745094,4.267416134272628,48.00336618029565
PL,2021-09-26,269,NA,NA,NA,44.94889634520455,0.03587352828161819,7.995390789320016,5.382012097273062,5.382012097273062,2021,PL_2021,57.34077298668671,33.86286189907723,0.3174994365687897,0,20.504566462924398,1.5915992435656423,0.17738063058168418,0.34085475949984945,0.07021625987339658,5.350159574831383,6.265578966595537,4.426780179987131,48.03724042926806
PL,2021-09-27,270,NA,NA,NA,43.48293700711347,0.045449293425242954,7.760138941532659,5.085896686501872,5.085896686501872,2021,PL_2021,55.17672784928572,32.77089164117182,0.35576275935991863,0,19.596541358993004,1.5570123378278264,0.17742891708572484,0.33910621531852486,0.07057770777519726,5.06351979374222,5.986639447277771,4.126515330922205,47.59386933604366
PL,2021-09-28,271,NA,NA,NA,35.85865314086194,0.061540704817246994,7.438164807597966,2.574232212763116,2.574232212763116,2021,PL_2021,47.89320537213502,25.729416097578234,0.4160195710043536,0,19.11727531111696,1.4463725047355336,0.2009203022821579,0.37723714889364096,0.08066116587847796,2.5994937994519693,3.5305129349994053,1.6807914419321004,29.37410876324345
PL,2021-09-29,272,NA,NA,NA,40.11892037524389,0.07288866026684587,7.252307058698634,4.407227613071093,4.407227613071093,2021,PL_2021,51.42182887383178,29.56072782598607,0.45346597061353655,0,19.490340968001746,1.3343472347061103,0.18321402296523753,0.35861132920488853,0.07182744642555049,4.402522626037219,5.345056996603655,3.4653036609748558,47.6638627000504
PL,2021-09-30,273,NA,NA,NA,41.1851568246502,0.08708980547883521,7.1644965077806475,4.585653626694249,4.585653626694249,2021,PL_2021,53.08698817851903,30.661672771189398,0.5187898478095385,0,18.898327118385513,1.3022085546798827,0.1763088193341903,0.3420597513177173,0.06944571962346625,4.57210079299359,5.517942850567944,3.6415101799076717,46.77105579522055
PL,2021-10-01,274,NA,NA,NA,43.85627755867737,0.10065883579430121,6.737130404882823,4.923819184442989,4.923819184442989,2021,PL_2021,55.990712932710345,32.523288599100916,0.5796769963375347,0,18.863782064380093,1.065091823652287,0.16217538655584768,0.32782169672140593,0.06119391322756098,4.900793249782047,5.833562921784816,3.9492134906541128,43.31051356020815
PL,2021-10-02,275,NA,NA,NA,44.61592905401383,0.11838043929729636,6.747888016418861,5.267614887685307,5.267614887685307,2021,PL_2021,56.90160846410658,33.639764021783,0.6611608268804017,0,18.33013551587732,1.1019128595263168,0.1578112726973017,0.3153448948958124,0.0604974591910692,5.238029533104201,6.156446083101264,4.314294979198774,46.294995478181846
PL,2021-10-03,276,NA,NA,NA,45.889824866985094,0.1338582106558227,6.667160507007885,5.373515476397144,5.373515476397144,2021,PL_2021,58.275440185346035,34.191923938853286,0.7665941984192524,0,18.304484963197137,1.1144057695643839,0.1543454510064601,0.3122003009567623,0.05859083979508391,5.331146884654872,6.271673122530289,4.387335743047123,44.73413238119815
PL,2021-10-04,277,NA,NA,NA,49.20677561354334,0.1535244047780428,6.413748774931747,5.9045974138705795,5.9045974138705795,2021,PL_2021,61.74293584178066,37.12149762550196,0.8660582442279615,0,17.682427863136194,1.0776790561827094,0.14354181796124027,0.2909454237052222,0.055584630703010694,5.853951312558211,6.80344085793812,4.926276752011272,44.929655403808056
PL,2021-10-05,278,NA,NA,NA,54.64961346713721,0.17875671058398357,6.287502359361001,6.829717956078702,6.829717956078702,2021,PL_2021,68.22352232839101,41.70441288795043,0.9906466753110731,0,17.63066321597689,0.9583686801903752,0.12946315384220275,0.26840774242066034,0.04833986143738248,6.765738423251047,7.699283059427122,5.80954424920063,44.54624168871704
PL,2021-10-06,279,NA,NA,NA,51.943156555544626,0.20047612046601687,6.071680481416708,6.2126421326701475,6.2126421326701475,2021,PL_2021,65.62214642144377,39.55311384055367,1.1209763608177283,0,17.36546060605842,0.7899108870863989,0.12922497322373516,0.27254375702206396,0.047060134458157606,6.145395921473373,7.099769038368989,5.201967764552083,39.57369018310735
PL,2021-10-07,280,NA,NA,NA,46.28385529504468,0.21632143641616408,5.566770390508346,4.550071001164038,4.550071001164038,2021,PL_2021,61.0781339974784,33.36069371049679,1.2919278634066425,0,16.899403518359346,0.656827114166711,0.13542852024506052,0.29009507723911754,0.04929589079161889,4.5054214038483,5.429157146347681,3.5768009120265725,26.32699501182888
PL,2021-10-08,281,NA,NA,NA,41.49438766166205,0.25125661175219294,5.27561354814692,4.288176705030569,4.288176705030569,2021,PL_2021,54.2062203585497,30.327237931693237,1.4794113984795039,0,16.163376160956595,0.4462399507532431,0.14069883051827595,0.3016217241169462,0.050419666435716895,4.261101348320645,5.186991549368967,3.3438156426980243,36.06542702159157
PL,2021-10-09,282,NA,NA,NA,42.15158772639831,0.2682462782482144,4.973286470370759,4.648304436688792,4.648304436688792,2021,PL_2021,54.368531934148315,31.03810509136775,1.7113265502780348,0,15.653536549311593,0.36420254317279044,0.13329330549795987,0.29166066630798526,0.04729767818818012,4.628913979542525,5.5507711994407405,3.6876078919838386,42.98078300190348
PL,2021-10-10,283,NA,NA,NA,43.72360687098645,0.2972054385962468,4.680415239474808,4.438005592601251,4.438005592601251,2021,PL_2021,57.78359239181109,31.480732929670477,1.925946492087086,0,15.453436234361721,0.22288012642774158,0.12297220880103624,0.28299200364232197,0.04207708300446235,4.403991781116854,5.319303657632977,3.4764630499385727,30.4763041333908
PL,2021-10-11,284,NA,NA,NA,40.05571461665162,0.33981673558723774,4.21455566464156,3.8602172067956593,3.8602172067956593,2021,PL_2021,53.19122984044777,28.65314605293627,2.2597195401870427,0,14.689660562576872,0.07212409179651802,0.12413162825157123,0.2843757524007744,0.04261794448586768,3.846107148937028,4.794520636407815,2.925411050663583,33.7511834315995
PL,2021-10-12,285,NA,NA,NA,42.881015747163254,0.364384120124592,4.263945119941537,3.560016713629519,3.560016713629519,2021,PL_2021,58.56769178282185,29.539005349227743,2.665873116671162,0,15.116747918091868,0,0.11579901635747031,0.2721094614241082,0.03749114820383026,3.5262706494334766,4.457152353072622,2.582499647769429,19.88323411700178
PL,2021-10-13,286,NA,NA,NA,37.723199935165574,0.382955796969903,3.8721693742862553,3.6399661383467814,3.6399661383467814,2021,PL_2021,49.73186022018884,26.727175626419193,2.972024458824367,0,13.930626396171666,0,0.12085827182599727,0.2827232332793773,0.036785483558972966,3.645924556230516,4.560297096645533,2.708403105287201,38.622894326327845
BN,2020-07-13,195,4.2528966201,1.8513195686600001,168.60963995965002,3.6489502624,0,30.119183907399997,NA,NA,2020,BN_2020,10.061325559888202,0,0,0,112.25525539955639,0,NA,NA,NA,0.81046334856052,4.996459327324252,-3.34030184487734,59.20710138281628
BN,2020-07-14,196,NA,NA,NA,3.0201488228552598,9.364453454412808e-4,12.146255973612767,NA,NA,2020,BN_2020,4.856886471315752,1.6242608165281731,0.0732331872221903,0,27.796797999562504,3.389339097921759,0.7563694162794556,0.8771199950010118,0.5277927617542258,0.735238074188443,4.976018331850782,-3.4520530953461854,60.35492057164835
BN,2020-07-15,197,NA,NA,NA,3.3115926865072844,0.010682337074059342,11.278012122773493,NA,NA,2020,BN_2020,5.286213439738498,1.8153066548206573,0.09075037640703953,0,26.206488360006393,3.1524743324407942,0.7287382726509167,0.8646077194759005,0.4989412768569802,0.7876099611748195,4.994615684994387,-3.456537945560298,59.52701246165799
BN,2020-07-16,198,NA,NA,NA,3.5637522963968746,0.02135629693325093,10.846917509851487,NA,NA,2020,BN_2020,5.652568636420343,1.984516691152987,0.11231974964250102,0,25.04253891123057,2.9748764975545927,0.7143477752645353,0.8515068948991592,0.4793818845126405,0.7694551857762149,4.950775400334528,-3.462541473935212,58.838657637935754
BN,2020-07-17,199,NA,NA,NA,3.866483375156785,0.031465405280657915,10.42102876771142,NA,NA,2020,BN_2020,6.079580746444396,2.158875312771577,0.13121606725379964,0,24.433884344177844,2.911811931394309,0.6960819581426727,0.8398691592080368,0.4587074821309065,0.7589183623112401,4.9219140615488115,-3.474944830416527,52.02449829353568
BN,2020-07-18,200,NA,NA,NA,4.160840185086174,0.04280376467643149,9.881428552486735,NA,NA,2020,BN_2020,6.5289558461440595,2.4224418019447826,0.14816263490578205,0,23.201225910427414,2.564121095758576,0.6732664557879648,0.8263862278730263,0.4244290994591689,0.8029033551739044,5.123194470346639,-3.3982642728407138,56.717991472202755
BN,2020-07-19,201,NA,NA,NA,4.497998187271564,0.05175064168350682,9.505380912596262,NA,NA,2020,BN_2020,6.9098721510353425,2.662826412372555,0.1668024696214971,0,22.080392151617662,2.496070953579142,0.6519322376139223,0.810754799772545,0.41198007662290265,0.8180132227733514,5.106093245043994,-3.487192358841105,58.30922898121408
BN,2020-07-20,202,1.9409918793,0.47597712286000005,170.65918770945,2.4751589384,0.06869367400000001,42.889443198799995,NA,NA,2020,BN_2020,4.237940234882792,0.712377641917207,0.2602307588941522,0,182.41962473990577,0,NA,NA,NA,0.8290755777174161,4.973561499318507,-3.3021779421734916,57.978603030925946
BN,2020-07-21,203,NA,NA,NA,5.290238927556512,0.06951851967394077,8.434003734356967,NA,NA,2020,BN_2020,8.111305308381246,3.1186597572197985,0.19622709128291482,0,20.53120326108098,2.169327888360638,0.6043272818027556,0.7775840372232891,0.3607228792375079,0.9186670713289702,5.167689695923902,-3.2874404254334912,57.17190403120325
BN,2020-07-22,204,NA,NA,NA,5.812770006674171,0.07417599937453509,8.056390171275115,NA,NA,2020,BN_2020,8.813729470107335,3.5243272151812195,0.21152097313067736,0,18.880884139874816,2.0978448036227104,0.5735459928254842,0.7554691819973662,0.3360991704258691,0.938544509888043,5.214181696913943,-3.3275991689143547,53.19989308006186
BN,2020-07-23,205,NA,NA,NA,6.2012845881081216,0.07904310624502708,7.4909402975154755,NA,NA,2020,BN_2020,9.452534111661727,3.7935902726524575,0.22363756940747737,0,18.38799649948645,1.6363197631327093,0.5421095529729982,0.733924021621004,0.30352773610111056,0.888371946910776,5.14879703293049,-3.3798593061926727,40.422161046480475
BN,2020-07-24,206,NA,NA,NA,6.763282510456294,0.08101740751869238,6.784047454719893,NA,NA,2020,BN_2020,10.112654776762263,4.193693602145332,0.22127173077515971,0,16.94303649848857,1.3810043650888275,0.5120795740959215,0.7066067088135224,0.2745757799945854,1.0210866580017486,5.332525114829932,-3.290135949652683,58.266003246751055
BN,2020-07-25,207,NA,NA,NA,7.342804376369553,0.0830318949061832,6.581860487039592,NA,NA,2020,BN_2020,10.953333184429916,4.6023954197110974,0.22401176701727393,0,16.47507760556874,1.4999038130582085,0.4934443982315147,0.6905922074383937,0.26819228027617537,1.1340596732115227,5.348464882703997,-3.1636866958313106,59.27963735289483
BN,2020-07-26,208,NA,NA,NA,8.036325854855157,0.07940326115406482,6.141590629370032,NA,NA,2020,BN_2020,11.805092004375645,5.030789155211002,0.22014330847195307,0,15.077613333701454,1.1177591705252943,0.4561286284199553,0.6560204180805687,0.2341851318190482,1.1763001238184776,5.615918583313863,-3.1006551070266437,58.882524242834
BN,2020-07-27,209,7.2758357913000005,0.19949893646000003,4.555200345449999,6.3723114374000005,0.2901709334,3.8531201420000003,NA,NA,2020,BN_2020,12.767424808587586,0,1.56190112046685,0,20.74016372545186,0,NA,NA,NA,0.864988773876876,5.074827347091683,-3.3437381780938193,57.908573418565595
BN,2020-07-28,210,NA,NA,NA,9.338578064853653,0.07828203375636145,5.148916584243867,NA,NA,2020,BN_2020,13.809742721551686,5.907705457237238,0.20752417761036407,0,13.016743116293876,0.7968646058620785,0.39271384195488684,0.5956908355244726,0.19997000260058975,1.3148364038569222,5.738181564988751,-2.9550961271021334,51.5408103595931
BN,2020-07-29,211,NA,NA,NA,10.13161675351415,0.06833299882728572,4.711144297354794,NA,NA,2020,BN_2020,14.849103826925548,6.542983350649642,0.19776142224882354,0,11.939626375251066,0.6532068121692252,0.36608880060321425,0.5631897327394593,0.17255256161161708,1.2471118861191939,5.639864407366191,-3.0121466514581563,46.04795566153713
BN,2020-07-30,212,NA,NA,NA,10.9139811119872,0.06067500574518303,4.1060114593102455,NA,NA,2020,BN_2020,16.06480263246103,7.079229438674165,0.1804643073590314,0,11.063726948101895,0.3585080309031303,0.32658679438613336,0.5293960374279333,0.15217496296578248,1.4609311517584147,5.897978703305709,-2.8903327334891555,57.0836565377061
BN,2020-07-31,213,NA,NA,NA,11.998769850569088,0.0505207294341434,3.7903256783800274,NA,NA,2020,BN_2020,17.454791089823377,7.722954998785619,0.16641238240735687,0,10.34403647014581,0.28330632466145156,0.2967777571363678,0.49905666797226966,0.13605836266596094,1.633740750684261,6.191404904163344,-2.854127355051471,57.65184634497956
BN,2020-08-01,214,NA,NA,NA,13.12725356112309,0.04490238857840362,3.4618092206429014,NA,NA,2020,BN_2020,18.949973640450384,8.416388702679336,0.155385748530727,0,9.456530518811345,0.17430609089727334,0.27206761748160635,0.4632402320390021,0.12185641931573052,1.6152395393609917,6.125320231253466,-2.828935410402201,50.184260492722686
BN,2020-08-02,215,NA,NA,NA,13.997859945361126,0.03566724523079151,2.9146834828384587,NA,NA,2020,BN_2020,20.43922039245816,9.111567400682697,0.13941541808337127,0,8.51433160457494,0,0.2376235814644336,0.4234066842815272,0.10172439065611284,1.7779981967959748,6.35263503591629,-2.69841017057247,54.52993199365731
BN,2020-08-03,216,6.1523556619,0.27553157126000005,1.24935339725,16.7904138972,0,1.8140571745999998,NA,NA,2020,BN_2020,50.436030850065315,0,0,0,9.764513283254537,0,NA,NA,NA,1.8107260511329517,5.986209096329004,-2.314208538099429,53.4140994615315
BN,2020-08-04,217,NA,NA,NA,16.353073461589087,0.02341478776987152,2.2950420623175023,NA,NA,2020,BN_2020,23.573420712137708,10.842301489047934,0.11344785685057213,0,7.146626336913826,0,0.19224400638488381,0.356570225481479,0.08062232282696308,2.029292033963883,6.95411100926099,-2.539861535854946,54.6714555059758
BN,2020-08-05,218,NA,NA,NA,17.920155163934037,0.015607681534871007,1.946364393211685,NA,NA,2020,BN_2020,25.502491167656245,11.628960215831734,0.10015844918042247,0,6.503158664524827,0,0.16964019722084117,0.32403901414867076,0.06907074851993344,2.0867888961349754,7.002573221770383,-2.380643770448762,53.562571275998785
BN,2020-08-06,219,NA,NA,NA,19.052750993505313,0.011637264602750552,1.5411122708087697,NA,NA,2020,BN_2020,27.241122942305875,12.513013276600018,0.08803219466398932,0,5.780840243712587,0,0.14775329734828696,0.29003736948915054,0.05955683778979174,2.156713988107503,6.988960556789675,-2.5085546090561284,47.189452673872466
BN,2020-08-07,220,NA,NA,NA,20.685687919389625,0.005162248566122116,1.3818642340658407,NA,NA,2020,BN_2020,29.40112810112333,13.580756748515538,0.07834976924930309,0,5.268024414313171,0,0.13435354225433382,0.2686602372902376,0.05347450325296228,2.3662490973043466,7.209943624712522,-2.2648186849059706,49.31460506562301
BN,2020-08-08,221,NA,NA,NA,27.109062119492126,2.639375021326468e-4,1.0872837688506558,4.568004287762606,4.568004287762606,2020,BN_2020,36.268412288043486,19.195330390032236,0.06881148256959341,0,4.778544538665692,0,0.09815272545439774,0.206787001667681,0.037804162461225706,4.4870532448970994,5.40239760630147,3.572603975730722,53.1614255071195
BN,2020-08-09,222,NA,NA,NA,30.311281258709695,0,0.8614114256012675,4.888616929669434,4.888616929669434,2020,BN_2020,40.284299873254106,21.54253157342937,0.060019508315079406,0,4.213413019661694,0,0.08419173041188047,0.17671307108322587,0.03268180464090059,4.79218830078579,5.719351925446246,3.8709733437032074,41.320400971660035
BN,2020-08-10,223,7.4270999921,0.19949893646000003,0.6667030174499999,29.927565884,0,0,5.497177069366405,5.497177069366405,2020,BN_2020,44.950928782681245,14.904202985318749,0,0,0,0,NA,NA,NA,5.381269321286122,6.308310239800216,4.459363043756048,54.088687779710774
BN,2020-08-11,224,NA,NA,NA,36.59293389690936,0,0.4656988638964914,5.766801960497106,5.766801960497106,2020,BN_2020,47.19527353129436,27.030094638106146,0.04655174511607399,0,3.361267364693592,0,0.06219010089590234,0.13217612096906958,0.02362728441707228,5.673788236251761,6.615291602777542,4.747144185667597,53.49985784973731
BN,2020-08-12,225,NA,NA,NA,35.69119795034427,0,0.23084722425877224,5.005368049391923,5.005368049391923,2020,BN_2020,46.99918890102216,25.693195772547966,0.044366225112661195,0,2.97745635483798,0,0.057432080858547785,0.12932499171860454,0.02186741866902915,4.929522393802958,5.859026740751254,4.0086680726361985,41.288990461382696
BN,2020-08-13,226,NA,NA,NA,35.00072162150674,0,0.09799616330596761,4.814275035309268,4.814275035309268,2020,BN_2020,45.666318011364446,25.681474532271096,0.039572411263188334,0,2.7419285251541665,0,0.055868397750173104,0.120612731652537,0.02095571679338692,4.76173830134036,5.699813048152463,3.8176526934967154,52.13581472285398
BN,2020-08-14,227,NA,NA,NA,37.55132779471034,0,0.06158102966878376,5.101984679100625,5.101984679100625,2020,BN_2020,47.834384232669315,27.845918289251866,0.03489565749602211,0,2.334766928751607,0,0.050317548040921437,0.10690812462600649,0.019785474819533733,5.048249476169734,5.982994788473731,4.091797913974116,54.8835305923244
BN,2020-08-15,228,NA,NA,NA,40.5373199370648,0,0,5.5031663710958725,5.5031663710958725,2020,BN_2020,51.63800437970287,30.320907357602504,0.03557806672225686,0,2.1068090583050254,0,0.04334893949025997,0.09717357246476968,0.01610431357598765,5.449399384366012,6.380048811298185,4.5205594044829365,54.515007394286
BN,2020-08-16,229,NA,NA,NA,42.7410397591276,0,0,5.626046277726014,5.626046277726014,2020,BN_2020,54.37053814033404,31.991901869770334,0.03397498321865716,0,2.0158450824999936,0,0.04042550853217123,0.08779962214908718,0.014957708729099989,5.572046270401048,6.506750656151091,4.625429542067664,49.90417313525748
BN,2020-08-17,230,NA,NA,NA,44.18265699578032,0,0,5.7658169438424425,5.7658169438424425,2020,BN_2020,55.852437582478274,33.47570751570366,0.030891160333823997,0,1.792851105084618,0,0.03729561728842896,0.08156514880193255,0.013881163335238384,5.708343059942593,6.63166806093394,4.765143682399656,52.515614172139145
BN,2020-08-18,231,15.2038002407,0.19949893646000003,0.6667030174499999,44.223164473999994,0,0,4.56281121095317,4.56281121095317,2020,BN_2020,74.40493568897308,14.041393259026906,0,0,0,0,NA,NA,NA,4.559370105472394,5.480257748363398,3.647184132020124,52.02355272258185
BN,2020-08-19,232,NA,NA,NA,46.16132749953487,0,0,5.640396759048869,5.640396759048869,2020,BN_2020,58.5605037932796,35.037899510656914,0.02910695151079387,0,1.5250426412185436,0,0.033484506067779696,0.07352697564507579,0.012816561387433544,5.594058188319076,6.536358558936816,4.644891054302621,46.84612450754782
BN,2020-08-20,233,NA,NA,NA,47.699643782664445,0,0,5.862252392419372,5.862252392419372,2020,BN_2020,59.692801572152895,36.358545452483916,0.029501798353646233,0,1.3890934075462367,0,0.031175238841404634,0.06880282302300915,0.011869940977317372,5.812083876649924,6.780975309576878,4.843853715068464,49.99587132028301
BN,2020-08-21,234,NA,NA,NA,47.03671416149769,0,0,5.717091166648022,5.717091166648022,2020,BN_2020,58.7041606769879,36.13313764321572,0.029146171836744547,0,1.3374838405604468,0,0.03142920143452067,0.06781686667051381,0.01226359780559448,5.683824641840372,6.641083972075237,4.747540601295002,53.32320070724712
BN,2020-08-22,235,NA,NA,NA,49.16564712035112,0,0,5.858984775306513,5.858984775306513,2020,BN_2020,61.74746753668575,37.40810037992529,0.02898709369942923,0,1.2870749269455506,0,0.029399161152213048,0.06503464147608608,0.010703920189876585,5.81075643851938,6.762169473736382,4.859732635698682,47.746263111391045
BN,2020-08-23,236,NA,NA,NA,49.26037246345444,0,0,5.824668086147669,5.824668086147669,2020,BN_2020,61.639008584734825,37.7452959886397,0.0319837100867157,0,1.1939003385000229,0,0.02945033455319456,0.06379345738332699,0.010938066080685344,5.776164019106538,6.686894758101649,4.845257481018664,48.54120238627117
BN,2020-08-24,237,14.7038578189,0.19949893646000003,0.6667030174499999,55.246011575999994,0,0,3.8130761460251836,3.8130761460251836,2020,BN_2020,103.91167963697487,6.580343515025129,0,0,0,0,NA,NA,NA,3.87697457342966,4.791911451210408,2.961804341023069,43.362197882091735
BN,2020-08-25,238,NA,NA,NA,35.246306504214836,0,0,2.790221124870607,2.790221124870607,2020,BN_2020,45.905164799394804,25.627757241078083,0.03142434184471733,0,1.1328378126665926,0,0.03822813774466123,0.08395984927389145,0.014554235506659085,2.8232830940797053,3.7590279792455337,1.8979843609334186,43.672215674389086
BN,2020-08-26,239,NA,NA,NA,48.10069424060345,0,0,5.598702523336618,5.598702523336618,2020,BN_2020,59.9015535742631,37.10407122704359,0.03228438188927077,0,1.1611058444251978,0,0.029586036589337818,0.06386457286423261,0.011168333962463993,5.570124244983797,6.5006939442928795,4.612667461332381,53.085171245904554
BN,2020-08-27,240,NA,NA,NA,46.75797182146437,0,0,5.428895567717168,5.428895567717168,2020,BN_2020,58.997623965400265,36.21373761667338,0.03531101863958122,0,1.1175509266470192,0,0.03011956831856791,0.06389993917397596,0.011867268876906036,5.400009121491184,6.331934465109136,4.478156144488856,53.09209834543891
BN,2020-08-28,241,NA,NA,NA,49.01620650386918,0,0,5.712185401649296,5.712185401649296,2020,BN_2020,61.14024601682649,37.60498775077062,0.03583422795614455,0,1.1805266838536945,0,0.02824195727918373,0.06307403728647697,0.010780378469237729,5.680420083804529,6.623953498298562,4.7431899946548555,52.5669641266456
BN,2020-08-29,242,NA,NA,NA,46.76657200522302,0,0,5.359569355434065,5.359569355434065,2020,BN_2020,58.25880210410011,35.91167041450494,0.03438711029779265,0,1.1725386216369347,0,0.029711863269682653,0.06452874277029247,0.011100769881302746,5.337199774575145,6.296825599439858,4.402650113884876,54.22494476490944
BN,2020-08-30,243,NA,NA,NA,44.77894581352401,0,0,5.0877555509474774,5.0877555509474774,2020,BN_2020,56.18659895877,34.239211184000396,0.034586728519075446,0,1.2037068668024786,0,0.031157406667605497,0.06849189525537656,0.012068756794687992,5.079238377650922,6.022231665681561,4.141147542492414,55.132981272531886
BN,2020-08-31,244,NA,NA,NA,48.59461993886931,0,0,4.011786563969573,4.011786563969573,2020,BN_2020,63.881285169234154,34.85288894649465,0.03341110055917182,0,1.2628146410906553,0,0.029618527144512713,0.066536733590501,0.010874707317007327,3.969912549268562,4.904796557315014,3.044883257161936,20.90771133646358
BN,2020-09-01,245,NA,NA,NA,41.33369810436245,0,0,4.413656136410242,4.413656136410242,2020,BN_2020,52.677287536587976,30.920440566881805,0.03594750128574417,0,1.2214065809360353,0,0.0338127456922962,0.07421272846037288,0.012641921275048438,4.410473076872983,5.336817932018691,3.480546568450145,53.224824495842256
BN,2020-09-02,246,11.5549532477,0.19949893646000003,0.6667030174499999,39.095726594,0,0,5.003949065077416,5.003949065077416,2020,BN_2020,65.08472060035133,13.106732587648667,0,0,0,0,NA,NA,NA,4.950026132118629,5.86785146788229,4.039131896965736,50.75947976948487
BN,2020-09-03,247,NA,NA,NA,46.903484359836305,0,0,5.413260268187313,5.413260268187313,2020,BN_2020,58.692220656872855,35.66612829646342,0.03555048480854081,0,1.3319550240742593,0,0.03083112831007141,0.06869014419971571,0.01104913255592916,5.384043517479316,6.327490345934001,4.447831495524272,52.66776855622264
BN,2020-09-04,248,NA,NA,NA,47.983564234795445,0,0,5.751896938955295,5.751896938955295,2020,BN_2020,59.586074607205184,36.65857703180911,0.03722943434686972,0,1.3067480619466667,0,0.03046000274469004,0.06652613595936903,0.011490940574199552,5.709987706079428,6.6412978398953175,4.783730863791478,54.4327215162828
BN,2020-09-05,249,NA,NA,NA,46.883669215317845,0,0,5.417085692408098,5.417085692408098,2020,BN_2020,58.78608942509828,35.95622964711899,0.036375636777164336,0,1.3920215899174413,0,0.031658474260839856,0.069742648573513,0.011957181827326803,5.3996726286069965,6.333883502700118,4.4748139560494895,50.989254063549424
BN,2020-09-06,250,NA,NA,NA,47.61125823304312,0,0,5.665431398542517,5.665431398542517,2020,BN_2020,59.88273854589327,36.50540011662792,0.036826387679679176,0,1.5344658537827098,0,0.031483544829119185,0.07174555456165554,0.011565353528791105,5.628367576169595,6.570751404560736,4.692148333297336,53.44433451524031
BN,2020-09-07,251,NA,NA,NA,35.84094993852801,0,0,1.9199626892142996,1.9199626892142996,2020,BN_2020,48.38788412896844,25.266369490839573,0.03696509241989804,0,1.5472004183991857,0,0.0403217290308041,0.09384340384254634,0.014979527511917489,1.9528301703061612,2.8890777086332786,1.0163912458896969,24.776226521607967
BN,2020-09-08,252,NA,NA,NA,40.10387894615439,0,0,4.449247336667475,4.449247336667475,2020,BN_2020,51.11128030252415,29.934710368331498,0.03813732897524441,0,1.55086022626906,0,0.036745646047158353,0.08322073025893767,0.013393484227568402,4.450148176070236,5.3660617033816855,3.5073204398623936,55.27538505492217
BN,2020-09-09,253,NA,NA,NA,41.0667034644458,0,0,4.6003169963684005,4.6003169963684005,2020,BN_2020,51.8288827086422,30.757025918687457,0.03776930719087984,0,1.6066792011086584,0,0.037034949961083224,0.0836783718289869,0.012944224027728032,4.5902966830891,5.546906978984196,3.6357581442966014,54.44192678581427
BN,2020-09-10,254,NA,NA,NA,42.795377638851704,0,0,4.977086315353873,4.977086315353873,2020,BN_2020,54.265126916105295,32.45192366418418,0.03985640056631269,0,1.685402169678825,0,0.035468388404417336,0.08127015330067136,0.012629278293141215,4.960408015220448,5.89007082006165,4.028580214636295,54.18771611763304
BN,2020-09-11,255,NA,NA,NA,43.61822527583876,0,0,5.169839527919687,5.169839527919687,2020,BN_2020,54.89943524995144,33.18865257717052,0.04034748312021304,0,1.8141285122456505,0,0.03487871084842346,0.08297210270377858,0.012068284576378732,5.145018732894395,6.075342859611411,4.182197856131434,54.12752506794997
BN,2020-09-12,256,NA,NA,NA,44.1052811857653,0,0,5.289247286127256,5.289247286127256,2020,BN_2020,55.8325811997643,33.637604667702185,0.045102064757162635,0,1.7959937553850587,0,0.035334904316706564,0.08097344482479901,0.012627364936380163,5.259749109422618,6.184266406093925,4.339441717970936,53.46738005053608
BN,2020-09-13,257,NA,NA,NA,39.319372494283606,0,0,4.417611524513763,4.417611524513763,2020,BN_2020,50.43212535518099,29.27893787275413,0.045129415008698076,0,1.8416147339320461,0,0.03899249897873634,0.09159179102227671,0.013476285877281183,4.412744017734406,5.345179890579651,3.474781434586306,54.01611284455346
BN,2020-09-14,258,NA,NA,NA,35.89322184762438,0,0,3.689029899358184,3.689029899358184,2020,BN_2020,46.47389073256989,26.153611559989507,0.0488239670817463,0,1.9130971148993603,0,0.043720882207907166,0.101024063291484,0.015056714622346621,3.698754651372031,4.629208681605239,2.746285219949929,53.15419577497278
BN,2020-09-15,259,NA,NA,NA,38.098805635532415,0,0,4.113134141813321,4.113134141813321,2020,BN_2020,49.10386565226708,27.98123388678781,0.052590959351466654,0,2.0142029551141305,0,0.041456618483425245,0.09872940623018395,0.013953332393570038,4.107991393114322,5.035844542656437,3.1400016210770683,49.21826322633558
BN,2020-09-16,260,NA,NA,NA,39.18733027378271,0,0,4.497566873460695,4.497566873460695,2020,BN_2020,50.48732689781923,29.04721939118136,0.05373975283346988,0,1.9553201101951503,0,0.03983717887182271,0.09444395683903087,0.0135287470823186,4.472404893811069,5.375772423196461,3.567776759523581,51.55960693468323
BN,2020-09-17,261,NA,NA,NA,38.15242850308932,0,0,4.273665853120807,4.273665853120807,2020,BN_2020,49.2686183010215,27.94917949283091,0.05636427320899903,0,2.0298612007858803,0,0.041909355291485595,0.09984053847029636,0.013436815360422655,4.256814736423555,5.1823331512760245,3.3373594315387747,50.9312937169114
BN,2020-09-18,262,NA,NA,NA,36.800344466914815,0,0,4.000783747676689,4.000783747676689,2020,BN_2020,48.03959700852891,26.98873728493755,0.05782947061340005,0,2.09889324155766,0,0.043629003719181686,0.10330884775964613,0.014943794172840287,3.9965612179108794,4.951128585453838,3.0722555448205338,50.19409988864896
BN,2020-09-19,263,NA,NA,NA,32.368461614214546,0,0,2.0659346048044105,2.0659346048044105,2020,BN_2020,43.506841892660866,22.862658956951893,0.059561326476642334,0,2.1770860729678954,0,0.048665709010328795,0.11857892640313891,0.01640067101314126,2.0949422579155623,3.0403300251230214,1.181969140087659,31.16949377202974
BN,2020-09-20,264,NA,NA,NA,33.823986885921336,0,0,3.2655537484071324,3.2655537484071324,2020,BN_2020,44.68335240698048,24.437347000156034,0.06103375113939763,0,2.3263490726309066,0,0.04692269823705031,0.11504241657776787,0.015495029422167553,3.2740629087886495,4.195962717758632,2.351168721056346,44.51334727915084
BN,2020-09-21,265,NA,NA,NA,39.11163242056113,0,0,4.501194825072353,4.501194825072353,2020,BN_2020,50.67385548437214,28.56568096670439,0.06484453814344085,0,2.259486483635477,0,0.0423233638402295,0.10162829600299787,0.01455378648450991,4.474940847201362,5.403120643981623,3.5660848398929255,46.592756688120765
BN,2020-09-22,266,NA,NA,NA,36.04578900166558,0,0,3.735169777833599,3.735169777833599,2020,BN_2020,47.17598271950116,26.298175141976945,0.06709896351954442,0,2.4013504628552957,0,0.04648301752991306,0.11213075958113283,0.015370964684601224,3.7221245262252642,4.647441726083679,2.804127976756001,43.387193868248055
BN,2020-09-23,267,NA,NA,NA,36.2147470642446,0,0,NA,NA,2020,BN_2020,52.15108078603739,23.951861298277024,0.0645903017400277,0,2.417776867413856,0,0.04573574630053448,0.11582716396227316,0.014743218487493777,3.6490160331855384,10.166031990506985,-1.5675351394137274,44.79027805011495
BN,2020-09-24,268,NA,NA,NA,34.79109599358611,0,0,3.141852486639587,3.141852486639587,2020,BN_2020,46.1368460831179,24.801849020438908,0.0657503740141441,0,2.357273333214708,0,0.04807127942314539,0.11394679068832796,0.016334684189816474,3.1346417332076717,4.068228018714621,2.2284307285944633,34.08236026716649
BN,2020-09-25,269,NA,NA,NA,34.32774213682253,0,0,2.5922162669904574,2.5922162669904574,2020,BN_2020,46.345636877467435,24.160927041195944,0.06783709241271063,0,2.5251089319540143,0,0.05051014491902094,0.12060485654847683,0.0172972989376404,2.594404395029806,3.529773041046724,1.664494928266078,25.331030718535494
BN,2020-09-26,270,NA,NA,NA,32.424828880988194,0,0,2.7083800297815106,2.7083800297815106,2020,BN_2020,43.16944238566634,23.024267047273273,0.06974844995434912,0,2.5577346131453225,0,0.053943889229567915,0.1297053714105216,0.017743765919642933,2.7178347861536114,3.630886871870292,1.803618059444389,35.23927852254382
BN,2020-09-27,271,NA,NA,NA,31.679710743211498,0,0,3.0749325623892774,3.0749325623892774,2020,BN_2020,41.729173278614155,22.803957963484063,0.06844462605134424,0,2.5402987584541115,0,0.054751022335736366,0.1297582284129356,0.019358443559742408,3.087788215442334,4.01952509335932,2.1681753266862653,46.859719429388385
BN,2020-09-28,272,NA,NA,NA,32.92392594982991,0,0,3.541077037427099,3.541077037427099,2020,BN_2020,43.1679091430899,23.781081522731878,0.06698759781235641,0,2.633412903953634,0,0.05473231553238388,0.12714491655370627,0.01905343570040871,3.5346561215634518,4.477068478202817,2.601850265380633,48.58044101955543
BN,2020-09-29,273,NA,NA,NA,33.50441925833514,0,0,3.699921069204038,3.699921069204038,2020,BN_2020,43.71344462004175,24.358904561931435,0.06525808252324455,0,2.7390004123492946,0,0.05382163962958582,0.1251398863310261,0.018700933570685366,3.6863557594290857,4.5892066411964745,2.779623080964276,49.242491121633115
BN,2020-09-30,274,NA,NA,NA,33.00555325708536,0,0,3.7445986937485483,3.7445986937485483,2020,BN_2020,43.5849858598346,23.924021857322103,0.06444346728295508,0,2.758433167932901,0,0.05605472905490848,0.13079057122652993,0.02009888332217388,3.728245998845111,4.65396043275145,2.801694998226007,48.69437425966105
BN,2020-10-01,275,NA,NA,NA,31.624362917233487,0,0.05482474226686884,3.4417836305343976,3.4417836305343976,2020,BN_2020,42.08589514675968,22.52380637518459,0.06093333633730805,0,2.652807969808682,0,0.05961010566400918,0.13328356444269487,0.021131282319615283,3.433562963820525,4.395274509188437,2.4842385604713697,45.77649004211976
BN,2020-10-02,276,NA,NA,NA,32.45046167694826,0,0.10973536185778654,3.6753253051885717,3.6753253051885717,2020,BN_2020,42.49969628893295,23.02947827122766,0.05840207201968636,0,2.8387065061891703,0,0.060860110819719676,0.1339811531835043,0.021733449843111333,3.656748837736073,4.584800279379952,2.722480337665122,47.02649867139141
BN,2020-10-03,277,NA,NA,NA,31.734033333032013,0,0.12592530034139804,3.6453962971320197,3.6453962971320197,2020,BN_2020,41.803968442758425,22.841439440443647,0.058198487701516866,0,2.850170984748773,0,0.06122695462855371,0.1367688612276789,0.022548742143651476,3.6347083229619193,4.570558333879674,2.7070826663099434,46.675814346274414
BN,2020-10-04,278,NA,NA,NA,30.771256595836316,0,0.20804587869492241,3.585107516340144,3.585107516340144,2020,BN_2020,41.162768818286516,22.058664174048058,0.05370265793359033,0,2.8900754762871377,0,0.06511943020721017,0.1410068294248772,0.024640662341083117,3.563936132890785,4.495061413875832,2.597801243962814,46.743416627085146
BN,2020-10-05,279,NA,NA,NA,30.516989884547066,0,0.2334468849039668,3.606901634980417,3.606901634980417,2020,BN_2020,40.4813760291155,21.732899585260494,0.0516080219494669,0,3.1218045415413136,0,0.06748379857630321,0.14779927267006712,0.025566268896462203,3.5835928527742835,4.502548689647413,2.637899278808437,45.66278721697325
BN,2020-10-06,280,NA,NA,NA,30.075425597559164,0,0.3263970052573959,3.669823643089742,3.669823643089742,2020,BN_2020,40.039246750406114,21.670969211635892,0.049726694062183316,0,3.157520172060393,0,0.06938476286054303,0.15031489507905232,0.02623015057609575,3.645026065092623,4.5678658156264556,2.727476949695175,44.66975477667427
BN,2020-10-07,281,9.6787115831,0.19949893646000003,0.6667030174499999,49.57302763,0,0,3.7109305775339174,3.7109305775339174,2020,BN_2020,85.0287328561933,14.117322403806705,0,0,0,0,NA,NA,NA,3.7589189376871954,4.670416851780356,2.8483702151957995,45.38330556109881
BN,2020-10-08,282,NA,NA,NA,27.992069537760354,0,0.43870906061162707,3.462330643272843,3.462330643272843,2020,BN_2020,37.390257907206646,20.068733317732505,0.04735683617940524,0,3.399395447542387,0,0.07635442606163004,0.16580481172928954,0.029793622331813936,3.4283015510590786,4.340813964920298,2.5188161288403745,45.205230157827785
BN,2020-10-09,283,NA,NA,NA,26.49741138360992,0,0.571982421138999,3.128699056882546,3.128699056882546,2020,BN_2020,35.84408127627556,18.69948131235468,0.048756754246897197,0,3.620024190566284,0,0.08422193333346693,0.1780456999065116,0.03292675697259617,3.103183741453657,4.030621238916798,2.1762511006769936,42.94319730742562
BN,2020-10-10,284,NA,NA,NA,25.001305657224798,0,0.6522553809311957,2.5234884336161554,2.5234884336161554,2020,BN_2020,34.3359756426238,17.29352361368006,0.04588389136264144,0,3.8221933390123373,0,0.09165439320944095,0.1932224392823431,0.03509677555468919,2.5116009115192712,3.4320791530155623,1.5798077652660951,31.292640025008104
BN,2020-10-11,285,NA,NA,NA,24.357504020151016,0,0.741945708854149,2.2932793911947935,2.2932793911947935,2020,BN_2020,33.75276023857909,16.55155876434461,0.04201005828818967,0,3.9162667480734075,0,0.0971807800053226,0.20232529787438278,0.03838325249190655,2.2792493521769477,3.2036345995298166,1.3429635920845062,25.17463222980211
BN,2020-10-12,286,NA,NA,NA,23.870346518414824,0,0.7845336799763327,2.351573340230184,2.351573340230184,2020,BN_2020,33.05103457142203,16.31882021886257,0.04257196306036905,0,4.173594666868459,0,0.10071370089386603,0.20948663285942504,0.03769484760193373,2.3278932361407203,3.252740111491074,1.4169777901914198,23.409301171645684
BN,2020-10-13,287,NA,NA,NA,21.479280205898828,0,0.815975712753803,1.364679242452794,1.364679242452794,2020,BN_2020,30.203798286579325,14.510640563269481,0.040708642166711495,0,4.142820532955664,0,0.10975988442348106,0.22378580118030542,0.042832094015032296,1.3697679030028156,2.290195405683481,0.4439525307368006,17.925223194344834
BN,2020-10-14,288,NA,NA,NA,21.142939793975092,0,0.8871431447310107,2.1668968175510424,2.1668968175510424,2020,BN_2020,29.486689599850973,14.27555757550466,0.03950897885925109,0,4.349103036791654,0,0.11419350647954904,0.23575338484598002,0.04449661555134539,2.144473829741525,3.0792066089080947,1.2153356642199868,29.466600508909693
BN,2020-10-15,289,NA,NA,NA,19.988685819978713,0,1.0065668067822222,2.0097529689027445,2.0097529689027445,2020,BN_2020,28.170083350345507,13.350919818105227,0.04153480271745602,0,4.543898421354202,0,0.1225844670428115,0.2488440731904445,0.04938459193537689,1.994590516350319,2.9149572128814976,1.073949851650229,29.321096546687212
BN,2020-10-16,290,NA,NA,NA,18.927151844131277,0,1.1695040633022162,1.4718167006596612,1.4718167006596612,2020,BN_2020,27.108408589645002,12.762843898051582,0.03862610415882754,0,4.924213605923976,0,0.13294934841194261,0.2689683273737067,0.052868444963431085,1.46089185719886,2.37711789670875,0.540126463500611,17.239764326461895
BN,2020-10-17,291,NA,NA,NA,16.87224989497638,0,1.2336702238852966,0.542960501603894,0.542960501603894,2020,BN_2020,24.24730259751422,11.09688597668479,0.03892006864439604,0,4.963078829658022,0,0.14844759463709079,0.29547722747252736,0.06021361141332736,0.5786365496790411,1.5040956507818282,-0.3470021365452908,21.145831636430156
BN,2020-10-18,292,NA,NA,NA,16.961520106148644,0,1.2793274786358526,0.6956993886374042,0.6956993886374042,2020,BN_2020,24.33258001618645,11.137095671213958,0.03968669202240058,0,5.059995714881282,0,0.14903538908688127,0.29540687830255985,0.05876371583965661,0.6991300881739335,1.6244897839613226,-0.2292707676368388,13.632318562953408
BN,2020-10-19,293,NA,NA,NA,16.41674400379812,0,1.3100141545517325,1.195547875456662,1.195547875456662,2020,BN_2020,23.135559672783852,10.819518534582242,0.040050725794208736,0,5.286848653028903,0,0.1580708565434867,0.31114747946903337,0.06496821911449632,1.1942467505303629,2.125688448819279,0.26445825213756735,20.75142894618381
BN,2020-10-20,294,6.2051484249,0.41135370006000005,6.03586257265,12.4499026204,0,2.6121215494,1.2928059198026622,1.2928059198026622,2020,BN_2020,20.069094785431297,4.830710455368704,0,0,12.72780238358369,0,NA,NA,NA,1.2824337456190011,2.2087737267718808,0.364069896857567,30.298829676665864
BN,2021-06-22,173,9.4603082979,3.7963718714600003,62.242915641450004,14.450888028,2.3912543622,97.32333014800001,4.786063057785543,4.786063057785543,2021,BN_2021,22.35915441283706,6.5426216431629385,5.6584344503744175,0,211.39769331463359,0,NA,NA,NA,4.680809503481627,5.602293912111836,3.772851683683447,60.53253172421003
BN,2021-06-23,174,NA,NA,NA,17.32255104457217,1.7752524358384894,143.91068095172957,4.778651217906644,4.778651217906644,2021,BN_2021,24.80949306271932,11.50105332025428,3.6217800655787404,0.7323342140767956,259.0520850051928,61.56438069958228,0.8674226031144255,0.933455548123712,0.7195322195957758,4.739470607346533,5.648865346965321,3.818826398568858,59.24917509444267
BN,2021-06-24,175,NA,NA,NA,18.0481702136439,1.923674557839227,141.37406223989188,4.783867490448566,4.783867490448566,2021,BN_2021,25.409887733973072,12.022352215056744,3.813029021142929,0.8275321361141977,254.4142735326419,60.77258075134174,0.8626880427785111,0.9302146497349854,0.709609065292619,4.7383515012882285,5.672788933111139,3.8045075977255247,57.50378803412789
BN,2021-06-25,176,NA,NA,NA,17.966852890125683,2.025117722315456,118.46937617617654,4.119085657405621,4.119085657405621,2021,BN_2021,25.321241427030245,12.061209955913236,4.0095558345667275,0.844599485642261,224.3604300140668,47.91287762907937,0.8388958287084571,0.9200632604389556,0.6645859497081467,4.089817593872713,5.006168458362343,3.150874056150785,52.61439170623883
BN,2021-06-26,177,NA,NA,NA,18.618786369358002,2.12692669403422,125.32821445736326,4.529520663457541,4.529520663457541,2021,BN_2021,26.244331209052508,12.576842431048526,4.324956020081266,0.9121231066630745,227.73865331622872,53.11517902344352,0.8403095281159259,0.9195828625913792,0.6725001027557311,4.50492775757483,5.418448972692863,3.5672569508611307,61.14666586700575
BN,2021-06-27,178,NA,NA,NA,19.860007333752844,2.3014972088184114,132.4078467364469,4.848415300171945,4.848415300171945,2021,BN_2021,27.803950358317664,13.314773383809253,4.650396583618652,0.969205571733193,241.13728082783982,55.765633305661716,0.8392459650622217,0.9188870069873759,0.6719170633590466,4.8117629612968,5.742866437956928,3.8821717438970302,60.921547672722184
BN,2021-06-28,179,NA,NA,NA,22.18207981441787,2.4727136841271067,173.55998648057832,6.1037439133356175,6.1037439133356175,2021,BN_2021,31.07237004814557,15.0728098940956,5.061696674476246,1.0550069096626973,298.3586155553479,78.31282291879658,0.8603269082168873,0.9279171131234125,0.7131244615740793,6.032166957099092,6.968477905620876,5.124118627307943,61.564149095574535
BN,2021-06-29,180,NA,NA,NA,23.22563893780028,2.7359587598619,172.91725587717997,6.251423308756911,6.251423308756911,2021,BN_2021,32.07159519353688,15.88448528593531,5.481242129274402,1.1403342849827793,300.34886623212174,76.92900910525118,0.8551185327560368,0.9253558110109527,0.6992456103439426,6.1878461444506145,7.11838129954933,5.2597412392224765,62.4199235555136
BN,2021-06-30,181,NA,NA,NA,23.698635128340914,2.88898499969222,161.79291943748444,6.116573390686287,6.116573390686287,2021,BN_2021,33.03007458652139,16.18249831269193,6.012378061044128,1.2128260401196922,287.41562138493225,68.16886331896207,0.8420223466852201,0.9195599519598993,0.6733107987476961,6.058504192359758,6.9988269653642625,5.122637515389998,62.36980532475192
BN,2021-07-01,182,NA,NA,NA,23.115909811626818,3.1651884432448365,136.2056837478435,5.296824107466402,5.296824107466402,2021,BN_2021,31.911756431946745,15.914537832621713,6.585676122716434,1.3301133389377253,251.79130047024637,55.25933162345764,0.8206379761112674,0.9077397100753507,0.6298704207389823,5.250530302072592,6.185402288848099,4.3155915335074155,55.765963153304035
BN,2021-07-02,183,NA,NA,NA,24.128742205736852,3.4777811051301257,134.17834488644766,5.516485481687946,5.516485481687946,2021,BN_2021,33.00208312370149,16.633053217252893,7.429462302419886,1.472102279558118,245.4029000587207,56.77106647213693,0.8122980192621319,0.9016641504401969,0.6261430264098802,5.470572412703619,6.392750022594738,4.546799929670146,60.89580919791462
BN,2021-07-03,184,NA,NA,NA,24.8610348934248,3.959740713926456,131.47561063952895,5.674180888606996,5.674180888606996,2021,BN_2021,33.86547417120591,17.142938349343385,8.240527387235995,1.651280017828308,241.0827402802044,54.721660912353705,0.7973170152963434,0.8959742681331214,0.6052598166413844,5.63021588833122,6.556030918139799,4.714193396413935,66.59030727311189
BN,2021-07-04,185,NA,NA,NA,25.83854814421831,4.480260993852185,134.30458898885442,5.664133957606752,5.664133957606752,2021,BN_2021,35.280150724382544,17.866162217712336,9.476432855004214,1.9122719347589836,248.75298474811396,55.32850992524762,0.7913669638223112,0.8927042413284542,0.5947944137705281,5.621822463573233,6.545708626425486,4.717471780532987,57.42422524852205
BN,2021-07-05,186,NA,NA,NA,26.425698774542287,5.141185754330475,128.17182647286788,5.833845545454007,5.833845545454007,2021,BN_2021,35.68899350183759,18.29137543490619,10.91858368574738,2.1283623194313717,236.701726667824,51.91301431554446,0.7790716141286883,0.8853656236432784,0.571097061135799,5.797919103695579,6.714375473726322,4.8464361051575136,65.76919327158382
BN,2021-07-06,187,NA,NA,NA,28.83786623243517,6.022708279886765,146.00772714361025,6.658708566912579,6.658708566912579,2021,BN_2021,38.76573309329441,20.07652278548639,12.79215138994237,2.5742822384455266,265.48273702403884,61.18599786268111,0.7822088286187374,0.8872477917385784,0.5769234760529514,6.600141987375675,7.532477880696345,5.667882173295738,66.41313248061839
BN,2021-07-07,188,6.9659744273,2.60532569446,103.88230383145,13.84908827,3.5971491648000002,136.072962434,4.193353912084227,4.193353912084227,2021,BN_2021,30.41822878103972,0,5.6326702467508625,1.5616280828491376,297.1652419176472,0,NA,NA,NA,4.119890101174706,5.039847383528324,3.1973465290016088,43.05088810593082
BN,2021-07-08,189,NA,NA,NA,30.748598849452915,8.153571775026832,144.10121130390095,6.944186779510286,6.944186779510286,2021,BN_2021,41.294376578691576,21.490863740018515,17.2875637630149,3.4580165777835163,264.40208611151775,59.70831727482993,0.7587157207976312,0.8733751811080718,0.5447586086081779,6.88881822845624,7.832727288983002,5.9523643492345215,66.9215802223697
BN,2021-07-09,190,NA,NA,NA,33.892348097593064,10.109284416051272,169.76103040556433,7.69751810384887,7.69751810384887,2021,BN_2021,45.34690990611485,23.748971085117983,21.26279608593723,4.261216485137422,308.9079269973877,70.6430482938514,0.767227819094766,0.8786820277195118,0.5520348250793103,7.619512461756975,8.567650940163496,6.681403039992541,56.149261832896144
BN,2021-07-10,191,NA,NA,NA,35.78051454230762,11.962398899298746,170.1873742513001,8.280450180425886,8.280450180425886,2021,BN_2021,47.53617478637773,25.012220150917827,25.102926226326552,5.116730622398015,308.5821312941983,73.21469094947096,0.7511815485849863,0.8705642391690798,0.5356273387301609,8.213356887481837,9.146328049381358,7.266466610651914,67.29765189498335
BN,2021-07-11,192,NA,NA,NA,38.02737740816202,14.743302787652793,181.8032310075976,8.891569201352059,8.891569201352059,2021,BN_2021,50.79150871298331,26.662169471536195,30.473205273817268,6.192055967228568,328.24780608305724,75.53639951834293,0.7455509081028249,0.865879726472438,0.5239416339146673,8.816996813481715,9.739005507238385,7.88827975294591,67.02592996303545
BN,2021-07-12,193,NA,NA,NA,40.61043898996242,18.001136642677853,203.93778079320435,9.66033528791229,9.66033528791229,2021,BN_2021,53.94983761023503,28.668265699245307,36.845758915974464,7.830347569164929,355.3287749557973,89.71301072335667,0.7460979018186296,0.863982439712163,0.5344017786468751,9.57373212714166,10.539840957582534,8.615873419759714,66.88885069572794
BN,2021-07-13,194,NA,NA,NA,41.10028662174074,21.1708874393831,202.37953394797356,9.832992880248609,9.832992880248609,2021,BN_2021,55.36475232870668,29.164996613494967,43.91849406341588,9.321999736407399,359.4216445412534,88.28809890462351,0.7333827708729701,0.8575795415060279,0.505534078218969,9.74943931650106,10.681961207349739,8.81863379059348,65.63566228397774
BN,2021-07-14,195,NA,NA,NA,43.23441070550411,25.707704917836786,196.8671295266876,10.131722198259569,10.131722198259569,2021,BN_2021,56.859103447109966,30.036376388830732,52.229928230914965,11.138760218729365,354.7687687693883,83.19947413264362,0.707872820472963,0.8443657033373264,0.4758641630091636,10.05101747562843,10.98680914102932,9.11292894691422,66.39371100721625
BN,2021-07-15,196,NA,NA,NA,40.683062463607136,29.61934805081628,163.4912082400401,9.337613680456045,9.337613680456045,2021,BN_2021,53.490674332341015,29.035989567848702,58.0516178097957,13.42575920602472,305.68542007633306,66.46451666415817,0.6653655513877678,0.816811953392961,0.4190141453285578,9.264826415449587,10.19522662267972,8.329608770080801,66.10860918015563
BN,2021-07-16,197,NA,NA,NA,38.17613070791091,31.65260489154357,136.67985774510228,8.55731738739579,8.55731738739579,2021,BN_2021,50.77491549088386,27.073512372502083,61.55871776250752,14.24370399863061,263.25773389437256,53.8183353907455,0.6287230956459819,0.796203813161648,0.3769208359678552,8.496398169619852,9.44253964365212,7.532693923877189,66.07663402090206
BN,2021-07-17,198,NA,NA,NA,38.27113615660324,35.87268147428206,132.67826926006978,8.54045624538609,8.54045624538609,2021,BN_2021,50.91086600846284,27.03326062364826,67.41956910242338,16.2242790862033,254.02679975155522,55.90557332422976,0.6084165091957419,0.782194877736679,0.3704837671263219,8.490020736248477,9.45696453252093,7.5296331174615485,66.50925277791697
BN,2021-07-18,199,NA,NA,NA,38.06909996263833,39.48523430581142,130.15474465971786,8.542908241092556,8.542908241092556,2021,BN_2021,50.774599680935204,27.313056677554485,73.27979066432185,17.81420126937803,247.42222399052883,51.79020312033867,0.5950152782279674,0.7678240915660008,0.3470189852435346,8.486968648218776,9.435920201075186,7.563083660326147,66.18010804004534
BN,2021-07-19,200,NA,NA,NA,28.631783869514262,30.35504989584382,78.4506181436561,4.3131774038561375,4.3131774038561375,2021,BN_2021,38.73185992790027,19.903029489063123,57.55238599637523,13.829084538499044,157.4538979573824,31.797743295078494,0.5436772037417985,0.7328842043064976,0.30578184357219057,4.330023097204801,5.265268728122748,3.4162882378463997,43.888150731167514
BN,2021-07-20,201,15.1700108683,16.89425535126,105.99864821745,30.637987686600002,60.607502494,240.65835789199997,7.261974055685454,7.261974055685454,2021,BN_2021,61.228917494903435,0.04705787829656183,112.57781055765209,8.637194430347927,458.7361268520231,22.58058893197686,NA,NA,NA,7.230438359595689,8.153183402378687,6.302377249018217,47.35080653159513
BN,2021-07-21,202,NA,NA,NA,34.08196099971972,39.77469123216622,97.77320026189425,6.573510666027111,6.573510666027111,2021,BN_2021,45.50339853014298,23.983240021828735,73.32114511990083,18.37164815203168,195.48730615407823,37.74097210756377,0.5438046271894452,0.7344359006711829,0.29361717988622055,6.556040843727233,7.502533049264344,5.592559170927757,50.96185900236423
BN,2021-07-22,203,NA,NA,NA,35.373066565756424,42.376749090324964,102.61044331470367,7.462907976990557,7.462907976990557,2021,BN_2021,46.67364474596687,25.12756748704656,78.49649974401177,19.598060362367743,203.44009981326855,40.92493402688959,0.5380217077607599,0.7321358603878491,0.2956498080829702,7.444671490168222,8.377927672026878,6.509718597454134,66.04868325183175
BN,2021-07-23,204,NA,NA,NA,34.90869179991379,42.714819703384066,98.6796732072,7.382084671072016,7.382084671072016,2021,BN_2021,46.362463528710855,24.870117808164636,77.88829523488168,19.593446042848193,193.39185476441267,39.42521125634715,0.5310399160161263,0.7222548222504165,0.2932377822865259,7.356794063438767,8.289208775077208,6.406916946954343,66.83182852721835
BN,2021-07-24,205,NA,NA,NA,38.18123593278066,44.9398917097173,111.40813656570425,8.265439212882203,8.265439212882203,2021,BN_2021,50.22437488039202,27.24257812005683,82.97927874780778,20.499473858450152,219.98252517276586,44.231396151511376,0.5411847882360485,0.7363240987196309,0.3016326797265191,8.227913511909144,9.155054230792405,7.294009849964766,66.47428867867848
BN,2021-07-25,206,NA,NA,NA,37.887665384254866,43.64147150379138,108.69158967073999,8.12709175660784,8.12709175660784,2021,BN_2021,49.9705635963972,26.886128210150794,80.74408211681609,19.767967938967985,210.64344265888104,43.8881661742362,0.5395565555471997,0.73080544639609335,0.3017967703685295,8.086496506708865,9.030305741695198,7.1368304299111465,65.79214019088015
BN,2021-07-26,207,NA,NA,NA,35.903834567334684,39.019042952495724,97.90738650510565,7.373319140656393,7.373319140656393,2021,BN_2021,47.64192694594274,25.574541084177675,71.85149838415211,18.282306904457787,197.23066404243016,39.59169736649243,0.5362025609877146,0.7314183529508445,0.30149223489900934,7.3445588119500425,8.271108198106758,6.416705862687695,62.34321456532136
BN,2021-07-27,208,NA,NA,NA,36.39215315525094,35.69094535712673,101.04402926930636,7.370592634174124,7.370592634174124,2021,BN_2021,48.01184767538703,26.03984350603591,66.7742539663163,16.455753717504166,202.41090758672655,40.686368735705045,0.5506968308756319,0.7433661475183052,0.3128778986447264,7.341958677693995,8.264960955606359,6.41115700194537,61.26986837329209
BN,2021-07-28,209,NA,NA,NA,33.590364822510814,31.12195617723708,89.90432794569884,6.420805344975725,6.420805344975725,2021,BN_2021,44.669287523501964,24.321918303730037,58.948274638417345,13.997341856442782,178.44866618394784,35.200291344635865,0.5472286352714348,0.7354112431451959,0.31084408172554706,6.401284456748742,7.3258724239889474,5.478006888556176,60.11913918845802
BN,2021-07-29,210,NA,NA,NA,42.914755021927,34.469573831340995,123.31788379669666,8.142123804855839,8.142123804855839,2021,BN_2021,56.53672991583039,30.483584446921608,66.64741262627282,15.401203559872313,242.42274115245328,48.36744686652192,0.5811772384656095,0.7614021925287087,0.33242927131482025,8.068696913178698,9.02215339212187,7.117326318186583,41.8212343860152
BN,2021-07-30,211,NA,NA,NA,45.56830938912534,32.18983116721451,140.46947783537158,9.66774835120709,9.66774835120709,2021,BN_2021,59.035559434156966,33.10803241684717,62.28884682006061,14.019137446668102,266.5631007662933,56.658022705449795,0.6127013985847402,0.779012821412594,0.367286147628041,9.589425238063722,10.51098647181836,8.657786070808077,63.84103522801465
BN,2021-07-31,212,NA,NA,NA,48.25153834681985,28.890580037292757,151.2841107509626,10.226270302898742,10.226270302898742,2021,BN_2021,62.70804143596829,35.17674906655815,57.4378218782679,12.64495417274049,293.0755577017725,60.114717026013814,0.6257924230101449,0.7958917788714217,0.37550978498316007,10.13200466523351,11.077235387811625,9.204502134832373,63.17975296314895
BN,2021-08-01,213,NA,NA,NA,31.649838139878344,19.036007824071373,78.56824389749126,5.056796552371128,5.056796552371128,2021,BN_2021,42.126762221025196,22.324631126944947,37.21894129605724,8.338893422531246,161.559534305523,29.875541183007055,0.5787032925802411,0.7574326684438752,0.332094066476567,5.052077127030757,5.975082173371807,4.1396869719434335,48.087495520881696
BN,2021-08-02,214,NA,NA,NA,32.34325583047313,17.26504565849718,79.11806027042768,4.711363811915385,4.711363811915385,2021,BN_2021,43.61487703453464,22.778017607520816,33.77211911583302,7.495271291617805,164.88872270700804,30.615601297604375,0.5857836806219954,0.7647434350403627,0.341468415081739,4.700932083913196,5.619809772809108,3.784413874836846,35.95279702601274
BN,2021-08-03,215,12.1986505499,24.98195814086,23.54358498625,26.018990782400003,15.625205129400001,84.9734850516,7.910878038443068,7.910878038443068,2021,BN_2021,69.55804939367964,0,67.32596428189922,0,373.19370518998835,0,NA,NA,NA,7.724660623416298,8.644051540984988,6.8056953352194105,59.937847260020725
BN,2021-08-04,216,NA,NA,NA,34.4598351680734,13.142938682115133,86.36521187161165,6.103127452398528,6.103127452398528,2021,BN_2021,45.11298928687909,24.708025759052862,26.80954537395597,5.717475968158674,173.0849024357133,32.86420844972378,0.6112343788405269,0.7801451151260685,0.3696686930054216,6.069894390453094,7.032159141617762,5.137143034936615,59.67454976596035
BN,2021-08-05,217,NA,NA,NA,28.377625232812303,10.57806960393473,67.46359819528833,4.130747038799792,4.130747038799792,2021,BN_2021,37.75146770035631,20.32759454159351,21.440197486010902,4.571847504345278,135.63413346513212,25.696891201713438,0.6076842583539269,0.7738487005112142,0.3636489344789895,4.154428563940695,5.078218357454347,3.207308427653841,56.27426131569446
BN,2021-08-06,218,NA,NA,NA,32.07371962401509,9.329434791512009,75.77652623847219,5.215414182108584,5.215414182108584,2021,BN_2021,42.23067070271176,22.880343202692604,19.50337360175008,3.9991723805124972,154.92231014757945,29.93780503382433,0.6217164455065629,0.7881077279248481,0.3794281860971756,5.210298249567297,6.128718687822645,4.264693862045128,55.94073610769324
BN,2021-08-07,219,NA,NA,NA,32.40066545124238,8.013550709877263,75.06434965228935,5.331675604688196,5.331675604688196,2021,BN_2021,42.374142887542114,23.366463030419958,16.906302943326075,3.4073418418183175,156.95042211903151,28.65525065512215,0.621331397285571,0.794423221002325,0.3767963336213737,5.30972950845999,6.231952895996799,4.3748961811110005,58.387525774020745
BN,2021-08-08,220,NA,NA,NA,25.84117791836773,6.360826428656153,59.06389349229409,2.2559350928076203,2.2559350928076203,2021,BN_2021,35.488099869652885,17.750913516313506,13.520342239243515,2.653907638831178,122.22696216596508,21.90552473357305,0.6174901604360126,0.7878153616489059,0.37945407045437096,2.2997501977609125,3.2372881415361845,1.3850097581547938,36.08465020790971
BN,2021-08-09,221,NA,NA,NA,32.22290987589245,5.779218012844637,74.05065468661034,4.973822289687158,4.973822289687158,2021,BN_2021,42.77015912519038,22.929305662382976,12.351527641664884,2.365800382794985,151.804719625823,28.66597807920851,0.6353639387094627,0.8014432829015333,0.3945021378973133,4.956064570063209,5.861041902083451,4.01684071410525,49.15001079024472
BN,2021-08-10,222,NA,NA,NA,31.541756713239163,4.8323189263484245,73.05728680789629,4.944263895305759,4.944263895305759,2021,BN_2021,41.65844783872307,22.45213719920235,10.863551272662614,1.9329141099959037,148.5720040941182,28.685456834518824,0.6430186637341199,0.8039660525970176,0.4053663196254107,4.939139364869502,5.843844722481248,4.035706355924716,55.53068347900466
BN,2021-08-11,223,NA,NA,NA,35.515796645550544,4.184283746402799,85.60097399252591,6.1628660730901625,6.1628660730901625,2021,BN_2021,46.92878534593438,25.85422665008686,9.811084143433048,1.646021860736055,173.56643642111845,33.21606263276691,0.6585388877648077,0.8147537000332872,0.41199645627316134,6.119177177688872,7.07508690829464,5.205895155600329,58.43851701335619
BN,2021-08-12,224,NA,NA,NA,43.472328677531884,3.750776944592617,108.87371320077638,8.05756867516977,8.05756867516977,2021,BN_2021,56.119909797604514,31.92202249170101,8.949995817050047,1.3928551823019015,214.86810793370537,42.54893525284716,0.6754634812933047,0.8259771046542319,0.43105735165465153,7.977408273595939,8.912668566223031,7.037448218832047,58.96624131564607
BN,2021-08-13,225,NA,NA,NA,37.51747914071169,3.0822545502100946,90.79986830142367,6.594074100569852,6.594074100569852,2021,BN_2021,48.69488012563306,27.05990553081151,7.553238641596096,1.0989719786306873,178.1604432924448,35.90249894687779,0.6659935418893292,0.8183089165750168,0.4306744429102616,6.543339579031517,7.48408700685159,5.620073002194362,59.044536413481346
BN,2021-08-14,226,NA,NA,NA,36.78110876856872,2.5597277520319293,84.41220543695617,6.296643025175613,6.296643025175613,2021,BN_2021,47.81057509926025,26.558700174063812,6.340602463397749,0.9157091817332074,171.46621766574034,33.002113024154276,0.6627048911658597,0.8212481771254839,0.41880593424461937,6.248207929476909,7.193936701968698,5.2906813029411275,58.798511412002206
BN,2021-08-15,227,NA,NA,NA,35.0273328216492,2.149662970431513,78.46498553524602,5.836088014327377,5.836088014327377,2021,BN_2021,45.975250640727474,25.139525327655505,5.585164787251481,0.7555553348020961,159.2552659176018,30.595667644977365,0.6586292925556538,0.8169150477776443,0.41508505212704283,5.794491316758556,6.720430152466932,4.864186642318326,58.16135510880252
BN,2021-08-16,228,NA,NA,NA,35.62915380251426,1.8185638156108586,78.03350846198563,5.904806220101584,5.904806220101584,2021,BN_2021,46.546959229088536,25.77918723885931,4.896686093959738,0.5978572531069961,159.49031251806946,29.951460591471818,0.6577030842370304,0.8144433286783151,0.4140697929170484,5.862696942920058,6.805975730063627,4.89310732185569,57.51039017061521
BN,2021-08-17,229,NA,NA,NA,28.155633975047174,1.5250975666224305,57.76531529109024,3.4343084231124372,3.4343084231124372,2021,BN_2021,37.708577406338215,20.166941650516886,4.090065935175274,0.511764923447149,120.13978513781308,21.67263015220151,0.64103751618614635,0.8025989031545944,0.40033653773334976,3.452765347968688,4.3928205002013545,2.520187003631399,49.66923873207995
BN,2021-08-18,230,NA,NA,NA,27.31791813786472,1.257186833153606,55.25876320460141,2.784123245831525,2.784123245831525,2021,BN_2021,36.887368539815,19.18530190830529,3.438061041335682,0.3953794199666514,113.81167996040229,20.05354791006459,0.6373566059118949,0.8034269841042837,0.3939996437387614,2.8168783364737164,3.754482538766781,1.8691403058371712,41.07894049066336
BN,2021-08-19,231,NA,NA,NA,33.37906367111814,1.0323459813477305,68.02657960071302,5.0479132234867805,5.0479132234867805,2021,BN_2021,44.28082736776282,24.104994040887206,2.9910885843509476,0.31517012800587063,142.65841076568861,25.922128909282506,0.6472673464075933,0.809195598309199,0.40637714221609367,5.019532711330861,5.945589489748278,4.094923773689857,50.36353313808487
BN,2021-08-20,232,NA,NA,NA,30.704872593777164,0.8879508791117975,60.2680824253641,4.12583176265631,4.12583176265631,2021,BN_2021,40.59924545416556,22.006558809204574,2.581240669147226,0.24605744822394826,121.31957472577946,23.024088731242937,0.6372062960386401,0.7998383664164539,0.3973951655458634,4.1224655896060165,5.051508982268372,3.1904024058241665,50.40258767657453
BN,2021-08-21,233,NA,NA,NA,29.311896847242057,0.7291843814771007,56.46504527942185,3.415971049369688,3.415971049369688,2021,BN_2021,39.486688552905704,20.56095965917342,2.210968303573645,0.20043007310714167,117.66162923386031,20.84251554509069,0.6383559979416751,0.8023934931884316,0.3897957854073327,3.4283196275918746,4.340171354029898,2.497737668644008,42.39020525095945
BN,2021-08-22,234,NA,NA,NA,29.137347880077765,0.6210934970970096,54.44685107792444,3.7894240842556064,3.7894240842556064,2021,BN_2021,38.68167945928595,20.66208310447439,1.9011960621248214,0.15535037236701876,114.74003981779136,20.36224457792913,0.6296936416849852,0.8004983545415009,0.39033182925709675,3.800968147961266,4.733359213784079,2.8796442449164035,56.28317680826917
BN,2021-08-23,235,NA,NA,NA,30.574964700318038,0.5168037964127749,58.1050997066731,4.231304141772425,4.231304141772425,2021,BN_2021,40.413758550275965,21.968513864194495,1.6216836642795562,0.12209368889932842,117.57409554793307,22.54636917903027,0.6405411686567545,0.7984468614765826,0.40040515303526747,4.231231921508346,5.1880112743782405,3.2739037208771946,57.21952070369305
BN,2021-08-24,236,NA,NA,NA,32.4623367268651,0.42912207304162864,59.315723572290985,4.802233813648483,4.802233813648483,2021,BN_2021,43.01435051265683,23.220233743984704,1.3490974045535746,0.0902953828584761,125.93795885117954,21.905550875251986,0.6304368281059042,0.799736539118109,0.38691043275073894,4.788900528762954,5.731272361198807,3.840414823992657,57.455471531456936
BN,2021-08-25,237,NA,NA,NA,34.531693062318524,0.3467091789975949,63.70400621789231,5.180133413580584,5.180133413580584,2021,BN_2021,45.10454783762551,24.96099556562704,1.1599529482722488,0.05933809446913174,131.2686083979816,24.222308960346798,0.637219019240174,0.8025612161265869,0.3978648540342278,5.154807479485413,6.088419646973789,4.212648234251725,53.13929351100822
BN,2021-08-26,238,NA,NA,NA,31.449805629895533,0.28206547954490035,57.88780983439755,4.148549575649614,4.148549575649614,2021,BN_2021,42.31177073370619,22.464219102796694,0.9487977774207522,0.04551538468444086,119.51645827511773,22.179064920899233,0.6350293339640214,0.8001980166409911,0.39738951491618585,4.133855234062876,5.073105525907454,3.2156077015717415,45.77487568047853
BN,2021-08-27,239,NA,NA,NA,35.386573852151606,0.23268144770560428,61.350806938010095,4.884537858128256,4.884537858128256,2021,BN_2021,47.1679446236406,25.430500276663526,0.8162163960455991,0.02484970614955366,129.1403249710743,21.862719118595045,0.6241033341954376,0.7943565264751392,0.3713924147761425,4.8546979432975945,5.7937359035538885,3.9166006110079237,40.96432378816257
BN,2021-08-28,240,NA,NA,NA,38.038954715379596,0.18419044721525935,64.63706768829489,5.776477125722883,5.776477125722883,2021,BN_2021,49.4945247746138,27.75798520312829,0.6757927089059009,0.010680082264741014,134.80944485429302,24.43337656332101,0.623493927791385,0.7927045236505456,0.37882206916490546,5.734121046761688,6.662619167461138,4.799179180800027,49.796418882485646
BN,2021-08-29,241,NA,NA,NA,35.849830604873866,0.14967020722976768,62.41378120502551,5.436870789015906,5.436870789015906,2021,BN_2021,46.911633672780994,25.918904543792237,0.574166574510166,0,125.80066762030904,23.230218602756167,0.6236233230514945,0.7936393212203743,0.3802905416600457,5.409270814830311,6.3414964132160305,4.471792854109889,54.03736004436367
BN,2021-08-30,242,NA,NA,NA,37.58101468070671,0.1222648212479967,63.82915989902171,5.8414889792345255,5.8414889792345255,2021,BN_2021,48.62173608845384,27.37687699606012,0.4846121887714119,0,130.92471149236815,24.02912209164658,0.6241394403481222,0.7913138916389018,0.37506168775398363,5.795656110962988,6.727540217223592,4.8582487837309065,54.68834487496249
BN,2021-08-31,243,NA,NA,NA,36.35301041824265,0.09493628718789732,59.7168919427339,5.501944305535634,5.501944305535634,2021,BN_2021,47.197694202686115,26.80548189065055,0.41459602631950676,0,122.10010442600063,22.214344651686922,0.6131784771868405,0.7853586464027522,0.37001214534990634,5.468572110077549,6.391084599691027,4.552502341211319,54.98829333751657
BN,2021-09-01,244,NA,NA,NA,35.950745023652594,0.07203397780764831,59.06156049532378,5.439282220450634,5.439282220450634,2021,BN_2021,46.976517559775374,25.924413411594685,0.3505265521583059,0,120.00633673000861,22.576007546988322,0.6156479278948094,0.7845032125077613,0.37519715838302187,5.395178805602283,6.321823211622319,4.480403956533536,56.169654481163285
BN,2021-09-02,245,NA,NA,NA,36.73100980071657,0.057905215543386956,57.39767496889273,5.5126903240565746,5.5126903240565746,2021,BN_2021,47.628197155047495,26.660137101129557,0.2943233788107104,0,119.36592570190588,21.443028233464485,0.6062809108690794,0.7776718481910829,0.36085534917375206,5.478147888431591,6.4255307527774335,4.553667548508581,55.0564379403964
BN,2021-09-03,246,NA,NA,NA,39.367173384815615,0.04482066182371461,59.38229826265375,6.169150416011679,6.169150416011679,2021,BN_2021,50.94834473251795,28.685210291955325,0.25883457714695185,0,124.21651904141957,21.793155814523526,0.5973215749052464,0.7749024140969866,0.3528362905201713,6.112593928022028,7.0497092009039735,5.156007003720694,54.44892252739934
BN,2021-09-04,247,NA,NA,NA,39.99126174774205,0.031108261175840007,59.287662781984615,6.175298243492397,6.175298243492397,2021,BN_2021,51.74829918358207,29.109077456279852,0.21226422493430486,0,123.09570282836624,22.376456443646884,0.595201509226685,0.7714310757727364,0.35220172513493075,6.110641477200168,7.059513509022677,5.184268283183034,51.684778918471025
BN,2021-09-05,248,NA,NA,NA,32.30057092622787,0.019723372309863013,47.99576079815562,NA,NA,2021,BN_2021,46.72795469363094,22.023181519627723,0.18019178505544542,0,103.93155974951844,16.900314915853865,0.5926464382649119,0.7705478371184064,0.3444173079210212,4.313429939090657,10.71714743295369,-0.9470306648297284,53.21952493557603
BN,2021-09-06,249,NA,NA,NA,32.53578633805487,0.012440213235623526,46.83242694521969,NA,NA,2021,BN_2021,46.56567262726454,21.599608615801355,0.15563611250968887,0,100.75081546005491,16.73413824987121,0.5880910050332652,0.7687226446105374,0.34001757639929675,4.23153139545705,10.480984141202073,-0.9925354525349767,52.01402548160674
BN,2021-09-07,250,NA,NA,NA,32.34791978603452,0.004436456489133392,44.93746480179255,NA,NA,2021,BN_2021,46.10215592636224,21.552842071046857,0.13427059577628103,0,97.44102139633677,16.37613182249808,0.5818930100243781,0.7625246077777228,0.3391912806082187,4.181118272370357,10.59440404469374,-1.0871265339243175,51.31418268919032
BN,2021-09-08,251,NA,NA,NA,32.711895011638696,0,45.13773302668133,NA,NA,2021,BN_2021,46.677067497686096,21.86773892329338,0.11243963403872093,0,98.15084734286758,16.0272386212723,0.5775454649831113,0.7636345764347469,0.33614709658651704,4.232099948661271,10.536359660715105,-0.9376097034868145,52.77336181498476
BN,2021-09-09,252,NA,NA,NA,32.67730811932848,0,43.93805608307873,NA,NA,2021,BN_2021,46.42539221522697,21.866646713589294,0.0991907759317473,0,94.19023042923976,15.638735177972297,0.5711622017136064,0.7576403045959657,0.32695373022821383,4.130951033916875,10.221004775057862,-0.9105730503387339,50.16254809704345
BN,2021-09-10,253,NA,NA,NA,32.7205336062158,0,42.29322079776728,NA,NA,2021,BN_2021,46.43197334558976,21.859141050278826,0.0852244424524872,0,94.09293443940496,15.283168887816402,0.5674642675554111,0.7547271299535404,0.3205937061069739,3.8482766812021536,10.020296593266412,-1.2798312481557648,44.14978305606352
BN,2021-09-11,254,NA,NA,NA,33.22785272925018,0,43.76615169298464,3.9576647916541075,3.9576647916541075,2021,BN_2021,44.3877998953815,23.707701448981386,0.07363215306900278,0,93.00440733834387,16.21908277409477,0.5701432112222251,0.7515057551535571,0.32726332630708677,3.944273815984502,4.870546896206608,3.018029806706382,36.302610154216545
BN,2021-09-12,255,NA,NA,NA,35.307009794416935,0,43.88547678814438,4.564988528966412,4.564988528966412,2021,BN_2021,46.887627313611574,25.251329459875226,0.0647652941875893,0,96.43999966785081,15.5263244508667,0.5551791870525157,0.7465315465733943,0.31057330542648875,4.535690188619878,5.4500432776493755,3.596532966184045,38.10372639724746
BN,2021-09-13,256,NA,NA,NA,33.21552834564133,0,41.188040821168364,4.336527604958942,4.336527604958942,2021,BN_2021,43.69613235594992,23.707685669791925,0.05768263290666992,0,87.83413968170622,14.756094770252073,0.5543735493501983,0.7430142701732019,0.31699910427109834,4.3200889916221765,5.25841029358601,3.4047867686000184,49.3061775478024
BN,2021-09-14,257,NA,NA,NA,33.58806745228153,0,40.795649843495546,4.394697407531883,4.394697407531883,2021,BN_2021,43.838170254474626,24.413212937923326,0.05027832538614872,0,86.45286847515523,14.387468510693058,0.5482983523536307,0.7344097133405878,0.30888404430393357,4.3786587297597555,5.304445433149662,3.447651353858043,48.0018324330756
BN,2021-09-15,258,NA,NA,NA,30.085754216690358,0,36.85899773832867,3.481262331554867,3.481262331554867,2021,BN_2021,40.50707332881952,21.428905452546733,0.04562485279831112,0,80.04657537258778,13.239772234300878,0.5545915994509738,0.7396102071099544,0.3134484767353952,3.492551379091492,4.3959835204374835,2.5807759362010665,47.75496767353238
BN,2021-09-16,259,NA,NA,NA,31.12817289359118,0,36.605618494942334,3.7496666374304164,3.7496666374304164,2021,BN_2021,41.34453918537684,22.175780020619758,0.04311422016626132,0,78.99363147629421,13.38883240997199,0.5453426627658964,0.7318174673943904,0.3110091593461288,3.7588240869629486,4.679478414651446,2.8420829935352883,51.51070957056654
BN,2021-09-17,260,NA,NA,NA,31.12805987788489,0,36.408214245618176,3.5915049219590034,3.5915049219590034,2021,BN_2021,41.12649951041107,22.2162684598179,0.0445045048349111,0,78.53935107638713,12.926252471671264,0.543695934589464,0.7342730324342218,0.3036785011547033,3.594161702214524,4.512684392119464,2.671380579671926,45.05569824367433
BN,2021-09-18,261,NA,NA,NA,29.76319954627923,0,35.14577995932583,3.2146850237614424,3.2146850237614424,2021,BN_2021,39.54476928482329,21.08422489751955,0.04441303100962654,0,73.6835676052721,12.228990870604378,0.5417719292050909,0.7297927965094655,0.3003165205089843,3.2266788049071593,4.136178737138873,2.302470729041008,43.67704715297879
BN,2021-09-19,262,NA,NA,NA,29.395721636234995,0,32.915758275136504,2.6734423052613447,2.6734423052613447,2021,BN_2021,39.443592087416256,20.893400566251703,0.0483710825350781,0,70.42207721848462,11.654620678252956,0.5299758324808492,0.7195958054404197,0.29730943803112264,2.696590652001526,3.619189758172209,1.7544261795854572,36.38516414107945
BN,2021-09-20,263,NA,NA,NA,31.32609521562298,0,33.716323120823155,2.5588979419292195,2.5588979419292195,2021,BN_2021,42.936300495771704,21.739066319142466,0.049127609089802834,0,73.21242987179487,11.912791897205526,0.5212433616463885,0.7158346881399622,0.28680775954978605,2.555386871720013,3.4790925470108407,1.6434542586393197,22.917488468183976
BN,2021-09-21,264,NA,NA,NA,30.05817812031603,0,32.26792694003976,3.460105225418605,3.460105225418605,2021,BN_2021,40.25164180190277,21.567360843422943,0.05507639344576731,0,71.18355984014013,11.333192214233142,0.5219328592879533,0.7154800304282021,0.2817300757370296,3.4653114255136073,4.380033032869832,2.5438252240641437,48.51764603446457
BN,2021-09-22,265,43.2085263087,0.5255367174600001,7.79704688165,47.835031674,0,23.933590228,3.1392179042587536,3.1392179042587536,2021,BN_2021,82.93891843568922,12.731144912310784,0,0,61.23829948270049,0,NA,NA,NA,3.2243987604823,4.145805636709843,2.303502607751805,46.59547871601928
BN,2021-09-23,266,NA,NA,NA,29.98676528812617,0,30.10277418996375,3.193333096785376,3.193333096785376,2021,BN_2021,40.173886893103976,21.54299044103802,0.0691374868314995,0,65.00133742824576,10.469837847491625,0.5071600057378828,0.7024244487021881,0.27313210112724223,3.2029893718505846,4.1174952881745535,2.2697270649386687,43.2633949171879
BN,2021-09-24,267,NA,NA,NA,30.500229697171203,0.004463957553009962,30.29969971697727,3.4565616041076126,3.4565616041076126,2021,BN_2021,40.55515141965346,21.627070317409395,0.08204123600041233,0,65.85605421951375,10.453496062479308,0.5032382513127679,0.6994770800715684,0.26764582989636637,3.462237683980215,4.396250083114894,2.5268721098897187,46.667841913680185
BN,2021-09-25,268,NA,NA,NA,31.08702626793895,0.011476140994434697,29.78675231329458,3.6240701720612805,3.6240701720612805,2021,BN_2021,40.92826664549312,22.398694355517307,0.09436562065664045,0,64.47820949315097,10.308873605093114,0.496010284197798,0.6902449023587296,0.2638684210690557,3.6168696171414942,4.563785953464714,2.683361827828563,46.36126527363011
BN,2021-09-26,269,NA,NA,NA,30.89618709019624,0.019323524761409416,28.01221655014898,3.5835212744400944,3.5835212744400944,2021,BN_2021,41.01882929423338,22.252972243882983,0.11203666585480201,0,61.70919690687135,9.60050900751867,0.48301338120412796,0.6848875665562842,0.2544066910422127,3.581092400929507,4.51393217211247,2.6618826511061853,46.210131330382175
BN,2021-09-27,270,NA,NA,NA,30.305235400708458,0.029424598075595443,28.32265690491447,3.378950799641505,3.378950799641505,2021,BN_2021,40.112305771566845,21.59163973580046,0.13324946441204458,0,58.854891765402556,10.065673482563842,0.48908014464195726,0.6803750625521825,0.25992910735209335,3.3888356459163997,4.323756539595724,2.4647090275212946,45.67426992228654
BN,2021-09-28,271,NA,NA,NA,31.03268724768974,0.04222441900490673,27.219852118266196,2.020970781818828,2.020970781818828,2021,BN_2021,43.09990150896837,21.577040747855303,0.16000386732158134,0,58.91194792962551,9.197478167328528,0.46899829558815403,0.6713162271474553,0.24628012953414263,2.020333303714976,2.9441040742933624,1.114075188003562,16.468444444734708
BN,2021-09-29,272,NA,NA,NA,29.73808511261422,0.05731201762029425,25.985850056668845,3.149868726963298,3.149868726963298,2021,BN_2021,39.394524939941526,21.25353302959259,0.19655116569542802,0,56.46270751967712,8.7489564925853,0.4747080689500126,0.6679470597599235,0.24738876819977287,3.1598276352044854,4.082043875334356,2.230243427121152,44.62019175109586
BN,2021-09-30,273,NA,NA,NA,29.435680618957928,0.07208482188537577,25.354951773567244,3.096157090271739,3.096157090271739,2021,BN_2021,39.21124014814139,20.92030217848796,0.23081148922202266,0,55.18555856734945,8.15612189789657,0.46970832802902907,0.6718765088018085,0.2411774936551506,3.107634166426492,4.053890476385929,2.1534962364247177,44.74007205524195
BN,2021-10-01,274,NA,NA,NA,28.468836707434587,0.09635834257703338,23.91894308340439,2.591707268645925,2.591707268645925,2021,BN_2021,38.51911224941866,20.07722413199767,0.2717416938557654,7.078311275577759e-4,51.427164780616025,7.858739876539115,0.46213969447246217,0.6578936291960483,0.2383187192855104,2.6077192323474954,3.523637817536519,1.6699572577976867,38.95650140406428
BN,2021-10-02,275,NA,NA,NA,28.787736179259095,0.1198631369163003,22.881660893149647,2.8487590634062485,2.8487590634062485,2021,BN_2021,38.18531800749789,20.436970573715985,0.31916629600673196,0.008559065445393393,49.83957978310589,7.773429262168239,0.45154072484393226,0.6502258917505146,0.23234278364261685,2.86855714718653,3.799659442305798,1.935448600762944,44.510664573073335
BN,2021-10-03,276,NA,NA,NA,29.70079161371068,0.15285053128179693,22.38125039753641,3.118342731269513,3.118342731269513,2021,BN_2021,39.43149257365863,21.165308334127367,0.38643628046808176,0.02294384663231798,49.08687398548223,7.611751576242664,0.43997217259800414,0.6425575625273925,0.22382158797194218,3.125777652420111,4.045567355873669,2.204474368747542,42.69116363663389
BN,2021-10-04,277,NA,NA,NA,29.304298759654376,0.18881692765464375,21.60252644286931,2.9924500494338173,2.9924500494338173,2021,BN_2021,39.08841112531014,20.824750994542377,0.46417524483537,0.041210341653043325,46.672293615538415,7.1541532422669345,0.43198024117939277,0.6304486328626148,0.22272115047648744,3.002577992346912,3.9437517341682433,2.0678978068640546,42.818782911682966
BN,2021-10-05,278,NA,NA,NA,28.294081862160258,0.2278512805479297,19.9442528120269,2.753331285650933,2.753331285650933,2021,BN_2021,37.83079667974726,20.08378614890282,0.5392023615442557,0.05777842542505557,44.279456836048205,6.5149380050254795,0.4237615680020124,0.6263143330842111,0.21023635318028921,2.770840676683335,3.6999237066032147,1.8427231589824737,43.00616209750011
BN,2021-10-06,279,NA,NA,NA,29.348199364309895,0.2871653210908618,19.677086730641552,2.7372223153959867,2.7372223153959867,2021,BN_2021,39.248808546489094,20.852905036453354,0.6495859514811608,0.08491689684729314,43.20331968326238,6.619164839140229,0.412769290412594,0.6141931292459303,0.20928690334631012,2.7506815771781117,3.6757313434544607,1.8289215666610767,36.673495784573866
BN,2021-10-07,280,NA,NA,NA,28.211152936446336,0.33653184105903716,18.340307185844512,2.0753648544645467,2.0753648544645467,2021,BN_2021,38.434428113797935,19.497434135965158,0.7582592349388487,0.1042558616796537,41.38823392399971,5.931573737946053,0.40568507010663446,0.6101603537926883,0.19863284778170825,2.106449097439911,3.0283073027212035,1.1660222763001002,29.843323980808048
BN,2021-10-08,281,NA,NA,NA,28.137373196937116,0.4052494108882394,17.033320950233886,2.2277385596643047,2.2277385596643047,2021,BN_2021,38.31517000169499,19.554752792358336,0.8954162324512623,0.13910105390191402,38.89543558576901,5.113413914238164,0.3860899238086382,0.5970637685749454,0.18551900540325758,2.253222417751094,3.1555803199409325,1.3411384993598123,34.09307318120576
BN,2021-10-09,282,NA,NA,NA,27.56950692246581,0.49839933734113073,16.619855495600707,2.306139257181222,2.306139257181222,2021,BN_2021,36.91567837725453,19.520178467404985,1.0713908782341068,0.17498880776281295,36.54480101205512,5.189250047476055,0.38636112812688245,0.5858317207164245,0.18731275899764604,2.3377344929663058,3.275364450660447,1.4087624736194895,41.448957413619894
BN,2021-10-10,283,NA,NA,NA,28.948336043942074,0.591332372101108,15.817426726141573,1.6776612347755784,1.6776612347755784,2021,BN_2021,39.58209776159173,19.938584148772154,1.264681205679513,0.21849515770602895,36.170960812531625,5.084876611344276,0.36064474983040123,0.5694349079047074,0.1788524274453488,1.7137920206794908,2.630913324541076,0.7829234124296143,22.45880015512181
BN,2021-10-11,284,NA,NA,NA,27.65393265718735,0.7165598469433178,14.253577480466252,1.7559854869350353,1.7559854869350353,2021,BN_2021,37.35101610646601,19.12260071329036,1.5154997081079165,0.27041620744064687,33.43161745282932,4.172862801570368,0.3539885487740516,0.5579057670802678,0.16731759368567936,1.8005015649082958,2.7256612522385746,0.8709676924722137,31.71067628356321
BN,2021-10-12,285,NA,NA,NA,26.780063076021314,0.8482773449029529,13.04753962989382,1.4437609952519,1.4437609952519,2021,BN_2021,36.68772122791281,18.613520832702118,1.7448335278622453,0.33658442346853834,30.90601137036187,3.695530201485647,0.3382832382375908,0.5504751859442829,0.1568052192651082,1.4908604665070155,2.4256630517461724,0.5694678694381111,30.89671149919853
BN,2021-10-13,286,21.4196418947,1.01529679486,5.80122140905,43.5218775682,1.3980850182000002,18.573436284,1.6005287821503034,1.6005287821503034,2021,BN_2021,96.56441436820481,0,4.299751887942917,0,71.71134831669174,0,NA,NA,NA,1.7105945549410522,2.630819630149032,0.785244342413789,35.64455039568262
