model,smooth_par,k.,edf,k.index,p.value
biofilm AFDM,s(doy),9,5.062514147629455,0.960740832224408,0.4375
biofilm AFDM,"s(doy, site_year)",120,33.96772790926332,0.960740832224408,0.4775
filamentous AFDM,s(doy),9,2.6358881309661033,0.8782090085451013,0.245
filamentous AFDM,"s(doy, site_year)",120,48.4606430457535,0.8782090085451013,0.24
biofilm chla,s(doy),9,2.325647957173498,0.9594621101097798,0.445
biofilm chla,"s(doy, site_year)",120,39.28916533926367,0.9594621101097798,0.4175
filamentous chla,s(doy),9,5.78628111712881,0.8476632627959887,0.09
filamentous chla,"s(doy, site_year)",120,43.5410905088573,0.8476632627959887,0.105
