site,date,doy,epilithon_gm2,filamentous_gm2,epilithon_chla_mgm2,filamentous_chla_mgm2,NPP,NPP_chla,year,site_year,epilithon_gm2_upper,epilithon_gm2_lower,filamentous_gm2_upper,filamentous_gm2_lower,epilithon_chla_upper,epilithon_chla_lower,filamentous_chla_upper,filamentous_chla_lower,frac_fila,frac_fila_upper,frac_fila_lower,NPP_mod,NPP_upper,NPP_lower,PAR_bc_Jm2
GR,2020-07-13,195,18.055649064328342,52.63466806180438,47.352687047009276,132.15823792454486,NA,NA,2020,GR_2020,27.868805339290144,11.71356110150475,109.30237154644813,16.840169803977474,68.82642854511512,31.991816601240213,265.7435406930682,49.97550421598946,0.7293157357326217,0.8683741269847305,0.4869931730227254,5.805188540137795,14.123329810506352,0.0451692254936464,33.74107206584687
GR,2020-07-14,196,18.894824424256136,55.89431563830444,46.827510693338795,119.10888839181236,5.746111115532759,5.746111115532759,2020,GR_2020,24.35165201937567,13.261864985968373,107.84312291951937,23.133384230857555,61.53908597321636,34.07110803930019,231.9250640293501,51.9635397168235,0.7411539401841637,0.8672914602921484,0.5224001639207053,5.764447048893671,6.6595510633776325,4.803846384627655,35.27072464347829
GR,2020-07-15,197,19.70074662837343,58.94632745218947,47.91505395780923,126.34784043301177,6.095075177752801,6.095075177752801,2020,GR_2020,25.539585537002836,13.872017097628005,123.63251971360731,23.756631883911034,62.84616666732652,34.90058458944546,249.24993807606037,53.64883486600922,0.7461981279485648,0.8728322854552109,0.4999293996847046,6.08916247272921,7.0227033855731955,5.14455765752462,34.55247928579093
GR,2020-07-16,198,20.01358494005474,57.43757487296738,49.51755841500945,131.8747054121595,6.416918514998095,6.416918514998095,2020,GR_2020,25.525528183207406,13.919049950611956,119.52774939790882,25.790172579679904,64.2317896960384,35.89418186454871,260.3517002438729,52.59798768507515,0.7343798166208804,0.876911921513041,0.5364172677328624,6.412398493704319,7.305842837097424,5.47915800646442,34.12305491855473
GR,2020-07-17,199,16.804866225794136,51.31660784997377,42.708488178841904,116.20973521033618,4.770576216023699,4.770576216023699,2020,GR_2020,22.65568171499968,11.857895223752678,106.2498923360252,20.067991914232767,55.90211396211457,30.346780563200355,217.96418176739888,48.16327687834165,0.7445232822260935,0.8744784458971759,0.51301455083495,4.790322366897884,5.695582379156187,3.8493479602311793,31.729018746206886
GR,2020-07-18,200,19.168359341230612,52.846845773958705,46.56593007477381,131.59974388949513,5.9692751762503695,5.9692751762503695,2020,GR_2020,25.352350341320804,13.519665004424038,108.20289011750654,20.78838594492061,60.73053306288168,33.49361669282861,249.0211443439772,53.20916288981204,0.7251881850208328,0.8635240172309954,0.5103960683069072,5.93702428537936,6.87615771289055,4.995896482828047,33.81548632038321
GR,2020-07-19,201,18.746965434363098,54.63693337031484,47.2754256332118,135.18641157287053,6.186758424413997,6.186758424413997,2020,GR_2020,24.91992568130384,12.647853243540158,114.52021829999873,23.907627410933323,61.8625900022439,35.07677539607298,254.0985399076068,59.68705023957473,0.738151266465187,0.8717975530205886,0.5424852389928613,6.169133103691044,7.134952636998382,5.22555371015521,33.68890292933225
GR,2020-07-20,202,22.4024713732,63.75577531220001,65.76899037,157.28724219999998,5.988930061229449,5.988930061229449,2020,GR_2020,52.3680702895872,0,201.42809754565957,0,194.71206139030463,0,537.3678240525987,0,NA,NA,NA,6.024924896230492,6.9384141356019144,5.1024792945744535,33.4528644220459
GR,2020-07-21,203,18.5156910540084,56.753760279589265,46.03984416097197,134.51935273291673,5.945992124419095,5.945992124419095,2020,GR_2020,24.630114369146213,13.060391602088336,111.3307991161022,21.66148947700212,59.82601729866422,33.074746835577265,245.43379029547194,52.420384245818106,0.7451964722311317,0.8698491146615511,0.5170128846626431,5.900943574653519,6.861901072807166,4.9367430896179485,33.226467746042516
GR,2020-07-22,204,17.640560669616292,50.171718308972025,42.17719398074182,116.97092369096036,5.173148599613756,5.173148599613756,2020,GR_2020,23.032603673724545,12.311732838792084,106.91868852315974,21.4334339172523,55.08925368419868,30.595087708354892,227.2707177626653,48.87938572565203,0.739864799320155,0.8736049111831696,0.5170779748334091,5.1861079311659495,6.097166668162289,4.249401669222618,32.65115260571764
GR,2020-07-23,205,16.001921598433213,47.403679300849284,38.386570569762334,105.2806101013704,3.533228019553542,3.533228019553542,2020,GR_2020,22.512503014942446,10.980349086190772,102.55512905733559,16.393324454600123,51.23223667720264,27.231183770591826,203.37446916277656,43.91439744405856,0.7435109317246678,0.870172887325554,0.49442009126500625,3.51072168352599,4.461598292212942,2.6103587007751212,22.95680513634855
GR,2020-07-24,206,16.580151797821085,54.15667349740807,40.10992736862989,116.4525142714112,5.053376372069621,5.053376372069621,2020,GR_2020,21.572414447750532,11.422872083045988,107.11312750805239,20.291440939164584,53.00978602819449,28.891390599495598,222.77368530643886,48.806179552301614,0.758743546892753,0.8783011906821505,0.5264052193821418,5.0599497253101955,6.008182357774334,4.11901158475071,34.100616690668325
GR,2020-07-25,207,16.994641609909294,52.32491230747,40.39685125593022,115.71108240737495,5.25185974026075,5.25185974026075,2020,GR_2020,22.762842771157285,12.105794284573012,97.49523724220182,20.01711113518984,53.4643247728573,29.189933144912814,216.86590053750407,46.47234433760821,0.7508949122086753,0.8645799271720649,0.5157442086864044,5.216668281358055,6.134795611167648,4.3059153645966965,34.83512074734872
GR,2020-07-26,208,15.95958814921534,49.007669728003684,39.71081337708857,111.33801602734242,5.01783532414556,5.01783532414556,2020,GR_2020,21.50319183498104,11.255643529658007,101.73026871907832,18.626080743784726,51.98272684979944,28.70535194609944,219.1400446242172,45.20335119991585,0.7385233256516319,0.8807300066448428,0.5080263923080623,5.002687872850296,5.9263063823333795,4.093775766411075,34.74109855736042
GR,2020-07-27,209,16.558262715,84.8238861226,35.0399210216,151.5456748276,5.176311644175007,5.176311644175007,2020,GR_2020,39.57900555497997,0,198.72038047624733,0,80.87516430044555,0,424.04810595497815,0,NA,NA,NA,5.135098254581759,6.055726455405034,4.212572221214976,34.32661633955543
GR,2020-07-28,210,15.561414681760828,50.51459229908547,39.09721842988308,119.2867451367566,4.568833351485717,4.568833351485717,2020,GR_2020,21.95014792851907,10.337274419383697,103.30620765189802,18.298252232163104,53.21638226218756,27.856578530183516,231.0194514500237,45.973079626977324,0.7445193470503075,0.8801233647286476,0.5189621712656662,4.548250098658717,5.475593328862151,3.64419546324411,25.434024883515608
GR,2020-07-29,211,14.767574767138541,42.48463522277553,35.61562520091636,94.29005310680891,4.097087556661879,4.097087556661879,2020,GR_2020,20.004213717056533,10.448988924575302,88.7870239449142,16.973434207662084,47.815139317435616,25.54500614289565,190.78602066346994,37.59624998883097,0.7372810107176224,0.8628640021118399,0.5094169543727358,4.096143980017871,5.024884677378565,3.1445161245659015,30.238628666707648
GR,2020-07-30,212,14.658354060266943,51.71060506155522,37.10105313132245,98.51731461137156,4.6650301594851165,4.6650301594851165,2020,GR_2020,19.80845400467631,10.406682133637107,99.11549538855935,19.18875731926175,49.14827375265869,26.292734825001066,198.75754411033083,40.97006987810272,0.7789330053685737,0.877503229333774,0.5358443079041654,4.642315703788876,5.559082908237693,3.7328066559402187,34.34808459111825
GR,2020-07-31,213,15.457632374452905,55.35190244092698,38.523120306571805,111.52223954353151,4.907115564520025,4.907115564520025,2020,GR_2020,20.308745400311746,10.613179970006854,112.0663614798105,20.479217773041192,51.21902392648729,27.702595046770664,212.89731602796323,45.48705243900678,0.7836509678088664,0.8916989947436169,0.5503261682251764,4.877799035477427,5.808813137045909,3.9669178154168696,31.48124625574266
GR,2020-08-01,214,13.782858881618436,48.263714609488815,35.9446214275437,106.85776555255697,4.264486998663274,4.264486998663274,2020,GR_2020,18.498297022332377,9.328119242224208,94.0599248473024,17.35202514212976,48.34678473568784,25.478028305290053,204.0672726569749,40.818752613859075,0.7697955039417018,0.887104988147509,0.5275725927878996,4.26477838778648,5.203829218190648,3.3455731924700975,30.823340447063703
GR,2020-08-02,215,13.214613577396554,45.698291236105156,35.90212289226627,109.99179630873701,NA,NA,2020,GR_2020,19.327228703370437,8.31409437798707,96.88002693337637,15.512029079962801,50.6876801439908,24.163948157554344,224.5315073367405,44.38721425893973,0.7613376036652235,0.8890218384482398,0.515245924879742,4.594398248002388,11.193232983002408,-0.7498925309665239,33.46146686103024
GR,2020-08-03,216,13.7113769046,83.539187861,33.9081386684,117.16876396320001,NA,NA,2020,GR_2020,38.06092307656604,0,213.15081268898956,0,72.01893098349181,0,290.272352184968,0,NA,NA,NA,3.8132130518549645,7.931178978961963,-0.325790229540749,32.02854573681163
GR,2020-08-04,217,13.913721629696186,49.53121611972532,36.74676460891116,101.53212807609756,4.73947436935922,4.73947436935922,2020,GR_2020,18.93354368996922,9.422027258660888,101.67486658438725,19.471780350365822,48.340210907554855,26.274734406523276,198.2485915644863,41.13816848705551,0.7707396156262047,0.8842568717574509,0.5711867697908595,4.70776216739283,5.68419342702187,3.8066710690472174,34.127484003667
GR,2020-08-05,218,13.344105579381761,43.541286601686515,35.44141315576805,104.94248836096837,4.476565747533055,4.476565747533055,2020,GR_2020,18.555011639466937,9.425411838097162,91.98628147069354,17.79992917364264,47.597068042198565,25.33613818674907,202.27526649819058,42.610596249930715,0.7515072953612193,0.884567734134432,0.5473583695491973,4.474628703362336,5.388196738407894,3.5357410949654513,32.90008061557206
GR,2020-08-06,219,14.292207584178074,51.47130109105188,37.33250337828206,104.54552056392471,4.847086896228899,4.847086896228899,2020,GR_2020,19.77815917307499,9.656141347622825,97.02410729021219,18.900254596478,49.95353566412619,26.487765597219383,206.71171805187242,42.437103875016334,0.7700236849425616,0.8895378963360824,0.5291416016039536,4.828549877109069,5.750132395224362,3.895553061810326,31.2570962772874
GR,2020-08-07,220,15.061837087903585,53.334529856158966,38.491416634082036,106.62108298743824,5.294435917734103,5.294435917734103,2020,GR_2020,20.157558546082456,9.970493417447928,109.21921957074028,19.164193907187123,50.77505818547511,27.976549024001518,216.94832784792058,43.9989544620348,0.7708147282778456,0.8883099319549107,0.5339184160031101,5.262669258449865,6.195832123082502,4.346473916964983,34.42087097425123
GR,2020-08-08,221,15.501559565551647,56.236211422807564,40.61156411700306,119.63296832047273,5.751611016693302,5.751611016693302,2020,GR_2020,20.515178261848153,11.122299767264876,105.34485544990196,22.611083884278322,53.66185348298663,28.703709286363353,238.29092196350203,46.1946633127173,0.7754792013654364,0.882616368829029,0.5679507911300081,5.731852793616206,6.649310891099519,4.776454441382424,34.543657134694
GR,2020-08-09,222,17.213711720834862,64.78932132948606,46.07815468306735,141.87432489215138,6.5155536005249255,6.5155536005249255,2020,GR_2020,24.104215377007637,11.814388297935805,122.89450830825267,22.99903731122467,61.31442053197776,33.060759284935926,265.6777237510149,55.61961062542345,0.7861077458862284,0.8961775455458177,0.5423864303826492,6.4231450791969245,7.337279183309865,5.5206701506675175,27.768615386526577
GR,2020-08-10,223,9.386547583399999,55.420579884000006,30.811180242000002,164.30728417999998,6.699551644586791,6.699551644586791,2020,GR_2020,16.383290044948343,2.3898051218516567,111.71170273529975,0,56.40808077514834,5.214279708851661,287.2182296294661,41.39633873053386,NA,NA,NA,6.578615306373418,7.501535627791559,5.649176730657965,35.41055721617659
GR,2020-08-11,224,18.47329457706652,64.63345612647268,47.839323729107335,140.0467021097468,7.236474986855199,7.236474986855199,2020,GR_2020,24.50368282044976,13.286928445176562,120.04237980359515,23.274378617394902,62.24104981336951,34.50769437588883,268.05963337411174,56.55869824235379,0.7703632785909851,0.8837568479857199,0.525534899491236,7.15023363317594,8.090869187812388,6.208473181187327,35.415887394655876
GR,2020-08-12,225,16.912231867158255,56.058600901763484,44.77086583518825,129.03007229284287,6.254126707592979,6.254126707592979,2020,GR_2020,23.412374271574926,11.672271158007728,120.51239600554739,19.89855538118781,58.57963285182512,32.79474528748326,247.4868173683358,51.29056241983576,0.7557648737566381,0.8896087648689892,0.5039097691890606,6.215998813362262,7.1498475383448366,5.27295715873484,29.40134627317508
GR,2020-08-13,226,16.24888011480951,54.10702304261395,42.858978017953824,112.83196113818208,5.948927421714515,5.948927421714515,2020,GR_2020,22.325567591631845,11.83603767114368,114.65371440181268,19.386939492641773,55.868186451612374,31.214522746108965,215.2813879022032,43.323611570115496,0.7572965987547775,0.8879743346158411,0.5138221434507062,5.900637983829377,6.845329613470946,4.947397929866961,33.93141868699291
GR,2020-08-14,227,16.965381912207455,51.8067502534062,45.527787339141575,117.12213385501776,6.444933855253594,6.444933855253594,2020,GR_2020,22.826396425472534,12.439823470277668,109.28880126793618,20.774930351950378,58.23169099642178,32.66661433922095,236.52252622499438,49.77013275938886,0.7450866142764445,0.874656174584352,0.5104942136879034,6.411053722624672,7.353195367135318,5.492082015411647,36.86185223059989
GR,2020-08-15,228,19.71820219765169,54.89555924541953,48.456457077898,133.33924818634662,7.131594898295558,7.131594898295558,2020,GR_2020,25.557788477256544,14.088041239757475,114.4228352930173,21.82382023060855,62.609181899458896,35.982869647596814,249.19423881763964,55.83476373860399,0.7295095219250807,0.8672460863910594,0.4915424761114638,7.069712637485953,7.973355979356228,6.1432081270875605,36.91103889079862
GR,2020-08-16,229,19.82103461404695,67.83039529829085,52.169621229241606,141.19333697403226,7.6825454886183735,7.6825454886183735,2020,GR_2020,25.877302998993326,14.614052525162398,125.08540681852648,25.481434093263307,67.14132046964514,38.58882201892934,266.3070310629873,59.03123924806676,0.7614918465642311,0.8754580181479013,0.5297503901103615,7.603148484153667,8.53040505101372,6.672824208309048,34.5307430294423
GR,2020-08-17,230,8.7358585682,42.908109768,38.220101244,112.078462316,7.359928244919811,7.359928244919811,2020,GR_2020,20.63333370342302,0,126.27601759690052,0,57.6701406920558,18.770061795944198,337.93963324540925,0,NA,NA,NA,7.215274127985569,8.14258922651783,6.283330265317525,36.06701380804783
GR,2020-08-18,231,17.749521956322212,39.701719589669835,45.93805175393937,102.3837389549624,6.080137206708899,6.080137206708899,2020,GR_2020,23.985738964750176,12.681368226818472,86.69030390016495,14.024514407341327,59.140814532639304,33.54593899700383,196.48499815101283,39.42091603018859,0.6792703564106641,0.8428699631129885,0.4246173048411846,6.029391310092703,6.9731954577355975,5.1134363336895845,35.783047691714366
GR,2020-08-19,232,17.83274023995513,45.29521230796936,44.691403178719405,110.11687214400466,5.8565490599483745,5.8565490599483745,2020,GR_2020,24.080067870719574,12.74177805477783,97.70623163416838,16.903033308314214,58.20043231721035,32.686453479217036,208.6879488256013,44.95283956224307,0.71023642667406806,0.8603478496673322,0.4542092092816411,5.810302413263164,6.742743626157763,4.9000775519883355,32.13993775654566
GR,2020-08-20,233,17.775864941145947,44.457303764260764,44.299894591075876,93.97263936765036,5.658978042274415,5.658978042274415,2020,GR_2020,23.17420630270115,12.579118029997009,87.82867214810454,15.446030359994037,58.13760933607518,31.963738711306046,191.01865017003203,38.51148088136933,0.712204334384566,0.8476076370280394,0.4392770028603897,5.626457903304682,6.565926396677234,4.688475221715684,32.86793288718001
GR,2020-08-21,234,17.595028450412144,38.391104044114705,43.359690965763384,93.9106611420027,5.70220635446429,5.70220635446429,2020,GR_2020,23.387774348177217,12.530269829725764,82.67542987297816,12.895951987821102,56.35295103885435,31.578756646182068,188.3034268099425,35.284689771638256,0.6754792443179984,0.8348166368024206,0.41632787597291776,5.674691398325914,6.621266434014467,4.748421333483015,37.16039102105855
GR,2020-08-22,235,17.2914854993235,42.65844007120081,43.8372671830298,89.44997210298051,5.842185985892951,5.842185985892951,2020,GR_2020,23.26829321001015,12.992058029827595,82.06010564188307,16.87917622344766,57.83872256874989,31.78304789503513,182.39396843543872,35.22527867821035,0.7058866504580945,0.8378732012395678,0.4683402312976892,5.820027375946665,6.803438536208248,4.8683066349772295,37.924857523721705
GR,2020-08-23,236,17.90291252926646,44.959224847475234,45.29350500641029,94.27368301348467,6.0603316154583515,6.0603316154583515,2020,GR_2020,23.907277320355583,12.892962673073141,91.6411639116335,16.826018021017532,59.31212488153965,33.33347790308793,189.68021595028955,37.90326462595074,0.7003259108859093,0.8596315791599016,0.4500233816218022,6.048909868439263,6.971096262698824,5.116564879928921,38.572342571473406
GR,2020-08-24,237,29.59124822,82.51406192799999,59.576493352,133.953498344,3.2096226918884767,3.2096226918884767,2020,GR_2020,121.17194321515898,0,189.89921005260905,0,152.51413681460508,0,294.52729056748876,0,NA,NA,NA,3.346938910601326,4.292425330253119,2.426696965646673,32.680361574226616
GR,2020-08-25,238,13.33511122343644,28.187868993120908,33.86976927693785,64.66874437666958,2.8021858023542316,2.8021858023542316,2020,GR_2020,18.04976778800673,9.505811523424725,59.34816372894999,11.217945816144132,44.30679382727654,23.94650944208233,127.44318613301262,25.757565937535357,0.6724915173873205,0.828040403017137,0.4434753818604932,2.8410725905069683,3.7577344120161182,1.8740328676173792,34.487993595895915
GR,2020-08-26,239,17.033836452899564,34.649471934941836,41.35919306695488,77.07643109475764,5.0361961470050245,5.0361961470050245,2020,GR_2020,21.866261161499644,12.191895945876317,75.21166328460035,14.67475552336235,54.88658551128389,30.507736146843467,157.36696278065418,28.900999383108662,0.6703157823840576,0.8261071912616438,0.45328904045374785,5.011737059622919,5.97467078754359,4.101096993921716,38.83749536055618
GR,2020-08-27,240,16.74470101568832,32.252481328893474,41.88492030150005,75.78562305780345,4.824277401245565,4.824277401245565,2020,GR_2020,22.154547438866945,11.792582100436364,66.60258697320037,12.050027239298853,54.09864761296065,30.40246404015775,150.68232187773742,30.099970936395106,0.6627996165539238,0.8103808548958567,0.42035053693225344,4.817628430334564,5.79115037808683,3.8558015484238393,37.04817694582577
GR,2020-08-28,241,18.387946178708695,34.72268513934352,43.964813197104476,78.9953722598709,5.379546263122786,5.379546263122786,2020,GR_2020,24.67179233106941,13.108520873475014,72.56621043301568,10.234989061252202,56.6361077165971,31.95242689354517,158.1480240180866,30.67837219592803,0.645877598416509,0.820665790599484,0.35383621142496796,5.362950561290999,6.255567398364219,4.459641505306661,37.98755385588206
GR,2020-08-29,242,17.216141853889653,36.06227919589795,44.24019944473633,81.59495023756047,5.607892223715778,5.607892223715778,2020,GR_2020,23.008671256850022,12.287692493278277,75.24990402048489,12.94219906066682,56.98779408656329,33.03135140229303,158.26809161359043,30.349895426059756,0.6671556668253174,0.8354701009246837,0.4114968381672334,5.601202049313132,6.514916763434494,4.687315689086441,40.305847965538526
GR,2020-08-30,243,19.186323532348666,39.82159844697453,48.07373934890692,87.94995396861883,6.272349927999926,6.272349927999926,2020,GR_2020,25.148327421465797,14.414469664810172,80.11094086059776,14.327327879728319,61.54660260617496,35.47580930819658,176.2371905506945,35.475214368942694,0.6661044000031774,0.8178621295239477,0.40154180581837057,6.235447913211745,7.191957634562481,5.315688284321784,39.86140285291696
GR,2020-08-31,244,19.576363765897902,35.37500621739973,51.65675997998058,84.86426484779567,5.558268470752801,5.558268470752801,2020,GR_2020,27.080332209541474,13.874666575543873,80.90535273820527,12.728460993667587,66.71533948290865,37.23990501370151,173.66281713792156,32.05254703068566,0.6338087169170923,0.8209646950683578,0.359961149434684,5.5062704184187865,6.446847468368659,4.589338090857179,22.383947371240502
GR,2020-09-01,245,16.193309869428727,32.99607106327304,43.062696751846275,74.8583722246333,NA,NA,2020,GR_2020,23.650234017068442,11.063015372952654,74.86462924296205,11.820175625140802,62.211379776727924,29.16419985800388,155.08846366666722,27.29154506224567,0.6571533881947578,0.828007786619554,0.40008517994165216,5.144616050654932,12.374369798452847,-0.5216946812219727,40.608044531036576
GR,2020-09-02,246,16.47778241609037,31.36961880510732,39.618163041377166,65.86631277499835,4.420459336903163,4.420459336903163,2020,GR_2020,21.989665258372245,11.436214730143748,65.47544906139919,11.024853807899351,51.88329159905512,29.28899025074652,132.78152125520253,24.012607655824993,0.6582711479783371,0.8138278423340157,0.39713068826062536,4.427724688475336,5.348176104833636,3.4983670537451332,39.72311734569656
GR,2020-09-03,247,15.595025961616988,30.989195596457318,40.6307797775847,65.26438551285813,4.69758611560383,4.69758611560383,2020,GR_2020,20.74781979667236,11.4925810996843,62.40831179346335,10.7690336800095,52.620754563377865,29.678771823313536,131.4601305768828,26.60531136507188,0.6597320183963542,0.8133305468816963,0.38334801548764463,4.701185994970846,5.624685446310689,3.7591887642906987,41.28868939153241
GR,2020-09-04,248,16.11645551621055,33.36192093763194,42.265505260446766,65.62169358068965,5.0057745741591075,5.0057745741591075,2020,GR_2020,21.583580796103867,11.136568088767506,64.93074510882128,13.081122495242015,54.588722822873656,31.036152501834327,135.8123114493557,25.282397196647914,0.6626990227617992,0.8229948131406817,0.4226681390250485,4.996112573400078,5.910222055068064,4.074367228689915,41.42083944326709
GR,2020-09-05,249,17.993244988582052,29.623951369770783,45.15608075354277,68.61808980109991,5.2064186586136225,5.2064186586136225,2020,GR_2020,22.438206177090272,13.049402793071303,65.10018862118255,10.463675583584406,57.70828314396052,33.07014179306232,141.60449005597118,25.70758811959558,0.6223039256157659,0.8005791396681445,0.3651269752037879,5.201858287384345,6.136832969523654,4.277170490380223,36.795621094229375
GR,2020-09-06,250,17.057813330336323,29.85200530719928,45.497033356203325,68.63690458688868,5.6803170421774505,5.6803170421774505,2020,GR_2020,22.81782671805297,12.625828966538869,62.660504852302914,11.398304935458759,58.024740281632845,33.67804399349768,139.89041154357247,25.457887935269557,0.6233407891221532,0.7956913115968871,0.38893718570941616,5.648435808046147,6.606635386711802,4.718553161965174,41.23167989322279
GR,2020-09-07,251,14.650599951655602,28.30146458697261,39.716294203481816,63.53418049234802,2.317028485340905,2.317028485340905,2020,GR_2020,20.999191979724653,10.290329239714552,63.09000269357065,9.43939206795143,53.54386848689021,27.973186103514326,124.6754739903261,23.040353106033375,0.6495061884864453,0.8279852081514543,0.376995018690269,2.348311653047471,3.2414232418907423,1.42691499669996,17.05782796660721
GR,2020-09-08,252,13.584121297716235,25.179989155007174,36.43485535892855,52.87094586618303,3.6632414082056575,3.6632414082056575,2020,GR_2020,18.527093057175833,9.841734062519258,53.302328061720544,10.008263085126385,47.032874327928226,26.348305076843797,110.28714519176886,20.050341348361272,0.6340889624389296,0.8066249564018687,0.41343501360242696,3.7093811956746876,4.631288877455602,2.7710615388420163,42.76686454424737
GR,2020-09-09,253,15.371656991831818,29.35258818269422,41.58256549827364,60.37260067778795,4.661558332446775,4.661558332446775,2020,GR_2020,21.015877263661558,10.677388731715823,60.80997023913616,10.344163652013727,53.87735559045741,30.370611256426304,121.30467934588734,23.212658145192446,0.6529363301256825,0.8024470970750319,0.39296069127878025,4.686968950887469,5.701339400195673,3.7443763607398743,42.59193317658844
GR,2020-09-10,254,15.705594261299842,27.859792724771186,41.43402644165341,59.86077487464748,4.8026738939826785,4.8026738939826785,2020,GR_2020,21.06333110021746,11.046725125629155,54.091399350913186,11.225608570966102,53.98369545331156,30.99556897677358,122.55892367090931,21.515475367760203,0.644678066658799,0.7999935390784402,0.39084300434950436,4.805220055514779,5.755541053856733,3.7918676487832426,42.54141987499832
GR,2020-09-11,255,16.90061755332947,31.594477379459622,45.60213149587293,63.56618782338649,5.485871801678786,5.485871801678786,2020,GR_2020,22.44375176574117,12.385788209298388,60.458000671892314,11.02257753936591,57.126657144828094,33.93468787323184,129.24493271200856,23.33660080459549,0.6374442296301536,0.7936457307106048,0.3873771685340278,5.456673444492109,6.376781510532128,4.561663090714478,42.730194217472075
GR,2020-09-12,256,17.593063850118448,34.98181048778151,48.026163701046464,69.23584634339464,6.16379729580049,6.16379729580049,2020,GR_2020,23.103404316606483,12.788563997984413,71.72190657145556,12.059286819594158,61.659848932339536,35.61172212841294,140.80459784633447,25.413773304249137,0.6558989950851284,0.8196507304918155,0.39009161826174243,6.131884876704694,7.057526174446597,5.202089529056025,42.62782190385997
GR,2020-09-13,257,18.17924500241248,27.218679267914514,48.09678370205548,60.964348581117214,5.8709035624421295,5.8709035624421295,2020,GR_2020,23.420514607803128,13.083745668510147,57.72624988896803,10.07911646233267,60.954656673365086,35.65020350978769,122.89411339778376,22.209885495549933,0.6028396822699486,0.7769575564920238,0.35376455697701314,5.848534551360409,6.7758275599588655,4.944952867910178,42.992035419186
GR,2020-09-14,258,16.6686836466,43.7060001338,57.45365262759999,118.146776898,4.438837127445086,4.438837127445086,2020,GR_2020,33.603441207103685,0,132.52030065464464,0,136.28220163329487,0,365.1362447353557,0,NA,NA,NA,4.53811126853122,5.450069552854115,3.615441802261779,42.68284509211153
GR,2020-09-15,259,19.54872606823769,28.62681910784371,54.83461469919185,63.14328422422782,6.65404411216218,6.65404411216218,2020,GR_2020,25.771304715156283,13.873934855602789,60.69646587972997,12.132700593583786,68.86436254810438,41.16815572779564,131.13444262209163,22.24617407141741,0.5863743698291819,0.7699111006053903,0.3730884886964991,6.599713618670834,7.519653088344256,5.687508924077969,39.304786005932726
GR,2020-09-16,260,17.006472258837455,29.15338520398014,49.41554753305849,58.301984778474754,5.912891606824168,5.912891606824168,2020,GR_2020,22.35553786192957,12.00292743382599,59.91032033950166,10.865122061214073,61.949005597873864,37.47781159261229,123.76056892088718,21.772369894827783,0.6285610658007412,0.8023411430357005,0.3837634176661509,5.907097074570216,6.80746854035366,4.963905494522121,42.01600010733505
GR,2020-09-17,261,17.49754067293059,30.001069280914695,51.40894247971626,59.39405160491205,6.221479755047338,6.221479755047338,2020,GR_2020,23.27434369501733,13.070632934317086,62.07302280394364,10.426368868474986,64.846735576163,38.74479090824949,121.14916919343432,22.809199794433525,0.613424170742964,0.7924810859229416,0.37651637705962937,6.1974032793110325,7.124785712620938,5.267209414596283,42.69933654456564
GR,2020-09-18,262,16.79656140356708,25.633386836014036,48.91893062301687,56.33806926300621,5.74114414373002,5.74114414373002,2020,GR_2020,22.842309337225736,11.9298108376951,59.44858982619437,8.66203883588545,62.28168743937565,36.94862503975079,112.70240886564613,21.375055580801426,0.5980196632823012,0.7905984578657548,0.33501194951477303,5.735195903309949,6.620836760921592,4.808367107916569,40.773903087424976
GR,2020-09-19,263,14.434129242423062,23.296616047646385,45.195109149604306,50.03203561077975,3.6820274236664825,3.6820274236664825,2020,GR_2020,19.688859837340267,10.068427423165952,50.28436437198692,9.820981723334402,59.468063749652906,32.81243452475825,101.67109075540611,18.465002844008676,0.6198502863903039,0.7908011837268505,0.38060782595904297,3.681288022842075,4.625974496427462,2.7435852596512453,24.78460691249083
GR,2020-09-20,264,16.48025671553447,26.303330777793054,49.06943394219757,54.82690201720811,5.742028662600527,5.742028662600527,2020,GR_2020,22.34327213321135,11.892996829998882,55.896707811554926,9.388070488494398,62.53675234436989,37.14000575869822,112.1326700583953,20.993451400700536,0.6144231068864683,0.7893845690799997,0.3531939668289824,5.725763216555582,6.6558325603689195,4.739588478149529,40.78996734835836
GR,2020-09-21,265,14.177155813199999,26.5272540156,60.760254403999994,116.46195032199999,5.486095003220532,5.486095003220532,2020,GR_2020,31.846756394221664,0,63.62747291847733,0,114.83665312153003,6.68385568646997,318.67314304095885,0,NA,NA,NA,5.538698568370016,6.445808942558674,4.625293273598801,39.1048923918196
GR,2020-09-22,266,14.720224624422963,20.266962574127067,42.28726339106826,43.63773900887361,4.150733438118896,4.150733438118896,2020,GR_2020,19.31090497875526,10.343777316560443,44.13377321746411,7.089584020996548,54.52664120803572,30.99630348259127,92.64946541442468,15.309107850620858,0.5880193451455118,0.7668754212533526,0.3159165067168274,4.17232386233576,5.098672521042882,3.2593472774603223,37.588429991820064
GR,2020-09-23,267,16.265963553460708,22.399619470025048,49.53379678517249,48.104676048803604,5.448525097878945,5.448525097878945,2020,GR_2020,22.136468672328622,11.942159727116811,45.79433091083242,7.8471132483242565,63.348808339902185,37.23365713384522,99.9388594363943,17.816082650355796,0.5791817206671901,0.7549812433919294,0.31535736211845566,5.4375525017363575,6.361395314153808,4.49613525184962,38.09412069007345
GR,2020-09-24,268,12.885956151246328,17.643151948907267,36.95625207165009,41.09103424474924,2.29025092420832,2.29025092420832,2020,GR_2020,17.214264302604892,8.785138068659073,36.93812715602112,6.4002523291342905,49.590096107620674,26.548071890299536,82.91651480148414,14.58269849994274,0.5786990407543113,0.755389850924332,0.34264808273785313,2.347829841282753,3.2691475129295946,1.3980988496340718,28.659211489594224
GR,2020-09-25,269,14.331324563688424,19.88312339103323,45.66612625283805,41.45346536896926,3.4724551602396647,3.4724551602396647,2020,GR_2020,19.777646465417213,9.555234783660483,43.71936358863249,6.381550129758932,60.21603984600477,32.70331628621576,88.77540045516905,14.513559093440175,0.5864936949814992,0.7588754421339552,0.3218314264025108,3.4869590835946878,4.439117093561057,2.567690567114347,24.251089914006496
GR,2020-09-26,270,13.956505318561119,20.139142021348572,44.71044027789345,42.053314481307886,4.069521866535799,4.069521866535799,2020,GR_2020,19.361863559336275,9.76402454038553,42.38104875529627,6.823917441976048,58.6450822710378,33.22688026845086,88.40161323770825,14.601449282577388,0.5840462980991757,0.768783798468154,0.3217408254395918,4.071377417127945,4.99506262965957,3.127891807580328,29.830551407764613
GR,2020-09-27,271,14.63124792475582,20.42965989404753,45.28164049236634,42.45568840585329,4.762779781779238,4.762779781779238,2020,GR_2020,19.386475470180407,10.617413758707942,39.68052343209359,7.830151545734442,57.689836340780985,33.887875805851166,85.76859832659015,14.840728615250327,0.5794751292416673,0.7508029525262946,0.3365544018502582,4.762916212784836,5.704054151717504,3.771282539103578,41.52933407085123
GR,2020-09-28,272,8.2692378456,29.4278340656,68.711732604,108.105372758,4.392093843617137,4.392093843617137,2020,GR_2020,15.462162368924817,1.0763133222751815,61.92681790155591,0,161.05825259891495,0,191.7399825993658,24.470762916634182,NA,NA,NA,4.538503396703067,5.48878439363034,3.6191255381482303,40.973033034346045
GR,2020-09-29,273,13.880636515092101,16.478829113970033,43.91076150464361,39.690552317151095,4.538212858976456,4.538212858976456,2020,GR_2020,18.343983204854304,9.56000159641653,35.26357134383587,4.9281059430351215,57.167853140582736,32.115056242737545,79.95841275199163,15.45524538088829,0.5369961670097562,0.747369892206847,0.2685518914832782,4.544659822762336,5.483211242230732,3.657139586075819,41.55002328209213
GR,2020-09-30,274,13.419865635989021,16.363704188655024,45.110937130815635,37.45964383315198,4.677531370351116,4.677531370351116,2020,GR_2020,18.31105352712191,9.475348220939962,37.06420545579994,6.294687798479855,57.02530445895963,34.3764301809181,79.83273059688135,13.691016974756666,0.5659885748834058,0.7410499037536052,0.31345020129754664,4.699413615868197,5.616461915011058,3.7623228435332963,41.19457475835016
GR,2020-10-01,275,14.51094674980589,17.559423072711038,47.262840340020645,36.97544835030095,4.840463699291244,4.840463699291244,2020,GR_2020,19.22532109387561,10.42273228866429,34.05541985007046,6.3020793459021025,59.673818159435896,35.355706872240056,80.0081115100969,13.610577818804531,0.541744132266119,0.7218375973346728,0.29847392245503984,4.852480334263434,5.814477264085246,3.9060711901212533,38.287360514400326
GR,2020-10-02,276,14.896414665569212,16.928681094240705,49.448779720314114,38.562328496602795,5.368285896625354,5.368285896625354,2020,GR_2020,19.86325539321792,10.209761953331055,35.254108567968366,6.413968920287317,61.86679331587649,37.29961635408753,76.57608040566994,14.157196588696845,0.5304250077522064,0.7236016362479788,0.3030423876558321,5.347604935361634,6.301663529092631,4.367703588209365,40.96604285408642
GR,2020-10-03,277,15.93807623744768,17.88378067612674,53.968948750174285,38.02580102266851,6.263409542889737,6.263409542889737,2020,GR_2020,21.294182296628385,11.064146830291328,40.94983564417498,6.44566161517031,67.69192450492268,41.56237640952916,79.69836359347926,14.105183588897823,0.5281210010420563,0.7430991709320938,0.2886041986942924,6.2398953705883375,7.184805217905687,5.28653361630625,40.90238401312447
GR,2020-10-04,278,19.720964172593135,19.575348014719157,66.30493658449718,42.72459081007262,8.045255203626224,8.045255203626224,2020,GR_2020,25.58357540159394,14.603311196580623,40.5277785765926,6.599098789349843,80.57150269861954,53.39058319603314,88.34596263938728,16.026878010055952,0.48811738388731973,0.69538371529013,0.27701646035097516,7.9802734251397,8.911730856684265,7.039087495340231,41.263310232346974
GR,2020-10-05,279,12.2895107256,17.8382036868,50.823807595999995,51.2900986966,5.1725080164010535,5.1725080164010535,2020,GR_2020,32.88380222356759,0,61.92865163924862,0,93.89208472864085,7.755530463359152,148.60520152375915,0,NA,NA,NA,5.172117676710485,6.090908951043237,4.250913472745566,40.46874278987496
GR,2020-10-06,280,14.34542350452543,14.03059502396048,50.10157771510324,33.51113386403186,5.496810848399731,5.496810848399731,2020,GR_2020,19.015610081848962,10.420840190561012,29.262140239943047,4.938750301486341,63.66436547902155,38.06871517857114,72.05008626046369,12.816083675077481,0.5052363258182935,0.6794348079968352,0.2686431717882793,5.4743546759297175,6.423561456465037,4.544730850512329,39.75579941301464
GR,2020-10-07,281,15.425808225288508,15.715428324541083,54.79174122121976,34.69310934109934,6.279865478477173,6.279865478477173,2020,GR_2020,21.042074535536038,10.517925789242796,35.43814087355161,4.8849751924914,68.60083143621232,42.13449700144686,73.43702841780915,12.45618838702555,0.494678949236253,0.7053330023882889,0.24684709487655898,6.257698423483356,7.165336128661476,5.341053883759606,40.4037180095931
GR,2020-10-08,282,13.668811777389996,12.050207030805675,46.828537302722616,30.67919244577605,4.840183923638144,4.840183923638144,2020,GR_2020,18.54521731833478,9.756038209202817,28.783488695083097,4.005150535639933,59.07967788708182,34.89870735130488,64.57156309835726,10.990725235781357,0.4794007273602463,0.6763048968691434,0.23960577546870562,4.822311543032221,5.789836631006638,3.8925017687515706,40.58457831221948
GR,2020-10-09,283,12.984030454979687,10.378849973263538,47.221025995828604,26.895045758100455,4.739083749128455,4.739083749128455,2020,GR_2020,17.71798997069484,8.985853481868117,23.888981274580296,3.6061840434407157,60.28975851232557,35.28672223586311,60.639509862308955,9.213020868605946,0.444032805615415,0.6537763950499473,0.2505880805658025,4.735199125070326,5.6639363827663285,3.824662778032186,38.64169010043709
GR,2020-10-10,284,11.77161083639403,9.904690572313774,42.60743703522082,26.653355023342144,3.600847613650915,3.600847613650915,2020,GR_2020,16.569342519171116,7.7681711472217705,21.171119875051907,2.873818083163197,55.00287168430695,31.933670653747843,56.4942756557448,9.11015508380982,0.4667866150107546,0.6702086557488836,0.23506219281515606,3.632310722852943,4.566330328853022,2.7024380120425096,34.04967753236757
GR,2020-10-11,285,11.960771771127225,9.575668139895367,47.74503370572383,25.02137350466163,3.4579755032961224,3.4579755032961224,2020,GR_2020,16.78866528942284,8.169053403070501,22.40631690892776,3.3541920594006136,63.167092781477216,34.16919904060058,53.607284199830026,8.28333854948979,0.46067704489937367,0.6598588427051538,0.22836937579006494,3.45968922782222,4.357710902451646,2.5248150077213096,21.591633868489236
GR,2020-10-12,286,12.375585622628329,10.499005321430976,50.26210009995354,25.69073275707392,4.177421543201614,4.177421543201614,2020,GR_2020,16.992968187976942,8.304332883443927,21.569397141152386,3.4754652603866125,65.37690550197284,37.16104881025441,55.78621991876091,8.598394380113564,0.4604967196902409,0.6589183370297504,0.23431081247352636,4.170052830860669,5.095714005525102,3.2596760881876543,26.550438054737864
GR,2020-10-13,287,11.562952907155141,8.438391884167052,46.16738676467024,23.97870410241931,2.695731798853341,2.695731798853341,2020,GR_2020,16.35987589577953,7.942636685366209,18.37889318608223,2.4535163368841637,61.80587495722883,32.54572054672578,49.64740644276631,8.276482327337881,0.43289638324367263,0.6326872700398086,0.19569455099202004,2.699990285624989,3.630969816598186,1.788224941612788,18.472409974667308
GR,2020-10-14,288,11.204153250483804,7.2288935439729505,42.78347672052199,20.251278322625733,3.0938641189947047,3.0938641189947047,2020,GR_2020,15.534892364973347,7.680184419849145,18.01357262444612,2.1338944317677253,55.77618465323919,31.25788720455215,45.571142765659616,7.026185705235541,0.40576092891797594,0.6161097969642937,0.19929946160470963,3.1382729052868577,3.993328565695637,2.244361440054061,30.815707243198855
GR,2020-10-15,289,12.180489090194866,7.578609220978646,47.15151520216593,21.282548031761774,3.7270885847962076,3.7270885847962076,2020,GR_2020,17.3844316303477,8.03692879845785,16.9800072231671,2.3300410490102346,60.97114854398258,34.404096229727365,47.9261869506574,6.686227623540722,0.38615185096480353,0.6130879397784186,0.18360748696811163,3.7552834096161574,4.6584167696101195,2.8466512026312345,28.731680311213644
GR,2020-10-16,290,10.820252494770804,6.452575077646249,42.22901722203496,18.29709531410411,2.0576298482417443,2.0576298482417443,2020,GR_2020,14.846016714962444,6.886227111429587,14.199238082859715,2.11885048594843,56.543475190960805,30.70920198726922,42.27196355691846,5.546175802572423,0.38841179966471695,0.5875784126167741,0.1971091495778027,2.115943755955799,3.1291576636138934,1.1928424859016578,20.83948302701273
GR,2020-10-17,291,11.167802624387845,5.446357616925474,44.029893572794784,17.442863464588623,2.1504032623140894,2.1504032623140894,2020,GR_2020,15.574463613413927,7.070557099980837,12.766560802722314,1.4302983331463255,59.84610715349447,30.72426388128623,38.9235132120092,5.11775620946236,0.34468168757047557,0.5614035138441944,0.14976369602381964,2.2065483848224314,3.1175039738686112,1.2736578377645287,18.46836417939479
GR,2020-10-18,292,10.914148314595254,4.475839012632291,45.585084182362415,16.88716363494189,2.2409086097248654,2.2409086097248654,2020,GR_2020,15.973943645304635,7.365380988349794,11.182185466861105,1.5083910743585507,61.465634278443396,32.54149173737372,37.66472313354913,5.328138420705086,0.30880858320996013,0.5231505517688645,0.13969486186031183,2.259308160140373,3.180061724636827,1.3650655279115411,17.60086494334821
GR,2020-10-19,293,10.4543619278,4.3937293724,75.892216562,24.2512582162,NA,NA,2020,GR_2020,13.771960853672892,7.13676300192711,10.326793002062427,0,138.83421089780884,12.950222226191132,61.898150297519855,0,NA,NA,NA,5.6872727162084455,9.827942524441742,1.534090491832767,26.46333562121897
GR,2020-10-20,294,10.480549688312779,3.761194923190188,55.60976697267463,14.757010832998287,NA,NA,2020,GR_2020,15.290828463173131,6.955478535260159,9.849451498117482,0.9009548950852997,79.27946880031287,37.52533590549272,34.02521211161245,4.692187528106164,0.2812055157072771,0.5127267012627496,0.10732798188902151,5.013612569524955,12.642638777993438,-0.6448607238369051,32.62285184554611
GR,2021-06-22,173,14.1516676376,0,26.260395942600002,0,8.294786407895765,8.294786407895765,2021,GR_2021,36.66640859311468,0,0,0,72.36396143372762,0,0,0,NA,NA,NA,8.017984191217947,8.934544448373956,7.089852965647938,52.04915735879687
GR,2021-06-23,174,15.589873071525153,0.013416672293569354,35.49999519080897,0,5.348653172187477,5.348653172187477,2021,GR_2021,20.36160654774383,11.035574397989576,0.7984053898266152,0,46.38961535779559,25.639469504099246,2.215576677160793,0,0.03921768056228189,0.08881413493382928,0.012940031434385246,5.277361190473448,6.218076594483874,4.3386599563350545,51.71324681418168
GR,2021-06-24,175,16.238450501188307,0,35.17470774835389,0,5.364174451809867,5.364174451809867,2021,GR_2021,20.565104224186335,12.052684962290506,0.8103581563148359,0,46.588917775654,25.287811000248045,1.9427481653984517,0,0.03576407034221069,0.08654060172470249,0.01223147758684381,5.275764058672751,6.217096996734182,4.354179364436671,52.52415112060784
GR,2021-06-25,176,15.136365202417574,0,33.21402743624311,0,4.406588969420002,4.406588969420002,2021,GR_2021,19.6936982596051,10.375196003300044,0.7606373363707495,0,43.88510479900962,24.22778904330911,2.067580297293287,0,0.0418309495692248,0.09137798366934338,0.015867209253090604,4.340390487367298,5.24651906454583,3.468974480608939,45.73108672131643
GR,2021-06-26,177,15.572350117479543,0,32.91567554967544,0,4.4266507178047,4.4266507178047,2021,GR_2021,19.715356368299894,11.1697742690073,0.8590711610728003,0,43.39329563772592,24.247440394550672,1.9517488666006284,0,0.04155968628628294,0.09460792154843553,0.016030646732840402,4.404288914476879,5.335987354169925,3.47139157939333,51.77279484404
GR,2021-06-27,178,14.856480719203308,0.07445995104589143,32.701431773152486,0,4.171503494918065,4.171503494918065,2021,GR_2021,19.95541092202677,10.904660223152444,0.9057988659346672,0,42.99994374664475,23.879297606792043,1.9565835548304134,0,0.04721532920069167,0.09840765701731108,0.01724081921340287,4.13066850885979,5.040926103061654,3.142026517881691,50.91562939262628
GR,2021-06-28,179,16.204490050220524,0,35.86008081869488,0,4.78049998643815,4.78049998643815,2021,GR_2021,21.080374484985715,11.937368908402584,0.867457638516455,0,46.33057804061972,26.288997893798083,2.0961426771340608,0,0.03776543352474522,0.08859093091930963,0.012854269831099063,4.715626480673086,5.665792634620354,3.8181601897963784,52.39960759635278
GR,2021-06-29,180,16.40498482934509,0,36.52421316152074,0,4.829898812371166,4.829898812371166,2021,GR_2021,21.50149499559395,12.321044591109859,0.746060588577508,0,47.43977909777496,27.202703392297632,1.9248476290375045,0,0.032961926234753226,0.08439463527286774,0.009557796276181203,4.786513417775513,5.677076138419045,3.864722253538952,53.366453149235134
GR,2021-06-30,181,16.15323390409351,0,35.49510254170263,0,4.616639541624234,4.616639541624234,2021,GR_2021,21.11182695976813,12.008251826055693,0.754185877886137,0,46.5250962296099,25.846732850267525,2.012461051655023,0,0.03358155972289248,0.08385340871852778,0.012530106839125478,4.564509744247769,5.531371643584952,3.6474490007657807,53.18353972602318
GR,2021-07-01,182,16.28166643131774,0,35.6903332206822,0,4.263664403995367,4.263664403995367,2021,GR_2021,21.091962048388254,11.582302203828826,0.760134018530076,0,46.78498059401232,25.96893262724814,1.887675805061702,0,0.03570774217840381,0.08521701212355227,0.010843063670917552,4.262207532017755,5.163084135516409,3.340032218653387,49.4439762968571
GR,2021-07-02,183,17.673936921605552,0,39.65167272140379,0,5.089943531801966,5.089943531801966,2021,GR_2021,22.669523744244547,13.092419449941847,0.7106337573453674,0,51.13500034042743,30.052410964552617,1.9496982669180918,0,0.0314745487330632,0.07447478752745176,0.010359904811003177,5.046892664932456,5.99762207702699,4.150013165522086,52.13079200138935
GR,2021-07-03,184,18.43245534314058,0,41.412828243886615,0,5.387503909324894,5.387503909324894,2021,GR_2021,22.89667649330329,14.16412138731468,0.7130938922536976,0,52.77036572116989,31.6870908622618,2.049948942276783,0,0.02964955947337624,0.07275487288312234,0.010154273632211937,5.337659068367406,6.287067677789178,4.3843317982355225,57.422879098214914
GR,2021-07-04,185,19.853950033336012,0,43.88441311217841,0,5.533609645186783,5.533609645186783,2021,GR_2021,24.544468978751144,14.528576852966108,0.6612628237682245,0,55.853440423332,32.8413858265657,1.8324072429501608,0,0.030977871216073725,0.06740946624021543,0.011366664176482754,5.482466125882238,6.453697151421715,4.533573913206039,50.96859331927737
GR,2021-07-05,186,20.756721837633858,0,45.821474581763034,0,5.751995673873228,5.751995673873228,2021,GR_2021,26.094346534240692,15.327541206688279,0.9270308831562157,0,58.38153610737985,35.12906372959535,1.714678100376854,0,0.030910911943415907,0.07257857051433794,0.010910534334681705,5.682957569427417,6.618236406277818,4.779393101208062,46.70969059620231
GR,2021-07-06,187,20.53767279864642,0,48.88747325342724,0,6.296462683804992,6.296462683804992,2021,GR_2021,25.899879225912734,15.493515219794359,0.7082067713569222,0,60.54732565450052,37.64110254257162,1.9688123701538274,0,0.024895926140880188,0.0659731045719357,0.009452011541052577,6.241196547502186,7.165760464479241,5.314467898586952,58.139261500541565
GR,2021-07-07,188,14.816114031999998,0,19.640443246,0,4.706313925330435,4.706313925330435,2021,GR_2021,22.069290667203244,7.562937396796754,0,0,29.481597143707663,9.799289348292337,0,0,NA,NA,NA,4.568077998468252,5.495501597593016,3.6459435212523625,40.22275710317401
GR,2021-07-08,189,21.239763989657703,0,49.50494193825612,0,6.181078231912169,6.181078231912169,2021,GR_2021,26.455506115292664,16.811599536237694,0.7582512100034089,0,60.703229776771224,38.36702026112121,1.8150529677581937,0,0.029837514644500022,0.06369760381021786,0.01016654857245337,6.131569193046117,7.049501411803452,5.212721752912707,58.85880668907723
GR,2021-07-09,190,22.978113719272187,0,53.002157932222524,0,6.411808695428627,6.411808695428627,2021,GR_2021,28.75370848086606,17.632759154353586,0.9258193359026918,0,66.27476335193323,41.2697204929993,1.6444995405357958,0,0.027292683997840125,0.06453903632093994,0.009604333745621993,6.3759456990214876,7.296522053231038,5.446852697305261,50.06456922824159
GR,2021-07-10,191,21.757437694437748,0,50.417966819499604,0,6.3204357895465835,6.3204357895465835,2021,GR_2021,26.84373119076877,16.444895261742182,0.6904392033971634,0,62.77521408856936,39.26128620929849,1.672259600528958,0,0.02829678901738687,0.06210044716075619,0.010352876811042624,6.286830838706857,7.196762587949991,5.344823140573923,59.03028103495019
GR,2021-07-11,192,23.89456696654304,0,56.16307089824074,0,6.9714987728744084,6.9714987728744084,2021,GR_2021,29.525015800132493,18.88523623290171,0.6356182946151594,0,68.8601110003568,43.765148632966586,1.8013785025744222,0,0.0229737008910125,0.0521320665770212,0.007619278353849164,6.935353613909861,7.852722673873782,6.022864802258429,58.68808620132193
GR,2021-07-12,193,25.788399980209647,0,61.76381535654104,0,7.8011160259871275,7.8011160259871275,2021,GR_2021,31.63658556969242,20.302075795809856,0.7498593299028713,0,74.62250968147434,49.96895774034209,1.7567318976120148,0,0.0210733441848305,0.053873056134569164,0.00703371516452701,7.738830084176421,8.695032170491785,6.795801482206863,58.8785964387346
GR,2021-07-13,194,30.343928413656553,0,70.84232882482591,0,8.808176992263949,8.808176992263949,2021,GR_2021,36.041495370194774,24.751534536585616,0.557507402473606,0,84.73894556262083,58.13198722671728,1.906292876732465,0,0.0181406204148633,0.03966481115905048,0.006363681397654069,8.738660923313471,9.64903439375215,7.805467994368634,56.353984027282195
GR,2021-07-14,195,27.292186987994292,0,65.23825689528381,0,7.968066409530843,7.968066409530843,2021,GR_2021,33.23753694685234,22.327272100641853,0.640153867127657,0,77.36847364412041,52.764072139099554,1.7679349530715762,0,0.02157071724193431,0.04575055183427176,0.007823201451301944,7.931227930314009,8.857990211285184,6.955581648058623,58.69293742041007
GR,2021-07-15,196,28.373461070248798,0,69.10253494089099,0,8.47272237500169,8.47272237500169,2021,GR_2021,34.20210444161138,22.63378443512802,0.77285759929858,0,81.40804577515837,56.83271382449137,1.7054735679273576,0,0.020198498025242678,0.04961462240623353,0.0076216877780286175,8.41632629514319,9.31571326467851,7.5091648245345635,58.18524160685805
GR,2021-07-16,197,22.81740206616802,0,55.99245031549358,0,6.559953664595943,6.559953664595943,2021,GR_2021,28.382292955802463,17.59739648362931,0.8280611213551992,0,68.49002578590964,44.48397148211644,1.514451757383569,0,0.026473228458602643,0.06295842297389491,0.00933305409374472,6.524716802628829,7.483573536743895,5.57793732094909,58.71163072000601
GR,2021-07-17,198,25.927165772292824,0,62.40393467210049,0,7.47770208057014,7.47770208057014,2021,GR_2021,31.440760156694324,20.91242930375787,0.6447411210685929,0,74.99594882541594,50.25017421792454,1.6653222825649325,0,0.02343241841262248,0.04939959134533026,0.008186501139536374,7.451979546121038,8.373603045820706,6.5225522550560395,58.99123061542368
GR,2021-07-18,199,31.176906145738236,0,75.98964935017544,0,9.245085646589613,9.245085646589613,2021,GR_2021,36.999921297521524,25.932376940873834,0.8907240750413423,0,89.58498840591311,62.60826495370913,1.8883750706778035,0,0.020058087851499602,0.04881244569038465,0.007751741836597735,9.174595594474262,10.127383885033032,8.23711123094945,58.55370309152118
GR,2021-07-19,200,23.362871512941787,0,56.97370107454211,0,5.743721174330262,5.743721174330262,2021,GR_2021,29.389448671743228,17.097519303629092,0.6808069128001915,0,70.53256038443162,44.38489393249573,1.796673401471911,0,0.024931885504856997,0.05818303011237362,0.009097779907680466,5.707826895290408,6.649202837605784,4.802479512729974,41.058639984587465
GR,2021-07-20,201,19.3285737554,0,44.660432548,0,7.048887932850178,7.048887932850178,2021,GR_2021,39.98369430935966,0,0,0,73.14041570326836,16.180449392731656,0,0,NA,NA,NA,6.909997258363214,7.813210801313916,5.994951313963574,42.06906308858526
GR,2021-07-21,202,34.444926325776564,0.010827906940895193,83.99967324203583,0,9.470043897003128,9.470043897003128,2021,GR_2021,40.953345137923094,28.46881597458822,0.9761279045254956,0,98.46207544534413,70.0660610234329,1.9963849570643464,0,0.019536162215878852,0.04635150742327788,0.007516995223741246,9.421308927363189,10.369019870845394,8.444580637467405,48.27186617528535
GR,2021-07-22,203,33.017338679083664,0.027456254020719717,83.15227411917687,0,9.925506002003836,9.925506002003836,2021,GR_2021,39.06322277266076,27.240876213088605,0.9298032839212387,0,97.19001249201796,69.96256526902529,1.8516913121473655,0,0.021092529363094664,0.046991082062136036,0.007699385263632565,9.877155141302492,10.788082424682822,8.926172477590734,58.24198989539707
GR,2021-07-23,204,25.792915882878923,0.06405416008658493,66.24957061779338,0,7.76234690706387,7.76234690706387,2021,GR_2021,32.037085403067415,21.145155904994382,1.0628075281036637,0,78.07812931969754,54.67760599190909,1.7599008980176918,0,0.026751090738422294,0.06357055386680631,0.009721994896077831,7.74659492928177,8.634167830322887,6.799609829974142,59.48564257827413
GR,2021-07-24,205,28.642580858571417,0.02368885584873981,70.94343464922007,0,8.37866005192766,8.37866005192766,2021,GR_2021,33.60596230482183,23.41301965218841,0.9338933360438613,0,83.4562034508204,58.382597087624525,2.058981332594765,0,0.02309231855716824,0.054847866235461715,0.008133410304742104,8.343059909002783,9.267654741268181,7.4118609150683,59.28060051612428
GR,2021-07-25,206,30.7698495138824,0.008485020502545515,75.71746314532889,0,9.051094427587419,9.051094427587419,2021,GR_2021,36.83741007539189,25.17090249742321,0.9207763117439824,0,89.07923482164955,63.41186512430371,1.8884933758532112,0,0.021391904271634052,0.05077025877516064,0.006947758467642244,9.0112684406879,9.938019150236643,8.078960427472538,58.74309757835552
GR,2021-07-26,207,31.32991671513892,0,77.76766144076755,0,9.143222050442752,9.143222050442752,2021,GR_2021,36.91073360715474,25.118148535327574,0.9651684750127341,0,91.07369051824548,65.28951116512164,1.8722015250918944,0,0.021673543436118166,0.05148964965848229,0.008593314916804425,9.088742819733417,10.036665335324473,8.150450768771186,57.731402338815016
GR,2021-07-27,208,31.573109959092633,0.18596763826880114,78.93838115217999,0,9.289895186179029,9.289895186179029,2021,GR_2021,38.030919257893586,25.9736179435697,1.1647437938201002,0,92.75180790753541,65.48151296721163,2.044230450219597,0,0.025460772720636387,0.05518769793655987,0.009009056506507247,9.263080827518024,10.177108466975207,8.272616735890585,55.13848927236073
GR,2021-07-28,209,30.76440621328452,0.17381472790843433,77.47947364984259,0,9.076314715751849,9.076314715751849,2021,GR_2021,36.7340549676924,25.53029925477257,1.4175696705143987,0,90.75614760021497,63.99937406218566,1.920231600814902,0,0.026594030536787293,0.06454409371412817,0.009520496000847051,9.022465001873286,9.948548171717256,8.12260967942253,55.61962206359694
GR,2021-07-29,210,35.6940070699347,0.15970922149007416,92.62152014862022,0,9.197287109419856,9.197287109419856,2021,GR_2021,43.189779009271476,27.603201788704364,1.125429640936952,0,108.98205474257455,76.15107124519108,2.163118676979702,0,0.02232973544926121,0.050114569987993816,0.00812729252493398,9.125301223905208,10.077394250650517,8.139744419288581,32.38314505143933
GR,2021-07-30,211,35.25475157058608,0.1235295621789324,90.29639475458707,0,10.676090795945882,10.676090795945882,2021,GR_2021,40.985404000996994,29.921196230862655,1.1714878755816636,0,103.42947188636366,77.47813821653213,1.9412191130696193,0,0.022064515571615456,0.05072732662802884,0.007103139321205119,10.624643690543078,11.534683057227062,9.710892957875624,57.03858982583859
GR,2021-07-31,212,36.53607171906323,0.11542818569790547,90.87214900015027,0,10.850518271842303,10.850518271842303,2021,GR_2021,42.093841013828985,30.713538458701542,1.0113219250053667,0,105.33327115036447,77.54712431410893,2.1190412747482505,0,0.020569048015632262,0.04524366397590991,0.007547954122744413,10.77587630322347,11.70627331315554,9.829027450922625,56.53641312620742
GR,2021-08-01,213,40.73851606440631,0.19636877506096118,105.0243606826145,0,11.979063783903953,11.979063783903953,2021,GR_2021,47.06277649593881,34.66931001923202,1.2559218542061565,0,119.36451281230522,90.49640766242901,2.178201595553993,0,0.02044238993955144,0.046988870217584605,0.007153299484653666,11.902653954770738,12.824084790475267,10.972662657887136,49.43317597765682
GR,2021-08-02,214,30.52341125284556,0.1742417361425066,80.64379225852406,0,7.791181528617764,7.791181528617764,2021,GR_2021,37.070789256570535,24.04285612798881,1.2410081899033576,0,96.86872703146874,64.84253025239917,1.8358851459077963,0,0.027300467916101252,0.059294697286593374,0.009886467243407263,7.7173143838028775,8.660209611885927,6.806904701890733,30.12972570358087
GR,2021-08-03,215,10.889999313799999,0.3612905784,34.070052049999994,0.5288058073999999,9.529341527020827,9.529341527020827,2021,GR_2021,23.63771454888768,0,1.9447163525479298,0,54.280204128897175,13.859899971102818,2.8463994425964,0,NA,NA,NA,9.244393394247894,10.159416424754067,8.318767455714505,53.61303922928795
GR,2021-08-04,216,28.36457579942781,0.19841439676358508,74.22881989547284,0,8.67517995781858,8.67517995781858,2021,GR_2021,34.49027726057023,22.200936300055933,1.2896835880109279,0,87.73635083585532,60.31472473640922,2.00258187041319,0,0.029821058884719136,0.06629022412140187,0.009645709717909807,8.627570949464554,9.517584313498878,7.650146635245167,54.36126917818389
GR,2021-08-05,217,22.2614130428672,0.0745222889845163,56.89564101021247,0,6.337617978966318,6.337617978966318,2021,GR_2021,28.228139482762742,17.20521823018601,1.082452078229108,0,69.95200041261164,44.980089313879695,1.949497297837421,0,0.031335580660682996,0.07389460512969537,0.012869199772063966,6.321046094737744,7.304055223382915,5.3669951320688085,49.78970027124048
GR,2021-08-06,218,24.19879965176707,0.10759093471091075,64.46171416124798,0,7.447631614634815,7.447631614634815,2021,GR_2021,29.741571954748757,19.51337258990947,1.0134859280917308,0,77.14796307799347,51.7306862086432,2.0167049722633403,0,0.031462358679976474,0.06451161505480262,0.011867877273485471,7.425531204596798,8.343050219764816,6.455778921681113,53.01427865396135
GR,2021-08-07,219,23.77748278967777,0.04160088705644227,63.04241440696169,0,7.247764155880444,7.247764155880444,2021,GR_2021,29.810436286824057,17.730143064930655,1.0086548572222587,0,75.04860659225085,51.047889555202765,1.9946484432287845,0,0.029162218371443088,0.06682853164316366,0.009750291280335305,7.206690617009706,8.127293820516353,6.287733917239646,51.978705190817706
GR,2021-08-08,220,16.983256336613564,0.0152092971482094,45.2242071976663,0,4.023553721330289,4.023553721330289,2021,GR_2021,21.9092262204351,12.291339131118486,1.0191094126244924,0,57.620676475994486,33.83893749103449,2.0198093697583093,0,0.03926243114670025,0.09572925127057273,0.016065522026677895,4.030374456027192,4.971989947697667,3.1140812290402606,41.58161714427403
GR,2021-08-09,221,25.576212818164468,0.03331801371863263,66.9015610078742,0,7.82828833987576,7.82828833987576,2021,GR_2021,31.34154454949787,20.250658492620595,0.9801443467458917,0,79.77112146367321,53.954240865362564,2.138762767860936,0,0.027444464109217,0.06005388476127608,0.00946969339261793,7.784217423306469,8.756158694327972,6.840255440636083,51.757626615086
GR,2021-08-10,222,26.531857153165532,0.04910836393477869,70.12730768120277,0,8.42276623363278,8.42276623363278,2021,GR_2021,32.58186170094716,20.30887309629956,0.9977504760686706,0,83.80184273197303,56.95730292539286,2.2093205642507585,0,0.02682975137756602,0.0600922310415173,0.009142110569949312,8.357467183322296,9.278341593283285,7.430821672223437,51.655947804775934
GR,2021-08-11,223,23.78137998529698,0,61.18174016141722,0,7.357505174142284,7.357505174142284,2021,GR_2021,29.38275370495172,18.374081017777055,0.8630183363824755,0,73.99588704958101,49.78184993521797,2.1212247871916,0,0.029082125375123544,0.06252655480838867,0.010612379991485387,7.305959598345966,8.22311598259625,6.382013745673373,54.08505964713627
GR,2021-08-12,224,24.68319519548293,0,63.90757796995718,0,7.664860843444922,7.664860843444922,2021,GR_2021,30.749583094251424,19.100707626791745,1.0351675820807127,0,76.36706497533794,51.163243465030384,2.059763882135012,0,0.026024433403862304,0.06092167078879613,0.008791861531692908,7.624720812270703,8.525888187866807,6.6860184628745785,54.515851894956896
GR,2021-08-13,225,25.059055422164214,0,63.015718597649176,0,7.667723647079678,7.667723647079678,2021,GR_2021,30.491288626817173,19.51942057435111,0.794044723509469,0,75.29123509844636,50.579486041633565,2.0851689687905757,0,0.02241353413251041,0.057843584387065466,0.008595470814210252,7.6267217706264425,8.550000216084559,6.663357260338329,54.74911657579854
GR,2021-08-14,226,22.485666162003618,0,59.104819316194956,0.0030572640659949357,7.127877523922488,7.127877523922488,2021,GR_2021,27.8329638081974,16.98768300362056,0.8834727302884728,0,72.18171136558237,46.671708750316235,2.228547204721742,0,0.02667410534886814,0.06746337745022546,0.009944326483329647,7.082865482971807,8.025270947934066,6.120866090864536,54.81949668397174
GR,2021-08-15,227,22.369956689784928,0,56.33641995753295,0,6.76712254534557,6.76712254534557,2021,GR_2021,28.334602820039542,17.255381225589314,0.9944982357235044,0,68.94869108370315,44.402016282406485,2.2659431756273007,0,0.029398960922842325,0.06613448481457876,0.009657609985006442,6.7106358101294115,7.675023775172353,5.815569721232151,54.27236353904086
GR,2021-08-16,228,21.723174140167437,0.02613366044296761,55.711855472890726,0,6.5302687733099205,6.5302687733099205,2021,GR_2021,27.243801863054504,17.273894545554022,0.9955397401320212,0,68.93498708533662,43.241729428610036,2.257547038588577,0,0.03130601625621903,0.0731162185052034,0.011423527355785692,6.474361529275164,7.443419376372805,5.544625118199932,50.97496444765747
GR,2021-08-17,229,6.382567076600001,0,16.4823037888,0,5.164296159076417,5.164296159076417,2021,GR_2021,12.979277855281007,0,0,0,36.876732186209836,0,0,0,NA,NA,NA,5.001118096001482,5.910213715302393,4.073078146668254,46.042460230455134
GR,2021-08-18,230,14.831178117388646,0.0492987120010393,37.35086044928453,0.07796798740098954,2.9242572563375244,2.9242572563375244,2021,GR_2021,20.273366870929372,11.100893823161567,0.9581057599712781,0,49.20933065473026,27.955128539511463,2.5839459379981506,0,0.04323758586504144,0.10477736890234093,0.014025608312928373,2.9414990682340245,3.875398142999879,2.029528851389167,37.148593932749584
GR,2021-08-19,231,22.49300336563453,0.10546904053672979,56.387693231959034,0.15347945890682535,6.077275565473741,6.077275565473741,2021,GR_2021,28.77749287693589,16.97009620765285,1.015279709717835,0,71.28464183831825,42.58495723442817,2.806232208167939,0,0.0342170601299087,0.07027832512093513,0.011467726881891826,6.0255300603907305,6.968769714786744,5.115304486520754,35.89304348569289
GR,2021-08-20,232,24.156677484830496,0.15931667839481,59.79840555941769,0.08253126394436494,7.108312867773986,7.108312867773986,2021,GR_2021,29.907302681053487,18.486703575787438,1.2528778560370422,0,73.7310422347587,46.80962041362313,2.87397162005248,0,0.03344765479191776,0.07688536212594754,0.011556269676097351,7.034737770002397,7.99030555424715,6.134309519983806,44.03577658391932
GR,2021-08-21,233,21.561804476942108,0.18757178819410525,52.05873983180809,0.41328726105906943,5.679006025237023,5.679006025237023,2021,GR_2021,27.537183912918415,16.391470711369813,1.3362215280345657,0,66.3900284764086,39.204729081342684,3.21109190430916,0,0.03824867288176899,0.08726838995708106,0.011990262555535681,5.6112339725314015,6.533692976843769,4.7242529240800915,37.2176351324124
GR,2021-08-22,234,25.247453149137733,0.21302098385209944,61.803004911340196,0.2473987687248207,7.690785703285381,7.690785703285381,2021,GR_2021,30.959805763211897,19.52249552342926,1.4355830474673488,0,74.54294703692763,49.31231909042396,3.167200691260192,0,0.033034685597672246,0.07839628463882281,0.011426760264049929,7.605465103565438,8.555477163780798,6.629769131605052,53.824455130037514
GR,2021-08-23,235,25.71880730983366,0.1412567507361291,62.660627195417,0.4553484302819957,7.8886646381499785,7.8886646381499785,2021,GR_2021,31.84764215381724,19.85727224008207,1.5635426397563854,0,75.83044324915498,50.11455558004585,3.6120912257702247,0,0.030613441869517852,0.0811829377715455,0.009952131997931338,7.8102838344365075,8.756318166967471,6.899796156657397,54.269972131839374
GR,2021-08-24,236,23.94062257548886,0.3179046708737331,56.609413672954254,0.6407829444822153,6.960043787639241,6.960043787639241,2021,GR_2021,28.304731856532033,18.343441458040086,1.7787655672906924,0,68.69544540808074,44.858276753906985,3.7190616768855747,0,0.039612322209244655,0.09894745572893418,0.014204691739002974,6.918104849009348,7.92146048499006,5.943474861536094,54.66582395198001
GR,2021-08-25,237,23.44218182986339,0.2386381016702357,59.338371051926075,0.5855169430403282,7.105508835220177,7.105508835220177,2021,GR_2021,29.66455423573462,17.79873090132152,1.5895367416342616,0,72.34488412988188,46.98024515347524,4.0306174274202675,0,0.03707011556231411,0.08903144509216854,0.011828079529127459,7.0530209521278735,8.027951568122011,6.1128352040519705,49.83286914490792
GR,2021-08-26,238,22.65786822563285,0.3576080971056592,53.57724033985807,0.6829295780431202,6.125028128444721,6.125028128444721,2021,GR_2021,29.05677262256666,17.23408411249782,2.1187962915293665,0,67.06399874348891,41.144196815259015,4.323789510867641,0,0.04280101182388647,0.11244404636857945,0.013291426316302642,6.080611441099077,7.0516510692270105,5.1459537833020494,44.3043772130793
GR,2021-08-27,239,18.981275253363197,0.44376280222641995,47.063443298887144,0.6495963731914669,4.8100371023945945,4.8100371023945945,2021,GR_2021,24.323591160763744,13.834071182030055,1.883904490382853,0,59.29174861462473,35.33543288798641,4.521167259303523,0,0.05584344235630849,0.12298338377579413,0.018395399523296708,4.803327827182747,5.755314799858133,3.821797441070455,39.09442482134425
GR,2021-08-28,240,23.06728557988744,0.3983599474562447,55.2146110352218,0.9949687815008708,6.622183427434192,6.622183427434192,2021,GR_2021,28.86728656198373,17.480028875562756,2.3109594469244312,0,67.9959715618193,43.24341385136152,4.735868178202326,0,0.04473583550099963,0.11127317753426796,0.015974047884263067,6.575070398087373,7.474536737386243,5.63743168853118,49.34419780739391
GR,2021-08-29,241,23.217488065228018,0.6104847943881542,57.09536193847159,1.012478522879562,6.896281752562306,6.896281752562306,2021,GR_2021,28.97124729595167,17.461970850155502,2.3965435198894243,0,69.34482144555547,44.93508642606261,4.880525220827225,0,0.05287111371981977,0.11995239435921383,0.01562033716114214,6.834824265882558,7.770471233688364,5.919211269781788,52.61344233691012
GR,2021-08-30,242,22.858167186835765,0.6752902086303123,54.6913167097434,1.128433583643059,6.516547621141008,6.516547621141008,2021,GR_2021,28.5778243691307,17.343000903398867,2.5629104468692914,0,66.48290814573214,42.97730117205344,5.200256425670393,0,0.05653098540392368,0.12253943258402639,0.017844210659336918,6.48548864770418,7.371758497689191,5.569084578432957,52.733853891062
GR,2021-08-31,243,21.39528111568285,0.7837918815913985,51.981217387637095,1.2319586923292678,6.110287744112136,6.110287744112136,2021,GR_2021,26.455904379886125,16.090484290753512,2.7982932530321305,0,64.57593833104742,40.15046096522378,5.662866738179165,0,0.06355864159420552,0.14412867266168577,0.019120574601614017,6.0790888137890935,6.987666942930178,5.176516216920062,52.91701387895404
GR,2021-09-01,244,19.740037393795777,0.7068195501471224,47.45306728755979,1.581400128154017,5.457585683432572,5.457585683432572,2021,GR_2021,25.138838318451924,15.23685864522177,2.8733955754950395,0,59.35749385068636,36.698986205886996,6.296406880835558,0,0.06506070552655577,0.15306994649728267,0.024131123263064755,5.468829177939413,6.3661696495361,4.533514965175772,54.5405597809854
GR,2021-09-02,245,19.70872304112708,0.829802443010667,47.680323571530586,1.7534630490936483,5.388997262540767,5.388997262540767,2021,GR_2021,25.42960433506981,14.730941302873306,2.8613205726382986,0,59.14098874228121,36.39160111694314,6.4425675310027515,0,0.06476762612069943,0.15834078641622756,0.02559957246229682,5.384427669568618,6.300899283811414,4.421882354705143,53.26445229428849
GR,2021-09-03,246,19.488449865032564,0.7968922194565573,48.25218934309108,1.8288940927219808,5.439057297320773,5.439057297320773,2021,GR_2021,24.625409474722744,14.87258627213662,3.0311037674843666,0,60.30811069681071,37.13252530053969,6.808499919388183,0,0.06696545155244243,0.16265121021034,0.02162781761909764,5.403785722209559,6.3395256856923625,4.493188113385488,53.2069053507004
GR,2021-09-04,247,19.259459568493476,0.9685973194803879,48.06698608949048,1.9135378103969094,5.351469244636133,5.351469244636133,2021,GR_2021,24.502691381246713,14.680088246562061,3.360738024698727,0,60.23304180109023,36.53355769357716,7.120482089229945,0,0.07623523858321468,0.17512810661295372,0.02574837328535301,5.3446469739026,6.2490329724696245,4.4170444826276185,50.638559109340186
GR,2021-09-05,248,20.371337201917036,0.8904900244293985,48.680405992422884,2.192194556564625,5.472425016621667,5.472425016621667,2021,GR_2021,25.034640377214124,15.361763839309797,3.362355473173043,0,60.69657801474953,37.778840988826936,7.822651488777531,0,0.0707537023969387,0.17378246301991288,0.024399754762999507,5.447716999772625,6.396300422663948,4.529791069767873,52.28789877305534
GR,2021-09-06,249,20.0938911478912,1.137374389791941,48.0712234901849,2.4693602982811975,5.38159835032609,5.38159835032609,2021,GR_2021,24.667224423327472,15.464251666412478,3.4371445097120805,0,60.37344949025782,36.951534969268835,7.900081636761335,0,0.07695603932956618,0.17558140108967024,0.027571004063940127,5.378638266220467,6.33098069271726,4.4379229248627885,50.150355198519115
GR,2021-09-07,250,19.69534439215485,1.0223929110491914,49.868644223865,2.6254753054336972,5.582174885670901,5.582174885670901,2021,GR_2021,25.09583812419953,14.71923971248662,3.2089772963254477,0,62.46067537709836,38.940154834891395,8.656196766174986,0,0.08104094470575053,0.1651447643275373,0.028608895652168186,5.562003172247438,6.477505909061637,4.626066588427961,50.91662278831874
GR,2021-09-08,251,20.439510732405907,1.4519140119991112,49.46406004640853,2.7609843397037994,5.621758866890226,5.621758866890226,2021,GR_2021,25.59768813742921,15.336082468593025,4.3082988942565335,0.018578138605296113,61.52485340088416,37.85417944440944,8.893990850657538,0,0.0962077985176166,0.2028006818704967,0.03159746539405228,5.609113044637558,6.5169591508938565,4.693332056646802,52.08935212798643
GR,2021-09-09,252,20.451606766252436,1.3965205628315223,49.85477623525424,2.936894877078936,5.5374963661801875,5.5374963661801875,2021,GR_2021,25.855191379293238,15.12270753518224,4.3047610760273995,0.0985184657164101,62.30863723025088,38.077254788008766,9.264418272531636,0,0.08931929202632391,0.19725974465529947,0.035792102494973506,5.530584159108219,6.433888754899067,4.5694594513428575,49.955321169791446
GR,2021-09-10,253,20.926743770225976,1.066477914611686,52.355815218946354,3.263613871079785,5.7071276739650205,5.7071276739650205,2021,GR_2021,26.832214356153894,15.833329169448954,3.849036446964581,0,65.95723689909518,40.20792841853472,9.700505338112496,0.00564301591372951,0.07605659922007585,0.1767855508340249,0.028743837729565964,5.674273910369829,6.581844249997089,4.779746142930777,44.56135542414939
GR,2021-09-11,254,20.25027208228505,1.282111358327522,51.25247418579813,3.8013756098519234,5.5542659733556885,5.5542659733556885,2021,GR_2021,25.77950633708306,15.29425135454222,4.242457325560863,0,63.424605209788346,39.76154959825417,10.677101424375827,0.17015637131872863,0.08527664749429384,0.200879653397314,0.029882189998309498,5.526223128719844,6.476819716469094,4.599751727303123,47.606238059354546
GR,2021-09-12,255,22.831411686918763,1.3773171886461288,56.925028435230765,4.141529570800197,6.318516704529884,6.318516704529884,2021,GR_2021,28.945988206034595,17.339970746837984,4.351488748462749,0.051780918441797996,70.34466481589216,44.67322543030268,11.548403098087142,0.2630467003239074,0.08113865687292823,0.18699864554099577,0.027419542607347053,6.2849437559689285,7.153757946613863,5.361894813790809,46.67841263221797
GR,2021-09-13,256,22.451461089747305,1.5583398458435311,54.376113887509,4.14363128230017,6.07809021671998,6.07809021671998,2021,GR_2021,26.978149922276646,17.01926084197459,4.940469025409806,0.11352386690427374,67.48348075536599,42.154926590040745,12.014868697492588,0.3462431899250604,0.09243609417566988,0.20346915419269834,0.033756625345244776,6.06404834419623,6.999193178839256,5.109444486375416,48.3722667304794
GR,2021-09-14,257,22.749126382632525,1.3180342559603544,56.44660047086598,4.63878560182966,6.365163898889441,6.365163898889441,2021,GR_2021,28.3665213469708,17.837161683007274,4.307583868695457,0,69.52765094467647,44.351507857713514,11.961479149181667,0.5529986976477885,0.07939122100297624,0.1836523945209156,0.023359881398729503,6.3211127233598,7.231503470112267,5.421841922313726,50.33009574155528
GR,2021-09-15,258,19.869789371169382,1.7440719709458221,49.01317559468886,4.877415465655769,5.236362654946309,5.236362654946309,2021,GR_2021,25.617500196883196,14.738388359028813,5.356838601103706,0.24760999796385252,61.72266197819669,37.43248360437689,12.643991426202248,0.5861138972379893,0.10851243212202594,0.23785820294261278,0.04215728801254974,5.215782980271415,6.141659760195991,4.291283783080881,48.73073927711159
GR,2021-09-16,259,23.336088270316193,1.813374310015323,57.4181399337114,4.8516106903077425,6.537798698421999,6.537798698421999,2021,GR_2021,29.239107269542604,18.01153950087099,5.054499364821855,0.26627461021598564,70.01781735821513,45.554727764817784,13.265456128452644,0.4817700066973898,0.09312453200500487,0.20545454891124176,0.037687595575292374,6.506681345512256,7.484781377050706,5.600664565962505,51.75294572702036
GR,2021-09-17,260,24.361600854726895,1.857523549820386,60.559662445506326,5.323244973867688,6.759264522648793,6.759264522648793,2021,GR_2021,30.13023074446069,18.599506208991592,4.842468834436265,0.19470359743713517,73.65442007536238,47.927691478791296,14.210239738097147,0.8101904392968917,0.09291388361152138,0.19242417944870321,0.035756458860130125,6.717913072669479,7.670207726759011,5.811429226129457,47.08227862215742
GR,2021-09-18,261,26.298667533519804,1.6414882217181768,63.19437260001313,6.1926468066183915,6.997423480525235,6.997423480525235,2021,GR_2021,32.42481975532199,20.54547108166995,5.09128396624069,0.041354665503579136,76.86997624983002,49.9095467857845,14.6927335970887,1.1089629406794668,0.08175295938432367,0.19062246578528727,0.025628987317931447,6.971873277076654,7.891679068219177,6.013869722602985,45.67672570570264
GR,2021-09-19,262,26.182536317268926,2.0914224095409804,64.0294191094723,5.5665792153640865,6.542536128205194,6.542536128205194,2021,GR_2021,31.50613811632342,20.228764648036737,5.48263367968191,0.25513974442099197,78.43482190266852,50.54829132344168,14.672438181720075,0.8089626552436373,0.09408875514642884,0.1993114847511519,0.034173855170345116,6.499519424788287,7.438963089349427,5.536304594055684,35.67872646824997
GR,2021-09-20,263,29.71427679534586,1.8455959912870072,73.62723811763894,5.942899209319043,6.914502740911148,6.914502740911148,2021,GR_2021,36.723972466530554,22.41257002256893,5.1641649758934465,0.34774404763692557,92.0028429319867,57.00053801716905,15.551985008451108,1.073378596017938,0.08074546484755354,0.17691900983864495,0.03155985583738279,6.846537354080046,7.783892650751865,5.907979823954403,26.08909272413021
GR,2021-09-21,264,27.244188561889175,2.122045508822846,69.8693088540419,6.581886404715364,7.885868613019736,7.885868613019736,2021,GR_2021,33.28039926814211,22.41603101689761,5.637258856411892,0.30083728531703957,83.87522014212345,56.35203107874624,16.77190010473997,1.2681232697139797,0.09009799132732671,0.1884875687457727,0.03362990451696177,7.869167391427208,8.798053613185804,6.911681304812432,49.375397371223826
GR,2021-09-22,265,16.0887691456,2.3073536502000005,47.180595372,10.0589217392,8.959332455053978,8.959332455053978,2021,GR_2021,33.07045130033323,0,9.742861054674258,0,98.54045718735371,0,39.67585495795868,0,NA,NA,NA,8.759388154080629,9.672538136934817,7.840491635393392,47.89069667812664
GR,2021-09-23,266,31.043403168358132,2.186768577418529,76.76884902524331,7.709728967433847,8.633265757673984,8.633265757673984,2021,GR_2021,37.074846720601656,24.759476794547485,5.741625982676894,0.48714753613013606,91.77830007435627,63.13209675579228,19.130401243257705,1.736276721727048,0.09074973741388398,0.17445108574238258,0.03426004816128355,8.578844578990058,9.50567355368924,7.630415150039493,44.676218445972225
GR,2021-09-24,267,31.713614573541278,2.9191777430220016,81.12557622461071,7.970753026328627,9.17908226011697,9.17908226011697,2021,GR_2021,38.201371799729664,26.446083323144006,7.138852914594421,0.5983740715749171,95.33657453131735,67.80225119396518,19.992376963826384,2.017818601114859,0.09731259664232511,0.20094972129155556,0.036741615786208326,9.108984159084262,10.05684744235506,8.178754281438623,47.77852335723249
GR,2021-09-25,268,35.80211840080385,2.6798513845109744,91.47312027477554,8.539291368068778,10.30327728162442,10.30327728162442,2021,GR_2021,42.336044845464045,29.71861401620187,6.959545613726781,0.5705011884946718,106.29156153762938,76.56481559311364,20.98404841339777,1.8507875789804573,0.08501340559702272,0.1791474723285126,0.0318790940420947,10.24206661789911,11.205104856903015,9.265878660600695,47.44228736927532
GR,2021-09-26,269,37.89768974800809,2.676600032185288,97.61629527596911,8.911448173632774,10.967305393715566,10.967305393715566,2021,GR_2021,44.76520893331866,31.199593304159695,7.338222223959645,0.3922665005666073,112.04953008765075,83.24452056010531,21.459537724498187,2.4066625240810855,0.0796539749392938,0.17693933513215582,0.02978978843474053,10.913220764568766,11.921228368503593,9.989630240507124,47.601514582465654
GR,2021-09-27,270,20.96654184793056,2.6137774702161476,59.28835645366191,8.503706855118558,NA,NA,2021,GR_2021,31.023722980413588,14.320847674710675,6.683754199961368,0.690800225801826,81.85326704535429,41.01385649363974,20.663681813612918,2.003001942898836,0.13064025925851347,0.2712274433988392,0.05116119300142353,6.082741580498315,14.784929500330676,-0.16132774716782722,47.22500482548992
GR,2021-09-28,271,23.518637243842427,2.9601768794280092,60.03633073022842,9.334116291207629,NA,NA,2021,GR_2021,35.42233712570179,15.432964865611632,7.457196145419151,0.6435187256455333,86.40564101375807,41.085680508147185,21.697646829096314,2.4696089621812214,0.13527238450471724,0.2886229575689097,0.04275725058109681,4.965473862310613,12.397637629622563,-0.6453886127588672,28.255230259690713
GR,2021-09-29,272,22.010875537029243,3.1797548285933166,59.55573923011534,9.102231167508938,NA,NA,2021,GR_2021,32.19956401002454,14.699043711634467,8.119173678836878,0.665394821990325,84.81742505975659,40.293480771372224,21.56308277799144,2.248496955427027,0.1425483402211776,0.2934945914484781,0.052483495585966836,6.105012939944444,15.485484841853566,-0.09099337502300366,47.373058752169186
GR,2021-09-30,273,22.568309621174855,3.2469956879954367,60.40856987841841,9.140511273613274,NA,NA,2021,GR_2021,31.63308468450989,14.84184645647519,7.872985682192902,0.7007764914920422,85.19120202188388,39.80107872430427,21.86440352250265,2.4477612545089635,0.1498370910094201,0.2861818356661281,0.05297616611135203,6.167438580385568,15.614441503627535,-0.070454419891898,46.584113806951365
GR,2021-10-01,274,22.322144922413646,3.7197075842730483,61.738123467993326,10.425470572007555,NA,NA,2021,GR_2021,33.46702093664895,14.8543463830008,9.603186725727117,0.9557330403424886,87.03556603678103,41.61133465169916,23.789973689474703,2.7559447813829974,0.1599775259117055,0.31234503595579594,0.061554336136288995,6.101264632634418,14.877477452676139,-0.04354277906806708,43.10400552633347
GR,2021-10-02,275,22.258860017996355,3.279564814960601,59.97219237957826,10.568762952744116,NA,NA,2021,GR_2021,31.468424274992984,14.598234213313663,8.341348836370198,0.7905087671438518,85.43872852429044,42.14266417780378,24.18510236223452,3.0586071097484475,0.14475187422297942,0.30079086016125495,0.06031924514091006,6.24701231949938,15.127285638842437,-0.0016764655188483877,47.04299957113068
GR,2021-10-03,276,20.83137801212078,3.477250659853012,62.59682745563888,10.451908757229724,NA,NA,2021,GR_2021,30.996583698779997,14.10202673352954,9.00774905320391,0.7033510169771509,90.89098509348652,42.103952507378615,25.133981707255476,2.789265344808395,0.15428295616454613,0.325133224272731,0.053116021067497854,6.3572646187331525,15.70414032833212,-0.23057341229931447,45.60467062790006
GR,2021-10-04,277,22.094227560330893,3.987299947734072,60.75824008180286,10.81299167336186,NA,NA,2021,GR_2021,31.631285559024093,14.835194971529829,10.401922471459981,1.1438420377997143,86.59237187921042,40.12568746911513,25.093548364063647,2.919082021764876,0.16905839665474642,0.3484468471604625,0.06669883730202424,6.2154118370994755,15.771668145101584,-0.10311059854880998,45.7045592124025
GR,2021-10-05,278,22.003730440464686,3.8207693060327053,62.375455318737245,11.628984451795274,NA,NA,2021,GR_2021,31.551976174373742,13.818708184192458,10.05277715558876,1.0061911194017412,88.49196662487778,41.51228071548799,26.43839375716377,3.149050521564487,0.17974225011980477,0.3356384778271961,0.06543718849506841,6.286638159474372,15.845316520187136,-0.1850412546320311,45.517063560099835
GR,2021-10-06,279,23.777693367571704,3.521432375849421,62.413242767895994,11.632542759983494,NA,NA,2021,GR_2021,33.909670007727115,15.483796677695265,8.811219430837122,1.0090091427500159,88.21101905079135,42.0770455126249,27.571886527191282,3.1434051467344015,0.1461957482533189,0.30880692169047763,0.06305444921178985,6.027180601086929,15.369734090683922,-0.2045087107961746,40.85624948163137
GR,2021-10-07,280,22.61240781628308,4.016955591140002,63.10598523136553,11.779245493834354,NA,NA,2021,GR_2021,32.56458274164304,14.503594780359375,10.611133127381144,0.917295244716168,89.13522095530013,42.18736168280162,27.914655347228116,3.6252876649556156,0.1692310804152117,0.32758182547240783,0.061961767466942715,5.038265423986538,12.951797255882374,-0.809391942582479,27.233193543543884
GR,2021-10-08,281,21.751959515629544,4.376279111653735,63.09079553385623,12.00405897660512,NA,NA,2021,GR_2021,31.840947888670584,13.698309487342392,10.52758235752536,1.1540328913208713,90.83797170310956,42.06616762450383,27.24055217261176,3.7931256307550636,0.1928677976645487,0.3480729954410842,0.07680849794864339,5.763069857322176,14.703213278248713,-0.7435462494466878,35.388963246375766
GR,2021-10-09,282,22.663777622183297,4.597263698158856,62.97767203947149,12.851418225809628,NA,NA,2021,GR_2021,31.87401501779439,15.29435080590084,11.569528862924845,1.2146012564808997,90.86956899817208,41.900198261751335,29.323693101016094,3.9537137815951016,0.18570628206123663,0.37103258585021004,0.07178698793979121,6.263483743891586,16.01356423105502,-0.08491615369188395,43.95538083051914
GR,2021-10-10,283,23.471624648104175,5.238563533222698,61.441522659339235,13.291809488990806,NA,NA,2021,GR_2021,33.3135302055689,15.27291262361832,11.296293194040963,1.4523092355019693,89.30501559501856,41.16624485725215,31.095498572182247,4.122659881092044,0.1947489210063557,0.3550692550260962,0.08028280913969876,5.36747975225734,13.92668148810364,-0.5520619280865627,31.920491707106837
GR,2021-10-11,284,21.546356860223213,4.467201573924884,63.27403724174389,13.572831119088722,NA,NA,2021,GR_2021,33.117145126376464,13.306076012381778,11.752187666534056,1.12985216405949,91.02553088777464,42.34099313640208,31.00023595604691,4.228319814607813,0.1879783693900369,0.3604659463375147,0.07115813086628366,5.765018667913287,15.056344256014503,-0.3518434524812668,35.68266958847025
GR,2021-10-12,285,23.05627062883213,5.326378323755779,63.072160274385475,14.213158762129463,NA,NA,2021,GR_2021,33.815650453147484,14.628818967541006,12.015968748295759,1.630819682198206,90.12841994038874,43.70806852875959,31.357758206215866,4.748335623650025,0.1997897878189973,0.3720821177402467,0.08411975327608309,4.126194153464294,10.812650531323882,-1.149245944789249,18.720171404416593
GR,2021-10-13,286,25.938546820000003,7.794494749999999,70.07382003,40.966125954,NA,NA,2021,GR_2021,51.464110912032275,0.41298272796772906,28.792042480848203,0,121.84263336852716,18.305006691472816,166.1751120508987,0,NA,NA,NA,6.692245689539453,10.767793871165832,2.6068082120236653,40.29541913399176
DL,2020-07-13,195,9.316531203645978,8.985217365931584,21.37431315823417,41.96388790041144,NA,NA,2020,DL_2020,14.783947224393161,6.08263390818997,21.871299911194328,2.9115144078880926,32.241230773459854,13.86107015871549,89.20022491301195,15.945821612302382,0.49453611525643376,0.7057589093799479,0.2518426469435401,3.119190988053531,8.996146405974349,-1.8361020401571284,47.217741229384345
DL,2020-07-14,196,9.837847483425533,9.561307155540558,21.376656262173224,40.44082013067375,NA,NA,2020,DL_2020,14.428732695742921,6.008798649875087,20.44773306463094,3.1092415863924243,32.39645173034638,13.396381218800142,87.69032541042326,14.099245832101296,0.4912977134874468,0.7017359976428754,0.2621059516994224,3.11890101452935,9.546096620713834,-1.9941769791906834,49.321928920205224
DL,2020-07-15,197,8.643919993982621,9.09687658521381,20.141773976540843,42.560712341283185,NA,NA,2020,DL_2020,13.338582906190707,5.241701588318924,21.218855675846086,2.5956425908542347,30.18483267934301,13.24177764114325,91.98040082684106,15.673805886652552,0.5129009122486544,0.7330798673365818,0.25306451372242805,3.0529122104081736,8.70304214423507,-1.7264958566753785,48.60317332221642
DL,2020-07-16,198,8.781647221568084,7.814742907505734,20.31485844848864,43.22286737032811,NA,NA,2020,DL_2020,12.91810453374595,5.626208486174499,18.902046375002023,2.4343169030519265,29.229118373691108,13.188292116512985,91.04958564919183,16.145711871419703,0.48699789067056054,0.6967648102904557,0.23165691614187583,2.8852636023971554,8.053452752660803,-1.8321531924535388,48.135166041507674
DL,2020-07-17,199,8.563684917813031,7.908095635417163,19.55839097161371,39.103476177803934,NA,NA,2020,DL_2020,12.661791502223592,5.413562696815841,19.427708085329254,2.718345928121054,28.805919450377196,12.935115795165581,84.6406234636259,14.31752675259131,0.48391801546229424,0.7075897742312571,0.25847976585959004,2.877691167851885,7.962082335950271,-1.7944818288990605,44.8329330148125
DL,2020-07-18,200,7.8289651300260195,6.93140470968376,18.608455053098634,40.488993972429654,NA,NA,2020,DL_2020,12.011948126063276,4.673394736954747,17.942767689681997,1.9665967906578048,27.648908990983532,12.019836478806738,85.7725721844965,14.311590415579413,0.49182094146596317,0.7049206262306431,0.24095380245365977,2.6474578450453046,7.914969781925446,-1.9319103882444222,47.79817938108562
DL,2020-07-19,201,7.591123150495842,7.698377403182806,18.784892744849923,37.668371412437466,NA,NA,2020,DL_2020,11.556113688797291,4.918165534558823,17.107645640000573,2.364622239358484,26.959086946891965,12.279964889132645,81.64626795684399,13.61299849645849,0.47806028165590997,0.701586976181884,0.2667976172352628,2.669881329084915,7.74965568437358,-2.1123223897221,47.87398721379938
DL,2020-07-20,202,9.5318185024,15.6206863904,14.340705906599998,155.57808244,NA,NA,2020,DL_2020,18.910947562875577,0.15268944192442724,64.1995521638965,0,27.971971462814135,0.7094403503858637,495.4238304839512,0,NA,NA,NA,3.119771789165016,7.282820391919964,-1.0647556853031164,47.54883925405035
DL,2020-07-21,203,7.2192601959983875,7.184185221832242,17.811159614575363,38.168229472049745,NA,NA,2020,DL_2020,11.13787360360964,4.422811876783325,15.54090774789827,2.43867558015522,25.90193794368515,11.473776041744129,81.6544727951546,13.597369531571369,0.49731652428005724,0.6935473199810493,0.2691164138887837,2.6574185685885636,7.6502541662452535,-2.179431306527205,47.26378777627945
DL,2020-07-22,204,6.8363278617790355,7.543854515483603,16.581453591503735,36.53103766066419,NA,NA,2020,DL_2020,9.73356605420725,4.338663065720633,18.061326485552595,2.5300680616391116,24.28625638400148,10.997383397571289,78.69865824014151,13.67138369265916,0.5284593579116676,0.7385541660637998,0.29003230104223954,2.528306625303454,7.551141574193743,-2.1486989517788633,46.42049257837393
DL,2020-07-23,205,7.071305683753774,7.919032125809372,17.76238535514587,40.8958700165205,3.3156934217596414,3.3156934217596414,2020,DL_2020,10.017225384875642,4.436782644607981,18.47209754052333,3.0419571530469502,25.317787341656885,12.092083311532196,86.15269808752616,14.198510491967035,0.5254561436685796,0.7442319638091075,0.30335799353761966,3.2630721868009642,4.186757969980651,2.3361130574106874,33.54253407817242
DL,2020-07-24,206,7.3938304205829235,7.998539228108981,17.68517817892921,43.263735647653114,4.031577540713154,4.031577540713154,2020,DL_2020,10.342955226092743,4.79432685899837,18.021454799013735,2.4517888407331982,24.935997199367353,12.287209882433649,88.56648048027942,16.479786159632035,0.5270118139617177,0.7227926510686894,0.2639344440086005,3.9630379299369247,4.890786749655226,3.044845525703059,48.257491587762885
DL,2020-07-25,207,7.001658532626572,9.099943397533252,18.296139090085394,43.97284615092999,4.506750325209916,4.506750325209916,2020,DL_2020,9.877361462715045,4.644042849755901,21.041545783981316,2.77773206530052,25.17259826636013,12.260095023427793,90.76122063659062,15.59208563160367,0.5646181438309765,0.7589569481260956,0.2903454792175991,4.406150908226228,5.332584021539224,3.4883872659797066,49.13548734740952
DL,2020-07-26,208,7.402675106746986,7.70117559911681,19.462854416243243,51.90154891656912,5.70736220890343,5.70736220890343,2020,DL_2020,10.630924490133674,4.869612971552356,18.108575958515893,2.40058617327139,27.144159373210552,13.501398378135132,107.81179478632184,19.19018315195443,0.50256135140807,0.7263323450559022,0.26295790734889635,5.575365073225001,6.489329498933713,4.679885600966526,48.92183855902033
DL,2020-07-27,209,4.8097341082,8.8096242986,23.987609942000002,38.30091617,5.1357435432406335,5.1357435432406335,2020,DL_2020,9.254310079810198,0.3651581365897999,21.63176610847019,0,61.321317775994814,0,93.17285145754563,0,NA,NA,NA,5.023327845302776,5.942974486228672,4.117378280787155,48.25281586019668
DL,2020-07-28,210,5.9974606339044865,7.029606941897318,16.45694985496189,43.6450889422584,4.844659009781876,4.844659009781876,2020,DL_2020,8.783860615047267,4.004696991993738,17.22180295235633,2.121433471180768,23.322707708181678,11.231960444173103,89.81380815328002,16.63650657710149,0.5344632533703186,0.7496556074401346,0.2832085014587886,4.735558007697671,5.663203687558587,3.7773237997144258,36.63798667058179
DL,2020-07-29,211,5.628888403411968,6.833233272887946,15.250896376585837,43.575848245457124,4.307276173276299,4.307276173276299,2020,DL_2020,8.501490724306294,3.685500964621144,14.183857929027559,2.2469970532235335,22.05643695425496,10.062189181571496,89.66026304625466,16.61874693325905,0.5303333635556973,0.7201008898443704,0.29440240349450825,4.2243145894746945,5.122476586544287,3.2679041558335147,42.66780490991494
DL,2020-07-30,212,5.741245625252085,6.777994419871045,16.18180000325231,46.49313329794591,5.544076483188638,5.544076483188638,2020,DL_2020,8.419012073147893,3.5911277298106814,16.34240233989281,2.01676585455715,23.187785364475527,10.676359983543877,102.98903317573034,17.7346647166077,0.5326022071041847,0.7360027567660496,0.27840044977764417,5.379403717184411,6.331924516576788,4.49666953499077,47.76612464822255
DL,2020-07-31,213,5.2276269915786555,6.33520443452426,15.280605534892723,43.65673379034145,5.35825034650326,5.35825034650326,2020,DL_2020,7.5335238241951545,3.4815120260400967,15.017446623637213,1.9388219115418883,21.27177379379132,10.19116260504695,95.9906653413863,15.056952678329292,0.5410412138723193,0.7461354517017216,0.29880889898973917,5.192009130832785,6.141763470199524,4.242931261764543,43.954398357971975
DL,2020-08-01,214,5.163253832701553,6.563317187840625,14.552917504376731,42.97024085825521,5.041277597695611,5.041277597695611,2020,DL_2020,7.648631438719817,3.2680911454884303,14.706745633484626,1.8186596144510607,20.640315725144088,9.53844433076718,91.2982098707106,15.263870920007616,0.5365807476333881,0.728997430453444,0.30020810471492215,4.9126431926495915,5.8143780258741105,3.996154166972821,42.81594803348612
DL,2020-08-02,215,4.939312063450716,5.39274796924585,14.063939973347168,45.869416143195075,5.402716045709619,5.402716045709619,2020,DL_2020,7.153413585791436,2.9777585420310384,12.73082258747581,1.4830677518149862,20.167756855430962,9.123817081123725,92.2716490677373,16.87961783100717,0.5227818215576406,0.7224481683969132,0.27279292223323454,5.2435891123714455,6.194897842201115,4.3222220644459,45.96106050074858
DL,2020-08-03,216,2.710275292,3.1872260536,6.2912159976,11.839355636800002,3.9420704421528456,3.9420704421528456,2020,DL_2020,3.9885947438363125,1.4319558401636874,9.785699557982205,0,11.620092461046772,0.9623395341532262,41.96202163484667,0,NA,NA,NA,3.791914650408302,4.707490130467208,2.898878009861207,43.89952011045816
DL,2020-08-04,217,3.8085510124692874,5.261170505612527,11.490864801233675,33.08993708476213,3.5717318240631353,3.5717318240631353,2020,DL_2020,5.597905248904329,2.427379593075007,12.601054422275588,1.2613513724970251,16.647027670080497,7.5568497318888905,71.3310727849672,11.849329178990738,0.5544876835012453,0.7497404847735168,0.28612737909327934,3.4775753759959676,4.404421167668383,2.598687318821656,46.33289561973019
DL,2020-08-05,218,3.567781811801427,4.168638906679521,10.644760288254979,30.61591925300193,2.957415391135162,2.957415391135162,2020,DL_2020,5.410219703983647,2.196686473455917,10.302611273581459,1.0367077576961523,15.414683680165224,6.956963897259831,67.46332945463165,11.183583219739452,0.5268284161913224,0.7416269604008197,0.2689809055685894,2.8808079477485506,3.77325614870501,1.993329392902874,44.36897584578123
DL,2020-08-06,219,3.4139023912062703,4.357674619608436,9.956908115240582,28.063954930813036,2.542465237810208,2.542465237810208,2020,DL_2020,5.112381490196561,2.014402275360724,10.425741764624007,1.1199210777285804,14.528341143090303,6.302252449226858,60.73527632516305,9.155378940059961,0.5402846697689176,0.7495276615987907,0.30954283200182514,2.481698274003623,3.39663015743079,1.5430827159451368,41.86360670421912
DL,2020-08-07,220,3.2655388038545974,4.337220190876614,9.39573053849419,27.704173051219378,2.619907431800361,2.619907431800361,2020,DL_2020,5.003853741126981,1.8922009793065584,10.928070058861366,1.0268639942530098,14.040504047049366,5.87101969761361,62.52944900543623,8.899947498114024,0.5516647678178717,0.751859784469775,0.3031023677442888,2.5624861565302828,3.4537020910806553,1.7023072226478306,45.867495660221415
DL,2020-08-08,221,3.409517717363091,4.330699600138181,9.664718450510094,29.50796017625638,2.927904764299123,2.927904764299123,2020,DL_2020,5.044659354698939,2.0068874229097293,9.850390311761043,1.25467127445554,13.842431747604342,6.225158508542254,63.364755081735076,10.994964548901489,0.5491350251746856,0.7535669838628809,0.30828579734749983,2.8533337140851955,3.816721263362011,1.925640297947109,45.73861306427821
DL,2020-08-09,222,3.463151543633807,4.821085851998749,9.698327666965815,33.08845422313566,4.061451087696126,4.061451087696126,2020,DL_2020,5.243665416495661,2.147557751793163,10.265290233429852,1.3040843398301312,14.181205354769439,6.429378230419882,72.91646312449427,10.722218186787464,0.5622483020532222,0.7426770030831421,0.31373376750612575,3.9385485371180877,4.852164273607148,3.0266630829388106,37.129278749278235
DL,2020-08-10,223,1.9563469599999999,4.0318394798,5.461095200400001,6.777498123200001,2.307710329122119,2.307710329122119,2020,DL_2020,3.438735285293961,0.47395863470603816,10.46060740237067,0,9.44422348276456,1.4779669180354404,17.632306073438055,0,NA,NA,NA,2.2348666311292917,3.1443119437136935,1.30126393888205,46.18646600262353
DL,2020-08-11,224,3.1642511555879533,3.423294949472054,8.673583615447777,25.123435338617305,2.4662519121202804,2.4662519121202804,2020,DL_2020,4.8084969044300205,1.8761640986877746,9.031554703207933,0.9883295970938781,12.758606144991878,5.489670353987615,56.51138094935322,8.826876428069658,0.5258163220999426,0.7375324744930958,0.26356432508814553,2.423240185999024,3.332202669058602,1.5123206679989347,45.86987618525682
DL,2020-08-12,225,2.95125485626572,4.053679480881692,8.169191493050805,26.066069739812512,2.0805323758164196,2.0805323758164196,2020,DL_2020,4.469552682660633,1.8423208933125461,9.923307545693525,1.1403541052658974,11.823486145302505,5.163218368393441,54.71774416934387,9.334288747749863,0.5622034051296112,0.7572452761020295,0.3216407797546233,2.041937580100052,2.9578684356482836,1.1044919179319475,37.86272236081564
DL,2020-08-13,226,3.01914097867649,3.429303302031208,8.04744338454483,26.04321088846252,2.0657422644429473,2.0657422644429473,2020,DL_2020,4.617310440629559,1.8040252862695834,8.795581962419899,0.7178854649550981,11.745078378421292,5.034742889014625,58.20053570493362,8.96159857704329,0.5289918134141769,0.7397874880796004,0.26178857066301825,2.028540768679803,2.9367702401247304,1.0122458876266403,43.31486431730862
DL,2020-08-14,227,2.985534387573866,3.8232865717858457,8.008281799354288,24.185159156611675,2.0918334923481816,2.0918334923481816,2020,DL_2020,4.586246615540417,1.7192052555684985,9.047328870375887,0.8822270325774713,11.745977081430873,5.174663651453011,54.432867642671276,7.979785636981875,0.5565644960510483,0.7530748159586311,0.29575819836786443,2.0598025741547885,2.9362509188564325,1.0766455912017485,46.6812725384058
DL,2020-08-15,228,2.9205129344480363,3.605266547185468,8.0769092353771,24.570346803430315,2.3377048823275044,2.3377048823275044,2020,DL_2020,4.486104382617331,1.7113163389332091,8.340860176471201,0.8108770289252938,11.805618981768633,5.206916243987134,54.30760257161053,8.221147285218608,0.5419672562958976,0.7489527330305596,0.27576069121985897,2.295604992563616,3.1878847263258745,1.3716136048606655,46.41035646438403
DL,2020-08-16,229,3.0550748399808176,3.9404456653942423,7.933291377599451,24.48226747174964,2.48665707941473,2.48665707941473,2020,DL_2020,4.867454635620624,1.8262545262229226,8.596582731493605,1.110119744799842,11.676284166840322,5.12470705652138,54.21756615259745,8.014163037122183,0.5335405554336534,0.7415836797465728,0.31003910271706503,2.4284890529640424,3.3415834847619013,1.5391370662579877,43.16851828875784
DL,2020-08-17,230,2.47518526,4.2291301434,5.551191472800001,7.4235638864,2.594731155476998,2.594731155476998,2020,DL_2020,4.338956250956823,0.6114142690431766,8.854752287641183,0,8.826319725693194,2.276063219906806,15.910919295562692,0,NA,NA,NA,2.5003793073959533,3.412927908252707,1.595334646885824,44.726671692234795
DL,2020-08-18,231,3.146711030054168,3.5944413186757664,7.819243607104502,23.001130241031685,2.3515875434822924,2.3515875434822924,2020,DL_2020,4.749902635698463,1.877052016656326,9.32404122833142,0.8817017040516646,11.68836958953097,4.908958459066644,52.818114314624815,6.929765970354499,0.5320477113617352,0.741550787518711,0.27444785264259813,2.3208994709132043,3.2073514744504825,1.4151055254065907,44.02423521558457
DL,2020-08-19,232,2.9684862334676936,3.7213228982838986,7.838471854113315,21.97015812945403,2.4741954229449528,2.4741954229449528,2020,DL_2020,4.683560268131086,1.6818508576746902,9.30582152170198,1.044430360723475,11.73457386461102,4.926895852819804,51.21193031156319,6.72266004641472,0.5396666451995823,0.7459429877350633,0.3027579715012211,2.4323568702704312,3.314679355188792,1.4847704854680022,39.36561983365783
DL,2020-08-20,233,3.4713589222600136,4.032767612295543,8.099242877790715,22.180910901432945,2.580506772709059,2.580506772709059,2020,DL_2020,5.003537469267114,2.1077142276186516,9.215472232222155,0.8940483835533721,12.043286306812702,5.246661030907674,51.48051491737072,7.4894907017294745,0.5317745491068813,0.7290698689610533,0.2750738528863458,2.5163994166752994,3.4241404452245425,1.6191555962283282,40.020346496964905
DL,2020-08-21,234,3.3686934692644313,4.1573208834836235,8.269436934334971,21.38819775411867,2.7694645579746555,2.7694645579746555,2020,DL_2020,4.832470113123498,2.0184655861654712,10.04826618450149,1.1345647134897234,12.096392114377595,5.1371605234292606,49.61710267924514,6.8589981534048245,0.5525883265432703,0.7397791502540071,0.3060102649331835,2.704168894077776,3.603712206319814,1.8063214513586727,44.74092069611152
DL,2020-08-22,235,3.2543331669450746,4.525787053788801,8.428755943551293,22.117554809175626,3.0128424721169442,3.0128424721169442,2020,DL_2020,4.981260042147573,1.9779865692196488,9.372269009429004,1.3210257293558123,12.543258736413309,5.311575596115116,49.80141201756547,7.883045716469773,0.5681681831741416,0.7425360146804975,0.3207642083910964,2.9547588829184743,3.9308860657594153,2.0421364334906444,45.340180007129064
DL,2020-08-23,236,2.9592212878882513,3.8214274589445365,7.9487862377789735,19.01643426348992,NA,NA,2020,DL_2020,4.758333068413005,1.75309242960582,9.216448216421838,0.8923986370643042,11.663320283092608,4.979111608523459,44.143275185361226,6.280040808323438,0.5336508407482317,0.7474522197641535,0.28578590313746605,1.1889788230237293,5.657314082835492,-2.8869092598755595,45.76568536692204
DL,2020-08-24,237,1.8376031691999999,5.3429713746,6.8182437398,11.1351767986,NA,NA,2020,DL_2020,3.796333711498167,0,10.172942512336778,0.5130002368632203,14.19771201074098,0,16.999468204951544,5.270885392248454,NA,NA,NA,0.845775921669174,4.9842598780319864,-3.303207440728329,38.64196614704501
DL,2020-08-25,238,3.2917373031494517,4.016019097271181,8.074691122699825,19.401174828664924,NA,NA,2020,DL_2020,5.094396291673581,1.9979830422182787,9.770873594105726,0.9046927900952502,12.168315937571284,5.030917045263568,42.56105390950044,6.266834091082522,0.5484488961789269,0.7439209729399691,0.27183809962549066,1.2973468324775643,5.692239063393948,-3.0996979601547627,40.34748191134582
DL,2020-08-26,239,3.2130465073893335,4.271760974078483,8.386729578456174,19.26580425162562,NA,NA,2020,DL_2020,4.997928636176117,1.908192282831485,9.345192041184575,1.126479292217906,12.612139263939685,5.375716485341423,41.95172036762218,6.457188443452903,0.5588111607125239,0.7437517731721149,0.2964271870413251,1.2388754772380746,5.72069324539226,-3.142450888977447,45.14033694089777
DL,2020-08-27,240,3.6567626353634504,4.530084440676645,9.322058772186741,20.351414368305182,2.872282405646198,2.872282405646198,2020,DL_2020,5.74883052646084,2.1508889301308582,10.140554526752457,1.1634625293414078,13.266773289077914,5.840194248710732,46.53009645337179,7.14938044311825,0.539795506958731,0.7370951308916089,0.2738982141779133,2.7931627323482817,3.7761810644165,1.8842912186170355,42.58927166648913
DL,2020-08-28,241,3.6401604243002375,4.631695024628496,9.651222714307186,21.278166790071023,3.3267440146833875,3.3267440146833875,2020,DL_2020,5.5711609097254655,2.303095890646297,10.970688250156556,1.3060271220628703,14.270065428894442,6.165442516979251,49.11732359282039,6.838415631401993,0.5581517183380691,0.749377859971705,0.29003916305812383,3.236593849310056,4.132126478519449,2.3188240157490765,43.65086150899942
DL,2020-08-29,242,4.100487258819917,4.898607280056149,10.11977558270284,22.185595012636153,3.5079553976193862,3.5079553976193862,2020,DL_2020,6.146562686333442,2.4615577817284837,11.397819340364029,1.2188488350903661,14.669844378481562,6.346132397906265,48.876370504690136,7.5998148798932625,0.5336785989445365,0.736567861471317,0.2801202553049352,3.384714734496006,4.286200459811671,2.5239346102271134,45.96462965762251
DL,2020-08-30,243,3.707696973245647,4.818155269919134,10.42752108367723,19.939005839135152,3.3452599261584814,3.3452599261584814,2020,DL_2020,5.670516766319536,2.1633804654559308,11.899396332482455,1.4211654869162438,15.298922135871338,6.648910442147175,46.942773916211586,6.2663887349367915,0.5647568731166364,0.7588054734584138,0.30775348128414726,3.2621918888166297,4.176674757468444,2.3459251860350028,45.20389993276424
DL,2020-08-31,244,4.23104352071853,4.360255364128508,10.191424292261717,21.2674422115122,3.131047576387212,3.131047576387212,2020,DL_2020,6.143803364323504,2.526504812512923,10.439661743033774,1.2159378089893342,15.01409089104323,6.402750277162209,48.79081668288246,6.759832860572082,0.5185323682548639,0.7231509803086311,0.27296685603677295,3.025569018693038,3.973902209600888,2.1111509728083107,25.357626400336287
DL,2020-09-01,245,3.755948555607268,4.874181045520905,10.529712805729059,19.483607872999738,2.9739153387111905,2.9739153387111905,2020,DL_2020,5.904075774832169,2.4499190054407807,11.624481658839692,1.3450084857689755,15.273728034752656,6.943947936371295,42.850157109011874,5.719163804251112,0.5518801280317539,0.7561022409394547,0.29351597013884206,2.88705103125925,3.8369188807274344,1.8758463604568372,45.46936552712909
DL,2020-09-02,246,4.094021424429391,4.637204220767715,10.845999132007666,20.267299664224016,3.4014824444415295,3.4014824444415295,2020,DL_2020,6.209549105412886,2.5937917772882857,11.176633404015744,1.3244068737959145,16.05046185535174,6.918581750920088,47.14383827906396,6.916565527752667,0.5220860832499363,0.7268906566134139,0.2873017570669179,3.332557630131943,4.260988894419661,2.3956468002522127,44.25058539770798
DL,2020-09-03,247,4.240521768120854,5.527925160734374,11.151551570826074,19.434739656734283,3.368857824506739,3.368857824506739,2020,DL_2020,6.165507456094539,2.567739104683933,12.317736688330006,1.852731458370373,16.06465054368131,7.384908128638568,44.324485831366935,5.744484387214317,0.5584186144538104,0.7527795915268635,0.3243505101065969,3.2972875710166667,4.229918355717967,2.3670988054611977,45.756731615271114
DL,2020-09-04,248,4.136601187162127,5.126728015471004,11.650724618484363,20.796664778841375,3.386619186646779,3.386619186646779,2020,DL_2020,6.343037972733523,2.577398403637053,12.027223363779276,1.615509281477953,16.77944634335002,7.577462337099398,45.61843943338017,7.167431510226713,0.5439313081805965,0.7593079347043078,0.30092180756283177,3.294997134704477,4.191046739311539,2.3917614131338816,45.66041851696037
DL,2020-09-05,249,4.16258529761803,4.59310149774847,11.895718869067775,20.105983958130512,3.5979585942408403,3.5979585942408403,2020,DL_2020,6.263573358536046,2.608603164437698,10.976082793319733,1.1447237962751926,17.19082781821414,7.726781105536846,43.856070077779634,6.4192919128743124,0.5129083852024248,0.7270569306785568,0.25900747176379063,3.5130038602310814,4.43376720859287,2.5940268959090735,40.41509678649358
DL,2020-09-06,250,4.400865703077689,5.527077434245386,12.004340573988893,19.36500550495652,3.4759237505989775,3.4759237505989775,2020,DL_2020,6.569309598588146,2.8184085567024235,13.60651546235297,1.4470071450420472,17.08111859204366,7.886205834556597,43.1927776286141,6.403185581372373,0.5523885347623043,0.7427047158119932,0.2934241052235814,3.402001460978915,4.32081038111482,2.464951980602626,45.007401138157825
DL,2020-09-07,251,3.9587417291241653,5.547797701511828,11.308991212285816,17.745239426409114,1.70030074675072,1.70030074675072,2020,DL_2020,6.1535878422359636,2.3263206572774386,12.974205566256623,1.5024300122429197,16.105658922203993,7.2935631625842685,40.20299626163415,5.639597858189914,0.5776708612996653,0.7556338242638129,0.33079512638017083,1.6599286665151674,2.5582918494849594,0.7802218184446978,18.572447273744228
DL,2020-09-08,252,4.047110358214517,5.517059342176307,11.706365312218391,17.245611519849387,2.3576020878825195,2.3576020878825195,2020,DL_2020,5.954395999611299,2.4038716571909853,12.754582503217753,1.5559084522101825,16.829439674872262,7.8150063713069375,39.88468064503453,5.965202017656448,0.567920382207768,0.7686378133752338,0.30871216553615033,2.325514984982696,3.226286485208784,1.3836476460312714,46.27559023368091
DL,2020-09-09,253,4.311300386429013,5.581507610769053,12.039822318662134,18.607492293069573,2.73285094866264,2.73285094866264,2020,DL_2020,6.321551932608848,2.7681670580869278,13.14740921901818,1.9071209942191476,17.72124816187598,7.7758994613025845,40.698597713447455,6.082120395966953,0.5464912293013948,0.748403181478308,0.33216353209724386,2.6869758494105733,3.6088213242104046,1.7837677013563986,45.86202686207573
DL,2020-09-10,254,4.454219207204038,5.528651787117463,12.892938662067131,18.97328737694134,2.9452157996482144,2.9452157996482144,2020,DL_2020,6.795174300411589,2.633146834787751,13.278875067638294,1.4878917038199513,18.214368694261296,8.410980791341482,39.79600565360837,6.4727135352572205,0.5528921823001032,0.7584430473962102,0.2713293351534411,2.89840979229597,3.8408658894133487,1.9500959465671104,45.63746854271647
DL,2020-09-11,255,4.64244282979407,5.590450925288827,13.214089589856917,17.93562187864307,3.1892451702186664,3.1892451702186664,2020,DL_2020,6.831037159224272,2.8112349981134224,13.656768201730207,1.614969843968743,18.731057949425246,8.813997969582834,39.88901490895552,5.995862984102896,0.5427120500596573,0.7408896491722825,0.30996064149222335,3.127458517698418,4.020199707884215,2.2065961044149422,45.66661250471804
DL,2020-09-12,256,4.906489537562936,5.963343413951414,13.437887202931774,18.020514305357413,3.498972341420697,3.498972341420697,2020,DL_2020,6.784519709662083,3.141332238836525,13.585474532221806,1.846004855707111,19.297694370598155,8.491419897723704,40.7365028900784,6.002959334818064,0.5472872426746082,0.7408013313803502,0.29310527647781004,3.422535995049322,4.327622804668444,2.505400611176422,45.38448629774376
DL,2020-09-13,257,5.123713355272465,5.772914697353326,13.771810464071544,18.69292779809704,3.3452838216201175,3.3452838216201175,2020,DL_2020,7.474616454166079,3.1935142778684726,13.877052520418696,1.53635393018156,19.54913027934085,9.098912676157719,40.74140947683636,5.928684324413208,0.5339959293023397,0.7236571946606914,0.2754247184479826,3.307105242577935,4.166483465172568,2.394549172931001,45.600472351320626
DL,2020-09-14,258,3.585204494,6.2543886828,11.6892848204,15.971061067800001,2.5587591226435857,2.5587591226435857,2020,DL_2020,6.8165576884641785,0.35385129953582195,14.577394542896506,0,21.990806517290125,1.3877631235098762,39.559871370524014,0,NA,NA,NA,2.5013193847984936,3.419623324762741,1.5668492176111442,45.13640995267467
DL,2020-09-15,259,4.795596714027519,6.096418711104254,14.412960233270447,18.51569619509588,3.27631680415623,3.27631680415623,2020,DL_2020,7.205852718873628,2.9954746254116467,13.454576215796566,1.6786153106849089,20.21124443578232,9.546680008782145,40.448547200576186,5.985928657926689,0.5435164805884316,0.7402016796699784,0.2856245363943323,3.22199668634466,4.157121133726551,2.2649431504390054,41.42428855633605
DL,2020-09-16,260,5.233945386449437,5.682674676433639,14.57180238174234,17.569883565039373,3.2644560856203086,3.2644560856203086,2020,DL_2020,7.366254510506111,3.250725758173451,13.657162813979673,2.143982372424916,20.41891611928551,9.596311456702976,39.2315128469502,6.404633943156828,0.5240787914143586,0.7394126555816937,0.3022234836320257,3.2125993463098843,4.153557379111097,2.262142975013918,44.15911584451548
DL,2020-09-17,261,5.103160538404597,6.262424486554803,14.772668103417358,17.13460019560374,3.3969441165403578,3.3969441165403578,2020,DL_2020,7.560262705533588,3.2310136611299165,13.268484930330773,1.6807454770924888,20.474858905381634,10.0127327467091,38.43524231687237,5.321573470085623,0.5387578593092388,0.7445866788185058,0.2806683581611432,3.3104978402454943,4.241285610677574,2.4016354797142894,44.73418493644422
DL,2020-09-18,262,5.371520237990098,5.963161403918158,14.670688242970614,18.005134584910294,3.2662355412171267,3.2662355412171267,2020,DL_2020,7.737195635885526,3.4213546491660347,13.700719421239157,2.0596817200252,21.173780173068224,9.712950715993706,36.764552162436665,5.684024654567594,0.5149732415253621,0.7265883511568223,0.3068344183383801,3.210906396043784,4.181475384465725,2.28948023560185,42.59246642798946
DL,2020-09-19,263,5.135154513089609,6.035612863306006,14.16603640721032,16.469141109951316,2.394829519449657,2.394829519449657,2020,DL_2020,7.728771372178966,3.1214073408025595,13.372821949740988,1.9085518221920401,20.071840078239877,9.410650871092802,35.25117057201371,5.359047086811048,0.5342060545981173,0.7333214080840782,0.29476978644644436,2.3346007374694553,3.284157298681972,1.4425658261797742,25.765293682127453
DL,2020-09-20,264,5.116381387718685,5.537053446240541,14.706254593759711,16.381758682766705,3.036063599226743,3.036063599226743,2020,DL_2020,7.444209533222435,3.1340800194023757,12.860225597094182,1.9824240361323706,20.71170859908113,9.90803675552003,36.09907212323143,5.461057050254848,0.529266696470932,0.7194707540063111,0.29898277966477416,2.9774705619400503,3.9078108578171795,2.0639040954142973,42.39084032101002
DL,2020-09-21,265,7.424659407000001,13.1763825718,15.113898122,37.7353036714,2.7901683454588038,2.7901683454588038,2020,DL_2020,16.882200673543917,0,31.42103347475523,0,20.701093970490348,9.526702273509654,85.27694451434716,0,NA,NA,NA,2.7416448778583695,3.6589473574959692,1.8250196778503744,40.56789384932662
DL,2020-09-22,266,5.242016661328356,6.204379787837097,14.268271272721497,16.774225869737787,2.6469425708007863,2.6469425708007863,2020,DL_2020,7.466558347405599,3.450227427449497,13.478428203017426,2.182865959316964,20.32903151510711,9.690207370896182,36.7147949712877,5.40243555588868,0.537717814334015,0.7250744060426364,0.30643672903036645,2.5907615066091,3.5005715320498303,1.6289441850894835,38.902534633421624
DL,2020-09-23,267,5.544085125156548,6.721522943894837,15.156106360810115,16.168821354145866,3.012087886781166,3.012087886781166,2020,DL_2020,8.067669313449622,3.569448121103269,14.110044689857322,2.092908214929656,21.504819724582592,10.018758905723898,35.4790742061633,5.108281253396905,0.5471927510960539,0.7228220298246322,0.3026219908559949,2.944086340188959,3.9535305100907534,2.02328283089778,39.35780836912309
DL,2020-09-24,268,5.0448725180536504,6.218762491739421,14.243414071112605,15.981889300274478,2.1080688261099447,2.1080688261099447,2020,DL_2020,7.373777242734916,3.4062803587604806,13.24336754058322,1.856166023414579,20.292729867107777,9.530927074755724,34.13457205238773,5.100050178259529,0.5363323657989045,0.7228210998393139,0.29211170147557275,2.0799249766051595,2.98809781925379,1.1866742204880871,29.494922040751913
DL,2020-09-25,269,4.954682687247042,6.0912158530242655,14.403931581342063,14.45563691525555,1.9014135671329888,1.9014135671329888,2020,DL_2020,7.34468157505752,2.898502255514506,13.494261105325004,1.780771932992461,20.812752050768268,9.623468292597899,32.882052620812566,4.970913350625764,0.540162239406448,0.7513938900046705,0.2818052166735593,1.866135613304536,2.8064887655303292,0.9581541983195537,24.915899005060627
DL,2020-09-26,270,5.368460421378914,5.60904176086585,15.140074244430844,15.771042737128255,2.4398142753763326,2.4398142753763326,2020,DL_2020,7.5595309748666635,3.265394718158776,13.389297143888529,1.8818063292543619,21.586259111102716,10.169156537291995,33.46018713099871,5.066327259974225,0.5153681460401422,0.7243623543001337,0.29775636942571676,2.386950775785399,3.311062220509588,1.4822490250987637,30.622635370396832
DL,2020-09-27,271,5.463111928764162,5.236561571194803,15.113149307130469,15.851971021817597,2.405138730759366,2.405138730759366,2020,DL_2020,7.909874033256764,3.614751743825468,13.258183137775319,1.6953792885201466,20.892633592389043,10.246343425106472,35.20623082345564,5.198702850895188,0.49472021346940076,0.7162564114679253,0.248774875467989,2.380214131710755,3.281759279950886,1.410547828313775,42.64080310528096
DL,2020-09-28,272,3.2820120972,5.330031544400001,14.4118518596,14.795815013600002,2.437195534259206,2.437195534259206,2020,DL_2020,4.949333518334005,1.6146906760659947,10.571599996524478,0.08846309227552207,20.55564304956057,8.268060669639434,30.087363613039262,0,NA,NA,NA,2.3930713126009344,3.2864706185900583,1.4967890179680703,42.01524708988275
DL,2020-09-29,273,5.167662021646605,6.655144759695239,15.083276763269312,15.057194873447084,2.6969673727913417,2.6969673727913417,2020,DL_2020,7.882061878512901,3.134538651485824,16.268987932943592,2.154460318513302,21.289352829557128,10.158206058459195,32.708113929380254,4.8260813324527305,0.5505956113340873,0.7624682059210076,0.3007033723404559,2.638806524942846,3.5910367001083263,1.7483878248207978,42.54604859744648
DL,2020-09-30,274,5.266185998325661,6.0935260873151895,15.29995714846188,15.125706739801903,2.6805973073028038,2.6805973073028038,2020,DL_2020,7.634371055008384,3.5640489038504777,14.139912343143063,1.613236995980668,21.27132337610636,10.229867298447788,33.17257436708274,4.756587546057217,0.5250443042931858,0.725554538367353,0.27425767310990173,2.626222244398404,3.584220388822297,1.716215711624573,42.14129031580154
DL,2020-10-01,275,5.49312440899702,5.311198531433734,15.447602850632984,14.677902858024371,2.7936688257741324,2.7936688257741324,2020,DL_2020,7.683225726961168,3.5399575219317008,13.310594561903226,1.7165306606156288,21.693661970863555,10.62833878147985,32.46817883204295,4.7646276868015,0.4995295858176314,0.7100022654868935,0.2730943633209114,2.746003414842121,3.662157578407279,1.8104789321056396,39.11655452630758
DL,2020-10-02,276,5.415863508531813,5.129981513381287,15.652229183854766,14.279961031688867,2.645877533154126,2.645877533154126,2020,DL_2020,8.091417233842398,3.545354208745807,12.372526993470602,1.5253240123182275,21.77978531744677,10.477772837735262,32.483487004196185,4.220915403858768,0.49104017302741876,0.7037420280142407,0.2514912982188767,2.6127682775951344,3.5306474866704067,1.7086952507313344,41.82095895051109
DL,2020-10-03,277,5.277387730015152,5.495029323453749,15.26366994809059,14.688694990804397,2.5748133255526433,2.5748133255526433,2020,DL_2020,7.796587625661348,3.5198613600404256,12.566609194600682,1.9216626203962102,21.721550452998866,10.123307371559731,32.860788042866204,4.754919574710732,0.5058187742317777,0.7115536725823172,0.279010192053132,2.5578725415652004,3.4592199795656122,1.6234030035765368,41.714289833220306
DL,2020-10-04,278,5.464114768911052,5.898478930887566,15.560935969159742,14.863257400089896,2.677018493694445,2.677018493694445,2020,DL_2020,7.894601801726938,3.5039856531310747,13.407240465479614,1.5438377270634749,22.070659554578977,10.328753613436715,31.749654346528136,4.383879057609747,0.500634113560508,0.7177703450217198,0.26335927773123013,2.652427418420048,3.5442099969988674,1.7328099981223961,42.056163990290585
DL,2020-10-05,279,4.4522078536,10.149861399199999,11.9832923064,26.718369148,2.533315133875383,2.533315133875383,2020,DL_2020,6.682276775131009,2.2221389320689915,24.59097748129739,0,18.447314922546767,5.519269690253235,46.60291122656179,6.833827069438211,NA,NA,NA,2.4818213110332965,3.4192733317129345,1.558143803721954,41.21536320355804
DL,2020-10-06,280,5.472683618630138,6.047702541212824,15.562177953325383,13.410041676215027,2.6532495130234346,2.6532495130234346,2020,DL_2020,7.975460492701553,3.7160629041214586,12.811269516765256,1.827191898427685,21.833137222383737,10.554249604796173,29.650802828924945,4.3225550360723926,0.5120285501696267,0.7090475215544085,0.2802971995235068,2.6298640060803287,3.53290584951374,1.6747549875996464,40.45587488644149
DL,2020-10-07,281,5.4577124692269114,5.469760778022814,15.922401341206156,13.635844154446605,2.7110531285142754,2.7110531285142754,2020,DL_2020,8.071772414775545,3.348286429671794,13.616972214546479,1.7493727835447268,21.911951448078323,10.610021337472595,30.991696934153918,4.42017260545388,0.5155565484814548,0.7284105265407722,0.24211037260708268,2.6761215160258063,3.572670436477128,1.7738662720395937,41.090697273369486
DL,2020-10-08,282,5.410920969751324,5.336651515887529,16.419951912772408,13.885464788841427,2.9070663126696226,2.9070663126696226,2020,DL_2020,7.931341914047221,3.343826713522252,12.582953068458034,1.6136767893667014,23.039688594243838,10.931542608085755,29.790379915194965,3.9123969330935267,0.5060604322736746,0.7054544608749185,0.25532455794544506,2.878646117773595,3.760692926217259,1.9640776599769614,41.24933722539579
DL,2020-10-09,283,5.642226634914043,4.667469445733956,15.670849800237901,12.760318257938911,2.488795645947331,2.488795645947331,2020,DL_2020,7.6483764775993235,3.5992993158949576,12.035347680670723,1.0076498785658297,22.189815268747065,10.571698403875946,30.855518213280202,3.4793226919688514,0.46510724568773226,0.6938079643650852,0.2096626672196049,2.45309736527075,3.3569902462737167,1.4659446149595128,39.252399090952046
DL,2020-10-10,284,5.333334480477574,4.718542752834005,15.68303259328726,11.91988050217595,2.1375121184146106,2.1375121184146106,2020,DL_2020,7.753426933105845,3.519420579288564,12.106316170362247,1.373263596162534,22.239486762967218,10.529865642528751,26.766425819084628,3.6141664296441864,0.47216138596663915,0.6977899658452342,0.25409389208805117,2.115569774072397,3.029839646759723,1.2009680566548862,34.540539442328104
DL,2020-10-11,285,5.441666869532268,4.867773943664275,16.549674204467582,12.070511699823403,2.009954106459939,2.009954106459939,2020,DL_2020,8.096066294327729,3.3693887658632997,12.58033055945463,1.455711927510986,23.505583564973335,10.74119815452343,27.06398269014694,3.6143347015888527,0.4762252230803699,0.7091142776144239,0.24571381037243697,2.003914844506017,2.9108520963186604,1.0824007044491626,21.84965620045852
DL,2020-10-12,286,4.615756994,7.1357380558,15.343662367999999,17.664806784,2.086452317084725,2.086452317084725,2020,DL_2020,6.694882651817922,2.5366313361820776,12.794870223737588,1.476605887862411,29.776746168485438,0.9105785675145612,27.0249647888412,8.3046487791588,NA,NA,NA,2.037865210936238,2.956177167467838,1.1440911058445207,26.88404541876837
DL,2020-10-13,287,5.218379532455718,4.682490322147367,15.599472783293516,11.958254641443105,1.394061823837558,1.394061823837558,2020,DL_2020,7.472760321321785,3.3865189530936792,11.731897501352982,1.084169495748973,22.35129700486626,10.236687107269011,26.648311827856254,3.7783367633456213,0.47726039162051614,0.6969902791223672,0.21516760098230525,1.3927176008026239,2.286117317893415,0.45875473173652886,18.668844175634597
DL,2020-10-14,288,5.65552737291549,4.686617144469164,16.070799544874486,11.464948327148004,1.8435706784175305,1.8435706784175305,2020,DL_2020,8.20588472014791,3.6461997645118798,11.123243652604277,1.2474067895002392,22.50722627135752,10.597122041050003,26.14742866483112,3.366114700965132,0.47208079345086706,0.6616889803008943,0.23006501598084084,1.813135269050183,2.729918152455987,0.8692789201651941,31.204206146580724
DL,2020-10-15,289,5.567225983797002,4.375203102596075,16.71794853313803,11.553244285226992,1.8337471086660604,1.8337471086660604,2020,DL_2020,8.347015188415083,3.488831535501859,10.809124024611052,1.0028666327538556,23.424703912988942,11.144700063993001,24.89198126260744,3.579951104442688,0.4494090897756531,0.6784292776998284,0.20256914736667497,1.8201704768816187,2.760328687268754,0.8155268408897446,29.067923839107607
DL,2020-10-16,290,5.401521654281042,4.364904799354105,16.449511670377667,11.417389044718117,1.4124241358201943,1.4124241358201943,2020,DL_2020,8.123473562129325,3.454102399924756,9.800401927492947,1.0761404136107482,23.478678469838567,10.701583229672005,25.565500516836295,3.063679496239169,0.4412978261209946,0.6594891023182803,0.20964352930390812,1.405683148053212,2.334760410393657,0.47725520013642686,21.055435473830343
DL,2020-10-17,291,5.632130519842954,4.558455361617743,16.52848754106711,11.08876125057792,1.4549901017223343,1.4549901017223343,2020,DL_2020,8.42952141469816,3.484858760604732,10.927650917119882,1.2988554991648051,23.25753952550183,10.852592520059615,25.1861276487212,3.082258536367245,0.45563006801199474,0.67773328295079,0.23765987925716392,1.4480909663870398,2.3353463237918475,0.5464098261999827,18.64614511233581
DL,2020-10-18,292,5.328463858314934,3.91948554846532,17.187172988071737,10.086135772761196,1.5119723454554643,1.5119723454554643,2020,DL_2020,7.9677167056755485,3.426991477827097,9.585219805835392,1.1652699060026188,24.220393486182935,11.293795422451426,23.52361270432965,2.965920168558974,0.43404566790543564,0.6556927033314005,0.2151307946815824,1.4811270178525735,2.3883662099492406,0.5889195144008216,17.749714843899973
DL,2020-10-19,293,6.435414123,3.8477660348000002,19.057168054,11.442737919999999,NA,NA,2020,DL_2020,10.767906083637966,2.1029221623620344,8.247305283053581,0,31.10145848232889,7.0128776256711145,25.290848530786732,0,NA,NA,NA,1.5846442773109277,5.691912353575181,-2.561746302869335,26.73336853948611
DL,2020-10-20,294,5.644499298679916,3.5223272278533644,17.24611785063463,9.653854590194925,NA,NA,2020,DL_2020,8.5481947330328385,3.480653214416776,8.880928471124728,0.6573830837794001,25.02288018105958,11.374112857395842,22.402455157838606,2.50147097808668,0.3966715863594095,0.6399761517640145,0.16200698371415395,1.7507780443573373,6.458161038681572,-2.639412607265969,32.980768143524074
DL,2021-06-22,173,15.596426409999998,0,32.235504725999995,0,9.240244667519365,9.240244667519365,2021,DL_2021,25.214720107552612,5.978132712447386,0,0,70.65877951932386,0,0,0,NA,NA,NA,8.96632164385072,9.888528616976878,8.046109776571026,63.030532811221256
DL,2021-06-23,174,17.120507189813893,0,41.75450106090985,0,6.059086903294355,6.059086903294355,2021,DL_2021,22.53506291556605,12.381803565800091,0.7827855215149082,0,52.56826470048339,31.89552697299668,1.8838889919978823,0,0.039396391691774196,0.08609014332320508,0.014008316325224373,6.004551465479446,6.897826361320469,5.073193355657369,62.38479359111954
DL,2021-06-24,175,18.06152326089704,0,43.17339776602554,0,6.334980997348927,6.334980997348927,2021,DL_2021,22.926477132243914,13.513485639405964,0.765407131252483,0,54.438514931760515,32.406050132898805,1.9372782621195754,0,0.034177064654866716,0.07636837685416997,0.013643233478307322,6.2554105281280545,7.208470797560969,5.356351864658081,63.00214819095575
DL,2021-06-25,176,21.782703436241697,0.0022349295968587812,51.016864557395,0,7.700934306037347,7.700934306037347,2021,DL_2021,26.994077817469883,16.346511432034895,0.8961694371435573,0,63.73284007711512,39.725788567291126,2.1564144948040735,0,0.029416676727089967,0.07061327288358776,0.011868822746672114,7.583059287656024,8.543711362595536,6.637687339606294,54.822576523052874
DL,2021-06-26,177,13.926418542186124,0,32.55063192863052,0,4.281174894243677,4.281174894243677,2021,DL_2021,18.402455178046296,10.101473535365878,0.8004751571761948,0,42.405269507546386,23.764590820344196,1.8632169195733925,0,0.04095517593670067,0.10036768628530443,0.016124088787306312,4.247157216511185,5.165690841747467,3.3217671764549457,61.602769796216215
DL,2021-06-27,178,13.099283761336155,0,29.538604143869808,0,NA,NA,2021,DL_2021,19.72208663851864,8.624496180587998,0.7430938812481935,0,41.98007990130028,19.636427567732643,1.9495616401355247,0,0.04211985201075898,0.10016066474213375,0.016386845225088438,3.4622445783241362,9.09364010909493,-1.5470043926248558,60.388920464486525
DL,2021-06-28,179,13.364648814810206,0,29.41065496568005,0,NA,NA,2021,DL_2021,19.417552813298656,8.226351407132238,0.7864212552228158,0,41.95908126879306,19.841664263620718,1.9601939189909552,0,0.042765027827146154,0.09943782615715424,0.013787059241142496,3.4411561991836477,9.373574222669424,-1.6447230850235335,61.79060443668506
DL,2021-06-29,180,13.230178432845944,0,29.05015242147635,0,NA,NA,2021,DL_2021,18.272997455236116,8.733918339582244,0.755434669228249,0,41.31342594533917,19.565079764709917,1.8407489480526622,0,0.04594461581073904,0.10153870284939881,0.01622250616276945,3.356554089426812,9.537556534165299,-1.5329671350947898,62.60491408504618
DL,2021-06-30,181,13.303820776602022,0,28.84905329881229,0,NA,NA,2021,DL_2021,19.095159738944027,9.39636270242909,0.709078584978869,0,41.8790165292828,18.97054233664728,1.93505968186675,0,0.03904876142669574,0.0959675561630463,0.012185909934680397,3.502080467015097,9.586911294443562,-1.3046825350711897,62.151239154578384
DL,2021-07-01,182,13.752916064485893,0,30.63634664012449,0,4.116595199431205,4.116595199431205,2021,DL_2021,17.8047124995817,10.142332290768616,0.8319059951202352,0,40.434113309192135,22.60382939425891,1.8396061669107469,0,0.04305428281322665,0.10231479604216688,0.015795550504557235,4.094852383324621,5.10496549882893,3.1528226507620793,57.79495632108659
DL,2021-07-02,183,16.445794758172134,0,37.60700084540375,0,5.927876906310891,5.927876906310891,2021,DL_2021,21.317129490235146,12.350667233875457,0.760586845458793,0,48.570675131179016,27.1023584331708,1.8301056745060729,0,0.03306835408736791,0.08249203805183028,0.010161340053427725,5.821246112295622,6.784029633120125,4.899054735351045,60.44671828239335
DL,2021-07-03,184,15.426190254560664,0,34.989121602280896,0,5.685369097815567,5.685369097815567,2021,DL_2021,20.290132218785324,11.55874512309635,0.7349597125627705,0,45.549480306435065,25.885664672920594,1.762689811536435,0,0.03545278175253888,0.08532115465379264,0.012020475050633622,5.593275463235107,6.5171646565711345,4.6857610250649735,66.06414942380745
DL,2021-07-04,185,13.934788383878432,0,30.865859409500768,0,4.542985701866955,4.542985701866955,2021,DL_2021,18.227695402984402,9.888017257256267,0.7111444626043211,0,40.32794049605906,22.77444708359324,1.8253808814936652,0,0.03990692782054639,0.09383886664864938,0.014442318914416162,4.4849216816446145,5.417576321541289,3.5312125821741507,58.88243552830921
DL,2021-07-05,186,13.76266299701433,0,31.821090937445316,0,4.66312950262007,4.66312950262007,2021,DL_2021,18.611277261133534,9.751562700486357,0.6977640506303371,0,41.704584539349064,22.777078808239356,1.666782588523228,0,0.039849890479772235,0.08807228856486757,0.015281142523818295,4.6161671241935744,5.6255219110496055,3.680464847557747,53.85864633724155
DL,2021-07-06,187,16.10913352531137,0,34.85687997263475,0,5.703557750465695,5.703557750465695,2021,DL_2021,20.680439545047072,11.47401646487018,0.6539343482187163,0,45.54131970460368,25.951505611574255,1.8093862704162937,0,0.03787335308406667,0.0816189054644075,0.012532373095732345,5.614271296070823,6.586194639413585,4.579543507003879,66.11648220597124
DL,2021-07-07,188,12.0826823462,0,18.3047832126,0,3.041874484571845,3.041874484571845,2021,DL_2021,21.776234980359362,2.389129712040641,0,0,28.810523469320163,7.7990429558798375,0,0,NA,NA,NA,2.985969676456109,3.901393948685366,2.0787324685939645,46.3902285785425
DL,2021-07-08,189,13.126484386115552,0,29.21851756929964,0,4.377103826043503,4.377103826043503,2021,DL_2021,17.687545585923537,9.183709447401192,0.7502917020457673,0,37.9517727861186,20.60382519909353,1.727659276546719,0,0.04539444501088886,0.10265364790558197,0.017106513113274303,4.330299416366163,5.2418973932206585,3.4314732627483595,66.43881470952488
DL,2021-07-09,190,12.170382196391332,0,27.327405280400978,0,3.70705099843116,3.70705099843116,2021,DL_2021,16.264431143009745,8.273321160350571,0.6417361535510755,0,36.08161831802547,18.960919769334392,1.8500480894527493,0,0.046724259651168984,0.10217214571701079,0.017496241513245997,3.6757375132720016,4.606959071235482,2.758776209842251,56.86330663760205
DL,2021-07-10,191,12.778081935163446,0,27.77290316153883,0,4.0357333623092835,4.0357333623092835,2021,DL_2021,16.59548376472167,9.143480363018993,0.6366468169648773,0,36.197527801747924,19.83806033709432,1.735088847489485,0,0.04182434798374529,0.09519258997532767,0.014299750283249014,4.0093078279174605,4.9121550234633915,3.117873423063723,66.22438834849125
DL,2021-07-11,192,12.195763413794088,0,26.821201867572302,0,3.859751989659324,3.859751989659324,2021,DL_2021,15.91627172936733,8.75113280322212,0.721652963851313,0,36.02406068875991,19.051918010139428,1.753859355839579,0,0.04657936115990277,0.10465353248107202,0.017509437733820996,3.812442418642851,4.741238285046429,2.8898066090171746,65.64612284618616
DL,2021-07-12,193,12.543148570176024,0,27.29857192067848,0,4.071592566716109,4.071592566716109,2021,DL_2021,16.73421607745622,8.665264867357058,0.6973396767242981,0,36.01761532784703,19.92136143350064,1.6165765072752039,0,0.0396369768502523,0.10122590701321113,0.011365290053449533,4.035451665737874,4.938166791321165,3.1038262462805735,65.6366432598187
DL,2021-07-13,194,11.825654602995824,0,26.961420186748636,0,3.9140976052978456,3.9140976052978456,2021,DL_2021,16.013001284018696,8.655139452507791,0.7729045087608857,0,35.94154759295988,19.352516730728816,1.6984918823053525,0,0.048362843584672924,0.11218911787325381,0.01603315055245124,3.861944583623954,4.791779604412355,2.9732566799073266,62.63022777314355
DL,2021-07-14,195,13.45366644098762,0,29.61691392190443,0,4.7337334517555725,4.7337334517555725,2021,DL_2021,18.0951708644239,9.349061956899334,0.670655109875363,0,38.448904860486444,21.26413636832307,1.4869050578354872,0,0.03989654137531379,0.093756615308284,0.013898834726148813,4.655032898931651,5.606049680014705,3.763425759942812,65.06723430667587
DL,2021-07-15,196,13.821155613771134,0,29.94816223931628,0,4.862233907068282,4.862233907068282,2021,DL_2021,17.927178364805332,10.039454829968625,0.7665621338511555,0,39.039296901033346,21.518245787758385,1.7172148829075522,0,0.04098128323068619,0.09582161402412388,0.016206124783387153,4.780090066010883,5.698453895295891,3.7929346442267375,64.25121860525344
DL,2021-07-16,197,13.681220844976442,0,29.80682260115149,0,4.932651729461493,4.932651729461493,2021,DL_2021,17.84552763501218,10.01542217806722,0.5406821369366459,0,39.171958909703946,21.7699022052073,1.530989707659181,0,0.03470045296683036,0.08375818367881782,0.010840928673279182,4.854274359120222,5.790541783026849,3.940001445459034,64.69532544479767
DL,2021-07-17,198,13.102964846234839,0,28.886941335915242,0,4.752139400719019,4.752139400719019,2021,DL_2021,17.414770148268097,9.117713434771032,0.6820266300657492,0,38.371090526158206,20.887994827776833,1.6053160294176458,0,0.03928651899755428,0.09557934177948621,0.015223450752825279,4.686533727617449,5.64381320062375,3.7504352428241265,64.84193920315765
DL,2021-07-18,199,13.93686887895189,0,30.308058494388224,0,5.209521277309148,5.209521277309148,2021,DL_2021,18.191907927469988,9.925708153568921,0.627609480494961,0,40.07270885094479,22.19488336346999,1.6042343466637496,0,0.038260971343377644,0.08962288596584174,0.013689335417453458,5.128426549275181,6.074053660076797,4.199773018745664,64.20120751092564
DL,2021-07-19,200,11.262500365422962,0,26.432252549121632,0,3.4920762365854316,3.4920762365854316,2021,DL_2021,15.04542093854261,7.611744727057357,0.7143705478049569,0,35.587916209768856,18.678449436872427,1.5234477121824122,0,0.04651064361060017,0.1121021585095688,0.01765270436046099,3.47298490367443,4.368028892368029,2.5362777587303014,45.321427157066
DL,2021-07-20,201,7.829196540200001,0,15.928985567,0,3.5606282269964993,3.5606282269964993,2021,DL_2021,15.476376793753483,0.18201628664651792,0,0,28.56378211709467,3.2941890169053303,0,0,NA,NA,NA,3.474998100062836,4.393496925518007,2.5647275242527314,45.98655526415578
DL,2021-07-21,202,11.946680151185875,0,27.400455583957115,0,4.032069748390096,4.032069748390096,2021,DL_2021,15.745781791034878,8.440165747111406,0.6804116147507189,0,36.68480611153858,18.84251157116945,1.5090173738637476,0,0.04627636424030665,0.10274142144094174,0.016486029805466228,3.991280491893951,4.915947465251097,3.0582989202252957,52.62377626178012
DL,2021-07-22,203,11.590107964934667,0,28.497668422490694,0,4.607817763524984,4.607817763524984,2021,DL_2021,15.742471592017507,8.385400616026994,0.5935792794206562,0,37.39350632522291,20.382808386797432,1.5185817129461103,0,0.04550535047716576,0.09990097948225857,0.01711588687582493,4.537257116319743,5.470502461984917,3.6128152472697073,63.204038623802035
DL,2021-07-23,204,11.54888995604835,0,28.084577188051814,0,4.294871555385998,4.294871555385998,2021,DL_2021,15.345154874680505,8.074695702993889,0.8191060185865451,0,36.41102739942712,20.49400473732679,1.7419690485552026,0,0.05307410106183136,0.11677767754432067,0.0190246996327535,4.254283876549665,5.222139931335759,3.3080341470106447,64.3804939200619
DL,2021-07-24,205,10.481321852753945,0,25.891169265601626,0,3.6649385551615437,3.6649385551615437,2021,DL_2021,14.272816700943755,7.501248174958429,0.685853540250424,0,34.05419273912606,18.427967638924763,1.619599859614608,0,0.051366208037836744,0.12012288412956793,0.016726502519593102,3.6353639218535445,4.554515457215694,2.731934436215755,64.00180945920607
DL,2021-07-25,206,9.787389013501501,0,24.842301728879146,0,3.339627431835895,3.339627431835895,2021,DL_2021,13.148847800942542,6.752258704976871,0.6478864110041744,0,33.72777097095298,17.555678000848424,1.5335337705800636,0,0.050469423961548035,0.12398240982411918,0.016921669683482403,3.3198461163048805,4.230999706397951,2.4052351728808903,63.280588418061384
DL,2021-07-26,207,9.182197137103106,0,24.845633704316374,0,NA,NA,2021,DL_2021,13.59111963842281,5.819311192716576,0.5954843827497556,0,35.05351647009078,16.505689583851318,1.4558800644501608,0,0.04963094729823741,0.12239567944104938,0.01484585177524091,3.023810668398097,8.442236303624362,-1.956724690303097,62.065532351511315
DL,2021-07-27,208,9.32951493111204,0,24.318965000647918,0,NA,NA,2021,DL_2021,13.332608617601114,6.326790820977852,0.7499193381678106,0,34.91685014177978,16.263990879851047,1.4595984651971698,0,0.06021239566753078,0.1337919774278902,0.022768209426180852,2.8637949381800536,8.191934809635278,-2.091955229708979,59.16937356057914
DL,2021-07-28,209,8.92666842445306,0,24.820608108300892,0,NA,NA,2021,DL_2021,13.25087499265788,5.778316802298311,0.6586661098489357,0,35.22376594029656,16.21131575493771,1.4993763953948682,0,0.05767651360462449,0.1330488527555872,0.019179230674730523,2.9359972128975973,8.279439564129003,-1.9889548953779537,59.48861190496744
DL,2021-07-29,210,9.418378426277775,0,24.00539861140093,0,NA,NA,2021,DL_2021,13.460888809199696,6.112681147134331,0.8974171020909794,0,34.47585995687408,16.054596437114245,1.4864912122563592,0,0.06316805567492415,0.13521210269992143,0.01951053968682131,2.249988607427632,7.372219269169319,-2.353935501116837,34.74600573791513
DL,2021-07-30,211,8.615381638734595,0,24.78023625283242,0,NA,NA,2021,DL_2021,12.219902341391323,5.407073929628688,0.6431279407595409,0,35.080725917672545,16.554483658432456,1.4438475494117742,0,0.05789213749736176,0.13526375238839816,0.019148190062699567,2.9058466128701674,8.285913380718268,-1.8296992246548287,60.75243845685309
DL,2021-07-31,212,8.317877974169628,0.01419469261931361,25.634675784023752,0,NA,NA,2021,DL_2021,12.517149062030228,5.038909966178239,0.8491151015599998,0,37.44387130173173,17.010872161726777,1.4316143516415596,0,0.0701874014343089,0.15700590693342245,0.023812454241977272,3.0236520707931582,8.595041250029515,-1.8742195597187572,60.06623787776045
DL,2021-08-01,213,7.968746695879429,0,24.755448427716548,0,NA,NA,2021,DL_2021,11.593425199956203,5.231504389361057,0.6851684845708581,0,34.88655656308051,16.587133449722597,1.6665468266086783,0,0.06540463504518103,0.14328537787550794,0.02216033553840484,2.826507970824042,8.127765831955106,-1.9625657657109778,52.40481480950389
DL,2021-08-02,214,8.182444168517923,0,24.50147952591117,0,NA,NA,2021,DL_2021,12.21684125202578,5.369238575160824,0.6120924891767319,0,34.593864208997154,16.279374324344662,1.5396285434683108,0,0.05951158684800826,0.1424575306031171,0.022458869248580395,2.217593248077635,7.247901966856254,-2.5189012368393326,32.06757462197721
DL,2021-08-03,215,8.2128053062,0,34.399056961999996,0,4.0615688836792,4.0615688836792,2021,DL_2021,10.105903943710954,6.319706668689046,0,0,44.95870929122531,23.83940463277468,0,0,NA,NA,NA,4.035052477719175,4.958749761603778,3.130120496639779,56.61059834199659
DL,2021-08-04,216,9.011318859592574,0,26.196981985321955,0,3.3007640845634216,3.3007640845634216,2021,DL_2021,12.192427758887668,5.979318799746176,0.6876659123249171,0,34.27693442228349,18.205021966281407,1.5428332921811267,0,0.056306152709346385,0.13467248231146917,0.019222788480683456,3.279675123878084,4.18052072472456,2.3466086662415178,57.24067079480813
DL,2021-08-05,217,8.196269257933645,0,23.670276219248652,0,2.6546294043081735,2.6546294043081735,2021,DL_2021,11.401610959377171,5.6877315641905986,0.5066257409798294,0,32.581969216164914,16.509963062305093,1.5844604445880255,0,0.0587251425150777,0.13416813672693512,0.019515870566814274,2.651600257872901,3.5741866931212396,1.7617446691413061,52.33802311232671
DL,2021-08-06,218,8.610308894336626,0,25.1757952176302,0,3.1803999350911276,3.1803999350911276,2021,DL_2021,12.492504290383229,5.547875764014317,0.5555107863158908,0,33.82710475456019,17.748512962414566,1.6060590586045667,0,0.05476464614068313,0.13135692101040425,0.020677173066492062,3.1594405704259474,4.07952198591642,2.25161896129443,55.58510058381217
DL,2021-08-07,219,8.985421866548913,0,27.272095890516685,0,3.6613712159677916,3.6613712159677916,2021,DL_2021,12.456064820350708,6.03249335289605,0.7043013251011474,0,36.781034145292445,19.54649633881672,1.5814792816235488,0,0.0554680277276956,0.14072425330017238,0.01923131519204422,3.624581314080367,4.557777399849864,2.7020275260861584,54.32983834327815
DL,2021-08-08,220,7.646751299171094,0,23.968553467714923,0,2.241490361286605,2.241490361286605,2021,DL_2021,10.94847581240356,4.857672897704994,0.6617826399861249,0,32.765394791781524,16.47353162156436,1.602231859392421,0,0.06571258705226274,0.15134802055988478,0.02382616721643236,2.2602299504170946,3.2108665731001307,1.3334175714659242,43.47586641873108
DL,2021-08-09,221,9.114058654455985,0,27.161459027872272,0,3.5233511985764783,3.5233511985764783,2021,DL_2021,12.28597250540755,6.155284085127288,0.6479177087146293,0,36.233805356670864,19.159697575327552,1.6302463383812236,0,0.05327864678038145,0.13069174817542886,0.018472788136376112,3.495707491385759,4.412078819804779,2.5745501190756035,53.858190659802375
DL,2021-08-10,222,9.477631587900348,0,27.602123363293092,0,3.7917101549169914,3.7917101549169914,2021,DL_2021,12.43688255599553,6.506779566134554,0.769225100185285,0,36.52651528379035,19.683886818778408,1.746906964988996,0,0.05659923274800002,0.1374554990296123,0.019136498500820293,3.7669910108878044,4.659625855347935,2.873202376965046,53.67552663619062
DL,2021-08-11,223,9.942849601854022,0,29.776226091788015,0,4.2909859613280235,4.2909859613280235,2021,DL_2021,14.061496781217825,6.9704329849713504,0.6753900864046198,0,39.12669402781692,20.981146341446987,1.6908452002233063,0,0.050843449184241205,0.11161810524547133,0.015127551335084812,4.249616453941437,5.163985104550147,3.29366070791702,56.02137366978547
DL,2021-08-12,224,10.188789442479065,0,30.077531700506345,0,4.602581825681908,4.602581825681908,2021,DL_2021,13.773456523817579,6.815795843365212,0.7465284617060184,0,40.05870326072152,21.87641979112916,1.6400177259729127,0,0.055821465037518586,0.127133820491715,0.020136478428672014,4.537955029622763,5.454933050651293,3.6046498470290365,56.330589414516794
DL,2021-08-13,225,10.432380404614326,0,30.939569709922008,0,4.622672689639726,4.622672689639726,2021,DL_2021,14.047370695860495,7.504841387513452,0.8958208818957605,0,40.87882152240424,22.356871550432874,1.8804861630675784,0,0.05354992166184333,0.13105393748467328,0.017574581346179566,4.559507948158581,5.52994787807889,3.632011023061132,56.43720127365272
DL,2021-08-14,226,10.02370252885303,0,30.28793789516401,0,4.362511830985341,4.362511830985341,2021,DL_2021,13.885751923822129,7.04570940256961,0.7653005381488744,0,40.08273383586274,21.908445500515118,1.6856539691122605,0,0.052836854633772246,0.12605290450412548,0.01786466995813559,4.31714649762726,5.2333763339082235,3.4195770992439796,56.37565495451866
DL,2021-08-15,227,10.20246738419703,0,29.725429018932214,0,4.306970477701425,4.306970477701425,2021,DL_2021,13.833151717826686,7.067181209392947,0.7819277024083118,0,38.787503396464516,20.991393698211304,1.9069407094201427,0,0.050965688237069054,0.12441582827536131,0.019846134375461188,4.248996903083008,5.198558592393265,3.3002507877881655,55.68135281091538
DL,2021-08-16,228,10.227900927572936,0.005665929266740033,30.591790323934784,0,4.293864134770489,4.293864134770489,2021,DL_2021,14.350187197854526,6.7249471444168005,0.9031042194935008,0,40.752075832485936,21.777547112728715,1.7971567037215705,0,0.057685104666015036,0.13688341391920858,0.02147387604944257,4.252950774452934,5.159427854815478,3.315211757854652,52.164633759282246
DL,2021-08-17,229,7.6935713738,0,19.8814207662,0,3.177672406731763,3.177672406731763,2021,DL_2021,13.154719441542492,2.232423306057507,0,0,44.88468412064518,0,0,0,NA,NA,NA,3.1158794970119104,4.038935034283573,2.1996368378353477,47.01691413881496
DL,2021-08-18,230,8.858227097160809,0,24.750744087554015,0,1.8907273722994509,1.8907273722994509,2021,DL_2021,12.12969793339782,5.901615757344929,0.8168156448726245,0,33.07818046125989,17.217990973589462,1.8561638569713281,0,0.0680732633232076,0.1439291560714155,0.0236843147607816,1.9178181439672608,2.8249454735007227,0.9895001309292191,37.85292864527206
DL,2021-08-19,231,10.280812370621678,0.060686654976588095,29.134802156534494,0,3.2902483631781685,3.2902483631781685,2021,DL_2021,13.812215195333374,6.941993880812997,1.0059474216641584,0,38.825797277408455,20.65353357253866,1.902947586112369,0,0.06337100260498431,0.1558463357275312,0.021158489420938186,3.262835799151436,4.168897556369388,2.322520621212433,36.503574500704865
DL,2021-08-20,232,11.211732613286442,0.11248041308323231,29.916784089480192,0,3.836675029698853,3.836675029698853,2021,DL_2021,14.779644465456943,8.048374341933615,1.1270869154057743,0,40.117952055737724,21.336932882875065,2.121248429334828,0,0.060579644383374376,0.14722139833580594,0.022218788293050712,3.801699207362964,4.729871932182628,2.8499712080233794,44.621116096289654
DL,2021-08-21,233,10.660766589461366,0.22147317666608823,29.72018328664049,0,3.527905622041409,3.527905622041409,2021,DL_2021,14.948638144820254,7.147529331265349,1.423635246218262,0,39.8871329587543,21.50250838285557,2.035012180633881,0,0.07281743502165422,0.17168192279861053,0.024478957716881362,3.4824270054953326,4.434144223986722,2.551015758268657,37.629993496178834
DL,2021-08-22,234,10.879001545092622,0.2506003475504206,29.987216101169476,0,3.9592129942423915,3.9592129942423915,2021,DL_2021,15.008023499249385,7.5340624604224855,1.6720912138214874,0,39.70701966971248,21.373981717485925,2.124505031802473,0,0.07266793813281563,0.18479139058408414,0.024462499922633264,3.920501784396564,4.853355697735703,2.997033687777669,54.28943724812593
DL,2021-08-23,235,11.822363853078393,0.2820287945725499,32.9555117589913,0,4.512514860346192,4.512514860346192,2021,DL_2021,15.920678008527188,8.316027918680522,1.7643103171509436,0,42.406369543193094,23.96261481388026,2.191161160378216,0,0.07057356944743995,0.17113353673713033,0.024691860515079662,4.458050296422959,5.362783463346653,3.552806102154685,54.60539204594848
DL,2021-08-24,236,12.551412878469128,0.2743108069827609,32.66178192796729,0,4.522645535416659,4.522645535416659,2021,DL_2021,16.32963926646425,8.779877295425727,1.5592811456054638,0,42.89964022431705,24.13252788500184,2.289891464904723,0,0.07085176182882529,0.15109253978702572,0.023537506432940232,4.47067559722779,5.37172652864804,3.541103536734187,54.868196095869166
DL,2021-08-25,237,12.479305547466678,0.3421431949116498,33.45661488975723,0,4.554915672509437,4.554915672509437,2021,DL_2021,16.72164853306831,8.549387597841667,1.9011974766795203,0,43.68880755811747,24.245243330817786,2.0935048639164493,0,0.07321770074420972,0.16899933080534824,0.02566685759681061,4.505931387354947,5.425926384102183,3.558852314497609,49.89036433855456
DL,2021-08-26,238,11.923790364713655,0.3266112236137504,31.984565390799812,0,3.9502508794831774,3.9502508794831774,2021,DL_2021,16.400201651236593,8.074507018166853,2.0318025759454965,0,42.248040262224535,22.87989492608306,2.507706479729849,0,0.07793084332117622,0.18682237691231843,0.02588070420301875,3.9324331329767057,4.850855483107464,2.9862909293705573,44.24404587789397
DL,2021-08-27,239,11.353148865338438,0.4107889473092874,30.68758826786185,0,3.4392208949248673,3.4392208949248673,2021,DL_2021,15.679335541154652,7.512850683476903,2.284839430130832,0,40.054910815620374,21.76627707351113,2.208707625758675,0,0.08575405947616374,0.21945373567474294,0.027437398016183927,3.4084741278453716,4.367818797617136,2.4962891170776187,38.92960914116361
DL,2021-08-28,240,12.438105435380772,0.4417703663970245,32.59556832906322,0,4.310735615851882,4.310735615851882,2021,DL_2021,16.459336818966975,8.770236162380856,2.0567928547788235,0,43.36005459916763,24.14608548811184,2.280871037063583,0,0.08260479619980998,0.1812851785953231,0.0267504445983124,4.285746314188641,5.194904394516959,3.3516027625268032,49.039208670372176
DL,2021-08-29,241,13.017739356121334,0.44229191367037535,33.42876201443237,0,4.527407034852204,4.527407034852204,2021,DL_2021,17.980103089315293,8.947327776023062,2.071883488183399,0,43.9661092810036,24.337080324676148,2.46286274210143,0,0.07635492436742822,0.16833637873185595,0.025902150344682358,4.477026938388198,5.392415381081727,3.553662106321595,52.16167779360749
DL,2021-08-30,242,12.372878047051488,0.46033896960213516,33.576079970633934,0,4.494336971901035,4.494336971901035,2021,DL_2021,16.695856731198965,8.585464539927683,2.288457472004877,0,43.723661284255506,24.11157649774534,2.390712970539949,0,0.0803106547646375,0.18812528713549076,0.028702413778449544,4.448663406824853,5.3885468594481685,3.505845780387713,52.16001121435105
DL,2021-08-31,243,11.921301191534075,0.33558599217834106,32.685376299859556,0,4.341232228656344,4.341232228656344,2021,DL_2021,16.420007128592154,8.133209761794228,2.2095439142941213,0,43.208135632004755,23.415523205914123,2.6600590925725354,0,0.07263325654213845,0.18473048551939025,0.02116823398903509,4.316004089848773,5.224266622587467,3.3649406173826595,52.2155140733702
DL,2021-09-01,244,11.853006940404388,0.4202438893478935,31.150930607350826,0,3.794150850527529,3.794150850527529,2021,DL_2021,15.944166339271122,8.219519484336482,1.8858150468279218,0,40.78847409060914,22.25162060069223,2.413790797433268,0,0.08295973658515503,0.17733515912903958,0.02961383422952455,3.776430616169147,4.6732349214786035,2.8687647302938544,53.69413945952011
DL,2021-09-02,245,11.724035266865474,0.5915447051637335,31.82610535966197,0,3.9026213246353523,3.9026213246353523,2021,DL_2021,16.060083325318423,8.142013500366678,2.581918371202196,0,42.78599306464094,22.598824522724186,2.5004019691488453,0,0.093321580990189,0.22585222870461377,0.028990890289240033,3.8996584522889655,4.807106211339657,2.978302145881478,52.30762105276233
DL,2021-09-03,246,11.04597051596925,0.2951292688887629,30.707256695805302,0,3.6155207147009385,3.6155207147009385,2021,DL_2021,15.354408813056311,7.789495548487532,1.9047351649714368,0,40.51438055460923,21.797129032514018,2.428594143235483,0,0.07774760252283339,0.18907032101018084,0.02783214700577916,3.607851723294945,4.518872441436151,2.6865941945575322,52.13282603508881
DL,2021-09-04,247,11.203809150590699,0.34059164177585766,31.428445868578887,0,3.787438355408266,3.787438355408266,2021,DL_2021,15.516095474238687,7.877093355302175,1.952586995407349,0,41.027974432438036,22.63288791796658,2.637847363675483,0,0.07809642363971249,0.18886316289407643,0.02207522769984843,3.764888964402318,4.746256249830623,2.782166861321021,49.51144510476964
DL,2021-09-05,248,11.770370578824524,0.40408364911087324,32.7669119333867,0,4.12997966457015,4.12997966457015,2021,DL_2021,16.179913407714153,8.357295748414074,1.9377478772534669,0,43.264230300808116,23.425391600285035,2.514374464569324,0,0.07903681665809714,0.1844435700111822,0.025209000729917524,4.090364268803411,5.0226068502367855,3.1707456090452686,50.99292120520608
DL,2021-09-06,249,12.466406333414135,0.31280793232651705,34.5764043116301,0,4.399754704311721,4.399754704311721,2021,DL_2021,17.24978802543393,8.659494712234965,1.7333224721263039,0,44.84582115832292,25.148911677665122,2.6727858983876334,0,0.06593869507120399,0.16737773621322735,0.0235687123054064,4.360668431088987,5.278967224593961,3.4377436758357653,48.77936035948118
DL,2021-09-07,250,12.437666281792149,0.47944361384812484,33.15948966500515,0,4.4048737810820455,4.4048737810820455,2021,DL_2021,17.27521097780083,8.424007063569086,2.442201113846207,0,44.180852280027416,23.92753817839356,2.5066366373434206,0,0.08380113693417998,0.1976911209379324,0.027166333854722828,4.35090714513831,5.301481726025454,3.4300435227976362,49.4317742075752
DL,2021-09-08,251,13.015713111600457,0.4745582387340741,34.90867185167597,0,4.655133023334528,4.655133023334528,2021,DL_2021,17.54516492067677,9.024996347898563,2.1914267088480166,0,45.707398870344754,25.39701679654863,2.544860554929968,0,0.0800229814203144,0.18315720355010948,0.0269119304324126,4.622710191021952,5.502802056621069,3.7017199086867034,50.46342492508796
DL,2021-09-09,252,12.402742449618332,0.2564177984880365,34.13375390948102,0,4.402454395616802,4.402454395616802,2021,DL_2021,17.010468453736763,8.538864192327305,1.9080918544915784,0,44.183422732063455,24.68565385939605,2.480057071895567,0,0.07035228515484289,0.1649558661984862,0.02198908524143963,4.337591906324173,5.2915750769853025,3.407592090860945,48.27888915675861
DL,2021-09-10,253,12.272609587327775,0.2022646759657064,33.054706558731155,0,4.0538507466392435,4.0538507466392435,2021,DL_2021,17.195089780063093,8.355819390956707,1.7084101070882174,0,43.93536361376499,23.774124817059402,2.4694885680101533,0,0.06316534397678136,0.16671487117496497,0.020230916949964824,4.0286165634763185,4.923400290591558,3.077936528351744,42.94607057955625
DL,2021-09-11,254,12.512183965745296,0.3538897582828373,33.14063344070683,0,4.23004428626435,4.23004428626435,2021,DL_2021,17.015486639918418,8.980579509683581,1.7586693212603224,0,43.55097002087793,23.551744229092595,2.7396390336469154,0,0.07395098293958297,0.1605254783693691,0.02102009823636,4.182224218451364,5.113225991192803,3.2658870059755643,45.83530904895088
DL,2021-09-12,255,11.801573399696645,0.40910468659981825,32.82766602484873,0,4.0180003069575125,4.0180003069575125,2021,DL_2021,16.576821427287385,7.895441816288778,1.711281669086638,0,42.73491520118184,24.1553867541091,2.4486137954264557,0,0.07907288162227671,0.19320439381663992,0.024926875438437503,3.979949239797625,4.921537500991368,3.0178368056172213,44.820972746638176
DL,2021-09-13,256,11.679282457840634,0.25583736108366617,31.966122555295126,0,3.8523472991475174,3.8523472991475174,2021,DL_2021,16.011315743630263,7.972291928363471,1.3769031369031846,0,42.671860422229244,23.228301469100924,2.3907977426750455,0,0.07094304189135414,0.1611365899709193,0.021308964237292057,3.8303148097106368,4.745772304709851,2.8852710572074103,46.37659907048892
DL,2021-09-14,257,11.896850149383834,0.10082915836963235,31.571650106979046,0,3.8602608641613276,3.8602608641613276,2021,DL_2021,15.899207797342752,8.126709271093688,1.2846073629031498,0,42.16958054068954,22.644376232555306,2.476660806138445,0,0.05978656927273911,0.14387295618914347,0.0226229292027721,3.808598605048715,4.7255951839306505,2.889564157014092,48.1530502367207
DL,2021-09-15,258,10.515817398212393,0.1542127697790039,27.617596485882867,0,2.7151474244660947,2.7151474244660947,2021,DL_2021,14.74219591454938,6.92842281570907,1.2973270974294377,0,37.01311831732561,19.584217948604344,2.2030504674475044,0,0.07346926610877288,0.1720739088428695,0.02286634273409845,2.7207521214383505,3.6513731304677286,1.8159116544291016,46.541250388188104
DL,2021-09-16,259,11.213812688336224,0.1542814441108865,28.100376117579728,0,2.9815170233903707,2.9815170233903707,2021,DL_2021,15.437354088999887,7.370111304624376,1.4531503680179172,0,37.92336420088298,19.96530104947563,2.345118106861942,0,0.06974135937366031,0.16303118151516527,0.022770826720459925,2.9915261103516935,3.9221151244083536,2.0794435620530756,49.338434685091094
DL,2021-09-17,260,11.012093068625054,0.05385905189581963,28.066762692429965,0,2.858163334031801,2.858163334031801,2021,DL_2021,14.864909427333915,7.561740500716538,1.1208169957416578,0,37.35662827919332,19.710422811947087,2.2121962852722095,0,0.05997692305070283,0.14538778166704328,0.02315744993946704,2.860243611496075,3.7990049110317408,1.93542679031849,44.803568893114615
DL,2021-09-18,261,11.038442467119816,0.10171881921780856,28.632932485955525,0,3.0123093356530513,3.0123093356530513,2021,DL_2021,15.077233200439844,7.405993165909547,1.173936444430366,0,38.60834424979022,20.406332934696135,2.1770129817410058,0,0.0642586016145893,0.15724355320657982,0.021624997065219222,3.007523979682217,3.9417619665571966,2.0683433637270467,43.445987754829616
DL,2021-09-19,262,11.398547961551868,0.03752675699010388,28.803009986243676,0,2.8143170025905233,2.8143170025905233,2021,DL_2021,15.224519442347125,7.98178219924558,1.1345760519616774,0,39.13897860327922,20.356298118794054,2.2809016977397163,0,0.05609962467964395,0.14119839131475526,0.01971969140936738,2.7912409639339306,3.7355235240786495,1.8483333397717259,33.890712377899874
DL,2021-09-20,263,11.981223008287136,0.07203914074923934,29.985375526530174,0,2.732359860632826,2.732359860632826,2021,DL_2021,15.937110204696838,8.136416424144624,1.0361152885405764,0,40.772926773124404,20.757594118321286,2.293517397965195,0,0.057159937103679476,0.13159322747495658,0.020319635144808102,2.716863213856046,3.7159555458289293,1.8237981001866934,24.779283300740985
DL,2021-09-21,264,11.219523281425186,0.05270641419237165,27.602202998056168,0,3.061778897076338,3.061778897076338,2021,DL_2021,14.885848353620021,7.595340827820638,0.9607644328278782,0,37.11243034794877,19.49574157498628,2.2443386692585165,0,0.05962434283550777,0.12949761389142922,0.021413299999996093,3.0682719618880405,4.009882696843113,2.125679339115205,46.70230730526768
DL,2021-09-22,265,11.939925169,0,34.053062923999995,0,3.1206618056185484,3.1206618056185484,2021,DL_2021,22.053866119962642,1.8259842180373616,0,0,64.2146095364813,3.891516311518695,0,0,NA,NA,NA,3.133515093848339,4.05256645835841,2.208938290627533,45.23109649761819
DL,2021-09-23,266,11.46826276903723,0.10063736410916213,28.429991621607225,0,3.1471311078048614,3.1471311078048614,2021,DL_2021,15.782671850499183,7.755036584487608,1.0436886465941109,0,37.750027293068975,19.739867473897267,2.1395423052585207,0,0.058179850426608476,0.13603805320237455,0.020660555836680475,3.1509983348917023,4.070704875031646,2.1980041300838793,42.15008352097351
DL,2021-09-24,267,10.973934154897885,0,27.771005489559904,0,3.139072644830005,3.139072644830005,2021,DL_2021,15.098696244251409,7.55995174333989,0.8504095482751244,0,37.307007363778865,19.335064947474784,2.3808993969240535,0,0.0540273147421004,0.13472667414164496,0.017471821954495547,3.120422717316427,4.060385824966615,2.191965089346063,45.02980043432096
DL,2021-09-25,268,10.792091644082854,9.597272085357655e-4,27.781152811715916,0,3.2586961032775443,3.2586961032775443,2021,DL_2021,15.055868626600448,6.886723281472977,0.8283693238449719,0,37.214665216533206,20.036199711500128,2.3842964427579907,0,0.0590508690737129,0.13394360187060073,0.02036195536601769,3.2480736108017028,4.180157816113368,2.3326865015438814,44.66494788015438
DL,2021-09-26,269,11.129196488331468,0.009310627916564895,27.289457981153323,0.025170506567997908,3.3239074663983317,3.3239074663983317,2021,DL_2021,15.388341681099126,7.227149452580182,1.0119632046845026,0,36.990115820445155,19.21192468374772,2.329951468988978,0,0.056118742956785754,0.14336196882999205,0.020812898186377275,3.2945066020734517,4.209490198562425,2.372336927885662,44.7508182789564
DL,2021-09-27,270,11.155836722839181,0,27.363763674391734,0,3.190677376443585,3.190677376443585,2021,DL_2021,15.539864011731202,7.621500452312216,0.9098920700156956,0,36.9885353197283,19.30474347515786,2.3007225600839862,0,0.05214430529804956,0.12487299165785905,0.018863110932834715,3.1722680858724903,4.102299482803874,2.28511245341963,44.36631688133602
DL,2021-09-28,271,10.27096119518594,0,24.54316012492676,0,1.7131909296352115,1.7131909296352115,2021,DL_2021,14.260838479529552,6.823791551632902,0.9510771291641069,0,34.213812071402515,17.13640378906652,2.2807870915128627,0,0.05470301321244325,0.1408797688611233,0.018360603225937435,1.7238229960984692,2.677192281005371,0.7930777581195823,26.571606062631748
DL,2021-09-29,272,10.002089143447202,0.03350172886689251,24.55681034679562,0,2.439436750859351,2.439436750859351,2021,DL_2021,14.029102082355562,6.873012201445194,1.0599873291272675,0,33.283407574113966,17.324225374368343,2.24440972869917,0,0.059273091423023096,0.15039389088826363,0.020258015001449747,2.4213248626592665,3.3787184191219475,1.5038400554273605,44.42657232919782
DL,2021-09-30,273,9.6035780413403,0,24.145868342167304,0,2.5649305211836717,2.5649305211836717,2021,DL_2021,13.399903363114756,6.295144275116105,0.9631538663973571,0,33.29767570614858,16.405150638084674,2.1889852975274535,0,0.06250369837184876,0.14464006238864288,0.01948163060791405,2.565433436935778,3.47931817732905,1.663921612362248,43.647293992546174
DL,2021-10-01,274,10.293076239424371,0.026337205217473514,23.518825712694937,0,2.4408479720404515,2.4408479720404515,2021,DL_2021,14.616591441116343,7.136998845293819,1.0934684643655659,0,32.00596572908362,16.186632799911813,1.9654699337912023,0,0.061152519399582904,0.14975739701341215,0.018020747680084867,2.43095033091452,3.3891603304985694,1.5300420941113333,40.4339217015258
DL,2021-10-02,275,9.868992443488965,0.06010154665383882,23.84539664547825,0,2.7634634339764075,2.7634634339764075,2021,DL_2021,13.631975713369966,6.719910792473778,0.9559653664450685,0,32.439392561777495,16.615841013081987,2.23007315663355,0,0.06751019174213407,0.15256940739607272,0.021753352852258896,2.7513147338254256,3.694631350668188,1.8278022903786115,44.050645628138845
DL,2021-10-03,276,10.247416065410912,0.12555389487030366,24.378076480212084,0,2.8139229504526164,2.8139229504526164,2021,DL_2021,14.306598770504461,7.191437977529884,1.0979752838420382,0,33.23425417846,16.94886404565889,2.2413514931184433,0,0.06470115443121757,0.15129636073949465,0.020387161852469193,2.7991712344413657,3.729501241402671,1.8656381885204671,42.691612421216206
DL,2021-10-04,277,10.034472091674187,0.04708035459523574,24.01623915625273,0,2.8531728649675916,2.8531728649675916,2021,DL_2021,13.842266003146555,6.747524212000628,1.046686733765954,0,32.90439680686249,16.325591756192015,2.376976794440194,0,0.06137538525876918,0.1522187712029353,0.018445468452167067,2.8225887265973038,3.756518039781808,1.9168439217628774,42.763896450331515
DL,2021-10-05,278,9.851915685212012,0.13435963398770556,23.32895067243749,0,2.9320294417382886,2.9320294417382886,2021,DL_2021,13.841428945360958,6.623030031109718,1.1278801915135104,0,31.886061605209886,16.111874875940156,2.1821656821304862,0,0.06975088612160421,0.16760009456307917,0.020906635153239712,2.905206766602033,3.8148594385293095,1.9799175312241413,42.57518964585647
DL,2021-10-06,279,9.893037831453492,0.005580615848205461,22.81922815586932,0,2.5829275534807468,2.5829275534807468,2021,DL_2021,13.859319665465238,6.607701226717641,0.9645820964148184,0,31.17624034111743,15.626241695986709,2.1989641781819294,0,0.05928938306984119,0.14585035648854663,0.01850160517426024,2.5679552009143407,3.479562537961982,1.6762846012615322,38.27486938505183
DL,2021-10-07,280,10.099055161865564,0.057156343770955353,22.44221118136822,0,2.150818396630317,2.150818396630317,2021,DL_2021,14.062583593174276,6.986551056511321,1.0924930895021903,0,30.928939126724647,15.005414385693614,2.3783758855707817,0,0.06395667309305789,0.14808746674321213,0.023254489102832603,2.115124428182547,3.0382386986683017,1.2242895435013017,25.68192225110524
DL,2021-10-08,281,10.044646552829144,0.026556894065860037,21.646680467740005,0,2.2863608875774633,2.2863608875774633,2021,DL_2021,14.378869799757314,6.745024134193765,1.01701010539656,0,30.279629041539632,15.064205923783232,2.122195375877818,0,0.06249432069692397,0.14945673917075847,0.022096459762706407,2.2514344176214864,3.153217366692949,1.3754810558552215,33.275132392051724
DL,2021-10-09,282,9.30661499015491,0,20.508193339004716,0,2.4278263168448304,2.4278263168448304,2021,DL_2021,12.82254454436576,6.323020459112838,0.9507805570692274,0,28.933622866662745,13.724473610477075,2.2729209470154657,0,0.06378603920403046,0.1490091516832839,0.02364913981630268,2.398173168649805,3.311765766321569,1.4840781502029408,41.122458300338245
DL,2021-10-10,283,9.71330444959813,0.0627562580606088,21.04553861870564,0,2.3219334225064867,2.3219334225064867,2021,DL_2021,13.310763347758071,6.3989400770012,1.0781861559093884,0,29.242215591623246,14.37206050588505,2.215939480309911,0,0.06200828989104834,0.1534582285081494,0.021535219277594116,2.302469406680735,3.1926158294671874,1.3760699624360402,30.016436568942726
DL,2021-10-11,284,9.154108448844655,0.15213776083015285,19.201000612647256,0,1.6988424065394758,1.6988424065394758,2021,DL_2021,12.816335714800093,6.0173651132690384,1.1038090162261023,0,26.956770847240833,12.97465388091895,2.0244387635142185,0,0.07968701099426595,0.1732305543076027,0.02609615348546872,1.7121359776188716,2.649690706437641,0.7857444245598489,33.53794076451874
DL,2021-10-12,285,9.523338148102502,0.061180407000765324,20.17410037999561,0,1.6427146621363486,1.6427146621363486,2021,DL_2021,14.162479004199502,6.257920367489843,1.1778305977556265,0,29.032429924215133,13.393067096990709,2.000126044466617,0,0.06823160950404435,0.16612871674021618,0.021892833010916463,1.633048533782505,2.5608013508962006,0.7068662273042556,17.752547300193434
DL,2021-10-13,286,11.0508788214,0,20.036690016,0,1.6568493111651041,1.6568493111651041,2021,DL_2021,14.143351150463982,7.958406492336018,0,0,32.703165568869494,7.3702144631305035,0,0,NA,NA,NA,1.6654438476407611,2.574833168096272,0.7486637529447644,37.7821892771663
BG,2020-07-13,195,5.9047756808611735,9.540735838871516,9.555622218125455,19.98774028562041,NA,NA,2020,BG_2020,9.408019842196973,3.479131365088585,22.595126420319897,2.7146920509676846,15.047274835416017,5.79309886801509,43.39825766985272,6.618884184137578,0.5925987541110651,0.7923693640815026,0.3224981583890412,1.7518378643081713,6.352875122677525,-2.6282540289472536,68.72544548466294
BG,2020-07-14,196,6.371324652592301,10.199349056529078,10.355838743310851,18.98177531945048,NA,NA,2020,BG_2020,9.871848010152648,3.9394518701261942,21.691588966485092,3.315076655481909,15.789505063471909,6.296145924840907,44.52465704193986,6.066596901282601,0.5866283224834511,0.7820104966826703,0.3502634320627478,1.9534070779626407,6.4979813363674195,-2.620376788631934,69.70348069486556
BG,2020-07-15,197,6.681233335598051,9.178269734486177,10.756592670722013,18.422323911050366,NA,NA,2020,BG_2020,9.77285497478378,4.167490836280378,21.565544014068763,3.2384398684695563,16.443601184296742,6.524097425422871,41.82651737163443,5.94488624319005,0.5610388203092864,0.770889040401992,0.336412822348113,1.8233096666602253,6.42666311815828,-2.656485878417668,68.79863070355454
BG,2020-07-16,198,7.016143652422879,8.799408866467795,11.069471294081284,17.742944504528886,NA,NA,2020,BG_2020,10.586811444523802,4.3425297678451384,20.421758134412823,2.869437901997247,17.33864849337067,6.979529685700854,39.42135388780784,5.614209833500405,0.5441488980930002,0.7533228055569116,0.30473528837341973,1.8796441078743922,6.542912955392981,-2.7498125271706115,68.00536322345451
BG,2020-07-17,199,7.131283784358318,9.724683497514114,11.709981762098428,17.402511676161883,NA,NA,2020,BG_2020,10.974620465159367,4.509078094882813,19.783035898605032,3.1320675714305386,17.694702221160163,7.448912946572998,39.095045132385955,6.084552524908922,0.5545949685547541,0.7519008438319472,0.31097524617381744,1.9774371740251322,6.443073097296665,-2.6480049403590056,60.07996205566262
BG,2020-07-18,200,6.959601806536176,8.008934289369492,11.902228955756726,17.45416045709958,NA,NA,2020,BG_2020,10.403035888174445,4.382487349901039,17.651150840649645,2.2425225799791173,18.01795039177451,7.461366548510492,37.991123595282474,5.931386766006586,0.5220130508378382,0.7148830484471401,0.2684273485099967,2.0617417495119303,6.613126874076058,-2.537145225460985,65.79537242384976
BG,2020-07-19,201,7.556063796729478,7.43562450739718,12.668620936304993,15.869943893778515,NA,NA,2020,BG_2020,11.417404113186594,4.790829160412867,18.072545347142533,2.4378509001086197,18.77628940834359,8.150211614363984,35.503010229916576,5.396629251945056,0.49714669550133705,0.7158847777755184,0.26578975585906317,1.9658992241043731,6.753574414920272,-2.3805495873503824,67.1964457869104
BG,2020-07-20,202,7.706857587914409,7.724839341184878,13.006836930408868,15.170597759258708,NA,NA,2020,BG_2020,11.212309037220567,4.772239528884927,17.55336597288832,2.3386507797805693,19.400131538637464,8.347315663458758,35.74924219053352,4.4878902829804375,0.4886679652927489,0.7003347110158624,0.25634098162250674,2.0973540310642407,6.8345027502355675,-2.3696689158369324,66.73030318864694
BG,2020-07-21,203,5.445896031,15.943945275599997,10.8169874994,63.18570702,NA,NA,2020,BG_2020,18.81569003942896,0,83.37595351448854,0,39.524662633685296,0,328.5796274277734,0,NA,NA,NA,2.088413598131489,6.267028328032469,-2.089388552422926,65.69031768861686
BG,2020-07-22,204,7.66041611276014,7.326782807395703,14.407541592498552,14.383964764483597,NA,NA,2020,BG_2020,11.774164811445695,5.026619543928206,16.93175561512705,2.1102258414716015,21.279637139550093,9.553149883938794,31.94663618812294,4.809336965915884,0.4730726392255259,0.702670942521247,0.2405762350836394,2.2630475840620665,7.138582582682669,-2.4653153086278117,61.86139399496323
BG,2020-07-23,205,7.838858109611237,7.6713603521019005,15.211209932005131,14.301644473503917,NA,NA,2020,BG_2020,11.308148532480162,4.950000062098387,16.80782191495233,2.3170081753920684,21.720784334535335,9.783116413104853,32.14424491856549,4.752931404291209,0.5022785214780264,0.7009977550089562,0.2523751326457867,1.8459867366410188,6.647154257403856,-2.635793625857249,47.89252316894044
BG,2020-07-24,206,8.092615393256365,7.384429460650115,15.63970342453854,13.373227172337645,NA,NA,2020,BG_2020,12.52428741806491,5.141505412535621,15.68715888076973,2.394832076791313,23.635411801854875,10.305511472656942,28.834899184535917,4.237999498915633,0.468563954861912,0.6745385307787694,0.24863818541636917,2.2901846194417903,7.2761597084339185,-2.149573258219837,66.65206177668048
BG,2020-07-25,207,8.803698401328083,6.0076570741207,16.813044343652297,11.942412547408928,NA,NA,2020,BG_2020,12.565831069479884,5.497614407769211,14.279472945100572,1.6402916495777984,24.298004259658104,10.74776007212184,27.550993937127753,3.3112350488115267,0.41518365902216464,0.6188914949549476,0.19933792782656246,2.4333284103387443,7.298401078548838,-2.2111855032568757,67.60855660760821
BG,2020-07-26,208,8.008544275363052,5.47837822703101,16.967574068079468,12.388092364345422,NA,NA,2020,BG_2020,12.057869416175704,5.09078445467957,13.062347411109878,1.6603130850329697,24.906183251086805,11.224283315735429,29.245841759331917,3.511223672386975,0.4181264089594843,0.6240245710184386,0.20235444006836828,2.4570122900353706,7.585932534425918,-2.0606080272158627,67.05881077211504
BG,2020-07-27,209,8.386996597984117,5.626953927635188,18.23002171804269,11.384323325156842,NA,NA,2020,BG_2020,12.6964473399431,5.338704055467161,13.989211017821308,1.601559599816883,26.18496571211814,11.969859595901623,26.714825231857652,3.4740747522262203,0.4137796061420288,0.6533224981940975,0.19278195075967883,2.5272746398967825,7.391117804112519,-1.9829164026301496,65.9345644212441
BG,2020-07-28,210,8.925304629414846,4.94398370109941,18.348719949221984,10.776236069558099,NA,NA,2020,BG_2020,13.250841488710305,5.644268999647097,11.813270757403334,1.3300970196255775,27.03904783028628,12.329098133394144,24.57942974164142,3.3264400943077708,0.3795100178038229,0.5864752992743969,0.1610648805812806,2.468499751238591,7.51343708016188,-2.2570156983643126,58.1057556842732
BG,2020-07-29,211,8.360044110708769,5.374588564321987,19.840091879711505,10.191874345519258,NA,NA,2020,BG_2020,12.623907568770724,5.545226218080485,11.617713989838983,1.5267528646917123,27.985899663820092,13.03449387127582,23.731056773694757,2.737963467251459,0.3840927178766368,0.6084254032724788,0.18499436676254938,2.471795690216,7.318753407940292,-2.18371469271349,52.525875608180534
BG,2020-07-30,212,8.659321895373095,5.047992120870776,20.850852587420487,9.62697887957794,NA,NA,2020,BG_2020,12.586291362606136,5.641023636665595,11.766074554679548,1.5222369740575565,29.67163904428332,13.698755496887985,22.53971479415216,2.785445816897932,0.3779473744097728,0.5867659105147336,0.17820316080968235,2.7941908055496647,8.107013666114435,-1.9002081042440104,64.53039688232042
BG,2020-07-31,213,8.797185107625127,3.980592886281312,20.96743552565034,8.866668528316419,NA,NA,2020,BG_2020,12.545546093376872,5.526996723424247,9.465259236438056,0.8210501346423915,29.939017925996698,14.055490434926652,21.429747150257725,2.142044426169043,0.3289049001973934,0.5496327015195959,0.12587143518866,2.7447204909216945,7.873446834148267,-2.029316557096893,63.96064486466695
BG,2020-08-01,214,9.102533530992376,3.821233383534577,22.015619542370683,9.147165565305063,NA,NA,2020,BG_2020,13.025117394288413,5.7396830264972065,9.70955493761899,0.7806435791139388,31.78600944503216,14.484283324044894,20.650333190259484,2.1966374232579695,0.3151649502245485,0.5439861508776033,0.12162515557748835,2.8384418500853705,8.09229164987784,-1.897788071528943,57.18928542400441
BG,2020-08-02,215,9.071502341387328,3.5936563913207165,22.706925589864017,8.341955333886702,NA,NA,2020,BG_2020,13.89442292110591,5.797466488786944,8.825324109750397,1.0562128024353672,32.8412965656049,14.881437571468746,19.67066151066957,1.9339509770207441,0.3005577812249048,0.5233995761919474,0.13455617373602521,2.8601889042656805,8.245238663049669,-1.737153687154477,61.65617566698207
BG,2020-08-03,216,9.639490142856243,2.9426561837951164,23.947568640994756,8.062001971864705,NA,NA,2020,BG_2020,13.818432740184655,6.0589572397453555,7.784156320395025,0.6081089047477306,34.04388387038325,16.21353329317017,18.421180451637802,1.8757199356896552,0.2600032004491514,0.4735343463924831,0.10691368179151597,2.978263734417939,8.08999974849939,-1.7945862125458305,60.09489529491624
BG,2020-08-04,217,12.417126991799998,4.5151488424,28.855486026,8.2960720586,NA,NA,2020,BG_2020,23.775437165315072,1.0588168182849271,15.729279923917588,0,54.18685446142728,3.5241175905727204,30.041337836366974,0,NA,NA,NA,3.3166420836755774,7.4214757715600825,-0.9473907593724253,61.519931172882885
BG,2020-08-05,218,9.881125936209367,2.63126315655229,26.238156930299265,6.727661882206698,NA,NA,2020,BG_2020,14.000735413485708,6.531982136475501,6.732205513231705,0.5836746430795583,37.87046718872173,17.195806790629067,16.081793624708332,1.394523940227629,0.24168678893307705,0.4434785637940978,0.10018703788800554,3.209439818243993,8.824174967962733,-1.919808233790594,60.02000435039331
BG,2020-08-06,219,9.655570234925586,2.162811979868663,26.50878525216167,5.907902027761507,NA,NA,2020,BG_2020,14.108221083840272,6.455931779619357,5.657662356332584,0.3447984518680103,37.8353018039476,17.44527547256406,15.529921538722395,1.059975491134515,0.2048408834937941,0.4018879398114089,0.08622149356875371,3.0430448905917284,8.889167660938483,-1.7868168830766045,52.87346612308578
BG,2020-08-07,220,10.270432852616116,2.2748441469432077,27.666132056126695,5.519877732491722,NA,NA,2020,BG_2020,15.487765671790909,6.797194188133978,5.474469823209114,0.43666801027643,40.022372058747024,18.24485838572451,14.320342944317325,1.1155580475566027,0.21067633853470763,0.3792872939086945,0.08594982208341383,3.1620803929899073,9.673823679381291,-1.71367920579528,53.24062555049827
BG,2020-08-08,221,11.344708315320199,1.9156442381011376,30.433659384871497,5.403381502051891,4.097576026643954,4.097576026643954,2020,BG_2020,15.496892150847765,7.516952935441993,4.857604068071072,0.33296861205039874,39.919249785531385,22.03070974859887,13.442152188381485,0.8120774351802722,0.18715886222706207,0.3272928189187697,0.07540240195096563,4.0600023240835155,4.997245825233261,3.1379369309219034,58.79066317209587
BG,2020-08-09,222,12.525451437658491,1.6977036813241895,33.514269778771684,4.985063539261834,4.399639541656371,4.399639541656371,2020,BG_2020,16.994073146485963,8.741087119045181,4.6527593322050285,0.18090164278550624,44.007803335830545,24.48245835677295,13.037536878896024,0.588115287372418,0.15746629282097524,0.3138113488449864,0.06159528072278793,4.341518332459586,5.250652811976735,3.3826444631741746,43.47613038187975
BG,2020-08-10,223,11.722000411481309,1.325452662399844,32.573509451166565,4.636168130059886,4.443818588686553,4.443818588686553,2020,BG_2020,16.000554829632097,8.01987414771694,3.594914694111713,0.1227757061204151,42.687496308424905,24.02174609479762,11.838075678117653,0.6376404958491113,0.14439563444871353,0.2681182910882071,0.054745095719830036,4.416913668648977,5.347784824464706,3.484733141384315,59.467358913511305
BG,2020-08-11,224,12.416982384488628,1.1435681794495052,33.729249732762476,3.8582930215664333,4.434681979261891,4.434681979261891,2020,BG_2020,16.846110138507477,9.11672316659495,3.7111832103902893,0,44.524450818751916,24.443637795886946,10.611330006316631,0.3131093122049049,0.12372979016406091,0.26637844131969746,0.044151284084375735,4.421312770568882,5.341132154216437,3.481678946400054,58.668173384391466
BG,2020-08-12,225,11.525222787932469,1.0920811590417117,31.693115306412306,3.3425494580281856,3.479368107892838,3.479368107892838,2020,BG_2020,15.588714604198232,7.717599035547008,2.90263607097788,0,42.248293870108256,22.65938679270027,9.673351869282982,4.7287561236930564e-4,0.12466157835837369,0.2532679303870825,0.047517577658057565,3.4713096998157713,4.417534995570723,2.5184231802050094,45.09367629973023
BG,2020-08-13,226,11.440265662830367,0.9686917960069377,29.921594583726865,2.9014794673001636,3.244793725292494,3.244793725292494,2020,BG_2020,15.31260039510788,8.350317903246204,2.961890947156804,0,39.53334330485284,21.911338690025296,9.040220874252176,0,0.12184506562485292,0.2537747721200579,0.04507288056059013,3.2542142929427587,4.169824041449049,2.3416135122704844,56.078926275238736
BG,2020-08-14,227,11.252926483997388,0.5884774640848194,30.32243334074764,2.6699530326590932,3.2873596315507743,3.2873596315507743,2020,BG_2020,15.502536063542385,8.14132363111753,2.415371447192725,0,40.32363788970694,22.23150466658814,8.171802559371251,0,0.09450628758901589,0.220736077083393,0.034171373843474295,3.2988060307203755,4.204623400983134,2.3794806968400084,59.26556467900288
BG,2020-08-15,228,12.057988079248124,0.3731071327745845,31.910910792594503,2.346541718401548,3.4817198265724874,3.4817198265724874,2020,BG_2020,16.21804341055136,8.560305881710756,1.8540764294057925,0,41.2548984752467,23.739981325810117,7.624996544576723,0,0.07744180027088435,0.1740973995730739,0.027077341428710003,3.4943896220689874,4.40414378333764,2.5572579099909567,58.64596681683959
BG,2020-08-16,229,12.670954646286686,0.3109830899895971,33.16995211850959,1.9029868087749198,3.5612193230989457,3.5612193230989457,2020,BG_2020,17.44826104993294,9.216045558054294,1.6852196123237035,0,43.22816219835993,24.265349359393515,7.160830943351222,0,0.07058262056899359,0.16509023242483956,0.02727710631546626,3.5317361105133944,4.485173903713265,2.647661995831201,53.65628720474273
BG,2020-08-17,230,12.887257010491469,0.1378689967935378,34.054212219118625,1.6587490532286302,3.6674387825800694,3.6674387825800694,2020,BG_2020,17.183446894132494,9.374602662931045,1.1399106542015656,0,44.34419696166713,25.166061640297197,6.443728281284372,0,0.0551386769360421,0.12858388290761513,0.023057604869173673,3.681013569162764,4.591827391433579,2.7438044070999705,55.86155620490514
BG,2020-08-18,231,20.119467234200002,0,65.972342732,0,2.648256989728735,2.648256989728735,2020,BG_2020,45.043197261569894,0,0,0,117.79333115516407,14.151354308835922,0,0,NA,NA,NA,2.8460985833753236,3.757687970253623,1.9170528565054838,54.98814884526059
BG,2020-08-19,232,13.809748195717104,0,34.86417098474197,1.1317664975124293,3.537038693736449,3.537038693736449,2020,BG_2020,18.291697268405404,9.734302628809875,0.873713668082668,0,44.90862149838565,25.520819999011586,5.412011565981725,0,0.04304664613903328,0.10588771899624705,0.014518350981478901,3.558489593237391,4.528703135127447,2.6031267612226507,49.08503181293993
BG,2020-08-20,233,13.178027655744659,0,33.827120393587684,1.1264761039322568,3.641152808911566,3.641152808911566,2020,BG_2020,17.76610134980923,9.446496469452784,0.7332592266209852,0,44.69644113003645,24.370951483440738,5.143204225483734,0,0.03686594379802806,0.09539642229905461,0.013418458732375713,3.6476084411193326,4.555904428908676,2.744023126643243,53.202994260962704
BG,2020-08-21,234,14.364947166219507,0,36.31498835234047,0.8679025327292624,4.009323424282853,4.009323424282853,2020,BG_2020,18.716640316285105,10.306789426132223,0.5960800513837947,0,46.65388971005842,26.669873208091133,4.909741345163283,0,0.03444360567743279,0.07988842278259119,0.011757049850252558,4.006799793275393,4.926281749635946,3.020602353091458,54.77286140551196
BG,2020-08-22,235,14.614147853184496,0,37.296418327051775,0.5742784289822791,4.2129147432337115,4.2129147432337115,2020,BG_2020,19.73718950201896,11.438085845853582,0.3742211702222815,0,48.5357774643546,28.08649293283154,4.147178625418908,0,0.029168269714147994,0.06656748360772388,0.009399195795760734,4.2122151839485475,5.136912847510215,3.2736945820314722,50.62201052019229
BG,2020-08-23,236,15.780190435846118,0,38.94693922976035,0.5203553039095143,4.368387274580608,4.368387274580608,2020,BG_2020,20.6410700302959,11.68517316905995,0.43612315868794727,0,49.84626021056986,28.845753466355138,4.0348505556572825,0,0.0237194470868525,0.06737609971189949,0.007889581249511477,4.3636561275888965,5.306664052838528,3.4084084905270893,50.77945406280716
BG,2020-08-24,237,13.475292634497587,0,33.10078388464513,0.4048009373230834,2.891414461035535,2.891414461035535,2020,BG_2020,18.154389427904086,9.328766146119015,0.3837486939713568,0,44.259954851598266,23.97553694322622,3.5918670576758225,0,0.02738818227230167,0.08025550083690285,0.007515918841823909,2.896664277286421,3.8053064577352678,1.9520263780814102,45.07999117062888
BG,2020-08-25,238,11.954848892548599,0,29.125099485938627,0.13191363201821593,1.721866053168049,1.721866053168049,2020,BG_2020,16.407967733702726,8.38369281244605,0.3582013743258754,0,39.07812758495793,20.47982166836806,3.0899722547983592,0,0.030701431002406722,0.08245613578926794,0.010004994607740812,1.7821404873938285,2.689976083839152,0.8841203439145019,45.04577363343398
BG,2020-08-26,239,15.012017098809343,0,36.191627303529266,0.12470452140778887,4.032804597311537,4.032804597311537,2020,BG_2020,19.92820814886919,10.95083968918669,0.3221490335789826,0,46.88123669221295,27.057842578909558,3.243587058048296,0,0.02389841594229162,0.06336208675394644,0.007655846165491001,4.027148436105785,4.9969341795243185,3.0935547223253343,53.96587722551665
BG,2020-08-27,240,16.123145062474727,0,38.417253023478956,0.2548357083375534,4.3155691193851755,4.3155691193851755,2020,BG_2020,20.421391170543814,11.912538214344996,0.3467223315092338,0,49.690889263046806,28.421028306105377,3.4591182638283064,0,0.02449440295450083,0.06241702866057669,0.00841420443284913,4.313480811987336,5.237264983254908,3.398595130763408,53.59098021580969
BG,2020-08-28,241,15.969918308911621,0,38.7200731626527,0.23480468337200477,4.477263622053748,4.477263622053748,2020,BG_2020,21.15759384710978,11.2619854838016,0.38849448435370637,0,49.393513822538104,29.186950516336022,3.4390878894450565,0,0.02784970800648671,0.06635087144481164,0.008724076030042197,4.446244321920689,5.373342117905703,3.5299831738708445,52.637123143293486
BG,2020-08-29,242,16.195858266667578,0,39.24536682286311,0.18087737752177757,4.5886335048021065,4.5886335048021065,2020,BG_2020,21.005543620299964,11.857836243763126,0.6888906705776021,0,50.3098299338193,28.92104944828483,3.21129914895026,0,0.032370355897799116,0.08066194692458611,0.01098339220525667,4.554038310670698,5.508937803226742,3.6703705287980593,54.42977360754161
BG,2020-08-30,243,16.432768251513963,0,39.4565169578076,0.17891985243499287,4.67905237816844,4.67905237816844,2020,BG_2020,21.583046009711254,11.995603741636097,0.5810451452202157,0,50.21213546542967,29.505285034787345,3.1233859195525704,0,0.028921535536566144,0.07212951478170723,0.01107596893806057,4.658168537141384,5.566237201586281,3.766367632336313,55.01663106199454
BG,2020-08-31,244,17.59958799379111,0,41.98188817712407,0.30803524589097053,3.6919806029165616,3.6919806029165616,2020,BG_2020,23.902025388659155,12.626852261226668,0.5970091572778062,0,56.4730527049538,29.839754061219452,3.5305688878121093,0,0.03003514365804851,0.07041665773202371,0.009450501201014077,3.6646979273232017,4.580411137221753,2.730036447350991,21.106047101580018
BG,2020-09-01,245,18.7324076148,0,31.317124138,0,4.081035180291346,4.081035180291346,2020,BG_2020,37.42125966834723,0.043555561252765496,0,0,82.46333855504245,0,0,0,NA,NA,NA,4.037286433438256,4.950443511234227,3.131316965510776,52.0055804188915
BG,2020-09-02,246,17.00354832636112,0.09034426296214515,41.177165410082786,0.4360817188941133,4.820433081505446,4.820433081505446,2020,BG_2020,22.31258835820109,12.226145733166097,1.0456044552276664,0,52.43057013383161,30.658554351544122,3.5140466332702256,0,0.04257354785831905,0.09404158226718884,0.014316640348592497,4.783229699587913,5.727754726325149,3.8801383957607722,49.56703154498303
BG,2020-09-03,247,18.299615057004296,0.11916203269420844,43.585621367067574,0.5157774356961506,5.375597245641121,5.375597245641121,2020,BG_2020,23.754425968659554,13.772937287882828,1.1949886723453085,0,54.45594356026785,33.12906094126213,3.757816631108478,0,0.04167993357515942,0.09686074765627939,0.014526164091880227,5.3526788658900895,6.238505802108405,4.422738566579174,51.99554619080134
BG,2020-09-04,248,18.57884314478146,0.20873660663946958,44.305155493568606,0.5341504723808117,5.764734359894043,5.764734359894043,2020,BG_2020,23.58064225664631,14.4543373481176,1.4509665273752674,0,56.40065226575958,33.69012208601404,4.166650669943799,0,0.0445063700192275,0.1050720918198306,0.014734225046479012,5.705136216839303,6.665110637390823,4.7940377991165235,53.20698678152358
BG,2020-09-05,249,18.952089315070594,0.2530989336988191,44.619433374520256,0.7629699749149252,5.541704774385757,5.541704774385757,2020,BG_2020,23.995393728262705,14.344844337484181,1.5412011288251122,0,56.24825857606068,33.65304918063234,4.493682146139026,0,0.04705757238428191,0.10940869453737082,0.016046062293278738,5.4935798818893815,6.463128489944545,4.569744973262202,49.102662354795825
BG,2020-09-06,250,19.71271579988229,0.29466720034053195,49.128396973388725,0.590474016404614,6.406367555420342,6.406367555420342,2020,BG_2020,25.166168693651148,14.979803125213898,1.7576298763669536,0,61.35813040815193,38.325006309758564,4.123466469058794,0,0.045455179544194826,0.10981401577063338,0.01466621365487286,6.350665347435264,7.250848525065962,5.438062200497095,51.90237028060892
BG,2020-09-07,251,14.671046489610001,0.3854817855890891,34.54711783671733,0.8626898139678123,1.946260042534551,1.946260042534551,2020,BG_2020,19.545950735275454,10.240837346646332,1.947911472542027,0,45.6264828389076,24.732140845332868,4.390172718589634,0,0.06562775359066858,0.1547721979843764,0.02448887872056914,1.963629354402668,2.901048979504629,1.0471473116847623,22.868211010392017
BG,2020-09-08,252,17.278362433987944,0.49478019533275996,41.73074322742888,1.0630814818726306,5.0571565692999405,5.0571565692999405,2020,BG_2020,22.678590542978025,12.30473494132281,2.187975897830783,0,52.33914154356314,31.25069663887339,4.9985445023152995,0,0.06454651892724504,0.14664162245170592,0.021253693114144104,5.026363712534277,5.938089664577876,4.079521972619453,53.34902587410094
BG,2020-09-09,253,17.304235761764865,0.6410711210435329,42.25429720515432,1.0356734735447755,5.300148043867654,5.300148043867654,2020,BG_2020,22.726979849627554,12.748732923231982,2.2567403904920065,0,54.38492191810699,31.79098799466065,4.817433732488199,0,0.06610272538421569,0.14430479801969848,0.024974632002918638,5.265114898827496,6.198374117539884,4.321761572844751,52.44801047808433
BG,2020-09-10,254,18.030452407847324,0.7159715009581686,43.91995774310422,1.251916381846502,5.468881461292936,5.468881461292936,2020,BG_2020,23.3346329301432,13.298235280197547,2.395911978413551,0,54.57610628724534,32.99486843788399,5.147251555681967,0,0.06601712817211605,0.15401322115301225,0.02726980706796886,5.412870493452347,6.372605370379898,4.47282770270012,52.119655019157534
BG,2020-09-11,255,18.98273089591214,0.7811337097608122,44.70370066023097,1.4939756527152412,5.634782879339051,5.634782879339051,2020,BG_2020,23.91475494158286,14.062423161615042,2.791376863304655,0,55.97779494003955,34.31003780130781,5.968286536332828,0,0.07100517135796217,0.1575094069932863,0.0253315041498594,5.591724408818044,6.5281981257379815,4.679677869092423,51.9685295242709
BG,2020-09-12,256,17.908523550842144,0.7612919781314396,44.28040135277863,1.4945444436066349,5.55496507239058,5.55496507239058,2020,BG_2020,23.44531309705262,13.080909920271694,3.076864943571569,0,55.918986058529676,33.40630349571486,5.839201692814058,0,0.0788892647420315,0.17418174938977057,0.027149865569752414,5.506847154873601,6.47803606621351,4.546784649945841,51.10487434598042
BG,2020-09-13,257,15.908134474709767,0.964905255962051,38.67270628748229,1.713624094838336,4.404950820714787,4.404950820714787,2020,BG_2020,20.851087978325186,11.416204690551323,2.957696683806202,0,49.41040307675028,28.66633388401068,6.139548239994674,0,0.09405747405270318,0.1897389089791818,0.03306169846498033,4.3895340691039095,5.3193868579343375,3.4611906874897462,51.64079916027769
BG,2020-09-14,258,14.129237275359541,0.9393404294401682,34.09359891167228,1.68449257231133,3.426543703501149,3.426543703501149,2020,BG_2020,19.060041049994105,10.426634963030768,3.1976068590294204,0,44.59684034911515,24.33197807866979,6.105482994190126,0,0.10094137247470994,0.216791640561752,0.03668950487664979,3.4347469328386975,4.370693790200348,2.4528730778782126,50.50132073374719
BG,2020-09-15,259,15.152826557600354,1.1156368989232897,36.67548101230001,2.038383331410228,3.9207668655106187,3.9207668655106187,2020,BG_2020,20.408612763311048,11.089248944150029,3.5689861084508765,0,48.26628773255815,26.739699282857483,7.2717617768349125,0,0.1043560626140955,0.2210431741202778,0.040130202037065466,3.9230943262572304,4.837306489866114,2.98329033236297,45.9849754067348
BG,2020-09-16,260,15.725648040367863,1.393615682133724,39.88853203804985,2.0283915894584497,4.489251351824131,4.489251351824131,2020,BG_2020,20.77653276821021,10.990297645604699,3.7866696229420747,0.028441249165584326,50.594908236820274,30.10735409667424,7.101240024823353,0,0.11638620824757068,0.2348139711716512,0.040432371614819086,4.47978590939527,5.454830618618953,3.5350821078563346,49.12374184444104
BG,2020-09-17,261,15.370284316279422,1.6664179236660026,38.86540051487609,2.3330508263001026,4.305610609753614,4.305610609753614,2020,BG_2020,20.51304563102372,11.446246702062489,4.431027617359648,0.1403679034859081,49.44046752489019,28.814851836924724,7.537743096286352,0,0.1270329357347338,0.2562766560793916,0.04705438897206747,4.272811211677666,5.18776094385043,3.365894514838751,48.22662669696863
BG,2020-09-18,262,14.836804743319211,1.3534369126754153,38.48149884117853,2.6607832444406987,4.133220213167045,4.133220213167045,2020,BG_2020,20.045628146881135,11.1969643690995,4.224256022638148,0,49.62364363240086,28.50681803974576,8.371467724196915,0,0.11472168289663101,0.2473798515828202,0.03693190229610129,4.116705511212038,5.0478691974079,3.157967236556312,48.22100986293227
BG,2020-09-19,263,12.982807113673076,1.8784562771389879,31.887874279391593,2.604465255954158,1.6672753653584231,1.6672753653584231,2020,BG_2020,16.905286544164213,8.670086338210496,4.494068418608243,0.2605178736271647,42.73639549144752,22.41802247404735,8.230713493524842,0,0.16095204953931794,0.30428968182848926,0.06403090464265035,1.7409651693473915,2.6256956004731715,0.8138668109950192,29.5257035748178
BG,2020-09-20,264,13.626020910259372,2.0896444746935163,34.80041855698133,3.051569835584633,3.3698358539775177,3.3698358539775177,2020,BG_2020,18.849182161787812,9.288196192952169,5.251853331116319,0.3368661277895959,45.792637153156946,25.859660714588212,8.81847637957828,0,0.15911051820647154,0.3004731911994333,0.06319946912199242,3.378142216064772,4.309491179062078,2.4397588797571315,42.54412314590668
BG,2020-09-21,265,15.141271315637438,2.02047111537106,38.92280905310526,3.1244461691139915,4.465389043269839,4.465389043269839,2020,BG_2020,20.114089489857047,10.83018491871485,5.190572964102346,0.28700812238091267,50.89264488420503,28.85999771080203,8.525440055706111,0,0.14201510648267024,0.2916564444681242,0.05618724637165412,4.448044206338604,5.37398371518331,3.536761241013233,45.01627953620865
BG,2020-09-22,266,14.311444748808128,1.8468304652057774,36.735180014401564,3.2050969163915233,3.6714321625443707,3.6714321625443707,2020,BG_2020,19.175861502978826,9.785438843530857,5.329165166422915,0.21129901747944257,47.15655783811625,27.310727146205274,8.951622680763059,0,0.15932981203500196,0.31128068167937956,0.0556905673116082,3.6750404850641623,4.588291667548729,2.7774058866560725,42.54902190218799
BG,2020-09-23,267,14.730126157428801,2.1853305279475093,38.0955584424238,3.4059917911332938,4.128501011793349,4.128501011793349,2020,BG_2020,19.874450980079757,10.383535967763384,5.559234573657519,0.4388033201083694,49.620726717612165,28.131721080275653,9.344666593972429,0.16822680780798338,0.15626012524038416,0.3068987008219955,0.06259296577990102,4.088103336648237,5.048134447840792,3.186979053063532,43.57907822359684
BG,2020-09-24,268,12.211451809583535,2.319788291960788,32.97182210378363,3.38733885012021,2.3200279152130263,2.3200279152130263,2020,BG_2020,17.09881787284185,7.920126736055342,5.792646263237516,0.40940995504686173,43.40443933552078,23.31094119461166,9.504563879247634,0,0.18372044899684936,0.3591981383072428,0.0842816084861403,2.3509094145572833,3.2688937426416502,1.469875410524177,33.19275897007647
BG,2020-09-25,269,13.546095164357713,2.1413568677528367,36.130363024450894,3.7236972721850017,2.7148879329155533,2.7148879329155533,2020,BG_2020,18.96650378224635,9.370728912429902,5.719863237944198,0.4589421058202068,48.446557060217714,25.914124411400536,10.136551354567569,0.1654072261172015,0.16932636756866673,0.3325589172602564,0.06499127904526023,2.7349280231621584,3.681577591148369,1.780959155149738,26.344032623358167
BG,2020-09-26,270,12.956699981060195,2.524974885698308,34.514283970530826,3.5926729768930907,2.8921664208268707,2.8921664208268707,2020,BG_2020,17.29698810388523,8.903352485374343,6.340470893506892,0.5134658090317812,46.39143769654101,24.63737353400949,10.056766995108498,0.22983585548527374,0.1914849547342971,0.35808514611526754,0.07812277236095531,2.9070676952630015,3.8165423880932416,1.9827858702236028,33.45833981967241
BG,2020-09-27,271,13.317612293655056,2.295043177399023,34.69143963015103,3.9290667275617586,3.503216276887786,3.503216276887786,2020,BG_2020,17.808052252050995,9.454570902869063,6.319696319276201,0.3616065466466847,45.755475378955964,25.208546464404407,10.498018270569775,0.3481721151139192,0.17846575947911875,0.3542524168683988,0.06870090321918297,3.505571186846695,4.420796010401966,2.591480585220105,46.26863345929919
BG,2020-09-28,272,13.613300414130917,2.7831848411347684,37.92838893877525,3.9126739762995775,4.239624055090392,4.239624055090392,2020,BG_2020,18.084311417874947,9.481682850658613,6.60574926668126,0.5938435018663988,48.745201737287225,27.589924614345637,10.80563085771333,0.08684522455271804,0.18936209290494532,0.3727444155089317,0.08050251855719745,4.224260536501188,5.1550164016330395,3.3116134655918383,48.28432436229971
BG,2020-09-29,273,17.1582203436,4.2441480579999995,59.75540453199999,10.009995331999999,4.584389254950797,4.584389254950797,2020,BG_2020,30.7341212418403,3.5823194453596985,22.844947043952974,0,110.6910162764376,8.8197927875624,53.880734164942844,0,NA,NA,NA,4.6558753472092365,5.562196233114112,3.7331157885707262,49.140661279613376
BG,2020-09-30,274,13.463622271171813,2.835696572806536,38.76630853455303,4.0315261851024395,4.528852685639295,4.528852685639295,2020,BG_2020,17.847436983047732,9.171072033008578,7.177072492421924,0.6321928214755768,49.20920770577792,28.501161903184755,10.717764971687776,0.5167929816165717,0.2082869299288972,0.3860537325054063,0.0812073955947491,4.493131003136064,5.4165746103945365,3.565606139907514,48.91236567943161
BG,2020-10-01,275,12.539489297963573,3.0069873032261203,36.06723586968966,4.601136441822133,3.953838190979882,3.953838190979882,2020,BG_2020,16.896479465777656,9.055516114625231,7.515652609024348,0.7491961438920918,47.5469831001778,26.049656140692925,11.758039564224166,0.5283033283856131,0.2184713458340628,0.40726626436290725,0.0906406699163108,3.9501105212510046,4.824580743250203,3.052330344808196,46.168036265769295
BG,2020-10-02,276,12.958384668265568,2.383182818331812,37.83315066197131,4.3955399588283335,4.471470866612455,4.471470866612455,2020,BG_2020,17.67534646123766,8.87280964003775,6.770550853750296,0.3418315961210132,48.505610930574385,27.499498267904432,12.134969751849594,0.44756236810590044,0.18725017694963364,0.36819944879730127,0.07291454806458095,4.4394258472962065,5.347400989086877,3.5410763572110087,48.27418973882443
BG,2020-10-03,277,13.379811282966882,2.864240097408439,38.490957809919166,4.500591748895065,4.656359750242857,4.656359750242857,2020,BG_2020,17.826166211298258,9.141422391352805,7.552125456079524,0.7004065233324743,49.85502741273934,28.594587565435116,11.952577342098055,0.3495779298407009,0.2113684306126225,0.40292898335346944,0.08740356920425044,4.605973954323648,5.550048607813739,3.6859999328446142,48.20721715986779
BG,2020-10-04,278,11.712898236875063,2.854507744815785,35.51644340748094,4.508941357940353,4.111698667226342,4.111698667226342,2020,BG_2020,16.274527668495885,8.15050385040846,6.95870509221406,0.598113318193271,46.535457299242005,25.707431948780393,12.202125319815947,0.5560813089542571,0.22408879818191968,0.3960070650661968,0.0879567118962903,4.092973493045591,5.029692020658189,3.1489583185500964,48.55893729523368
BG,2020-10-05,279,12.417895936237137,2.6532934428722257,36.964441414533034,4.69822645080243,4.378230659278599,4.378230659278599,2020,BG_2020,16.368566451202128,8.600494732351232,7.224578519576338,0.5622504913276372,47.91855497625954,27.049214905585597,12.887491929378223,0.5325175324924332,0.21196064018477204,0.4088863123230574,0.08186422444653078,4.348407155728475,5.311914840686085,3.41944724967866,47.695962796615234
BG,2020-10-06,280,12.054612397057273,2.6930134850707157,37.28615648710703,4.97271627046249,4.6212414816694425,4.6212414816694425,2020,BG_2020,16.22116934839443,8.535440766646076,6.681512056456027,0.4865494806163737,48.400491337776096,27.876243490961574,12.391220460211859,0.7190806963913343,0.2114020989604825,0.3983220357788495,0.08094163595647544,4.5674894798933785,5.540292844345522,3.669775596597645,46.891012305022734
BG,2020-10-07,281,11.59719398332813,3.4105415942433916,36.36759369074742,4.77801129166078,4.522200202328547,4.522200202328547,2020,BG_2020,15.82170181722997,8.29839021054602,8.094391238238341,0.8577177708180426,47.05231288624287,26.821571421621453,13.00521084204648,0.5756820911713691,0.2505446093411968,0.44385613348804853,0.10839966604488144,4.47422438641339,5.400756127349571,3.573220595467823,47.91511983565501
BG,2020-10-08,282,10.432896655993643,3.0359427339158875,33.53219522444777,4.6961135314916405,3.7773042871663565,3.7773042871663565,2020,BG_2020,14.563431102245332,7.358374776073442,8.083592175611132,0.5903055137910722,44.19351298245545,24.77129534914167,12.493707040792067,0.6120296930205336,0.2516073129408871,0.4766563483462508,0.09641868047836555,3.7792511763485224,4.71183088703845,2.8485128033593368,47.94064183429363
BG,2020-10-09,283,9.974527753765555,3.3452558942358053,32.62530855160893,4.637574468809275,3.5495491372951373,3.5495491372951373,2020,BG_2020,13.856868531429388,6.891410142999085,7.912679685677291,0.7201030603714365,42.21949121363427,23.787264318526546,12.07486204416363,0.6731159701204574,0.2582405413136849,0.4731565759298792,0.11105370138758641,3.5644347869383064,4.461255326197555,2.6155011644193884,45.6943881450031
BG,2020-10-10,284,8.645548029746715,3.0975291250259582,28.654610396630385,4.577615474074223,2.268214877420369,2.268214877420369,2020,BG_2020,12.38175583026625,6.050450813622617,7.311589803102735,0.7836294954314904,38.41035828366607,20.23747599127689,12.124659047312853,0.47655859106173937,0.2894282716348179,0.49279610486314074,0.12567725055897838,2.2750565677128955,3.2079963500833064,1.3545702535085888,34.20858040694315
BG,2020-10-11,285,8.834169959348936,2.4697056334132528,30.424461338959293,4.779272837426852,2.4144598720892194,2.4144598720892194,2020,BG_2020,12.665295649526248,5.710926245736222,6.878366337541801,0.6344801081777995,41.56144377288657,20.985895365784806,12.650896962584623,0.6964205346961592,0.26214427476085816,0.4947089318386547,0.11510723220722562,2.4110144634699107,3.349470846612115,1.4994010481255784,26.708538431605845
BG,2020-10-12,286,8.450574289184287,2.7998989805645387,30.663589423924623,4.589582300697597,2.55736415248232,2.55736415248232,2020,BG_2020,12.074371759354085,5.427903187559832,7.254227765700523,0.5190133987276124,41.57735026347153,20.858811360327206,12.067995973552907,0.5424570088346781,0.2764190740369439,0.4932570503191036,0.11147799736458691,2.5588191099202318,3.4550388359495354,1.6292508228064297,26.39915821994128
BG,2020-10-13,287,7.73157600178197,2.5382566252739593,27.33909905538604,4.835903360268553,1.242926809043093,1.242926809043093,2020,BG_2020,11.02586264599429,5.049089958749719,7.353367359764566,0.44822284006002255,38.165504103626056,19.058585625116475,12.729356021789707,0.7918347358095117,0.28849851284010064,0.5064786487763075,0.11418979215249785,1.2691002222618162,2.2069739249217935,0.3883053591983583,18.864635813810587
BG,2020-10-14,288,7.635319991497044,2.4321019425514274,24.968486798078608,4.27188023688006,1.4818940120141408,1.4818940120141408,2020,BG_2020,10.761069461759872,5.059379932375566,6.238283629011601,0.5233657395287803,34.499073506016316,17.409468076997708,11.66519784067493,0.4071307924887684,0.27371861506023676,0.48831611999367797,0.11139768738016438,1.5312592652507357,2.4489241624031135,0.5867415074107731,33.86109926045533
BG,2020-10-15,289,7.939971443656014,2.893749600814867,28.002442239848193,4.624780930023459,2.1574717215303796,2.1574717215303796,2020,BG_2020,11.614523780536564,4.9659580215198345,7.411913787908042,0.8025931021393877,37.47195341434682,19.57980761118425,12.362101362815164,0.5643566966680162,0.3099553486059108,0.5052212643798575,0.13161849549242116,2.1686261675374294,3.102969166208213,1.2257896965121107,30.49131119471186
BG,2020-10-16,290,7.801011874666151,2.8035457675865576,28.411656650498024,4.421477601872349,1.770114848539834,1.770114848539834,2020,BG_2020,11.390070683970015,4.857340279420362,7.0540459037838135,0.7310100505369272,38.76569425316523,19.702469010961515,12.351178151126636,0.5914649822359643,0.28563091785666644,0.51851794114008,0.13911494697822108,1.7695068292843095,2.716003805027772,0.8416954172747999,17.728080436470783
BG,2020-10-17,291,6.475940420584059,3.0345305945981176,23.976763164076623,4.557873459599088,0.6005826627469831,0.6005826627469831,2020,BG_2020,9.477808156505452,4.205520956496453,6.902492585980865,0.7128117743989697,33.32048488479594,16.792272397231425,12.74903928045958,0.27384190694707344,0.33041272138271793,0.5395633416371355,0.15255885079175702,0.6770983888395057,1.5490455048357872,-0.2307850717576124,21.391928374347707
BG,2020-10-18,292,6.451759680640166,2.6810960760645273,26.131069097101292,4.211037168760006,0.9843595039812907,0.9843595039812907,2020,BG_2020,9.801007193499059,3.9780831169694677,6.682483035902505,0.6475416840626653,36.894315756194324,18.33604722852436,11.950266563750228,0.39512941929785494,0.32665981205560946,0.5434167563029505,0.14372464562487025,1.0210762900366797,1.95782758381151,0.0804096877219405,14.497087855470976
BG,2020-10-19,293,6.569745568801162,2.7419453013101744,25.201257256426942,4.526231082357937,1.0778363431691367,1.0778363431691367,2020,BG_2020,9.802290982681226,4.0408381400429985,6.5340721713036904,0.5254326433006358,35.02305479002314,16.82622062038496,12.279810591248303,0.4622073459424372,0.30564531741148887,0.5553209558508074,0.1324367571787688,1.126747371519997,2.0517752635165833,0.20765153123197147,20.94385998538569
BG,2020-10-20,294,6.2626089548,2.3391037280000004,31.566673530600003,2.9015183740000006,1.156165941111884,1.156165941111884,2020,BG_2020,11.025384287864329,1.4998336217356707,12.59067781477311,0,78.4338895925073,0,15.617983325568172,0,NA,NA,NA,1.2342592885726604,2.165571957499018,0.32492262019720447,31.4745948413777
BG,2021-06-22,173,9.766882638399998,61.68626360220001,18.1965474858,110.1348401954,4.332871765386046,4.332871765386046,2021,BG_2021,28.163693302874236,0,141.90571165400866,0,38.44704880820887,0,272.8970515858167,0,NA,NA,NA,4.289310867222287,5.18451855572217,3.3538118308807214,66.64837790068802
BG,2021-06-23,174,9.127870263444459,33.56464568289507,19.069414296384114,83.34356491412761,3.8109396080526197,3.8109396080526197,2021,BG_2021,12.754142338052356,6.318211497680054,68.4408242183921,10.561080303127504,26.9572857612832,12.90855150146337,160.2086375998207,34.04843705677672,0.7694234548368067,0.887095612475904,0.5175131537513169,3.8094644009836163,4.774042564494711,2.8558914720204847,65.02571350664536
BG,2021-06-24,175,9.935791357982284,34.74422125991084,19.44302591195022,85.15587336474867,3.9336432403210417,3.9336432403210417,2021,BG_2021,13.503776746798076,6.938371059941821,74.49451328911022,13.141995225845434,27.298079908286876,13.629035971132165,163.5665522183243,32.5144070841709,0.7708434213858486,0.8821867333433654,0.5455516062569906,3.910081841583387,4.858720566044815,2.9753138211009853,63.55386396009426
BG,2021-06-25,176,9.566307312508192,31.357798981762517,19.473286682486172,75.89670322142238,3.430568435036652,3.430568435036652,2021,BG_2021,13.409718714933359,6.296531619256075,68.522680424684,12.627436270527884,27.292593571525234,13.698518474680814,149.74898101498977,34.01462622404058,0.7532971102628744,0.8843558462493086,0.5444614717549623,3.430979779279191,4.399094384317678,2.500383771876997,56.78635842107692
BG,2021-06-26,177,9.920912627592442,33.65266559861434,20.32868358282791,82.05409537216961,3.6651530985136853,3.6651530985136853,2021,BG_2021,13.32902727522127,6.642122302641307,66.13676697647244,12.788977841110054,27.958211280669506,13.960013690464718,155.29100873617335,32.2236124406138,0.7717013349588027,0.8850733538385008,0.5289424313630604,3.6790863358976966,4.568783350977043,2.742554012995173,65.78950889296095
BG,2021-06-27,178,10.16262677030701,39.85508611694424,21.520383402551285,84.62139627278435,4.180123213244935,4.180123213244935,2021,BG_2021,14.030944077025852,6.7235119784270205,73.46966626769566,15.86601970565847,29.170759049706465,14.641566087655919,163.35311940510513,34.71521005273893,0.7898507522925697,0.8944897066610512,0.5680048204647349,4.155460503052007,5.085691528355765,3.286310515796415,65.25816388868273
BG,2021-06-28,179,11.369608949386752,38.23095188833657,22.850047285322166,96.65996559745564,4.764963501019432,4.764963501019432,2021,BG_2021,15.193158241325024,7.613538107168313,73.37120683580224,15.636415913186138,31.78019509451023,15.764624540893918,188.1091003649285,39.9727819644803,0.7651755855462004,0.8773433978550214,0.539080094846179,4.751491750859474,5.689501618535854,3.8034126326910687,65.68757708639356
BG,2021-06-29,180,11.188357957226703,40.36981340498878,23.300542647948138,92.46094887407423,4.737951460070628,4.737951460070628,2021,BG_2021,15.551198899953475,7.41835092369453,81.71321461813685,16.944605700322477,31.947832650160333,16.272514770734723,174.23526941550492,37.139152492269055,0.7739752648116415,0.891719625444367,0.5565174721918995,4.706631819956108,5.603716490173732,3.7427897826659526,66.31292373028803
BG,2021-06-30,181,11.298472312802945,33.88213245115564,23.945224301936744,89.73898201250002,4.687661285666865,4.687661285666865,2021,BG_2021,15.660693082865786,7.400331214059933,72.54077056216963,12.528344377967347,32.5175138131177,16.34167179121178,173.44944115217922,36.03622684438172,0.7434356360486913,0.8731564445894417,0.5243708193840626,4.670124045992115,5.615954175377142,3.7211782712458583,65.89455399953833
BG,2021-07-01,182,11.631894913723073,34.47799015355862,23.70566924069931,83.1206376477001,4.157146305605109,4.157146305605109,2021,BG_2021,15.983767957123147,7.994390658659552,70.19159329085038,12.720993440600397,32.72111328035031,16.06811584916057,156.66696727227654,33.66548626903711,0.7365194886200721,0.86860728460458,0.4976475843075123,4.125855729817765,5.1092102968755295,3.1683117243790533,57.170242625285944
BG,2021-07-02,183,12.048400203423453,37.518760287373524,25.062178516428812,82.01504209275716,4.4362058464785,4.4362058464785,2021,BG_2021,15.994976745149755,8.163875044090096,79.22786343362235,14.393199563093285,33.860314525127926,17.350826146342374,157.34557579425572,32.82024938553001,0.7561869559875279,0.8841226273822558,0.5105421280524425,4.437767609448471,5.353906344544514,3.5096165383374314,62.530063863192005
BG,2021-07-03,184,12.562953949782779,38.024313464254895,26.303764313799366,88.4026049713007,4.99128962513398,4.99128962513398,2021,BG_2021,16.730050780741042,8.87796444949542,74.4175728999231,12.791170631033129,35.26481155804986,18.69921970871399,165.9698562966813,37.58609546253867,0.7412880851878924,0.8650558555999435,0.4860904994340297,4.9465427337102525,5.890560169876464,4.058091349236227,68.0123688442638
BG,2021-07-04,185,12.944702867052792,32.5690835950105,26.387424823039883,88.6386201730619,4.726934757761941,4.726934757761941,2021,BG_2021,17.53049397660801,9.020980493946574,67.66834378193974,11.348075632506914,35.563349557855204,18.048349551563934,168.99943509280502,34.808073556400146,0.706182465612738,0.8541561560614732,0.4476891083594181,4.667678135608611,5.617150706316194,3.766499934855563,59.02476802613647
BG,2021-07-05,186,12.983564718291598,36.02577791883369,26.694579366059195,85.6846177226308,4.829067079888514,4.829067079888514,2021,BG_2021,16.883914803805133,9.218449667173303,70.50222785585623,12.599173509027915,35.45555287051189,18.592194740031903,168.62367147359325,35.01274110421078,0.7298509477189774,0.8578416424574966,0.47933825234938965,4.812889338774499,5.713913243839456,3.8955793775795744,66.6630955953267
BG,2021-07-06,187,13.598965168702387,37.22812708829644,27.890848503477,91.07240892348149,5.286049835848964,5.286049835848964,2021,BG_2021,18.532684186838914,9.58559353691586,70.91398318669535,14.28494262567902,36.963012824793275,19.636976590546563,172.1385439162614,36.06479238004797,0.7080311920282776,0.8521034076395263,0.4896080456129106,5.240175481372297,6.1819887191081095,4.288334314585077,67.40035224495274
BG,2021-07-07,188,17.199609403,80.828461407,28.34983077,147.74120542199998,3.188972608766654,3.188972608766654,2021,BG_2021,41.9130421127595,0,202.98981749095788,0,56.60926631513844,0.09039522486155471,425.55458312924867,0,NA,NA,NA,3.239277064475636,4.15082743054468,2.3162546378177113,42.90462537501204
BG,2021-07-08,189,13.59548370721783,35.539001691778104,27.58878725676743,86.53714536646778,5.205500428517891,5.205500428517891,2021,BG_2021,17.65368875712369,9.606039648551127,74.5493280885114,13.144887302713048,37.117460377053874,19.508315707878314,171.13871948323165,34.72321847884432,0.7168776271217585,0.8514209980605165,0.4756632022708007,5.165289065977103,6.124039759949762,4.245175910958521,67.68354771404
BG,2021-07-09,190,15.87857297400395,38.67858053014985,31.88797243726353,99.99711930337925,6.0726621706931345,6.0726621706931345,2021,BG_2021,20.37788448109569,11.551105139724662,79.84382574114562,14.230209719266757,42.599881821261526,22.37640134543779,191.3349076823929,41.73368307148599,0.703454246785156,0.8531591188676471,0.4456100569326421,6.03121073982481,6.960819326083651,5.08911898977426,56.239366294881066
BG,2021-07-10,191,18.152808195622328,46.7880253540765,36.82863952083678,137.90671003003834,7.83559532923457,7.83559532923457,2021,BG_2021,23.671889342466205,13.459826050465532,99.96231993563052,19.259867105543172,48.40426920369857,26.348582005110746,251.37755809655397,55.62686722964002,0.7142216239476006,0.8618670142878047,0.4814774215334869,7.770688232051532,8.638198002511242,6.815892964167481,67.87690471068609
BG,2021-07-11,192,16.541982553365667,40.753694068361874,34.546579575667174,103.20771248076774,6.779216460700881,6.779216460700881,2021,BG_2021,22.071008479334758,12.379784862112901,80.5249277862121,14.356107518382224,44.992409991132206,24.80223103239312,203.11824565137493,41.444450215066695,0.7008120501337323,0.8416490347076226,0.4325988297064206,6.737352699210206,7.6518810657195635,5.818021179086638,67.57656617898634
BG,2021-07-12,193,18.371619252115053,49.835892750991555,37.42009907800577,131.0350530614959,7.827613861628496,7.827613861628496,2021,BG_2021,23.807761891133712,13.191151789720081,96.38007210901834,20.349231916921422,48.92059434191434,27.45525353526024,234.62330415483908,57.38070344900926,0.7279447722498664,0.8632741763065221,0.49886948907056494,7.7726694409064425,8.662902063498109,6.846111384276466,66.80897132720796
BG,2021-07-13,194,17.011918110193406,37.6548454361056,33.79928704496367,98.10935241798326,6.606106374302312,6.606106374302312,2021,BG_2021,21.421578636442344,12.74701512439531,79.28448079603952,14.359077189401406,44.20495224652939,24.651098627073207,187.39590399290685,38.05089972156397,0.6815083735827936,0.8362014015797326,0.44075836076971364,6.56113152712495,7.500660741098202,5.640502673389715,66.05154503378648
BG,2021-07-14,195,18.601829246528567,41.705196139986604,37.10643716896638,119.09618187657496,7.5182011069504835,7.5182011069504835,2021,BG_2021,23.452040117709032,13.522910085359051,87.42759585038495,13.914500648316544,48.560414423533174,26.640161955662972,220.21704335289527,51.124388248851965,0.6828668024956164,0.8406471762653813,0.4107807705486466,7.440861350949065,8.398337973684718,6.511808242143348,66.85849983580667
BG,2021-07-15,196,17.93196350589413,39.2337764845986,36.7129507111322,106.67386075777868,7.207257987937069,7.207257987937069,2021,BG_2021,23.056350591254194,12.963944345885212,81.86574599526548,15.208773536419155,47.66983992320848,26.473474392968992,205.0785547548885,40.75174751604012,0.6850964588757795,0.8412048661313272,0.43753063994185526,7.1467707615761285,8.152940498463042,6.210847825412966,66.54261208749959
BG,2021-07-16,197,16.955439836694744,38.44962875616421,32.99201937987049,101.24526996936925,6.464501312033947,6.464501312033947,2021,BG_2021,21.657810995846415,12.376366585354774,73.95420844798421,16.86925371596724,43.23794674234416,23.611371002073877,190.7261362277355,40.96558453705454,0.6952127657775086,0.8314181759396834,0.4779501463897846,6.4085113921958765,7.335624425555968,5.470619515960317,66.47437209024038
BG,2021-07-17,198,16.290643473382417,41.42596510790133,33.730863289497115,99.81779514750706,6.67006853772466,6.67006853772466,2021,BG_2021,21.160761300524747,12.319554230638682,86.33943024186291,14.995332788420649,44.27832066891537,24.684211158531735,191.99719554683418,39.566130970141245,0.7060396457232672,0.855540649316328,0.4527112104630904,6.6215298095711415,7.546683422439055,5.681204629964172,66.89714984464018
BG,2021-07-18,199,16.936760316034906,35.95133874324938,32.954661926254836,100.8956737673004,6.65018194344637,6.65018194344637,2021,BG_2021,21.08181122579578,12.398974478136493,77.61818149069201,15.427920322493932,44.172153218240084,23.942835116345783,195.52085231377018,41.32640109921443,0.6779670639505839,0.8334005221918981,0.45543690526993313,6.588108000430753,7.523297217525062,5.6375803438984455,66.53939039317322
BG,2021-07-19,200,11.917749259408078,28.0196789244418,24.9318533588599,62.01504094208149,2.934724319674395,2.934724319674395,2021,BG_2021,16.925385311189306,8.18259303648725,61.611970201788615,10.8674808409509,33.79169159786421,17.44252651114831,124.08646126653785,25.671067473279596,0.6983994412340899,0.8391233853147034,0.45760374763023637,2.9663155123405223,3.86423979153895,2.045016913061585,44.169264613034464
BG,2021-07-20,201,25.566512958,103.489591164,32.913641902,264.4154868,4.612278505685168,4.612278505685168,2021,BG_2021,53.67353140045088,0,127.85321218898196,79.12597013901807,50.37623981023349,15.451043993766513,465.9273178020713,62.903655797928685,NA,NA,NA,4.68296233806972,5.607717780102281,3.770780389755171,47.62295768612895
BG,2021-07-21,202,12.935993443682273,23.978486435711904,25.601957862871334,66.44436790125714,3.7209636636801577,3.7209636636801577,2021,BG_2021,17.07586792785157,8.98542849212483,52.92490615522253,9.309859920827087,34.915991264280855,18.248174658656296,131.8668240750269,25.650686989872206,0.6505729543023921,0.8152779387878987,0.42540130650804786,3.7288449860408175,4.663689850581747,2.786407473634566,51.28849479492465
BG,2021-07-22,203,12.952660587088983,29.50676198055581,26.26883015905665,73.24341034180107,4.530536361416723,4.530536361416723,2021,BG_2021,17.381528852923584,9.270156675745614,57.61396914891767,12.202403113693903,35.25744373754011,18.56481526540339,136.99541871344528,29.175898140206332,0.6880845144118171,0.8281821381977749,0.4670314027309106,4.510413336110217,5.463806537716821,3.5924776569123242,66.30728366912268
BG,2021-07-23,204,12.032465203046558,25.702889028637475,24.469510586158925,66.4126252234482,3.8696363422179267,3.8696363422179267,2021,BG_2021,16.207097749363314,8.543698833409653,52.239432907964236,10.063834043051397,32.682782178706546,17.140252617223986,125.19912212469416,24.884042418117907,0.6697769617402289,0.822149449318063,0.44338614005556354,3.885429551244434,4.7867342481660335,2.9155146685107582,67.26682103325717
BG,2021-07-24,205,11.983381178432884,25.427520813632906,24.84360057681715,67.89646626242201,4.208458979785177,4.208458979785177,2021,BG_2021,16.301122372886702,8.383362091520713,55.887270326954805,9.197133495249089,33.798086785372526,17.29017938803941,136.32034300791904,27.263643984711884,0.6851966088362498,0.8364688567212355,0.409805678511325,4.2227029971975485,5.138101344151901,3.2796617016911904,66.93199404386009
BG,2021-07-25,206,12.280562289710193,25.440903525750084,25.458614317976426,63.91110777830077,4.103138767657024,4.103138767657024,2021,BG_2021,16.37281372386275,8.846183183145243,53.24011233368421,9.19221275976463,33.864218556096056,17.813116249264205,132.74957846909174,24.26858388001559,0.6723402295657404,0.8192427036247967,0.4269015739932855,4.113720582182151,5.070780854601094,3.1159960810509255,66.27861402828671
BG,2021-07-26,207,11.4022171777828,26.003455906679715,23.034212801012256,63.308506726908796,3.6922381283670633,3.6922381283670633,2021,BG_2021,15.734983111438394,8.063116511428609,52.15672068849461,10.47035948517513,31.323271715793634,16.683041199003615,123.36657469983125,23.931387575149802,0.6884067820186238,0.8266842001618314,0.46193688637289587,3.6987688015738156,4.633733894489477,2.7844662308652794,63.30082294883297
BG,2021-07-27,208,11.695798551049931,27.474249662526848,23.88690919635818,63.23373559231525,3.806483219085758,3.806483219085758,2021,BG_2021,15.82903849717614,8.08329526421804,56.29518484872567,10.279482147255447,32.14683376795791,16.635105875042992,123.13391662176502,23.671938285469114,0.6957140974244571,0.8383404793064503,0.4571549819235665,3.8228539947760147,4.711327672753553,2.9103360929759337,62.29041264498932
BG,2021-07-28,209,10.784916772185866,22.21671146371956,22.474462654034426,56.80836327957275,3.2847946344886783,3.2847946344886783,2021,BG_2021,14.349507001566034,7.550600256647326,48.86433363901851,7.823050738252321,30.550411422341185,15.65581479149301,112.33306289620675,22.65860211679885,0.6745068381440242,0.8308093577578916,0.41930530108908726,3.3063452132123268,4.268885743979878,2.3626066990886385,61.391274829751715
BG,2021-07-29,210,11.91890699812674,29.085076797552887,25.379543035848453,69.34758861277919,4.090529879575546,4.090529879575546,2021,BG_2021,16.128722705892326,8.373672941180278,61.99085334360811,10.365541505658218,34.528957706862755,17.677663782280657,143.61151961994355,27.36292647547948,0.7016125795990236,0.8472137961304069,0.45144829741560855,4.048752787938434,4.983822256311373,3.1306709380520337,42.00649010683517
BG,2021-07-30,211,11.116383741048091,25.525995938796466,24.345200218168987,67.7310216724589,4.321780533942595,4.321780533942595,2021,BG_2021,15.443860749073854,8.130356303857662,53.7262180328779,9.172469929784764,32.427238618740866,16.834319831287363,132.0033942624863,27.529151127932824,0.6810263827251568,0.8363495278660817,0.4303365344339173,4.308744124459004,5.2274250614917905,3.387000938904111,64.55395955581358
BG,2021-07-31,212,11.74388037239015,30.42768740748898,24.48913062161961,66.29650114544665,4.519260818130027,4.519260818130027,2021,BG_2021,16.001431587055116,8.450071136259464,56.92686556169972,11.760919351365079,33.279660660647714,17.63301303443066,132.8275014634177,27.525472057953174,0.7019625665305993,0.840158500538284,0.4769644352492288,4.502354922655961,5.4279260017621525,3.5684561204552323,63.95539286993065
BG,2021-08-01,213,10.155033467982689,26.843521501513788,22.498896525754756,60.84036986188611,3.3306453912997585,3.3306453912997585,2021,BG_2021,14.037485779448113,7.26088602665205,53.24548383776789,10.453183572829818,30.114115344926688,15.948406249458655,124.86060555923741,24.20779088131557,0.7143437145495676,0.8453228975655592,0.4827342163916606,3.3319215097157358,4.251927175950164,2.4011876147136317,49.11111105541527
BG,2021-08-02,214,9.9935632610193,29.697588272356665,22.96621933535938,62.53498549583542,3.168850861395596,3.168850861395596,2021,BG_2021,14.249780753520298,6.71392194121799,59.04286743709925,10.69846412380481,31.842162525199793,15.502470672989157,128.10541200213814,22.41291502704453,0.7267526723274726,0.8693916923689091,0.49121110806557705,3.1663420815843004,4.086292196171264,2.2731503204549925,35.52244527108962
BG,2021-08-03,215,6.5918507368000006,5.434676720600001,15.312181577999999,13.047710672000001,4.613504415446194,4.613504415446194,2021,BG_2021,14.665765484834866,0,18.843366820832685,0,26.08136770706499,4.542995448935008,37.20525402646025,0,NA,NA,NA,4.490291959891584,5.41524946555927,3.5537314650606757,60.97852577356978
BG,2021-08-04,216,10.947571903070191,27.325238211941244,24.076659718598993,64.17643453749885,4.429781661423063,4.429781661423063,2021,BG_2021,14.883520353031221,7.501459000886004,55.795934106534446,10.37481623277903,32.21248707666316,16.661554639805743,128.38502102476258,24.08112101604751,0.7214117489871699,0.8440727722575887,0.46845018789994564,4.398295715940661,5.325625783006243,3.514253053874996,61.09617111284807
BG,2021-08-05,217,9.719642200115393,23.41530512358183,22.116515581166208,55.47285811646376,3.5935099277186113,3.5935099277186113,2021,BG_2021,13.72769583957089,6.570295555993714,51.84763170109077,7.357857225678676,30.055905371271052,15.184712017174357,115.04573551003126,21.71749431094681,0.6970931537403526,0.8509203638327918,0.43476055281334103,3.600736249390174,4.508989584762675,2.5890184086821426,57.94936604470978
BG,2021-08-06,218,11.051305427335414,25.505259089503955,24.10783087766589,62.17287420968203,4.387171738509402,4.387171738509402,2021,BG_2021,15.277543019745496,7.3048876302756405,52.33467852662003,10.5570469449301,32.90817804538988,17.066471368849893,128.3482138399505,24.27184379399827,0.6877347506438836,0.8421514385356641,0.4489075998635185,4.354987079328842,5.266400207222631,3.4301228333416427,58.283863983691475
BG,2021-08-07,219,10.583026523488352,23.679645244616847,23.7528870737108,61.21234249330867,4.216845078041672,4.216845078041672,2021,BG_2021,14.432737756962412,7.382358138929216,52.817858919564586,8.477261557584482,32.15747357809954,16.55064924258993,121.48744709481039,23.197445465953624,0.6802434387454138,0.8376777704007623,0.4391293591953496,4.181459902907876,5.143751338063835,3.30925488935184,59.74663846435813
BG,2021-08-08,220,9.023933365732669,19.903494467565107,19.997359086293944,47.58449162011835,1.8478246690499764,1.8478246690499764,2021,BG_2021,12.245332128384133,6.010894566978991,42.37840743711702,7.0938972534831715,28.05655201708892,13.47640403436555,99.32798490892307,16.859837159609253,0.6848940563763994,0.8356625004382949,0.430457818709699,1.8848446449136407,2.8134387976495314,0.9712020749837775,37.912076123767434
BG,2021-08-09,221,11.152770758352533,24.609735257622365,24.33421351415154,61.384536218465726,4.078431418243841,4.078431418243841,2021,BG_2021,15.116065127463303,7.687906114363828,52.74227665309857,9.738788200224686,33.278113425277304,17.06059137924321,126.26240251806932,23.071411690247242,0.6789856272435795,0.8436983200244138,0.44695160386557525,4.059710522717837,4.960060685200696,3.1409922216779496,46.70178960623467
BG,2021-08-10,222,10.168047334614952,23.72670785526927,22.95402584408233,54.71067759905798,3.735948362540222,3.735948362540222,2021,BG_2021,13.988442586963714,7.082853621427585,51.591456929541856,9.13157994794675,31.010141075366487,15.733734496194446,112.19959341067134,21.432386967256097,0.6902813113137131,0.8467471229151151,0.4529891602758745,3.716907538056697,4.641886268544012,2.7672554290200035,57.13310367880729
BG,2021-08-11,223,10.143591067181012,25.112881612990744,24.458977356064583,57.82493486396938,4.246292567255456,4.246292567255456,2021,BG_2021,13.849203153549714,7.256734856884337,49.289560244269296,10.42828630386296,32.843630854169554,16.783571037405316,115.50783129441294,22.73828966702077,0.6971039751629002,0.840471954572809,0.4724465908395944,4.212049683262413,5.147849036386155,3.3233225907235537,60.174610095888696
BG,2021-08-12,224,11.01378548094509,23.126325226285886,24.784775694604907,60.96152545678799,4.500760934184511,4.500760934184511,2021,BG_2021,14.815956365001341,7.700955096158601,50.08496625550412,9.294710327914945,33.66524322586826,17.27215603393921,124.56020155736226,23.236268796043976,0.6700812102241114,0.8315201497792939,0.44083311213390375,4.456207210067793,5.389677985064694,3.5612345892475297,60.733373787158534
BG,2021-08-13,225,11.447458700924,25.216721494848972,25.73457137996554,57.87307026636371,4.7685575826594855,4.7685575826594855,2021,BG_2021,15.507736324483984,7.914695456283503,53.87282995075368,9.070171532010988,35.0534988675816,18.03962763834038,118.15657920690894,23.139887901141012,0.6894418258438869,0.8360924298361854,0.42608364737205606,4.720082896617637,5.699909851257395,3.7875057240180867,60.87185468000881
BG,2021-08-14,226,10.943822809565665,23.633366098503206,25.333710261922857,58.55458170660286,4.498809919281631,4.498809919281631,2021,BG_2021,14.85200527213385,7.439041105972122,54.479197784932744,7.573325367817543,33.85292528362937,17.740557222599133,114.6500762226387,22.607812671415488,0.6773262101589601,0.8397077063969784,0.397174081001737,4.450780997479896,5.368628731110624,3.5646753482911984,60.69225963272367
BG,2021-08-15,227,11.083692464083585,22.669296244533673,25.6346282386904,57.17648424869987,4.534241438230732,4.534241438230732,2021,BG_2021,15.215918669079803,7.358935624338872,47.83765763210784,7.534271040002534,34.341916383527206,17.842580415664553,113.2412955867809,21.42578254509836,0.6662280706437935,0.8285488292613675,0.39297733634862897,4.502015086712641,5.407885645680306,3.5528433340859777,60.10189995719917
BG,2021-08-16,228,11.46510176394085,20.254711083496087,25.852811092793424,54.66905706774592,4.669946142704513,4.669946142704513,2021,BG_2021,15.201664826084842,8.232487021640008,43.78278459327103,6.797132406775601,34.97298572564909,18.45144334855838,113.65840836778325,21.159740348491205,0.6353960481655401,0.8020566284164489,0.3610808587517839,4.638991951436447,5.571817665666928,3.691580790730772,59.501822865600744
BG,2021-08-17,229,14.610104082285714,55.53975568914286,31.90896516571429,124.79664605428572,2.8115861381340146,2.8115861381340146,2021,BG_2021,31.930798047314212,0,132.3153048650447,0,68.95100194467928,0,258.55772261394395,0,NA,NA,NA,2.890227937336074,3.796363716089966,1.9869267380737514,50.637206758452606
BG,2021-08-18,230,9.741916090077334,18.633640245181027,22.36132631255124,42.41616574502678,2.375718839926841,2.375718839926841,2021,BG_2021,13.898575903083898,6.395671457613983,37.302267628704705,6.715550322295234,30.61024336157328,15.47061343659775,88.32220276407122,16.560358708017738,0.6438414668588528,0.8101573320170614,0.4122121843288783,2.387520610079484,3.308314839871382,1.5095836116588424,41.64689340177917
BG,2021-08-19,231,11.174590986866702,20.048925745095747,25.45372559728342,47.616120927122516,3.823398179433963,3.823398179433963,2021,BG_2021,15.495008007909062,7.5352675109364204,41.577977252194906,8.165892460243814,33.699716439232105,17.75988340885853,105.06295007693097,19.06966080710662,0.6335468205423507,0.8094956866309866,0.36946741474283334,3.796003234425984,4.702068521101709,2.8785517731165293,49.50152820590928
BG,2021-08-20,232,11.27673369761271,18.381156511998164,25.204395995837334,47.171332262496904,3.7141395020675887,3.7141395020675887,2021,BG_2021,15.766628546425855,7.574222854372791,37.76531389669575,6.883042945931741,34.21717725816028,17.42982643093283,99.73232375595656,16.74322797980976,0.6217325385375738,0.7872507548840461,0.3713019067968976,3.712423960649942,4.676242105633776,2.7408941255634724,50.98524758957329
BG,2021-08-21,233,10.645612116896464,17.43490141738383,23.93139776999151,41.99703776103035,2.7644117967860513,2.7644117967860513,2021,BG_2021,15.054880107911414,7.240668912002189,37.48052014946054,6.219263528790639,31.917730695748705,16.718218180681006,88.30595717533734,15.060592371798972,0.6110561959489267,0.7771396365673989,0.3660914691082009,2.78097911416915,3.674214072194108,1.854986506879382,43.175165417268246
BG,2021-08-22,234,11.341573982569766,15.937159580296903,23.294126328066437,43.95977936761285,3.3112518673017095,3.3112518673017095,2021,BG_2021,15.544352386309258,7.827376322806077,36.23094306428229,5.163729763036355,31.683697181326703,16.06122831406846,91.87494928332333,17.344870990455174,0.5820711617661888,0.7786098640418925,0.3260611857140838,3.310115619322789,4.200651169716339,2.389420694206735,58.20390391800484
BG,2021-08-23,235,11.048734078201552,18.379460481554077,24.242347075603995,45.82661716536203,3.671791337929317,3.671791337929317,2021,BG_2021,15.002719076011225,7.457207154448818,42.59429396217143,6.43247269995311,33.20902745881926,16.76113546775109,92.55585984571165,17.61424182220761,0.6228352693222681,0.7943272781026363,0.37197249911102037,3.6655732433717363,4.633151946175305,2.640994555077454,59.571944928612375
BG,2021-08-24,236,11.636348497202514,15.92877685377977,25.283398154449042,44.38783112831449,3.864322576268738,3.864322576268738,2021,BG_2021,15.919302976331215,8.100026024191786,34.95964226624048,4.5197401540537685,33.836327695627126,18.24478827005306,93.963665951808,16.885945085722383,0.5758074593168996,0.7678958421242534,0.30111230693590907,3.8429866450096624,4.754248023880411,2.9475947897711947,59.89805160619003
BG,2021-08-25,237,11.42682997697037,16.514821223790758,26.00061808905733,42.696381017322956,3.941562551501942,3.941562551501942,2021,BG_2021,15.336618633999558,7.767370598454348,37.15254875208321,6.223083261121262,34.795974214430096,18.225239457368584,93.0184663019191,16.542617157888902,0.581666100376211,0.7785870986099956,0.35151041212187945,3.924863812326394,4.82343061797112,3.001228995926562,55.43430570066425
BG,2021-08-26,238,10.43713918996601,14.214193147989036,24.09009835648327,39.61403651642214,2.8987063043579715,2.8987063043579715,2021,BG_2021,14.381202797392708,7.3821416067149235,31.024206539049988,5.179496212418475,32.431617873062415,16.866392012336917,84.81495652818332,14.668884313688,0.5580064749958284,0.7507127345821625,0.34665362755611023,2.901099418576739,3.8125278704414685,2.022106753816168,47.806586938884166
BG,2021-08-27,239,11.20556980071535,15.07306499813545,24.86900796316898,39.10245072012503,2.84937363997542,2.84937363997542,2021,BG_2021,15.530028730726452,7.84860899717751,34.91456763121488,4.979918495212246,33.71992865872409,17.664076421840083,81.18252367833483,15.061638441292331,0.5770562970488414,0.7590106464641344,0.3158564340550333,2.8588632512549084,3.781438703213664,1.9211956935858439,42.1871950680069
BG,2021-08-28,240,12.434437013493485,13.716295330056344,26.927902054440093,41.67949080627323,3.8906196303555163,3.8906196303555163,2021,BG_2021,16.44399772523198,8.580643148016582,31.57308111371424,4.578608523667338,35.95738305176348,18.932629898122794,88.12404440691489,14.944326281347024,0.5267394928321386,0.7369299554106891,0.26402926237946,3.859708412590977,4.792808467826699,2.974607306588667,52.08170648318522
BG,2021-08-29,241,12.035785785141334,14.18893155848993,26.891870403613794,41.72221560701977,4.012004117303671,4.012004117303671,2021,BG_2021,16.28240588663028,8.171044823791977,30.37661930476811,5.582875619053126,36.608643269684045,18.880927977480162,87.74479337651078,15.847157427000695,0.553778215466999,0.7522110640235591,0.31282137731881665,4.006583924711007,4.941377392328499,3.0654174099063196,56.58474362164657
BG,2021-08-30,242,11.753671573959823,13.830345765044285,26.923886085178044,38.78072300078699,3.91045662315594,3.91045662315594,2021,BG_2021,16.226050077511736,8.029871256041476,32.11459147661961,4.340774064522682,36.30571628262755,18.809949480202334,80.97295059430662,14.36359633610012,0.5411417078416019,0.7422037353543572,0.27658484037752495,3.905567079830822,4.851970101392763,2.958817089964669,57.35508807809878
BG,2021-08-31,243,11.619626487886501,11.751660687917225,25.938366507904664,38.783807603682966,3.832230484126744,3.832230484126744,2021,BG_2021,15.56727003702945,8.3931777718498,28.390526546648932,4.295331803084323,35.16752138241881,18.12280889883046,82.85438191162798,14.795562764110617,0.5006221324866604,0.7153670347163728,0.2770846483751488,3.831426826219877,4.734412743204307,2.892732703982591,57.69686927461387
BG,2021-09-01,244,11.042117042277523,13.28571620017992,25.60910080872745,34.31130081708133,3.337601026316534,3.337601026316534,2021,BG_2021,15.019047062622429,7.391312902857243,30.160197053879973,4.098221344033289,33.51770909943314,17.965673634505965,74.81783764751965,12.70985274653044,0.5462189920797895,0.7508387095616164,0.27439148812022524,3.3261479326948367,4.27305522707241,2.4139424821359956,58.980548884650275
BG,2021-09-02,245,12.3627395314874,12.632328020363854,26.732452327388973,36.14956529031606,3.693687920719073,3.693687920719073,2021,BG_2021,16.829877396312185,8.538126201160447,30.69168853086126,4.608333741282087,35.41194761684809,18.71240437896384,75.66816477389044,13.6264081110119,0.5222078176558296,0.7178950225703108,0.2716174872255606,3.6983972683560045,4.6062164132112,2.7563876389439965,57.877665953259104
BG,2021-09-03,246,12.186828504503135,12.228023411756482,26.18209608825785,38.18862520319143,3.6479166861316674,3.6479166861316674,2021,BG_2021,16.0395134662565,8.534454199363937,27.95145361144099,3.767446944767407,34.774965459797215,18.460335010651757,76.30857924875322,14.263785323397176,0.5128129889841478,0.698313575577728,0.25037074643894974,3.640600637135489,4.575437632996264,2.7396340230744265,57.30923523702459
BG,2021-09-04,247,11.70031122173983,12.30848123565158,27.392000034507795,37.468747622367914,3.801735697960469,3.801735697960469,2021,BG_2021,16.101038196665172,8.213728575830698,26.395784359289696,3.939222572235483,37.07342546536646,19.723406253210044,77.09558318086265,13.253433371422092,0.5035545252344236,0.7024103797214537,0.2560764435407625,3.8076929952646466,4.737860201577703,2.84834346356864,54.48345882877479
BG,2021-09-05,248,12.426763130695763,11.384673875647687,27.81499558921355,34.578729084426996,3.8267047747427427,3.8267047747427427,2021,BG_2021,16.213653283831324,8.547997729990282,24.77048011644109,3.5583464233369746,37.774046595649544,19.32699656121623,75.3192122744813,13.122578930652118,0.4901487431856728,0.6837827243900519,0.24386715998699435,3.813736379431562,4.7608099431204245,2.8797127649875045,56.06312590818694
BG,2021-09-06,249,12.177385241186114,11.842105660570734,28.26011333676878,36.02446470987177,3.813546900082446,3.813546900082446,2021,BG_2021,16.010308599860473,8.233354975066822,27.156685886561142,4.03030872608285,38.06949993234425,19.64944103330163,73.07147221397557,13.741460493536135,0.49493109460848794,0.7126128445219613,0.26019114052211184,3.7903724418012614,4.68755398838018,2.8936087659869734,54.67643477230565
BG,2021-09-07,250,12.95778570161023,9.62454932084322,28.523831889261633,34.68166236768238,4.008954657795367,4.008954657795367,2021,BG_2021,17.32878303262354,8.927022641507122,23.48945637013431,3.151998155832217,37.92493709639516,20.19545805493022,73.41935600004057,12.195469792043982,0.44218630414280435,0.6673103094623906,0.21115933288364994,3.991850555215221,4.945506803839179,3.0558648651284828,53.97251857833411
BG,2021-09-08,251,12.389792304104555,10.191161072426052,28.063772414326042,33.50531562986959,3.9398052582286067,3.9398052582286067,2021,BG_2021,16.943439512381254,8.63224301584127,24.17201366922804,3.7280372763693714,37.2339651615224,19.843654835791412,70.13188145649762,11.39752842226446,0.4700762810958121,0.6619716889487641,0.24461759159490637,3.9071713095389464,4.861466431794074,3.031462895364883,55.76648686130285
BG,2021-09-09,252,11.647420084151669,10.307720518958265,27.039937224565914,30.843827955473945,3.326582858327329,3.326582858327329,2021,BG_2021,15.763450894452523,8.160434690149312,21.723367894641957,3.2642257902990366,36.30044008961198,19.37958170922136,66.50316859380814,11.143050632135242,0.4687537574816254,0.6581507982403364,0.23318966141011227,3.3411719339740618,4.245602375142353,2.3881137033260185,53.093555286924946
BG,2021-09-10,253,12.53290963455977,9.020773668083027,29.15973061815532,32.25224535017148,3.621084038262314,3.621084038262314,2021,BG_2021,16.652325740379283,9.05301735735213,22.507938973800673,2.393028735063506,38.96796572407377,20.956941101847526,68.47870543520752,10.663396037199126,0.42648505162435474,0.6541718135334411,0.18265811096145504,3.633425789932984,4.563265418937385,2.688599933401576,47.26272892974526
BG,2021-09-11,254,13.393332050264734,8.726914432184483,29.853231227602826,29.953060633643215,3.5240772168550594,3.5240772168550594,2021,BG_2021,17.656757645196393,9.367113797005823,18.922849718145386,2.5565064893288065,39.81085593013092,20.815046715779204,64.31025036677315,10.675252850154973,0.40849174357515916,0.6163817334912904,0.18203484755832824,3.509322483165717,4.473848539243909,2.5643420044932586,37.42931517419275
BG,2021-09-12,255,12.375067036116592,8.46268665248315,30.087552638759544,30.2506218984265,3.629888911912543,3.629888911912543,2021,BG_2021,17.024945938942235,9.279599175177188,20.75195303515211,2.7344339867105054,40.12731979639954,21.145208113384577,61.68508020349338,10.396020449022817,0.4064925359877969,0.6307536802361541,0.19838089834008643,3.6161290081456605,4.5598680611289595,2.6638367663534663,40.2516431398405
BG,2021-09-13,256,12.336548636584444,8.075490241617999,28.85374123739304,29.282052867161926,3.5967521283006705,3.5967521283006705,2021,BG_2021,16.164762581843316,8.744570375420432,19.354678814398852,2.3813772011921976,38.65034378306699,20.862773196363214,61.3046196874037,10.67944041479798,0.40948522028534795,0.6282045096950767,0.1835044045237888,3.582248372351033,4.525726223249749,2.66898872313354,51.60121790419995
BG,2021-09-14,257,12.56417923379016,7.4222343280160255,28.986716851520224,27.704416560695563,3.5340611195615024,3.5340611195615024,2021,BG_2021,16.496086729377097,8.800828570904448,17.6769684008769,2.2391480358198255,38.09046218934652,20.63804726511854,59.11697816355123,9.644550000850732,0.38629614186387756,0.607089356803367,0.18666557567179695,3.5338634818416104,4.482959062189648,2.607510696505573,50.33225808075263
BG,2021-09-15,258,12.206623426753078,7.193846216994934,28.382119888014483,25.342000567535184,3.109728542066171,3.109728542066171,2021,BG_2021,16.886870139011073,8.212640173507923,16.707160405251297,2.010521406318028,38.04133172081994,20.251469082919026,57.51426554881502,8.673736998428911,0.37912823595004697,0.5896781473083234,0.17054506817395498,3.108910305309137,4.061768554866806,2.204558192504919,50.38611386454281
BG,2021-09-16,259,11.699858893694586,7.255371683191487,28.007370348818817,25.254476719245393,3.1393889472342336,3.1393889472342336,2021,BG_2021,16.528218735866094,7.8930457936085565,18.32456331779363,2.0550255149284906,36.627583073058844,19.91200910827967,54.39526219223071,8.462485034167853,0.3912409222633675,0.6269993403695935,0.17888666699951916,3.1345210982517715,4.090455718847353,2.2066457319722557,54.77430315525726
BG,2021-09-17,260,11.70793484370527,7.559034165721509,28.32997731341516,26.339762515303295,3.053640246005569,3.053640246005569,2021,BG_2021,16.08146829189967,8.117707878760758,17.12847847031589,2.1624597805777963,38.33876221027207,20.002790626163872,53.88978224512285,9.483197751090458,0.3945925760312482,0.6327924246592117,0.18093259404501646,3.0604853234219838,3.982372128343663,2.1382063901909,47.8445807035265
BG,2021-09-18,261,11.994820466439391,6.559017311549211,27.808088337825506,23.264196177251204,2.9261515680984798,2.9261515680984798,2021,BG_2021,16.294208822958336,7.945978439674621,15.921749127998964,1.6525460694974072,36.930553307646086,19.763106163762306,51.375143610539034,7.736627768812912,0.375779955957049,0.6013809322928483,0.1527865613021098,2.948819529085621,3.8453964665952443,2.033288154210943,46.81567916519201
BG,2021-09-19,262,11.925024721204279,5.140050880145054,28.40559128822508,23.907313241095462,2.7005523242523783,2.7005523242523783,2021,BG_2021,16.522264660968045,8.327220662471774,12.983459800402493,1.3386380423050206,38.34743820991366,20.071939519226966,52.655270390296714,8.564720576690274,0.31759660053484173,0.5496508097707682,0.13701187958173736,2.734090289221517,3.6727822907443213,1.7847618601087978,37.666047101662166
BG,2021-09-20,263,12.209040694891929,5.825109872062666,29.31513776807841,23.368372109694416,2.3750864189079333,2.3750864189079333,2021,BG_2021,17.33662086933702,8.250602605795073,13.582515293140071,1.4219842462249026,39.8469910995566,20.62427518216155,50.568296251546194,7.432899898061615,0.3403075333665384,0.5623597853623078,0.13333046586037256,2.386660590764406,3.3380389040532887,1.4532109714248125,26.050884324976757
BG,2021-09-21,264,11.38199243313071,4.542697684991064,27.54073071508652,22.07848123762437,2.8583880661030405,2.8583880661030405,2021,BG_2021,15.300798432247944,8.00331312972641,12.632979396256976,1.1062844513570527,36.179758933060874,19.49490299190786,49.463845662229886,6.369832797369368,0.304569538913931,0.5409948089212062,0.12500541651164837,2.874048843583241,3.8265023526317106,1.9532754134126005,51.822047483929524
BG,2021-09-22,265,25.971868518,1.6136499538000002,57.447599307999994,8.126756182000001,2.8770168849935605,2.8770168849935605,2021,BG_2021,44.28364111982438,7.66009591617562,8.68578269142894,0,101.95266158861291,12.942537027387084,43.74383553065656,0,NA,NA,NA,3.014519837732774,3.9513053428595137,2.0981343353209896,49.785767507577454
BG,2021-09-23,266,12.255496259433977,5.1501856593827275,28.015545304071406,20.138169964776434,2.888511557031184,2.888511557031184,2021,BG_2021,16.336724387116007,8.303314124927354,13.402426152528609,1.3578574209014087,37.53597345311598,19.791420889550583,45.40266805830737,6.643824854420808,0.31413605135720746,0.5344747670638508,0.13425716765276013,2.888663117901234,3.8197119159339654,1.9781024690446705,46.16819932964455
BG,2021-09-24,267,11.956743348417136,4.881646234025735,28.334651473521152,19.155152083382948,3.0848376906671335,3.0848376906671335,2021,BG_2021,16.666612711325026,8.357691083603928,12.665545793540318,1.0248237325416498,37.18709172646273,20.148601128642444,44.52211876519208,6.180560233036074,0.30524848956517947,0.5347506096794081,0.11457597706458468,3.1064103390041478,4.018637150953363,2.177821731236566,49.95324962361079
BG,2021-09-25,268,11.817080249734731,4.1928086912842675,27.585680590806067,19.579862221897656,3.0943921951955544,3.0943921951955544,2021,BG_2021,15.726442570573562,8.411777566536207,12.30584696879374,0.9612528673533245,37.080463032833215,19.57030855644503,44.268881453787806,5.739998141380887,0.28160285313654165,0.5348057297460871,0.11385985278502112,3.0902103699122563,4.009239979380108,2.1761228746741,49.63291460351005
BG,2021-09-26,269,11.800809062615363,3.905805802285797,27.51698416348751,19.404180794417183,3.1070126220572165,3.1070126220572165,2021,BG_2021,16.04325997149352,8.273757446851867,11.793315045233182,0.8303232326180676,37.57478793156655,19.36633886755331,44.134624787281425,6.067602588901968,0.272609200530774,0.5222056173332758,0.10136209242749994,3.1427913695015848,4.0182698542709625,2.188995497070957,49.53246294153129
BG,2021-09-27,270,11.18012552895696,4.190189654876928,27.76367565669922,18.527386374409634,3.0656151378280603,3.0656151378280603,2021,BG_2021,15.684596476015523,7.631456320745431,11.965071811931335,0.8920180504336281,37.299488177428266,19.901118298550415,40.278182764387026,5.655025699896697,0.29001210882079204,0.5288297627611314,0.10462663406010728,3.0707271737571045,3.9659266311421755,2.1461571745213677,48.98381262664731
BG,2021-09-28,271,11.24144508885133,3.935045360753917,27.663880246316854,16.953771254831803,1.7145468799766954,1.7145468799766954,2021,BG_2021,16.19738988082324,7.486958077739941,10.76236535629861,0.6350625212887178,38.02930985564422,19.16712619834525,40.13862276506105,5.185796504643244,0.2794515159709758,0.5164496350815101,0.09451926059922595,1.7253103169857549,2.6229596311699446,0.8151783165348526,18.71718381183452
BG,2021-09-29,272,10.803761297869931,3.770228802063712,25.261652515485732,16.666371248621186,2.452907227626045,2.452907227626045,2021,BG_2021,14.335387016013199,7.337727922645763,10.64406097280363,0.5421996561663593,34.14675933851692,17.520403047811048,37.508293982486826,5.008128031966113,0.28216556419722194,0.5181611796421841,0.09759935262635597,2.492392080963191,3.423835260406977,1.5717726085312271,47.51702468406297
BG,2021-09-30,273,10.675103266329499,3.0865756132482884,25.12089339683492,14.943730768559707,2.4614635301358554,2.4614635301358554,2021,BG_2021,14.459088391571958,7.301073686964326,9.469620861196848,0.4378709584035949,33.83853070978791,17.51204855585549,35.83005319726501,4.519345402424239,0.25351960638148807,0.4893105266017106,0.08576511504542485,2.470545983769708,3.4070728370696135,1.5319209883737257,48.04479517113583
BG,2021-10-01,274,10.36447083105359,3.2533214165090234,24.693472368858778,15.084965885389845,2.2296309966583254,2.2296309966583254,2021,BG_2021,14.397658502370257,6.87677030697565,9.858349681632776,0.6614128021129853,33.47481729260243,17.395317841502017,35.41398644016361,4.582535016267455,0.2802014704057936,0.4983644005852506,0.10428290421123332,2.251541430511849,3.1934056552060843,1.3200115609124674,41.92949344124597
BG,2021-10-02,275,10.852159752817013,3.570919120484966,24.757280606471422,15.122788149578064,2.50647182897953,2.50647182897953,2021,BG_2021,14.348623535981806,7.381070736087813,10.573896863786052,0.6371378504879677,33.69817653806763,17.160048859861007,34.403514519121316,4.317443571593605,0.27974599696384217,0.5246780981431436,0.10015944352923656,2.5331589535070558,3.471944962694837,1.6186486498855561,48.23144475419642
BG,2021-10-03,276,10.049390219933674,2.925655946424712,24.27246903919129,13.812302013974895,2.4953128625228453,2.4953128625228453,2021,BG_2021,13.953353304736597,6.855355625843984,9.545206479758736,0.3065806781807554,33.003374590761574,16.611306760740764,33.46068482155962,3.552763011606489,0.25168729178391647,0.5016532062616392,0.08181708585956851,2.51521931906713,3.4005423392115763,1.6190086181077705,46.24968047813089
BG,2021-10-04,277,10.003719486643998,3.294332792156248,24.52053872124522,13.91625501218742,2.5516664013606936,2.5516664013606936,2021,BG_2021,13.86519677256067,7.1644980177316455,9.621036089187728,0.5454649465669785,32.9861841034647,16.983829246496015,32.70999600055052,3.841741349960991,0.2701181636594092,0.5083572019496271,0.09759084606591581,2.5606706361709017,3.4910999586043507,1.6363274228632836,46.4509937631371
BG,2021-10-05,278,10.106862383806591,3.4387776249667334,23.557870969053443,12.98673576891155,2.512134812973626,2.512134812973626,2021,BG_2021,13.98125620469532,7.093421680301974,10.530845178415024,0.630206922583098,32.68559102641489,16.111939171341344,29.790960221937624,3.6747016241205004,0.27876348210798235,0.5146346588608378,0.10747880356475328,2.5352588368246263,3.432501126518261,1.6114176044486124,46.63558932815357
BG,2021-10-06,279,10.179053440938196,2.8572084959869164,23.569396293789854,11.907389840445328,2.482508964750738,2.482508964750738,2021,BG_2021,13.914389464357438,6.7314863567186185,9.069135824550074,0.5528750260905524,32.637035728097565,15.794080719930927,29.037929324016968,3.2890240684750274,0.2483094215564526,0.49371315044508735,0.10080006960287641,2.4900223127310808,3.41015163932798,1.5825400208541316,40.6508274910499
BG,2021-10-07,280,9.518109274290362,3.1509942540008504,22.324492507579624,11.264614515075642,1.9445542964660456,1.9445542964660456,2021,BG_2021,13.514893358041231,6.899352998603769,8.683369349819998,0.6422834451178989,31.56594960823021,15.23517367092297,27.85231860718603,2.8535255488996714,0.2749680929686539,0.48982130478569497,0.10689927442279509,1.9536292027546087,2.9099731952773458,1.0315033813393373,31.439762426295427
BG,2021-10-08,281,10.18140152381961,3.5176762838097835,23.044795985480192,10.436631646642297,NA,NA,2021,BG_2021,15.39465251351079,6.529926776981999,9.93957144997633,0.6215500638057452,34.2174255794168,14.810401790666441,26.846352444101406,2.7359022261217327,0.2772081564967659,0.5167264399246339,0.10407054262777231,2.4917510449914424,7.586356331686229,-2.2184101532119516,37.17354941997157
BG,2021-10-09,282,9.44559822867992,2.5531547055838564,20.923108456324155,10.161053780817408,2.2349273277466284,2.2349273277466284,2021,BG_2021,12.835595734590756,6.292841834169031,7.826704845900081,0.4070096047677041,29.939491843592947,13.836431322841369,24.648477655106785,2.5719510454081127,0.250955372897412,0.4780846598197087,0.09419409645832447,2.2409119278625065,3.144541530918931,1.3290214137008762,44.80366462167923
BG,2021-10-10,283,9.606865749823278,3.370388448233185,21.16524006736845,9.731398072758672,1.7195430882701819,1.7195430882701819,2021,BG_2021,14.330642025120872,5.920477700179639,9.386595078856107,0.5854327930645888,30.5339527647807,14.147720164550565,24.054421134930976,2.057302780176745,0.28396054905628143,0.538428308437684,0.10797537708015835,1.7122581808934842,2.670642776103971,0.7643599897928877,23.89374610396991
BG,2021-10-11,284,8.883416631269924,2.4965017572578834,20.07233913066719,8.63440940204165,1.5735217094414038,1.5735217094414038,2021,BG_2021,13.049754958461032,5.67449381663493,7.060896662526379,0.3216872952852765,28.290195481830928,12.914681981432775,24.214679614726165,1.8660711553468712,0.23466494055376352,0.4754979417421146,0.09055158141470647,1.5939152460558332,2.5536836940518466,0.6583146645130753,33.541152938364284
BG,2021-10-12,285,9.004914091160723,2.7839341617828355,19.730798128861714,7.62400634861465,1.425800666361606,1.425800666361606,2021,BG_2021,12.702840362602688,5.734882543354205,8.471883254216152,0.49828461290172155,28.194786053731416,12.869858133217061,21.786032872657767,1.3044401348189383,0.2613535954118676,0.5005245922606874,0.10800536590242071,1.4466768644426984,2.3375166250507715,0.4877102119912357,29.30980133501777
BG,2021-10-13,286,9.405731893392508,2.7216489078349912,20.214130560528172,7.434327766791576,NA,NA,2021,BG_2021,13.7087902977802,5.897821735403251,7.584696166444073,0.3625508577285008,31.31537549517272,12.649091055302321,20.360767116560602,0.9044585288739815,0.26086133301251563,0.4686688925143381,0.08893238204429066,2.2953309988156523,7.79795961941026,-2.2499094195543545,39.118184448022525
GC,2020-07-13,195,20.10208816564581,55.381625935573034,38.798723062144695,104.37497617092082,NA,NA,2020,GC_2020,28.517844406536202,12.05557137258921,126.84564978016219,20.003225946948195,57.58813380024173,25.06086313938977,222.71089752169297,40.02531033703308,0.7363815550276107,0.8781725991980892,0.47832468768086767,2.8383740675134836,8.06333357361724,-1.9367599661346442,13.067112124868112
GC,2020-07-14,196,19.39187778358641,61.40139392639419,37.865066497117475,103.58862420508204,NA,NA,2020,GC_2020,29.02691242139231,12.032673479064636,132.0055701200831,24.73217908048495,56.240796561370686,23.90722848627391,217.012547567998,38.325762487299784,0.7662917552989257,0.8790264717947562,0.5392349358222244,2.8471742606095853,8.129276470588653,-1.8538362018619166,13.666228951086238
GC,2020-07-15,197,19.5310602313494,57.28773659962646,36.317858277787444,102.35053308237237,NA,NA,2020,GC_2020,28.93397088082664,12.234702404881075,123.00905938859898,22.63879302775741,54.06176180820761,23.92936718595865,222.3362968339469,35.2917470127489,0.7375194805070246,0.8732896265418724,0.5155646284528278,2.6726818361879663,8.093247933361612,-2.009818889846433,13.76118451961016
GC,2020-07-16,198,18.63189485668591,60.70436961273476,36.68201632075978,106.74437905891794,NA,NA,2020,GC_2020,26.460865788501884,11.90539979871883,125.35304281718156,21.901263503080354,53.64314123603834,24.09195163347578,223.91555388829997,42.82324996183746,0.7523896635134535,0.8808976824228749,0.5284657350670087,2.72706576648872,8.083778285997692,-1.9225040785898762,14.002609061264318
GC,2020-07-17,199,17.250325594754067,52.73063802614771,36.212042974130036,106.16248515105327,NA,NA,2020,GC_2020,26.26008878284066,11.184624469879273,114.99184305724667,23.092674271945835,53.1795676494707,23.829319052284507,226.69984640862612,39.90126476947739,0.7482826759089581,0.8729271687547046,0.5427589173890531,2.6014212273344546,7.866502418790179,-2.095329642443636,12.835035468308368
GC,2020-07-18,200,17.535769812959778,52.51351661552869,35.48960639122175,101.36386894056714,NA,NA,2020,GC_2020,25.349890978697406,11.536045621094496,117.9694842010078,19.56069674077768,50.99764173295895,22.872355251638222,212.3198208191982,39.18084257393968,0.7416588211052756,0.8788656494522521,0.5111558873536077,2.75241670298911,8.000468438132257,-1.7737447472764842,14.86449559682791
GC,2020-07-19,201,16.758764546307013,55.05318287706777,34.827091222489976,98.13139664366368,NA,NA,2020,GC_2020,25.1757417751107,11.08211596475229,126.82888933653554,21.298533013018517,50.476706124878454,23.22440155399131,206.85895902247577,36.590769821620164,0.7672360379522181,0.8856673864977862,0.5391590166618839,2.6705042903769445,8.200941055239287,-1.8996395294669464,15.10737662468699
GC,2020-07-20,202,17.242128356392442,52.17471564547274,33.64328035313598,97.40737003975377,NA,NA,2020,GC_2020,25.084812487979352,11.474959075619422,115.17983641234815,17.677364249240757,48.29731614081567,22.788865432814056,207.04472420433396,37.46942277180585,0.7423812937271057,0.8808228828924086,0.4874729033260382,2.756988280234629,7.927615583709407,-1.861525171490897,15.519454307972962
GC,2020-07-21,203,23.9122366898,88.77298467,41.580070565999996,146.8252229528,NA,NA,2020,GC_2020,51.46507639328475,0,216.21609270181773,0,95.77134635436828,0,423.0427693486141,0,NA,NA,NA,3.0098203719564194,7.169787421334678,-1.140494640866035,15.768289915126552
GC,2020-07-22,204,15.242632307347124,52.27224639422864,32.457505347478055,97.96888400277861,NA,NA,2020,GC_2020,22.793232728572804,9.793508994717728,120.52674884923684,19.746683825556456,47.57092805325902,21.63551511958214,205.03684249793514,37.69282130868881,0.767634615082123,0.8940065813288829,0.5425799372724565,2.7415098097808066,8.009043073871707,-1.9673351777341992,15.531534862237235
GC,2020-07-23,205,14.91394985416933,56.90934899154639,32.51721430512891,100.6537230974062,NA,NA,2020,GC_2020,22.57699320846038,9.990736689367784,114.35003832673411,22.65021452180205,46.14350549305262,21.95531133785291,207.99923926738705,39.14382156184893,0.7909676841136184,0.8912169804819774,0.5637104999260563,2.0601886346358587,6.519012706000969,-2.2050643802343335,10.488753728038516
GC,2020-07-24,206,14.636125246072243,58.887587053996434,31.621273389767925,95.77761290523036,NA,NA,2020,GC_2020,21.08432061390696,9.4703600146818,132.9153542284212,21.961110301849132,45.06573983257222,21.21013525741276,201.05040690645455,39.98044086545263,0.7982346969112384,0.9035260713877497,0.5835111402331934,2.876330342857968,8.21206677277551,-1.8984045309854192,17.945082527362764
GC,2020-07-25,207,14.24395428548222,52.18204612449376,30.585677302613544,93.29486628911955,NA,NA,2020,GC_2020,20.780411187233696,9.04492872088008,112.3260476436695,18.802358882365233,43.69704665876179,20.178240582385854,199.42223837839063,36.25962155348216,0.7842674139815329,0.885883948744233,0.5691657933092792,2.777601813307033,8.145861838139792,-1.7670146800417859,18.92546696466752
GC,2020-07-26,208,13.446431364447031,56.336523244298476,29.74339914022077,91.63368846337819,NA,NA,2020,GC_2020,19.249768758587695,8.728512538519334,109.51137072375211,20.945075744605017,42.208445783791205,20.132269510878114,191.3727871656782,38.01455377622515,0.8033904393016724,0.8977431710018743,0.5920555071302439,2.823449266098465,8.241696218899259,-1.89288060316937,19.453876453422076
GC,2020-07-27,209,13.51332554048408,51.719859497933506,30.09194870385043,92.57215085422139,NA,NA,2020,GC_2020,19.31689586415473,8.79632903704378,116.05483194433334,19.70765605475732,43.25969386789425,19.570260839480188,195.2980678628334,35.92938256671888,0.7898832394250581,0.9042433530482612,0.5712975666873387,2.9604101946491195,8.067017894738054,-1.6868653753405616,19.90328835236164
GC,2020-07-28,210,12.72610251440666,49.60254628407962,28.93163996031063,87.61975028708751,NA,NA,2020,GC_2020,18.305508631773044,7.7609534717375395,102.13633381731549,16.912283396196305,41.08416859429921,19.414881457384066,186.906052130313,34.787316933848736,0.7967249368567138,0.9015585711493532,0.5523844793341535,2.379165857218017,7.542296807193321,-2.1274648230368505,15.625397336315086
GC,2020-07-29,211,12.464493862911516,55.798512736322586,28.052133323732523,91.29135737227053,NA,NA,2020,GC_2020,18.389080473463068,7.812286362398804,111.39256614393567,20.90725558117168,40.573951394601494,19.320195272087968,198.57827182458925,34.55266985922395,0.8042904481826585,0.9040809523036742,0.6198102516374757,2.4838438533640907,7.508776122034103,-2.201026833809523,16.260635849196106
GC,2020-07-30,212,12.401411111151573,49.43852459378798,27.393272864653504,95.43570087551949,NA,NA,2020,GC_2020,16.890359746655268,7.991985514536549,103.88641193433797,16.585766240044556,39.400321898211914,18.305238742720494,195.7828800376873,34.079496447969426,0.795094395217125,0.9015639266552854,0.5502974154392313,2.9155490859391864,8.019171352960191,-1.833380093149272,21.621772274921916
GC,2020-07-31,213,11.340630005263344,48.51830290762021,26.85562017389905,94.7031254415668,NA,NA,2020,GC_2020,17.0965990295894,7.559442702321836,103.34466550332746,16.674917440389933,39.30982708666103,18.122746879490975,191.94685238095474,36.75840493883843,0.7990602320561297,0.9050161813931925,0.5605373193306822,2.8306633491219113,8.125674173948012,-1.7844625683379514,20.723750723566297
GC,2020-08-01,214,11.378650511732829,53.366165207608795,26.74567641922845,85.65608645988227,NA,NA,2020,GC_2020,16.34919421012592,7.4252712764374875,115.36124920210979,20.86961708363537,37.94620326822452,18.030322483903817,181.78144775147305,32.9669037353298,0.8198604655484013,0.9120227705307578,0.627742527393582,2.587253501131509,8.070668565791879,-2.086631463066843,19.80701483674069
GC,2020-08-02,215,10.671689832467571,49.235150704478684,26.318636843732403,89.2310128589476,NA,NA,2020,GC_2020,15.455165495046876,6.985974780663252,105.34389248797967,20.352674689679564,37.749483652946424,17.077019449411967,184.10208289967207,34.13034108621208,0.8152773474841521,0.9138744825330923,0.6311162446259926,2.842098438337162,7.983469344111554,-2.2143909727529345,22.31108066140904
GC,2020-08-03,216,10.18140353068245,49.749697447164216,24.80931132737896,85.11463009480453,NA,NA,2020,GC_2020,14.859867320820888,6.898068310561015,108.99071120287039,20.020911350865976,36.312866466223475,16.45390563883452,178.2367241369418,32.43629029138756,0.8241969879790547,0.9153459325623703,0.6372391641022573,2.7360239830878568,8.261547848268894,-2.0568313422712747,22.130696395982177
GC,2020-08-04,217,5.2914470268,122.648819984,24.0630460364,186.07435124,NA,NA,2020,GC_2020,12.362351669930055,0,214.33990711298793,30.957732855012072,79.63795688670821,0,463.51745231942857,0,NA,NA,NA,3.1126466934559893,7.240665713802952,-1.1075619905387286,24.118480078094382
GC,2020-08-05,218,10.215261665766514,47.95584127101234,24.574397037802672,90.57712261220989,NA,NA,2020,GC_2020,15.541080044007304,6.678950530927393,107.13206747234142,18.813431492084668,35.37883454956307,15.96214016489028,181.3483578924312,32.71326455663263,0.8183469532031513,0.9101169995631073,0.6238447065382751,2.961068915897089,7.99923865418185,-2.0453797185203912,24.2638522878424
GC,2020-08-06,219,9.940192076511005,41.713100022003914,23.836224865232445,80.28933019874086,NA,NA,2020,GC_2020,14.691158665768613,6.466028583375421,93.13991343881246,16.366120827115736,34.01340254853469,16.41296554634383,175.19269230595202,29.890114589161,0.8006657437663267,0.9087564223681116,0.5872114847350585,2.5933064077498864,7.740417362761602,-2.013581971623664,22.243420738594605
GC,2020-08-07,220,9.842374416120846,45.03224536109621,24.046107184456357,82.33087353351054,NA,NA,2020,GC_2020,14.235089325756503,6.355606503175507,100.47431655755341,14.772290651276954,34.4127773549476,15.974829007015428,168.2608408871055,32.89460465691568,0.8107553513747184,0.909140257673262,0.6129593486930256,2.738277337148444,7.799624947329347,-1.8773690949467126,24.230267881054207
GC,2020-08-08,221,9.958794611455616,57.804925170107566,25.758108994252343,98.3533020915904,4.034895323473088,4.034895323473088,2020,GC_2020,14.15484015521948,6.752328410008125,111.2019797147064,20.950325308490594,36.272668962643536,16.919361594609253,192.27493408842767,37.79890308009002,0.8401866565364302,0.9231455103867048,0.641734888896844,3.9890504596990968,4.928268098786709,3.074578808229442,26.63139219019128
GC,2020-08-09,222,11.131888191679508,65.58896639653696,26.609829805402118,111.25214487760839,4.542469468571914,4.542469468571914,2020,GC_2020,15.668816908460554,7.481578030909286,137.46493363679423,23.65362784605598,37.230038910284684,17.695788757695063,222.22425320594155,43.1578912248692,0.8508458733100116,0.9338712685851421,0.659546945010754,4.468888937415466,5.366917624483198,3.547574000649523,20.707155963929303
GC,2020-08-10,223,10.966160495523011,58.839371179777054,26.433608104954004,107.04510125346359,4.729611614402344,4.729611614402344,2020,GC_2020,15.860519797736968,7.494475583332018,114.31866666659901,23.364692520840997,36.789954329655124,18.23953915899269,201.90955350178905,45.173778107359205,0.8233664001995731,0.9170284429649833,0.646727458316616,4.681375112748087,5.611533886140036,3.758366133723961,28.604026139317288
GC,2020-08-11,224,10.792568003894347,59.27483448774402,26.78260112848226,108.46537039726998,5.013578864243053,5.013578864243053,2020,GC_2020,15.35479463201205,7.148073779250612,122.76379266445684,21.025128853454138,36.47888775696622,18.415366423266303,211.34100765762955,41.57364090540115,0.8329627807986686,0.9258390463123931,0.6388086950856803,4.928926716458832,5.836890362605853,4.0219167025788005,29.27788570904498
GC,2020-08-12,225,10.213344667459273,54.69392504821813,24.677486674487636,101.10264862651347,4.217399344771779,4.217399344771779,2020,GC_2020,14.329772601135895,7.067431362478643,104.75097896967458,18.847794976888427,34.079733666605044,16.635622143959406,201.09668081745505,39.84153217071033,0.8273429807422937,0.9146916032480139,0.6180333500040405,4.147642026131479,5.043202904020259,3.1460717825635647,23.751094181341266
GC,2020-08-13,226,10.351192073216833,47.87079678106176,23.828760752808225,86.86152312088161,3.7566901125490966,3.7566901125490966,2020,GC_2020,14.24385536396564,6.862778930044761,97.00268168515221,19.131435306882345,33.16763932504047,16.29848369690229,172.7852571885077,35.945782954054614,0.8141641396120879,0.9126073691733703,0.6451950755890344,3.7134865862274213,4.697221383518925,2.775158021080376,28.892974203037024
GC,2020-08-14,227,9.857647115095025,43.16342027182056,22.9097154320482,86.13586992626047,3.9075208194157347,3.9075208194157347,2020,GC_2020,13.825252101839911,6.675869318285996,88.99880944470229,17.72495857041401,32.185041731208756,15.319418333414516,169.03153827706686,32.895034889051864,0.7947122948127505,0.9056441862076918,0.6135311279905343,3.886527837690549,4.777436330046818,2.9577527280939204,32.2282017569501
GC,2020-08-15,228,10.36675713969375,44.056421643204864,23.137770843824487,87.65591767287528,4.093628664265648,4.093628664265648,2020,GC_2020,14.571143358541487,6.936802002595214,90.24447348225615,13.68851196328959,32.23392975233561,15.837356513179147,175.21484799010884,34.02445221299192,0.7975252333652225,0.9054023005952511,0.5384265436028396,4.050879475816091,4.968647784766269,3.1076052420432214,32.85602181589224
GC,2020-08-16,229,10.094090808960525,45.73256016644022,22.971582890072167,83.08253612842705,4.149495953141679,4.149495953141679,2020,GC_2020,14.223416059437474,6.650523273708898,98.80361573183265,14.457784003863477,32.13453581167029,15.678153470737703,167.56884267922115,33.36882980536237,0.8069065991335841,0.9065407724836738,0.5623116039180787,4.100596815696812,5.060832458530366,3.1875199604390563,31.29287119427894
GC,2020-08-17,230,9.88069645808166,39.984232861904324,22.423615881252804,84.61944266534304,4.0598430430727275,4.0598430430727275,2020,GC_2020,14.108192767500794,6.567549576920012,86.90860612706398,14.339754560139012,31.226510001881554,14.809204135470756,169.99977619172242,33.730397111292525,0.7913883008701144,0.906387734205254,0.5713855558986318,3.9925685906195985,4.937422013029737,3.084706129928319,33.06616309927904
GC,2020-08-18,231,13.573573160599999,99.523708516,19.763979974,141.047173682,3.1956470349721964,3.1956470349721964,2020,GC_2020,34.3815389991354,0,346.9704958998085,0,24.478798221975325,15.049161726024677,309.38022556319754,0,NA,NA,NA,3.192434813016178,4.097653232517087,2.2799545878045313,33.528042062519454
GC,2020-08-19,232,9.602689056184643,39.07568206715586,21.16073769975349,73.72643434370836,3.0521599653843388,3.0521599653843388,2020,GC_2020,13.352423625787567,6.300400510169721,76.0761364056529,15.178694748226366,29.493642652665894,13.959582209292817,145.24338951686488,30.019102255396977,0.7933020540768227,0.8990825185534187,0.5957787460384988,3.0419074619514905,3.980283910129988,2.1193967434692333,30.207094122111016
GC,2020-08-20,233,10.08911964696288,35.73045344294085,21.184872871690562,67.9021107549042,3.20821350585421,3.20821350585421,2020,GC_2020,13.519180463142572,6.698131664102642,78.52415880284214,14.696765635303443,29.985539189058496,14.411727031160302,141.03886648574323,26.360985941872972,0.7788210392301178,0.8932820940401411,0.5561113511443041,3.1809701309845284,4.130719825616352,2.255263703824124,33.222488233876106
GC,2020-08-21,234,8.994499585918891,36.14725078909543,20.502886422762135,69.24944413387833,3.07565898491712,3.07565898491712,2020,GC_2020,12.84858412270193,5.9166925551682725,76.20561573670841,14.976043626997718,28.62331167256509,13.86813358475787,134.84063685484935,26.324271375126212,0.78957201766225,0.898301176894989,0.6025811393634208,3.088111462042214,4.062250574137877,2.1561546376290925,35.83362340752078
GC,2020-08-22,235,9.063229265090387,35.91236331269327,20.33490857834899,68.46569891880044,2.9876250858896722,2.9876250858896722,2020,GC_2020,12.88257605529082,6.315540379508552,75.53075662566219,12.878640030427933,28.209041520117857,13.819494984529461,138.91311088459267,27.20535181564348,0.7847813418992897,0.8981258564873112,0.5602640946039992,2.9840223361052027,3.9069706239014623,2.069489755697463,35.55393350480833
GC,2020-08-23,236,9.499432789768324,34.93690968227436,20.403221101124878,68.87602559580164,2.9567382242091487,2.9567382242091487,2020,GC_2020,13.60650860141124,6.3768406971305565,76.25117212448338,12.83421437613542,28.14363829886464,13.946359984498434,134.1770314334372,25.677472397345984,0.7807889894172826,0.88865450550372,0.5574156605506215,2.9386174093145927,3.842223277794525,2.051923376634977,36.180836231663825
GC,2020-08-24,237,8.332490485891705,30.743120430691256,18.215216667488736,56.4378978377074,1.7113860013761508,1.7113860013761508,2020,GC_2020,11.61734672715073,5.485386323199408,61.86791766949059,11.457111516516614,25.734522390562788,12.435293895226128,112.1594090283558,21.766567875557026,0.7785316977711989,0.8895469728447444,0.5530953025062244,1.7292254423844275,2.655296366166501,0.8176965583229511,32.45436792603457
GC,2020-08-25,238,7.894393181582344,29.143641367514736,18.158493058537815,51.98332273252026,1.4656331622304604,1.4656331622304604,2020,GC_2020,11.275084493666492,4.908478967029349,58.878708123014725,10.484314694725466,25.291284181245448,12.358108585208461,108.89301408924264,17.718064739866325,0.7691569370823926,0.8889232686113973,0.5452323276325521,1.512168976838543,2.4254914841625723,0.5971992352619182,33.22832149734027
GC,2020-08-26,239,9.375380299742142,32.86740226102173,19.2854584532439,59.52199018777368,2.6676569051883967,2.6676569051883967,2020,GC_2020,12.798095007054853,6.135555343592918,65.39158300749658,13.039824691603599,26.96889955170093,13.041824710941855,121.25112365186185,23.077423780397652,0.7755568207892224,0.8832037294469655,0.5347827768329869,2.6712843129442767,3.623393871557944,1.7215671515915074,39.18124642018975
GC,2020-08-27,240,8.952307206791643,30.865930717928702,19.190422510998633,57.9853568422905,2.359925381568534,2.359925381568534,2020,GC_2020,12.531668110653666,5.870302309990959,62.25283156584278,10.797636234603846,26.342360155320698,13.143057086279486,113.68295451443329,22.695999050047384,0.7685665848832051,0.886555567757798,0.5301100103887393,2.3673733988375965,3.297469695658663,1.4493848201534862,39.1790987926073
GC,2020-08-28,241,9.288219210463057,31.655585178430815,19.309749724928263,57.76859529422385,2.7822098738692804,2.7822098738692804,2020,GC_2020,13.47546360448511,5.9858652771363525,66.06978671034659,12.58577379742826,26.425365430124774,13.141254483080042,120.29828900585967,22.086159555107248,0.7629077935434858,0.886750140253582,0.5494901631015972,2.7768057873047445,3.7047138240878534,1.8071687278583757,39.84020019664267
GC,2020-08-29,242,9.098873405385751,33.707444586608425,18.90488485485592,59.28112090148347,2.7449637395513973,2.7449637395513973,2020,GC_2020,12.331895044617577,6.220131898346896,68.08590344795394,11.93486439397065,26.32496514519246,12.942989102483946,119.37438930006374,22.340103206961693,0.7818716273054487,0.884762592345788,0.5455075485298067,2.7725198416532386,3.672282633571512,1.8278259870664786,41.847857414206686
GC,2020-08-30,243,8.67447728805142,27.243056511456285,18.408001460803238,54.28657918358222,2.52471213104229,2.52471213104229,2020,GC_2020,11.629631206663287,5.754439630184818,58.15943031332077,10.168240757058285,25.766245145940882,12.443334580787253,109.8226359127068,19.932442145787096,0.7513527593048586,0.8779837922274936,0.514588232312732,2.544581833474587,3.440427032189307,1.6211659284475124,41.483456857032266
GC,2020-08-31,244,8.841427477581233,26.147506924621695,18.97744171492228,52.205037611840034,1.7672877732255323,1.7672877732255323,2020,GC_2020,12.77520274204883,6.083095672248964,59.919790758215576,8.517352397979744,27.009856605956134,12.830475183005612,111.51738558679004,18.665073675161224,0.7301661689945866,0.8741866532423681,0.49790302168214684,1.780206289580945,2.7103601030040285,0.8267501008217125,20.33967352090384
GC,2020-09-01,245,12.602617789199998,20.730131234399998,25.192119999400003,0,2.2991673360781575,2.2991673360781575,2020,GC_2020,20.679688236894048,4.525547341505951,89.95406293162881,0,60.294239360710804,0,0,0,NA,NA,NA,2.2997852912706294,3.2305845087705074,1.385721085553633,41.83197520549579
GC,2020-09-02,246,8.764889089885576,29.437483215874767,19.018605866111134,51.55241355304832,2.602637646124572,2.602637646124572,2020,GC_2020,12.284084045661944,5.781061236047537,59.29107652776227,10.615097850487011,26.501721617861303,13.014031902903136,107.08822382318813,19.482712253751597,0.7593090912755018,0.881896964833302,0.5261459594091742,2.6123089547936775,3.516824844839674,1.6779886698648885,41.66407194716155
GC,2020-09-03,247,9.247013137592926,28.53809413871831,18.738760586953465,56.8682337984621,2.7846055238898955,2.7846055238898955,2020,GC_2020,12.519727442219844,6.147756773090557,61.7771274293236,10.011283500146991,26.422648961575675,12.734819647345327,109.58874298524836,21.4272607697022,0.7472417407019035,0.8805804575276251,0.5088016788133839,2.7798415404148438,3.723642305559601,1.8327125318575959,43.23055504938869
GC,2020-09-04,248,8.329400953744992,30.95160999475691,18.8725410318361,51.09393808648202,2.843971428584803,2.843971428584803,2020,GC_2020,11.870364867026456,5.689999771453255,64.05541937626481,11.396767286196745,26.62426040790539,12.753155107109446,104.59965402171868,19.377952800945916,0.7786194153352799,0.8945505583261362,0.545084183052271,2.8321508416038315,3.735149612515686,1.91899731355909,43.700841991899416
GC,2020-09-05,249,8.695173427076368,30.168604736325573,19.494990433333808,55.05296115667847,2.7523865683606825,2.7523865683606825,2020,GC_2020,12.151156936863655,5.853209054680946,63.80705098695231,9.864374291790416,27.118949679800956,13.317834591389639,109.64098398401319,20.47178607605822,0.7671429242457357,0.8838755656855228,0.5094517502480571,2.746163552460003,3.6685189869510517,1.849810838469704,39.69916747741181
GC,2020-09-06,250,8.884158894218354,28.17343019711908,19.205926658898957,54.608933835606486,2.851378745984211,2.851378745984211,2020,GC_2020,12.41955753742423,6.016148359735278,54.326855612981724,10.356311708883156,26.63135663264213,13.132684389423364,106.70712001656692,21.704448095077478,0.743810698307838,0.867536405151285,0.5203505235840274,2.8455024392074386,3.7859540025397544,1.9464581442614022,43.879125709638615
GC,2020-09-07,251,8.45671016942182,27.36507892590883,19.074507556239933,48.941412865065246,1.1950014638065387,1.1950014638065387,2020,GC_2020,12.114257465283,5.539973698912378,60.204917190252274,11.074104928220056,27.1052566867196,12.703424694862022,104.18811428609983,17.03898817619036,0.7503887127673237,0.8807216691597979,0.5340886614096261,1.2337778964550201,2.173657237989856,0.2826389820102314,17.77857979521429
GC,2020-09-08,252,8.152494935361284,26.66896761518444,18.083996110357262,46.16014550786519,2.0664623750049964,2.0664623750049964,2020,GC_2020,11.484374258146119,5.3072008066048255,53.56269364321953,10.09038285365915,25.047095166995202,12.397375201534333,91.35579104344883,18.266376672664652,0.7480605701511204,0.8782471352894574,0.5226895507411085,2.089862158524038,3.001199312372927,1.1384791964144303,45.79804147959322
GC,2020-09-09,253,8.570828676482327,27.314593717889824,19.14226706486308,45.587038514936225,2.36261688868602,2.36261688868602,2020,GC_2020,11.623817450847861,5.67797273617326,56.4841484529589,9.83249364343037,26.37550222539232,13.073936469416628,95.61403879102957,17.583746725736393,0.757670285041993,0.8762224308776089,0.5108882137132393,2.366917091207384,3.2867877764174165,1.4598304481784299,45.614147813379034
GC,2020-09-10,254,8.727664032879174,25.595927086307082,19.64027933628633,47.086607142341265,2.588985559096403,2.588985559096403,2020,GC_2020,12.1291436527081,5.721813251528865,54.646603772248334,10.11233824644112,26.929326273020884,13.239283683449143,97.14585735710348,17.790292586152685,0.7299958115517932,0.8705059353610118,0.4781205967929374,2.6040062052936293,3.497057508200846,1.6680801312009588,45.62173391206913
GC,2020-09-11,255,8.824222476557901,23.233797623556764,19.6910774515252,44.46913759759222,2.647644040604856,2.647644040604856,2020,GC_2020,12.246060538952593,5.938936087088419,51.981251969955345,6.909264168176908,27.06554225064552,13.768852225383428,91.24947493813818,16.7117190612468,0.7203754921792496,0.856035401417272,0.4365998932211067,2.647669062930369,3.5714877272588326,1.7543304516825944,45.83082267212108
GC,2020-09-12,256,8.8467692824524935,26.696195451222106,20.24273988726179,46.51186683446823,2.7447869689912014,2.7447869689912014,2020,GC_2020,12.407320710284054,5.701490859759724,58.58247844616805,9.946619819002127,27.7188656192242,13.747672796235749,92.92331269701096,17.76110346521816,0.7517952440766715,0.868606689389867,0.5259453519282034,2.749307370631926,3.679081575700911,1.83823615333822,45.34255927297663
GC,2020-09-13,257,8.481485902149307,23.53267824503009,19.426889570388777,41.14102865633236,2.285283296535429,2.285283296535429,2020,GC_2020,12.246263623833679,5.569226247765655,49.522744789244655,8.852451539993606,27.138699175810725,13.36276845524108,85.38836625577288,15.401280887270566,0.7239660230291092,0.8588082543497909,0.4729587778602272,2.308537115995538,3.267304536664375,1.4033397277696817,46.09199291036466
GC,2020-09-14,258,8.064597238738704,18.889597013626553,18.904201169450563,39.64246343327185,1.7390770496035903,1.7390770496035903,2020,GC_2020,11.663061758657056,5.4983067804746755,42.952773769747736,7.0557522684578275,26.37470244905145,12.98823059104032,81.22826235355038,14.518268156595024,0.6876918341544977,0.8487075714652471,0.43317978685486486,1.7769451150404763,2.69159997886918,0.8590030326730689,44.86201987853408
GC,2020-09-15,259,8.752169146765075,21.064898476831207,20.185453470178413,40.42381738717943,2.110108466665265,2.110108466665265,2020,GC_2020,12.607927122458538,5.923118192866487,44.50203334101004,8.565572337260724,27.720922095532504,13.847417841405589,84.79604926393655,15.3336708112816,0.6981392005594331,0.845918815272644,0.4700135646652089,2.1372496036898276,3.058842469677514,1.2052034393580362,39.12313323463067
GC,2020-09-16,260,8.264627356496918,22.505075822628935,20.307315015054897,37.88926244356505,2.2433758728300046,2.2433758728300046,2020,GC_2020,11.705703729469974,5.36443133292673,47.458737572937686,7.112712943401491,28.186923934111423,13.677200220609322,80.1797230714184,13.91574047248545,0.7099746234088766,0.856127528816624,0.4376572137227242,2.26289704055056,3.187882846261999,1.3484799193791912,44.19506225395199
GC,2020-09-17,261,8.64018282933933,22.64504642754893,20.917851495398114,36.954888715072364,2.168548319217163,2.168548319217163,2020,GC_2020,11.556265623474227,5.921547348906871,45.42207576920656,7.9366188037987895,28.65205221978034,13.999137252612867,80.21142223734,13.04482757891661,0.7165784178718009,0.8469349276599021,0.4724004940608107,2.194796438330068,3.0947663117475495,1.2643976938326604,44.54094108017256
GC,2020-09-18,262,8.35538368090076,20.913639346445596,21.033379787652837,38.843680531315094,2.1460168836644735,2.1460168836644735,2020,GC_2020,11.421183253348618,5.777627630980585,45.934686994577326,7.444401138846135,28.67872824628238,14.302900920645142,80.86512349177562,14.996680457359492,0.7044841535336138,0.8505889597687205,0.44624931782846416,2.1576870594825586,3.110254960638484,1.256555331620338,43.861318663824086
GC,2020-09-19,263,8.423366977689964,22.357166790809657,21.16686239536575,36.231288823214236,1.2984645464459226,1.2984645464459226,2020,GC_2020,12.25427348279941,5.452796038713536,44.87654689024126,8.230047205723983,29.71989064180131,14.440095613925395,76.45240529689944,14.154560852755907,0.7116010103699191,0.8487480503152501,0.46683835910768195,1.3309612811792766,2.224377151928598,0.4425377273848824,24.53646501448715
GC,2020-09-20,264,8.390497451298712,20.920829470653235,21.33192922051137,35.87390089657267,1.9195055624965998,1.9195055624965998,2020,GC_2020,11.857925611882607,5.735692684284084,41.38884706277977,6.75872427844994,29.11887347664422,14.40776422833831,72.36184322368057,12.368130726457935,0.6933646346257103,0.8355649401435453,0.42881583540920987,1.9543142434914547,2.865593010598048,1.0407488592678191,42.51895650381757
GC,2020-09-21,265,9.02060134858685,20.801041847596313,22.58402195668315,34.93244522473756,2.3078758699618858,2.3078758699618858,2020,GC_2020,12.731299364745219,5.848023641323379,45.71775343035311,7.1547705138225295,30.93710195166855,15.522164697698942,72.99333886690478,12.322165093835416,0.6877850668626806,0.8505452570423528,0.43271857794061913,2.338853099657012,3.3075526521496865,1.42775454682118,41.581281696069496
GC,2020-09-22,266,8.771162599419542,20.411979008992756,22.102901693063092,33.276760962345385,1.970861337294973,1.970861337294973,2020,GC_2020,11.991430993914467,5.961372115848388,42.425030787842104,6.929854435866049,31.097065521368283,14.848036144124672,72.80338412163836,12.55195998188957,0.6949337488222325,0.8308328453851441,0.44257572038220855,2.020216184009969,2.9239799251884144,1.0874636549596024,40.049741666022896
GC,2020-09-23,267,8.781929424785895,17.85573324557914,22.911216408607537,31.289725235160315,2.195184079234523,2.195184079234523,2020,GC_2020,12.252571888820516,5.959940646021375,38.63292363080457,6.5167717294744225,31.199257187187907,16.111351969838086,70.72631789999981,11.182153945773663,0.6792843878429629,0.8240422086507228,0.4104857294691642,2.2117562696373403,3.1313482396142986,1.3003602965872065,39.88662478917098
GC,2020-09-24,268,8.749978253189637,17.07129493149049,22.71873833280073,31.986805582105337,1.292382866705784,1.292382866705784,2020,GC_2020,12.503685047112116,5.6467372645805884,37.69751136357281,6.8471565545232425,31.040932445564824,15.388642129811666,66.15015918109873,11.459212381051858,0.665124985023966,0.8174213166198441,0.42859335175164154,1.3509222819252715,2.3126926029709813,0.3926365460223239,30.66090892867849
GC,2020-09-25,269,8.998137605114273,16.77940968963075,24.17298080810765,31.43077854846739,1.5415646296618408,1.5415646296618408,2020,GC_2020,13.165667602509787,5.945081084827723,35.96439115584332,6.147583215883029,33.38862469708287,16.35078171698399,66.92269040838282,11.831663750003782,0.6456271052246165,0.7995534480232922,0.40365811761729764,1.5639261593892206,2.5152508250383088,0.5385346120307457,25.40082200036588
GC,2020-09-26,270,9.415066046735584,19.964339708738574,24.490836132308527,31.684602109271605,1.920726825468141,1.920726825468141,2020,GC_2020,12.474219551058267,6.647569543237826,41.35981186226992,6.653010479546222,33.515024313665826,16.63578828689892,64.87785352126495,11.093563858127656,0.6773010510156372,0.8176358336137511,0.406484377200578,1.9274529021236109,2.8673285230559844,1.012896760651255,28.270212656537577
GC,2020-09-27,271,8.608285175491655,18.24065717532653,23.391729080240363,28.451683964158633,1.9294541217759849,1.9294541217759849,2020,GC_2020,11.941492157977684,5.742194810036761,38.62058977460942,6.50710608512364,32.1038499415614,16.01319644278224,59.245213802846756,10.298198151350984,0.6734190054232264,0.8249944754442695,0.4191631649652363,1.9746211489815328,2.8884862118184826,1.0660877493653411,42.08899652709647
GC,2020-09-28,272,9.170428335370095,17.700559940395365,23.240714302736233,27.969544097618055,2.061809572639521,2.061809572639521,2020,GC_2020,12.474767877889287,6.096973164580247,34.996704771605316,6.313311005872019,31.600414171865683,16.20530931768742,58.6615075783734,10.102900049946712,0.6500196194569117,0.8063426684408154,0.40234595809125767,2.100289324432219,3.038487436667484,1.1611454444338567,42.68572977820123
GC,2020-09-29,273,15.955599260799998,67.496637736,52.090755696,128.75644126199998,2.1932189992108353,2.1932189992108353,2020,GC_2020,26.261374000639645,5.649824520960354,196.69741453566667,0,81.33844101248886,22.843070379511158,450.02177819043504,0,NA,NA,NA,2.3847688225440744,3.322003356779248,1.4529511387791838,43.19642106117097
GC,2020-09-30,274,8.95979955446678,15.831673603566077,25.11848220320422,26.317388871677817,2.209362806045254,2.209362806045254,2020,GC_2020,12.371520529008095,6.260075081988968,33.64545193035026,5.4196993315635815,33.949130129514714,17.6170700129749,56.92555287236935,8.750288969361014,0.6278955959404369,0.7979654286768827,0.3735334405748838,2.2359070251235664,3.1361666648783846,1.3345471683074663,42.72209300349617
GC,2020-10-01,275,8.76443905867042,15.354400646229688,24.89297592226622,24.564789565527054,2.057751849708048,2.057751849708048,2020,GC_2020,12.166355307718119,5.733951517108742,31.949159292662817,4.789878433339432,34.29696569925279,17.271056483867337,53.84641290062222,8.283895493296107,0.6267548450128689,0.7908602032010683,0.3920657165312501,2.086898039999941,2.9878734403674168,1.1544846798536244,39.215129129153574
GC,2020-10-02,276,9.172559326825803,15.790905327842044,25.98105973609538,25.389241141093667,2.2104799485650966,2.2104799485650966,2020,GC_2020,12.947591693168334,6.033599190568348,34.54885478238539,5.001837753120225,34.83565275288036,18.113180225626326,52.92435057454349,9.20235297337579,0.6285137097943295,0.8098202739838457,0.3539437885300481,2.2403564939004346,3.140053458046299,1.3390754140501662,40.4983625223369
GC,2020-10-03,277,9.3064603228507,13.519842221435097,25.837107434664304,22.44959976486564,2.3297962923883486,2.3297962923883486,2020,GC_2020,12.938161437860666,6.443246642092917,30.133779748375787,4.60403406492451,35.32948924530586,18.379155469618578,49.52373169941661,7.742207916968905,0.5817968384894261,0.784430436961092,0.3335444076853761,2.3545214921903144,3.2646328811280134,1.432420621191914,40.27036357013629
GC,2020-10-04,278,9.580932304389323,13.89245500628294,26.287126427263406,22.772686430719173,2.3838572325783263,2.3838572325783263,2020,GC_2020,13.412474312037295,6.19475295837687,28.97354127667749,4.410225691655946,35.75453962707749,18.391409930637614,48.67158140121578,7.392361729828153,0.5907250785200495,0.7632775490265952,0.3244817056118242,2.4046129620138275,3.349922026911607,1.4912223409320986,40.40512808818774
GC,2020-10-05,279,9.073182405578502,13.604161500830877,27.165027884953485,21.394799617859587,2.3827074700016198,2.3827074700016198,2020,GC_2020,12.947775484574928,6.350067855829891,27.866321007133433,4.7970271998944485,36.91945408339979,19.244583502164303,44.42945043557714,7.56540748655447,0.5923503782618051,0.7629060775285472,0.33395797903980073,2.406630287673262,3.3030212002497206,1.5037968875550298,39.46964491658868
GC,2020-10-06,280,9.781630542155126,13.841289973137897,27.59129073325349,20.288357928966587,2.4722171835880205,2.4722171835880205,2020,GC_2020,13.12218633180364,6.785447795102604,31.47039329203677,4.621857568366761,37.07574247112919,19.278281878692354,43.672431855701426,6.950866067404942,0.5862321782864175,0.7749348877699803,0.3306753378491582,2.4664315676010076,3.395054109320126,1.574005424317824,38.5930784125799
GC,2020-10-07,281,9.19502420547516,11.207273287739254,28.122750946796643,19.64010225536744,2.4629835910652202,2.4629835910652202,2020,GC_2020,13.079366282329536,6.435775443033405,25.93568971001883,3.327841846870095,37.19082551274731,19.948035333076827,42.741879973691255,6.518120718701896,0.5438910585943928,0.7427952806088457,0.2741159093886611,2.4940552530268323,3.393494711218314,1.5846436643164006,39.11671205615083
GC,2020-10-08,282,9.454058766310895,11.351307847670007,28.397079661842067,17.234624977513853,2.41726903685736,2.41726903685736,2020,GC_2020,13.282858523537412,6.127554228011453,23.175684052633613,3.621885761153215,37.780506025070785,19.788554413004153,39.80592659656629,5.087878684699042,0.5405914281925296,0.7354756233682211,0.28566656085209224,2.4407636583518157,3.3530324406215386,1.5405715030952651,39.07013925122051
GC,2020-10-09,283,9.383455528969451,10.194156818941774,28.20123583377295,17.124137920341735,2.2445061496726284,2.2445061496726284,2020,GC_2020,13.3840817764255,6.323898884002584,23.17045485424856,3.060128754924188,37.603591247679425,19.893219602342775,36.736475488330264,5.60013166115937,0.5226708651508593,0.7274023035144694,0.2569252001118001,2.267119327817797,3.196625856116265,1.3520961341012558,37.0996348409404
GC,2020-10-10,284,8.904610288333304,10.529216537217803,26.785809817350962,15.642133596627222,1.3609845719165952,1.3609845719165952,2020,GC_2020,12.334373927287105,5.578342584422816,22.21352269732103,3.231131828379855,36.6903603915116,18.5213860137068,34.48072998736287,5.14778109726104,0.5341904218991194,0.7404821152005853,0.2864591513284427,1.4221447664145086,2.3629058433449073,0.4866982010843308,30.732967007995775
GC,2020-10-11,285,9.555528718901911,8.552354087879607,30.18374228266058,15.740937668682076,1.796587342334348,1.796587342334348,2020,GC_2020,14.031829436149142,5.896117132016667,20.016447167324888,2.573614631408181,41.347791052095815,20.838600139381054,33.23763345659433,5.0861073538144055,0.47027024859187916,0.676673825967554,0.23648477976788326,1.8151658379944813,2.718423840310172,0.8949066274857458,21.146860594235804
GC,2020-10-12,286,9.955749052375884,8.525906010226684,30.674242368125054,13.560970292083255,1.929046962206662,1.929046962206662,2020,GC_2020,13.599477123923295,6.653098728741362,19.827304297602065,2.6112832041206024,41.604904044707546,21.19844073666999,30.231667878646878,4.193395981816018,0.4698291334105611,0.6690281119455163,0.22637856070558315,1.9432237882654926,2.841420381644996,1.0520099125962905,22.98224024890949
GC,2020-10-13,287,9.536344006238137,7.513697472367091,30.288758782382015,12.491469359410011,1.0286903282317865,1.0286903282317865,2020,GC_2020,13.780122274531502,6.282002862904343,16.514161746475356,2.3500756816183266,42.1444394956986,20.857288422185025,27.194935596623694,4.1359244081327855,0.4404078206550517,0.6455722051128239,0.21714193745863397,1.047851731962724,1.9621910363666593,0.16010899763193723,16.465547420116
GC,2020-10-14,288,9.498241629946099,7.260432952676369,26.5316444615968,11.229676081117248,1.1672695730038258,1.1672695730038258,2020,GC_2020,13.410809587084445,6.414723977944168,16.23173750661136,1.960461669064902,36.50075427170645,18.554065048349774,26.126293474091323,3.41689520642409,0.4402535605815018,0.6348851622496263,0.2020102215485966,1.2295522033286144,2.1714898413330324,0.31885929551214093,31.02409259726828
GC,2020-10-15,289,9.697128508145056,5.792014648695938,30.798205608269864,10.86428518442251,1.8400080976080944,1.8400080976080944,2020,GC_2020,13.891955711959293,6.291141878365541,14.392717434542645,1.321882579509451,41.257160481939465,21.70688572053015,25.332371946237746,3.0241474731035445,0.3725288024301294,0.6150786618413433,0.17167388227399663,1.8700512258216633,2.8041273094469354,0.9316112943696012,26.012762905498107
GC,2020-10-16,290,9.590930414706007,4.775613550544631,31.102394213257075,8.645309172224312,0.9315476908423772,0.9315476908423772,2020,GC_2020,13.880901786207195,6.620887791096,12.390073474421396,1.1303793264290818,42.70655816921021,21.733635663168673,20.353321582970796,2.0764863619048284,0.3441920788813816,0.5808438507819333,0.1355846533867037,0.9907619093932444,1.8969814382731716,0.05997635459935034,16.29727863848347
GC,2020-10-17,291,9.74556052743326,4.09870657361805,31.690911857744272,7.5691955980447325,0.6981948540523203,0.6981948540523203,2020,GC_2020,14.129425115201103,6.211797358446887,10.380938129139654,1.0521241012811955,43.63094164631191,21.54232765959102,18.616500839557084,1.8649635684588852,0.32911993780660664,0.5519358493295168,0.13156680488819367,0.7585597357071183,1.7530128936225018,-0.15888107602420426,15.29485035974816
GC,2020-10-18,292,10.129750175746372,3.791204061090019,33.962411918117816,6.507775933118243,1.2018070847205737,1.2018070847205737,2020,GC_2020,14.617397601317164,7.031109037292251,9.523813626917484,0.7338961011620666,47.42661497610471,23.178441300679665,16.803237665327625,1.271521554251199,0.28885603902699575,0.49582651405308664,0.11360600347694697,1.2360111025333684,2.148194077520532,0.32862715742870435,14.15308875737509
GC,2020-10-19,293,10.8857475723957,2.8623890835470416,33.162670876329614,4.754573190445221,1.4396652732703126,1.4396652732703126,2020,GC_2020,15.633064803579119,7.20238251988524,7.102152365019996,0.5326816433851582,45.06880380629259,22.98431235102007,13.864522084564873,0.7624604963016459,0.23085540395268267,0.43189300553010823,0.09158221790641147,1.472058934630604,2.432353942239454,0.543864196372716,19.909250418259955
GC,2020-10-20,294,13.6708998076,1.8521860257999998,49.308569354,3.0208495108,1.6794156930459485,1.6794156930459485,2020,GC_2020,25.818571839877446,1.5232277753225558,6.867933130049572,0,93.62110450318737,4.9960342048126325,11.426972634493943,0,NA,NA,NA,1.7788038853126444,2.699777865422428,0.8597536916864585,27.660143057840124
GC,2021-06-22,173,7.9324353516,0.9893915715999999,24.299859608000002,0.6703700671999999,7.147137243566896,7.147137243566896,2021,GC_2021,11.029227338526107,4.835643364673891,5.325591320107383,0,40.0629261636403,8.536793052359698,3.608396426266992,0,NA,NA,NA,6.909500623685045,7.8334718823153855,5.98027839214319,40.12664033634119
GC,2021-06-23,174,12.675057542798092,87.92237146607046,31.78728503527709,248.80124925216282,7.233753738189381,7.233753738189381,2021,GC_2021,18.333595360485923,8.326203203939373,175.40603393621922,19.660650925803633,45.225167927267975,20.721523567130532,414.62298893169117,100.10387740755421,0.8677057369899368,0.9461018374633667,0.5628097992907947,7.167966734782704,8.095219713599015,6.225176861178493,39.724465892107254
GC,2021-06-24,175,10.658307408867124,49.11280341818145,26.55496283629789,130.07283958863175,4.71247026802742,4.71247026802742,2021,GC_2021,15.366640910050089,6.919552508381291,109.15149935799093,13.568673116008176,36.73445935614338,17.804053431816957,251.01840552800368,46.95452000595384,0.8154462502629203,0.9217576389158816,0.5023726508073938,4.672428000537973,5.604238179387659,3.7597485960391244,40.16078132830167
GC,2021-06-25,176,10.94207775557461,46.092797272910936,27.28074365702577,127.45797400562974,4.345652236176669,4.345652236176669,2021,GC_2021,15.62148166149388,7.182624801577263,104.2165381903841,15.644038263855403,38.2254379016034,18.731837001044802,250.51139256073876,48.097712233846295,0.7972243992337669,0.915425267594133,0.5618991380878282,4.3226600262711266,5.258098346278794,3.4290742006117485,34.51997481646754
GC,2021-06-26,177,11.39690395242764,57.9893452342784,28.768959942233085,137.91446656388288,5.129892325537249,5.129892325537249,2021,GC_2021,16.298154231231326,7.408371595669336,116.57589524398925,18.713450278798472,39.70897655934225,19.687333826710596,266.94468893618205,47.12674407075319,0.8338831455041108,0.9250669589699626,0.5785143186760288,5.106342086693617,6.0503393632255,4.177983223925819,40.036257253630225
GC,2021-06-27,178,13.604134846021838,69.03345077366042,33.992410213813294,200.89382418991178,6.825629464715894,6.825629464715894,2021,GC_2021,19.018382367871702,8.896636948590155,151.54867690042178,23.171656823565247,47.319843576376805,22.763345718149147,361.37064028241406,74.26226761186349,0.8229194465972938,0.9290304195147362,0.609659224608964,6.770568150308845,7.6941022989694385,5.813225711099408,39.66943779396118
GC,2021-06-28,179,14.479137670719817,95.44227682014537,37.32578230721045,244.69682232835027,7.943730187243328,7.943730187243328,2021,GC_2021,20.399448451116925,10.025246366726734,192.14563401571598,23.449054122951512,51.40778959646531,25.542502323349492,430.0611083935,97.8692335560071,0.8527479454199838,0.9402155348866039,0.5551259943711301,7.858635845443632,8.811069878120604,6.891795292037966,40.41545433075685
GC,2021-06-29,180,13.043649054286776,67.81110712313347,32.47168655267377,163.75082349388086,6.036657211291808,6.036657211291808,2021,GC_2021,18.653794903963306,8.490580259567258,131.89705888703787,22.049665312095243,45.37028770550799,22.75025057006233,300.6054710490131,65.2926523653668,0.8315131542480487,0.9255234687302857,0.5874207089636603,5.976394431931126,6.9061880712337445,5.052958395587098,41.1869816819104
GC,2021-06-30,181,13.186444267688694,64.4475100523572,34.463050579544436,175.91182881956425,6.351579345350611,6.351579345350611,2021,GC_2021,18.433750641295788,8.895559051050613,136.5216668717151,22.184028633804257,46.84572094574964,23.916532405747873,316.47775992505456,71.3140865724953,0.8314478219116074,0.9220609171952087,0.588146760866997,6.30466103421354,7.282065392141696,5.384565539881242,41.09755235308776
GC,2021-07-01,182,13.337654646303168,51.9476524896484,32.44174315615326,139.39560473646944,5.161658872119699,5.161658872119699,2021,GC_2021,18.293837070296686,8.786326061618794,113.8094148457223,14.927837973353036,43.94885284124228,22.899823514738063,254.4003687228566,54.81448848807096,0.7927218018131164,0.9081867769036003,0.4962780964686244,5.125487409865366,6.069899476538526,4.170128642643087,36.05349692759862
GC,2021-07-02,183,13.2063223927138,53.033436489569986,32.79318278780248,137.1005147208564,5.389059994440027,5.389059994440027,2021,GC_2021,18.800384436126738,8.88973597392692,113.39627557466866,20.611262923244617,45.34400029002215,22.57562705151804,266.3169053802486,53.65942991035846,0.793980104136653,0.9081675857981203,0.5866781886899153,5.389732220501262,6.321639471424399,4.4686803699965445,39.94663148486015
GC,2021-07-03,184,14.411896328839491,49.75008740272124,34.72884497607422,137.23814203914247,5.811795802767511,5.811795802767511,2021,GC_2021,18.971783825760586,9.856631334689958,112.36399543743528,17.393200181559596,46.47873071519843,24.503906722318895,259.88929520713884,56.11168326406998,0.7686463381860681,0.9011302599182196,0.5117774660614551,5.773319471247189,6.732702062572146,4.849527632890245,44.07471224731696
GC,2021-07-04,185,14.943816152838886,54.00952951526836,35.460873913461874,146.14124818506176,5.8184224246561405,5.8184224246561405,2021,GC_2021,21.014532027302856,10.09415246772052,117.10668071911897,21.79693413077215,47.65532890305022,24.777826957247594,279.64957124488564,60.467080735307924,0.7791264069982095,0.8990654724850411,0.5500962192630092,5.780391938537328,6.711883493858416,4.8662116973958,37.25334878108565
GC,2021-07-05,186,15.30212212516747,60.51887653289855,37.10622887577639,150.91420579257675,6.20937241338247,6.20937241338247,2021,GC_2021,20.415948356453313,10.456954432527635,125.60559742153481,22.55620316337476,49.44197542799608,26.349326203546138,288.2632548126476,58.2485816352854,0.7911522899158651,0.9065551388540872,0.5595900213863139,6.151213281546049,7.086850454466893,5.231927108446787,39.1715918127258
GC,2021-07-06,187,15.541639786730864,60.676200411142254,37.16955662906535,151.24087027758142,6.376016840750208,6.376016840750208,2021,GC_2021,20.672653284653013,10.745670700685098,122.59911405205764,21.762300123727965,50.63823385205814,26.3606296953073,280.8740229843785,60.67945892605758,0.7892411943842781,0.9029243180598232,0.5368290776543854,6.3412474142819075,7.274020205353551,5.401420880196556,44.36316113450128
GC,2021-07-07,188,8.8708211976,51.358135686000004,19.162062600600002,42.365271568,4.76089625836245,4.76089625836245,2021,GC_2021,20.81421907963133,0,159.0288965075914,0,39.43521583353523,0,127.19089086596229,0,NA,NA,NA,4.604453239560044,5.514010615821556,3.71159802211061,26.752794547980702
GC,2021-07-08,189,17.061172729424296,67.31641029231653,40.6696540066748,161.3516324722577,6.961112565275345,6.961112565275345,2021,GC_2021,22.77136403247056,11.640461008164205,128.2263229732415,24.94583749322663,53.243610072908204,29.026955230747195,297.8609253963832,65.96110910948757,0.7900208645722433,0.9014809426055767,0.5428635007817473,6.925454573819679,7.817818087956111,6.006708069044528,44.959251621761474
GC,2021-07-09,190,19.140119409906298,80.47974449512043,44.753100664202265,202.833097073851,7.648272629176392,7.648272629176392,2021,GC_2021,25.475981351098287,13.48748066084585,155.87383490894592,33.097974135746576,60.004385104752686,31.76802720514215,366.9836539240242,85.59808475994672,0.7965743738256345,0.9063306927679411,0.5943970584940858,7.596109608727792,8.526085709956421,6.633206577670807,36.52460470666751
GC,2021-07-10,191,17.321953320317952,73.21839298226482,44.39882866817598,173.51856029306722,7.636636498986453,7.636636498986453,2021,GC_2021,23.397487034082154,12.425053869064358,152.91620318915898,23.003335891668282,59.008336641642515,31.6108996378002,327.5444590414277,69.4393339885143,0.7949364508200172,0.910259967672127,0.5642893583760165,7.594944793256662,8.55905806431513,6.665231476411822,45.278402053999834
GC,2021-07-11,192,16.238753353615152,52.12026065448487,39.814056299254545,124.76362404286586,6.102839254809659,6.102839254809659,2021,GC_2021,21.7302807055042,11.5325810166307,105.78312160658076,19.027246216206855,51.87063851914274,28.84144771921209,242.14515601649842,49.8041148050221,0.7523621116730195,0.8818321303035275,0.5136426352553229,6.085766021798059,7.0840699167719645,5.138805986442072,45.16172226749939
GC,2021-07-12,193,18.412928262491015,71.84879262019409,46.64744751093613,160.91066105712784,7.4554058126162985,7.4554058126162985,2021,GC_2021,24.24086344209324,12.98004586391985,140.03087872081463,27.682992842592537,60.0056485055546,33.59108207838211,293.50599121353684,62.70565385683614,0.7890272316039917,0.8926872062408935,0.5592524402464725,7.40081797234202,8.339508397995354,6.455518802873144,44.55824757965353
GC,2021-07-13,194,22.002850532197886,91.61568270736271,53.363847594658104,213.91090212656994,9.030396368602311,9.030396368602311,2021,GC_2021,29.120042196601986,15.336867367520549,173.5818144206619,32.411853562643955,69.62839548324811,38.47919855916814,379.8590889585089,88.27853201474062,0.8033973746088285,0.9079062914782694,0.5432114743593057,8.962458089885995,9.926408770268589,8.036259807276313,43.68682948800159
GC,2021-07-14,195,16.83802402173744,61.78565205153281,41.597198211749706,126.49326206042501,6.085793878227459,6.085793878227459,2021,GC_2021,21.68595905692028,11.736901833414931,123.6796396516614,21.645167374624474,54.59142706928408,29.785300156301407,241.76066841751776,51.548971582625555,0.785838083763055,0.8916324040395159,0.5390953300758291,6.080176721629674,6.960205364306254,5.109060969486228,45.15669850119827
GC,2021-07-15,196,19.07469411209709,66.18769042569215,45.93636126329549,150.1474246459726,7.239962558403336,7.239962558403336,2021,GC_2021,25.15182794180251,13.109532601501943,132.01817612193537,21.924427581496314,59.98525196465861,32.881260427851416,286.75066271772465,61.06608906328972,0.7594138249318356,0.8910271268174177,0.5010261284006724,7.203297611148838,8.129105391970239,6.283488363373152,44.98329985954063
GC,2021-07-16,197,19.097100440761743,60.213065643134236,46.64714780499083,144.11067415781832,7.102590399396106,7.102590399396106,2021,GC_2021,24.67009874919379,13.582493211945545,123.65200465770059,23.737966220294375,61.12178820667709,33.33323419712129,264.7560205457533,57.544848607407836,0.7512255014921904,0.8834670780764655,0.5173439935572253,7.060092115981984,8.054967372452387,6.154029219492601,45.21058671609128
GC,2021-07-17,198,18.22069099092323,66.22399953589883,47.25246784221662,147.34291850126337,7.236124578076711,7.236124578076711,2021,GC_2021,24.19109293063776,13.636420918067989,123.90591924429539,25.998026802270935,60.94932878612163,34.98225474300789,278.2748230432267,60.89586221016756,0.7810108647893703,0.8823856869486656,0.5476317536494275,7.211788316469619,8.143720098623113,6.26821318595649,45.49569165213759
GC,2021-07-18,199,20.588094162719262,76.76710072186852,53.517349499085775,174.57069370309006,8.538055560226264,8.538055560226264,2021,GC_2021,27.258718817190353,14.523861660884931,152.86862664667663,32.63963454807293,68.38601035703988,39.125968825328954,331.0102991000064,73.04382755991536,0.7901952198614013,0.89366125485978,0.5561114491190523,8.472315343253404,9.44755756787471,7.513664269235514,45.27119822018332
GC,2021-07-19,200,17.146875839236017,61.423078622792794,47.64445581126245,141.9587429689403,6.034472253087373,6.034472253087373,2021,GC_2021,23.43842634707283,12.067490860814063,124.20287851753315,22.89864751341355,61.655229180591526,34.76567579535626,268.4954604787448,60.40923968253899,0.7821891606874214,0.887777792405221,0.5471349543620248,5.986635224503556,6.885302743181957,5.073166087907144,28.94552796853968
GC,2021-07-20,201,13.5251027524,36.351788928,51.950889065999995,104.551688248,5.849476489452436,5.849476489452436,2021,GC_2021,38.23908216276673,0,133.2881886325821,0,134.2494911736791,0,393.23210243951684,0,NA,NA,NA,5.815815608400401,6.7276915483030395,4.918574390552009,33.98711042359614
GC,2021-07-21,202,16.931819978449184,62.53319651965406,45.590817297019534,122.42904426472784,6.017781200780943,6.017781200780943,2021,GC_2021,22.972573029692555,11.875510951803028,122.20723990214691,25.63564398651839,57.83725515958157,32.60800211734284,237.7972962285449,50.59729644941171,0.7792002925403174,0.891781753989616,0.5649388910573743,5.981421785702565,6.910947608799795,5.071087204663995,36.90131137051395
GC,2021-07-22,203,17.678278383950598,63.33484870487877,46.224005894499975,128.88287318511956,6.916213226339538,6.916213226339538,2021,GC_2021,23.490981735155447,12.862079886464638,123.3940163446762,21.71253738905906,60.2333014968098,34.09426474930357,253.28747100183799,54.64208379205913,0.7686566225438163,0.8857550417586225,0.5060177480672488,6.898635672235608,7.8184054864338854,5.9713822987879706,45.343532241247424
GC,2021-07-23,204,16.409452944408102,55.55250674155264,43.04815756736836,118.34644587592531,6.230054229216774,6.230054229216774,2021,GC_2021,22.280837560061904,11.699502935642876,114.93734422605857,21.878377456724113,56.079190336948855,31.002427028684192,234.0878860350713,46.99873906283813,0.769218980529307,0.8873584495416682,0.5286873899413309,6.222752106902225,7.148169570951361,5.300744719121149,46.20871288815358
GC,2021-07-24,205,16.842225336365775,54.99565332455753,45.51984281630281,119.03896084242547,6.626315411972441,6.626315411972441,2021,GC_2021,22.3181346472687,12.145549393837866,116.77822600116832,22.367319357909473,59.17076789782042,33.10382515498321,233.80217710961287,45.73055449156787,0.7598319603512755,0.8885080182372512,0.5284421554146108,6.594984794034259,7.5175550884422595,5.6411979864812425,46.0617879184851
GC,2021-07-25,206,17.878778151123424,64.97983012118553,48.12024383798706,129.6696455424231,7.167878776752833,7.167878776752833,2021,GC_2021,23.51773321512995,13.06659588099985,133.37063021484803,25.64665768355407,61.75651127499548,35.18148309194752,253.18592940479604,53.67017540618531,0.7749283346250624,0.8950603544033886,0.5468173937325935,7.152952134817955,8.067827327263988,6.200504749391293,45.68432957874874
GC,2021-07-26,207,17.548694037531675,68.05968195616168,48.514467053791336,141.23896646106996,7.263048212987442,7.263048212987442,2021,GC_2021,23.686033746243595,12.637334520211683,132.8234558101341,26.566234181647072,62.15185981404415,35.90197429310492,259.01206293601035,57.44500462302284,0.7878741318868114,0.8969114527177363,0.5639073675027796,7.231896916776268,8.14490937530916,6.2895757940925625,44.63412948413313
GC,2021-07-27,208,17.599003897719676,64.58386642608968,48.4945800161969,135.15779091301178,7.081211911009734,7.081211911009734,2021,GC_2021,23.668662367903313,12.170126991406258,129.5896313080629,25.294178564292366,62.0541977449446,35.357959511227264,249.05791574706083,55.35459026521752,0.7861331239532439,0.893653864511701,0.5531744517099706,7.073883016768097,7.978990102573179,6.134439424596789,43.425434398268
GC,2021-07-28,209,16.273995122874993,70.16814092270528,47.1308815651114,132.57430566098225,6.917652946245054,6.917652946245054,2021,GC_2021,22.151320417483028,11.952307687723481,137.07487604121042,26.18561955705112,60.66902126835343,35.27926623939948,246.69268771894005,52.22408541308418,0.7993781536114248,0.905736520422298,0.5758703001908128,6.874713980900379,7.779367350196808,5.943199181628317,43.75086576001717
GC,2021-07-29,210,20.434622271313465,100.08079571452278,58.76810899830357,208.01840363076045,8.29090141039513,8.29090141039513,2021,GC_2021,28.035678377846377,13.171203907728335,190.9798944450622,43.614051147881206,76.98535872528903,43.001788274097834,374.2930891975209,81.75659926264372,0.8291100768889489,0.920606314027287,0.6150129360975587,8.217675856439257,9.14494788138664,7.285096015507631,26.37066239679665
GC,2021-07-30,211,20.28279214201836,97.97690604596622,56.94361257494687,202.03014697772434,9.367957107155895,9.367957107155895,2021,GC_2021,26.231931058499583,14.543132910455697,187.38580524306343,37.973569610319096,73.65439212705292,41.21208254783373,358.82515765194444,85.57664543421933,0.8203419056328649,0.9184386906783848,0.6033527155439641,9.294023208465891,10.258959360068008,8.3571449842098,44.66913025597921
GC,2021-07-31,212,20.230947994370343,124.95032777918203,60.99726272687628,220.74501362181942,10.12230415476857,10.12230415476857,2021,GC_2021,27.50195175285688,13.66087230076567,231.95465782717335,50.78667508236827,77.3877964247983,44.449016946814126,401.8288866285994,99.42368822530923,0.8503799658120608,0.9337750753307195,0.6740114030306475,10.047118395141084,11.004390882567161,9.100093530296165,44.27443172316362
GC,2021-08-01,213,19.35797137276772,102.5593666423638,54.733003950870284,198.88011943235986,8.704744546239365,8.704744546239365,2021,GC_2021,26.389577327808432,13.467627332428254,182.57155650937995,44.50801807858963,72.37261619181214,39.935508386208696,356.42320466956073,82.91270029924306,0.8350414030128199,0.9177356881276212,0.657772807942017,8.606044618149589,9.539035556373525,7.7233790405526905,34.81474589309931
GC,2021-08-02,214,19.7726888838547,133.1098852654599,60.91814681194145,251.76181608737087,8.82846105062614,8.82846105062614,2021,GC_2021,27.98328727336288,13.714379028892765,238.548401217179,54.75319756129033,81.58622742470291,43.75573574941206,463.4317502133928,103.54065311164088,0.861881029293209,0.9340642085440631,0.6663869101891268,8.702949748721313,9.660568079634121,7.725954160291276,21.370013539403335
GC,2021-08-03,215,7.1357544188,7.721058891799999,24.078665486000002,21.552933193599998,11.092204448496448,11.092204448496448,2021,GC_2021,17.873288202687473,0,39.68679360465027,0,65.35486667365977,0,111.39807574902026,0,NA,NA,NA,10.674787172188736,11.598109147330433,9.755488244957474,41.4075640097848
GC,2021-08-04,216,16.42888446745517,86.55876875956893,48.11757425947288,156.20524714575149,7.663819994800223,7.663819994800223,2021,GC_2021,22.431563891953918,11.332397467448146,157.20681103641672,39.188861606098165,62.51666503235601,35.052522088628606,283.5195587990705,67.41322179593955,0.8335421759077462,0.9202268565305121,0.665924935495746,7.609197410870439,8.51685488174476,6.692433953340051,41.807670467285945
GC,2021-08-05,217,13.658873075011648,59.36928620856079,39.528777273401836,111.82156709208861,5.693029683430488,5.693029683430488,2021,GC_2021,18.460638956675474,9.196019904697904,115.28284182418764,21.293438425578366,52.71229076788902,28.029625588554296,221.24705880529976,43.81990189966081,0.8046366723292218,0.9047842308447773,0.5690050243686687,5.646298689380128,6.587608255442521,4.734706044274523,39.877414357970494
GC,2021-08-06,218,13.522721791124718,70.05102317375207,41.671911190162206,124.63172649236257,6.2645181011441045,6.2645181011441045,2021,GC_2021,18.926291552830993,9.189742545135157,139.27508190506006,29.63761710791834,54.66403768692435,30.318001992483733,233.51990492535285,53.015032359177056,0.8275582964084288,0.9215253487584433,0.6429753754000661,6.2497525521026756,7.192461377719968,5.3225648584184775,40.66497050396283
GC,2021-08-07,219,13.072246917300816,65.32735530639027,39.953517421343875,112.35131445048708,5.827522605086498,5.827522605086498,2021,GC_2021,18.046225281203245,8.751564885427602,127.87292473886936,23.655139084858337,51.90308305723373,29.11074217216505,215.1338665279148,44.74982683983027,0.8207746280203249,0.9189652277002406,0.6040055512313101,5.785007100704181,6.72304268877522,4.8722102489877,40.516082118117055
GC,2021-08-08,220,10.848484471746536,37.879849415934615,32.02761559524598,80.41987617643215,2.839239424458732,2.839239424458732,2021,GC_2021,15.04479472276788,7.0697648213414075,83.63462668161327,13.57599151383055,43.764549519610846,22.866417760575754,159.3361194106839,32.75997540373196,0.7654672893288496,0.8912650180196625,0.5610204525165445,2.8731218525205824,3.7725466584825567,1.9381713416933364,28.168730885293844
GC,2021-08-09,221,13.75327034750333,66.28554840609307,40.240779782335075,123.17086220802899,5.789278478319601,5.789278478319601,2021,GC_2021,18.850976481257362,9.45803520779659,133.09906654610978,25.561093679832712,53.4347850310275,28.180076705962858,230.0716525798208,49.29534636207963,0.8234384599833919,0.9109881631598763,0.6206481137204882,5.74219047755853,6.705435352834696,4.79200856069453,34.126412303278265
GC,2021-08-10,222,13.527015242597727,53.086697209414446,38.64175541781015,115.61701330454382,5.64944261169651,5.64944261169651,2021,GC_2021,18.225851632061165,9.106696596077835,111.80471652483148,18.88065572815277,51.04937406299291,27.6305350778817,213.47346157319924,47.23879612357139,0.7892441600248361,0.9042268279352825,0.5553843866743882,5.624165025003456,6.563416813614337,4.704643594063729,39.28900416667092
GC,2021-08-11,223,14.996054756168364,65.97712438640568,41.351299922330334,132.82852591677752,6.701741954718478,6.701741954718478,2021,GC_2021,19.917410706074314,10.337697642829662,132.86777064014933,26.258940261678692,55.07390910736659,29.266489764811116,246.93747486291278,55.3611141320818,0.811775656240018,0.9099882503715678,0.5888994580108556,6.659555277484339,7.622748619067946,5.691017757944177,41.790583235305895
GC,2021-08-12,224,13.862585145418294,81.04756716907345,42.34724161017838,134.5801545730047,6.970816402651123,6.970816402651123,2021,GC_2021,19.451020700499644,9.956227404325833,157.03494649853081,32.90129468846427,55.71756243051695,30.46086687796745,255.87930050002328,56.56308772856445,0.8430229430664338,0.9282074741224295,0.6625634012335728,6.896400984477307,7.848198382592677,5.992697971208677,42.20139606697556
GC,2021-08-13,225,13.35888175153927,67.39252037660054,40.59604954429621,128.83532815568822,6.620354427931446,6.620354427931446,2021,GC_2021,19.127246591040386,9.245634471572073,129.38072310120572,30.218089685976715,53.66832240177719,29.276233301421218,246.12555188667778,52.75200230931558,0.8172205800518393,0.9186066701525859,0.6447351276023845,6.5694702100656315,7.457354933889683,5.6678462941754235,42.39834762080449
GC,2021-08-14,226,14.20786407566749,72.02556017561162,41.28278936553646,135.06679048962272,6.697452521197539,6.697452521197539,2021,GC_2021,18.834614656934143,9.498698447717898,125.81050202933726,29.41339111552927,53.8194533741281,29.64686707344609,249.3411764663302,55.7757189593203,0.8294245652927303,0.9102913698373429,0.6428241640835715,6.633635555197172,7.560915285397999,5.71423324837033,42.43504102699284
GC,2021-08-15,227,14.275769306533705,70.98176982970226,40.30537106373782,132.51293918961193,6.683927468682984,6.683927468682984,2021,GC_2021,18.99181199435022,9.94382136073371,139.23047438175394,30.871288497267738,53.05452321079064,28.618452988250848,252.2140594719311,54.143879245878296,0.8275255361338371,0.9155306597240207,0.6452903183112162,6.633199099188765,7.5547117087961,5.732460957786167,42.04930947585656
GC,2021-08-16,228,14.635486437354416,69.5474082770549,42.10422655179136,145.24379170793665,7.151255973878145,7.151255973878145,2021,GC_2021,19.931176247289983,10.08966716388017,133.84675093478467,29.715040654980626,55.201810252053946,30.165590887733746,264.4736665564988,63.70143308956161,0.8256465573697176,0.9145525729412085,0.6329589921992358,7.070797422354243,8.052516456398598,6.052815600832155,41.04779000978503
GC,2021-08-17,229,8.362828119,73.07734311714286,24.258802414285714,136.16268722571428,6.108032593955812,6.108032593955812,2021,GC_2021,10.919920700879784,5.805735537120216,159.41496225342502,0,34.97848969821099,13.539115130360432,313.5590838137423,0,NA,NA,NA,5.974844241013895,6.899477899951936,5.05288350743796,35.77435607021806
GC,2021-08-18,230,11.887627147477502,48.20256134128365,33.147985725673685,95.28024717206775,4.118003652825842,4.118003652825842,2021,GC_2021,16.492415381465065,8.421064260605391,100.30641331430577,17.541968279192158,44.65786143044952,23.13595478608355,189.07839558952102,35.83637765401685,0.7858102210103959,0.9024899107199258,0.5740234568982967,4.0985534377227,5.041940265974512,3.1783294480238564,28.563824493470197
GC,2021-08-19,231,15.992203451287752,84.51466827376416,43.69649076630312,161.2489778232443,7.2121431179645,7.2121431179645,2021,GC_2021,21.780765345114766,10.97140232535785,157.41044677237787,36.46287556982526,58.6542250269696,31.098823303393207,293.5036664210903,70.77775849323301,0.8336698082337118,0.9163289722063691,0.6727919865533012,7.12097520323268,8.050139476290372,6.183401912465369,29.464843201863296
GC,2021-08-20,232,14.095501485572226,69.73521959360659,40.53804684300541,135.2588899482605,6.790122390979321,6.790122390979321,2021,GC_2021,19.814450373097937,9.571185514377357,131.84137141993747,28.39861518204552,54.58045348292829,28.392191342566196,260.99168791564233,57.33002140471335,0.8319364295341969,0.9119653976035934,0.622432377324293,6.70789000559688,7.738166721525595,5.78288471365052,35.62862365225528
GC,2021-08-21,233,12.230720736693973,46.55604215115789,34.94451067036086,98.58829709904737,4.852154810091564,4.852154810091564,2021,GC_2021,17.28122375259573,7.932110992083225,100.69143859277374,18.176222799056102,47.1648487360979,24.4250754028769,199.26245190798267,37.15844098020282,0.7838851469969308,0.8961207821822853,0.5647104204503709,4.806907974775996,5.790112164027707,3.8131539928124734,28.613633190311123
GC,2021-08-22,234,13.184378831848372,55.16582908929329,37.593844135153944,115.87300223597117,6.125162386206608,6.125162386206608,2021,GC_2021,18.25918668132275,9.414060324782058,114.18184628181507,21.064391007749013,49.81184740759478,26.559394640385413,223.28623547555537,46.180323514679024,0.7930292445541396,0.9030768537369402,0.5766203285831561,6.093152012476224,7.012523722547448,5.144850953275918,41.75685795821319
GC,2021-08-23,235,13.730646659649741,53.59251480264912,37.82637743801391,114.91021039885031,6.3211482175986164,6.3211482175986164,2021,GC_2021,19.014291568759397,9.122483106064081,112.81137472634066,20.958627110485903,50.27961118381143,27.014787426713642,219.73849472839822,45.186965310656284,0.785496952308743,0.8950014618763791,0.5691533066486266,6.271157058599875,7.180390349720348,5.316813002823533,42.37888729279328
GC,2021-08-24,236,13.584778727803839,55.23096762213883,35.6999480530091,108.36589897693904,5.9110196066843095,5.9110196066843095,2021,GC_2021,18.365788380222053,9.387178068710233,107.05434543428493,21.735741388002424,47.49853411825011,25.05639688052963,205.2246024167823,44.01764492573486,0.797502975584733,0.9008755788134533,0.5845607117368171,5.847925212208606,6.780742244256103,4.928354341988573,42.77585621297522
GC,2021-08-25,237,14.264435932014836,56.80219698662731,37.164628200004124,124.12988511208685,6.311657906243582,6.311657906243582,2021,GC_2021,19.667830752382017,9.896273027002234,116.33309110463668,19.748603204902114,49.73051327037971,26.072861438847983,227.60762488168066,49.6490975144474,0.7920458762136176,0.9017163383898146,0.5379820964376811,6.248928339353823,7.190823893129826,5.32895037082403,39.30359144995715
GC,2021-08-26,238,14.384987266089363,63.60117437164332,36.48385643718655,114.02231014232741,5.932889740830537,5.932889740830537,2021,GC_2021,18.96918901039859,9.863678524724042,117.06755426293212,25.05823010536582,48.75681270405373,26.254614375556134,218.2045167722955,47.43213553832285,0.8112207762885388,0.8983351715882237,0.6060349442680162,5.8599436558217874,6.837656787459664,4.9424516744333635,34.64346538053593
GC,2021-08-27,239,13.013353603178887,48.718515829944046,33.90166058874811,102.1950995851818,5.1191083992681286,5.1191083992681286,2021,GC_2021,18.30037292261695,9.14489049115315,101.80668352611298,20.874957259154,46.37444749187366,24.04273833615122,199.7034302535453,40.49567632374235,0.777417061977264,0.8920639587397476,0.5629157505705195,5.067506340714022,6.007411578182728,4.11756740568175,31.46460718076198
GC,2021-08-28,240,13.803442451055473,54.15996209663451,34.74740305201508,101.31697748532456,5.689610769250406,5.689610769250406,2021,GC_2021,18.927965642240522,9.34956616899758,103.65961403261845,21.394142595014166,47.38677675799886,24.38029475858907,199.13769189189097,42.549042580470335,0.7750558180311389,0.8919264445980322,0.5876801408705619,5.637558071989194,6.561458227867945,4.630002780574984,38.34760032715452
GC,2021-08-29,241,12.31916786443179,50.49568606833954,33.21088600333513,95.94708223836018,5.329680289797476,5.329680289797476,2021,GC_2021,17.37165473291565,8.366967519745165,103.09856070957764,17.107819267204274,44.261419467700875,23.348410845460528,182.8383232689054,39.075844203295134,0.7953996182057523,0.9041141401678304,0.5385088936792957,5.28212164379943,6.206894184269007,4.353100286675302,40.89673629355686
GC,2021-08-30,242,13.459628047886524,53.678550612609186,33.56672637760756,98.57971996470842,5.560830215546317,5.560830215546317,2021,GC_2021,17.92216808511973,9.370215421435947,103.58020291241573,20.97535555029665,44.819926511906,24.26344462548462,191.45528053466708,40.49886369374394,0.7905943454574609,0.8920783099977028,0.5869929673478521,5.526812383480204,6.442608820560599,4.603489307198103,41.38505391834587
GC,2021-08-31,243,12.053345282771025,43.9775743418762,31.235485425360746,84.21153819968438,4.838039754344281,4.838039754344281,2021,GC_2021,16.71879431257896,8.296118862087495,88.37586156592812,17.05300754317691,42.20901343853271,22.349923504112642,171.38572624703417,33.30973366882564,0.7727673561260697,0.8972606142367235,0.5505918429201853,4.816116372477213,5.7105974193510844,3.868027191169915,41.62902105152124
GC,2021-09-01,244,11.290220060788316,43.10305192470371,29.27175685187944,78.36618138804873,4.372854201262677,4.372854201262677,2021,GC_2021,15.42189193328504,7.968532918172545,84.36914358106267,17.443247000859632,39.17004170792537,21.266059195232803,157.3635133062502,30.827053325114495,0.784354719845894,0.8903321282217576,0.5795471085896179,4.341114276380813,5.299191803801607,3.4297433184657797,42.422301544499334
GC,2021-09-02,245,11.649079022171337,41.54301393408037,30.4639087277848,78.93638931505244,4.663069918935316,4.663069918935316,2021,GC_2021,15.689095644758948,7.788572696036282,87.07020546429706,16.23400857494917,40.893713199562285,21.67345391882083,156.86317952902547,32.680004312372404,0.780525280734939,0.8850859529649291,0.5565313047374101,4.644595577832592,5.549275057768466,3.7154922910670325,41.5806394806914
GC,2021-09-03,246,11.976202935011424,44.33709581602346,30.013858202812788,77.80150719667807,4.529001279753117,4.529001279753117,2021,GC_2021,16.177339361776976,8.31038209909683,87.48807613205227,18.01626614560163,40.344790916870075,21.476249554877185,159.23741285113206,30.014346924520577,0.7781849772369664,0.8835853980915329,0.5654778614905339,4.5014472354834325,5.420633551492499,3.5641832338464665,41.50064566270187
GC,2021-09-04,247,11.721903648342527,42.17718074731986,31.448774352588895,83.31019911508105,4.8622363589061885,4.8622363589061885,2021,GC_2021,16.811969326989455,7.84552864227019,84.12222595784513,13.8984558928137,42.23101798018876,22.089236623944455,163.93068503093176,32.66284923997984,0.7516565837884963,0.8883463496293573,0.5056987021246911,4.828672247037887,5.764912819168506,3.8906428916938722,40.3751660299749
GC,2021-09-05,248,12.40946650046136,44.99559199391167,31.315127457522546,85.81149943728751,4.999289556256244,4.999289556256244,2021,GC_2021,17.069660431442053,8.442270299710257,86.73369397362377,17.812506639629603,41.81636694709054,22.141243523274618,166.22926031554792,35.096171527641474,0.7652449826817405,0.8877831718806048,0.5578398823288081,4.944596353513516,5.857009444503837,4.003800476151791,40.763349282038035
GC,2021-09-06,249,12.104317777240015,42.09291966197426,31.750164815981545,81.51704322671435,4.921488799495859,4.921488799495859,2021,GC_2021,16.283201800613845,8.401450310050135,86.3211346754106,15.779593634695477,42.33570533536318,22.47045579831334,164.6853291192835,30.33175458536608,0.7744852996892886,0.8859179599716827,0.5327737518629944,4.869069238327031,5.824483997744455,3.9546907611800197,39.13629869883727
GC,2021-09-07,250,12.026765648424798,41.77182322923888,32.57116144112096,84.17830063475937,5.265161814687933,5.265161814687933,2021,GC_2021,16.69802606357471,8.634478973257568,91.17366228113343,13.466311104729986,43.78043057151345,22.625626339720075,166.98029825244362,31.827142077480328,0.7637217455820856,0.8888357930838948,0.5168079715647644,5.233468291926482,6.151330465888985,4.2769667646703,39.49530231001344
GC,2021-09-08,251,13.026045706226988,43.700742618372665,32.94064185374109,92.92517430753709,5.583893369856588,5.583893369856588,2021,GC_2021,17.21368756642346,9.081920308221212,88.33652697510065,16.513040813000703,43.37273454209502,23.21638479434137,171.92085199820238,38.76695459300348,0.7615699996531173,0.8863168344957174,0.5310163575848381,5.524997546612618,6.4401957671338925,4.578170439727896,40.80788784469465
GC,2021-09-09,252,9.9282590479,72.849105287,26.550680215200003,170.44926516299998,5.449391659905939,5.449391659905939,2021,GC_2021,21.312622966018527,0,169.20955946549827,0,59.755449657419724,0,380.84286198924065,0,NA,NA,NA,5.381902478576699,6.308557161250351,4.454827974472308,39.02839595282104
GC,2021-09-10,253,12.901197458811959,42.295360490123485,33.67441314702534,82.60523641957924,5.316400808134965,5.316400808134965,2021,GC_2021,17.5883310550521,8.865153208556757,89.15632105599695,14.476657529482322,45.569603163918444,23.446503549703973,168.62988719394158,28.97196122577767,0.7571325597006074,0.8869077771351968,0.5033917345466329,5.254063669497677,6.155519822733794,4.320242017180189,35.06701305650954
GC,2021-09-11,254,13.623772350261836,46.449504437030434,33.81026266323243,85.64649039512169,5.498982953043486,5.498982953043486,2021,GC_2021,19.245900751674483,9.336506221509888,86.27821246963126,15.58964266782139,44.589849660658956,23.144960759716223,171.07989614211428,33.6600109929973,0.7484783407061002,0.8744662701955571,0.5152986142227088,5.426757437290034,6.360394067744845,4.477359794330497,33.9625066599096
GC,2021-09-12,255,12.931802794697292,40.069914247753196,33.048965742412015,81.453455164934,5.025280938065388,5.025280938065388,2021,GC_2021,17.719212175317995,8.72920148163488,82.28463580379196,16.27917049075939,44.94589974888611,23.268120753868363,161.679130474144,32.0687581711614,0.748350920762136,0.8711202601545849,0.5306966098884693,4.961838676516269,5.900737296317999,4.019349675972629,32.40314484463861
GC,2021-09-13,256,13.067851097406836,42.08257963565604,33.12507033676854,74.99165577549117,5.2272415245421024,5.2272415245421024,2021,GC_2021,17.41947554916829,9.005647902406597,83.66830401321371,15.982049290385397,44.50175993159176,24.17172629179662,154.3046078990621,29.896294974979654,0.7620383466673656,0.8675053987838961,0.5159179516354088,5.168648829452301,6.1184193784148055,4.2533048880668085,37.954192893483686
GC,2021-09-14,257,12.812713281640306,32.8736901445621,32.21474495485861,72.0677151565844,4.862575320141451,4.862575320141451,2021,GC_2021,17.555442340004454,8.929080645865435,69.51355325978707,13.696564703801645,42.531583668164465,22.521322040939427,145.66522144369802,28.982891787175973,0.7129589344858851,0.8576292539646925,0.4817593488925245,4.790542374712201,5.726163271132659,3.893153759083508,38.24273711145312
GC,2021-09-15,258,12.56565508263607,36.38536429565116,32.21149627109929,66.07652156945203,4.708769478512632,4.708769478512632,2021,GC_2021,17.1597359656143,8.451119079929368,70.69182406168274,13.30504438803757,42.794378511683405,22.446118683874598,136.03192386903598,24.60500166440213,0.7304757866459222,0.8644684993166512,0.48393142629889857,4.667930485407222,5.589767591323496,3.759248389043192,37.89683883662726
GC,2021-09-16,259,12.170881793716173,33.52072972941184,30.821447959649685,61.78968932631875,4.3708844217537175,4.3708844217537175,2021,GC_2021,16.692120221328718,8.202943977201162,71.63617297810643,12.71977607793095,40.75177221774599,21.479747613130392,127.09940542612357,22.861429960421383,0.7268146336637562,0.8618632748157571,0.4921892841722092,4.361293363339021,5.257611914129301,3.4166435843477294,40.83886256808687
GC,2021-09-17,260,12.056275203658013,29.942967594254757,30.980231824704017,64.52615282316894,4.387738771820047,4.387738771820047,2021,GC_2021,16.76416125173355,8.13218309729565,66.311760723047,10.368646726240536,41.20795421206328,22.04577927288571,132.7150995874544,24.619633283751593,0.6983181448584157,0.8523967842100201,0.4410790015976841,4.351140279894952,5.238003467187426,3.4167303375377736,35.97479321359952
GC,2021-09-18,261,13.30487531045287,33.042083376782664,33.57597636803302,63.72046100776003,4.966340665636222,4.966340665636222,2021,GC_2021,17.933677253154794,9.405742350780121,66.58732513986473,12.344576862309182,45.685492927751355,23.49247974664075,134.2761543402036,24.562864676606427,0.7029553541993565,0.8431833124144206,0.46022513801700937,4.895029953161842,5.807969582930527,4.0208752770079625,36.22638486921917
GC,2021-09-19,262,12.891204985992898,30.483666097965898,31.945132337547047,58.19123375427139,4.053080987748133,4.053080987748133,2021,GC_2021,17.22088456237163,9.11057762329519,65.04501076492633,11.950250441017637,43.42711000026612,22.407770436194877,118.96243339945109,21.883404462018667,0.7011227095690433,0.8441047049703981,0.468060678273459,3.9992922307001417,4.920016739880969,3.0779665964040306,28.034145228477676
GC,2021-09-20,263,13.938016729217525,30.69622378460652,33.80998024941156,61.53146196427894,4.263294177732449,4.263294177732449,2021,GC_2021,19.306732076840085,9.425868391124277,64.63954950439187,10.81332027622495,46.23724455409546,23.516710416296977,128.35353737287986,24.26303969828025,0.6837547545945013,0.8376076451650513,0.42387007063080995,4.227428804169275,5.108390188638397,3.2979440478522317,21.877364315612255
GC,2021-09-21,264,12.585268119128735,30.3226739814932,32.23246046165019,56.00500442345254,4.462017703209674,4.462017703209674,2021,GC_2021,17.62400719731101,8.741706638874874,65.54285656732475,10.700381421873502,43.046904734675195,22.616304240942913,116.4887986676452,21.381931177148378,0.6996057599386316,0.835581674963484,0.4511166770763885,4.42555503912738,5.355721910951216,3.5119714424428383,39.161129568367365
GC,2021-09-22,265,15.26157335199313,30.50025283556074,35.79896145011796,61.32712435540194,5.393633796779077,5.393633796779077,2021,GC_2021,21.020326101175726,10.69259142941749,65.96140199992516,10.599629419928782,47.72947914059109,25.59651846441312,125.26527616973208,23.578900074635666,0.660596334785402,0.8283515575674951,0.4032706977337303,5.323772340624517,6.259576156212127,4.384739848415194,38.012567223839824
GC,2021-09-23,266,15.38053700248877,32.16888567535585,37.919108269718954,64.03999585310184,5.6770191726034005,5.6770191726034005,2021,GC_2021,20.96581947254574,10.209082910416077,62.01184421602639,10.860307387140098,50.28086898010383,26.991475971207958,132.62714164028216,25.041145628449133,0.6576862768146974,0.8219103921346689,0.40537224395758087,5.61646982120099,6.529166433243625,4.656675481348279,35.39910822919458
GC,2021-09-24,267,15.276699821451276,28.07428673585086,36.11888097511025,56.912312840814074,5.241314036775066,5.241314036775066,2021,GC_2021,20.079207125622656,10.597040333934062,58.34776382195879,10.417815328470999,47.702771675614734,25.71122017628028,116.38433388489828,22.560097978737158,0.6562942576970456,0.8118126839107476,0.38735888769776006,5.1798067501650635,6.1087992918841545,4.257907474498855,38.07873257502285
GC,2021-09-25,268,13.728253572521451,22.15434469794219,32.199204912789206,53.19405557884523,4.390721611129415,4.390721611129415,2021,GC_2021,18.374412610623622,9.8177433444973925,50.15566699713416,7.703583436212216,43.70320870288049,22.530075516609283,108.13548066980921,19.438251363360873,0.6144516491875804,0.7873538968936554,0.3689160134826005,4.3556755812088905,5.26740248295887,3.443646718994,37.89523322321896
GC,2021-09-26,269,14.09122499558683,23.001979500533704,34.872786823936494,53.687848955215806,4.757593351234736,4.757593351234736,2021,GC_2021,19.1827705599143,10.042795596154074,48.77335622518204,8.163865216288034,46.068561372009185,24.416385893087764,106.2381161676973,20.525100275579536,0.6102164511980213,0.7966962553861205,0.3662573637411053,4.6975360618730875,5.607606072901486,3.781917445426963,37.97462314029815
GC,2021-09-27,270,13.687512927315497,24.999414527555864,34.48834790164086,49.81017496673494,4.65345467585186,4.65345467585186,2021,GC_2021,19.0155947633048,9.197727740041703,51.6670764647662,8.779107559530054,46.13657359534527,24.608975852520633,100.11508041768299,18.964091837370606,0.6317473040563082,0.8013413445893974,0.38801181915687877,4.616192555562611,5.533006918461995,3.579368451922709,37.70075452072667
GC,2021-09-28,271,14.068863171200165,24.045497367464606,33.48054864722892,44.92799932806884,3.3846291531309385,3.3846291531309385,2021,GC_2021,19.401746954912014,9.720481760279895,47.07101321491227,8.225562578819524,45.97727876265405,23.25148657554698,94.4155645472625,17.44361059924099,0.623503626451554,0.791397812700197,0.3637704523656007,3.3601461520480824,4.271507003618531,2.411035781500012,19.79272817099455
GC,2021-09-29,272,12.782706112893024,19.119624508204392,30.94638052586308,42.1948860492547,3.796493015993879,3.796493015993879,2021,GC_2021,17.128936537772496,9.17439639985821,42.13671860646383,6.44976420253498,41.89083327471396,21.974679497610385,89.5916369425739,15.80115210916762,0.5992801045113909,0.76887846431701945,0.3424150791609962,3.7827482637270338,4.696275835333532,2.890153861598869,38.00848491215664
GC,2021-09-30,273,13.06736598451638,19.58014436452468,31.523868202225398,42.3474354091347,3.700238144014595,3.700238144014595,2021,GC_2021,17.70134601454861,8.796956489400817,39.387161351451375,7.654746616057339,41.24906291847943,22.605771428450225,85.97601624185477,14.544203493275706,0.6048268209551853,0.7624061013926489,0.36505960935828485,3.6903269959641714,4.624670788079452,2.74115180207698,37.3054338987989
GC,2021-10-01,274,13.089461754005674,18.46316608357567,30.35644180978935,39.346908244906665,NA,NA,2021,GC_2021,19.509284233855425,8.361614603590672,39.042172405163626,6.194424778426347,45.014182067615856,20.007138844155172,84.91056753718692,14.365973384883862,0.5796737362949417,0.7743000129158695,0.3074592422046253,3.2539459992174318,8.896938614684828,-1.5470570599470026,32.558279751786635
GC,2021-10-02,275,13.330313801509972,15.716427866904795,30.691123157866176,36.597690141294024,NA,NA,2021,GC_2021,20.152139805674558,8.814526253297196,35.82664649450776,5.860929418575457,44.58434031828954,20.880667191401166,79.32477718045958,13.030527998961336,0.5354726428773038,0.7438761476708821,0.2860225512260512,3.5153177242645812,9.578915027599724,-1.4958149674567833,36.42895987403681
GC,2021-10-03,276,13.326523071752407,16.516681278592312,31.511589761745082,35.548862634559775,3.707329417398499,3.707329417398499,2021,GC_2021,17.901417532853593,8.88184022973327,37.01723711098753,5.098163294347917,42.33128536062856,22.079782161434927,75.61042194214578,13.375524501118495,0.5525626352303401,0.7694404562890993,0.2789535506654214,3.697104575978484,4.659990015388385,2.7423766543361268,35.374488314782255
GC,2021-10-04,277,13.73782751146557,15.013410452707166,32.86766499823439,34.295186522717025,4.015077996844493,4.015077996844493,2021,GC_2021,18.903174272877912,9.480280966578595,34.37721842712411,4.707263111095157,43.684370428223104,23.413995613921653,73.16101023680653,12.786780810625642,0.5216988312120389,0.7298662735557064,0.2553901574890815,3.9892043070229324,4.928244167846408,3.061046264848474,35.4224094649954
GC,2021-10-05,278,14.188048185722428,15.266468463230343,33.74971874812953,35.47532087629508,4.326230740835897,4.326230740835897,2021,GC_2021,19.102351302859212,10.264798939059556,33.30891572577402,5.346249756028977,44.6900370716725,23.855242019073447,76.44974283951304,13.197641983496322,0.5126028444185791,0.7103577889701937,0.2771935669603071,4.294482411406342,5.210369645117343,3.37961126244631,35.48066085833875
GC,2021-10-06,279,13.540875653858993,13.950980404515011,32.64607041849768,32.799715329576294,3.8747374922936313,3.8747374922936313,2021,GC_2021,18.25273082009098,9.272011849597346,29.607122993024458,4.4850662682299705,43.514542390887115,22.914190120415306,67.95768094005032,12.04913170088854,0.5075475399826342,0.6997640884508891,0.25657427408312156,3.8433836432968134,4.778274859824799,2.885727273206632,32.99880105447396
GC,2021-10-07,280,13.383673394716615,13.017071167141067,31.475215469997334,30.390138363293833,2.9438661361882894,2.9438661361882894,2021,GC_2021,18.5168277929765,8.895102277041621,29.292186005192303,4.418051508626798,42.965393830445116,21.681083795704804,64.8808229396606,10.116303851492647,0.49221418090782987,0.6979007459375662,0.25584687318560106,2.918209286489505,3.8344483785709556,2.021685402407783,23.396985748074307
GC,2021-10-08,281,13.270593885634947,11.601731709717544,30.63926946949272,28.335085604557587,3.099922242329587,3.099922242329587,2021,GC_2021,18.00526024534515,9.309494247752678,26.178549115694484,3.5238297165112824,41.93173818039478,21.081254330360952,59.96738908215891,10.360021471941614,0.4670216292219591,0.684362206258573,0.22395003013240755,3.070227389732445,4.0230435329995675,2.1668864167257125,29.66442046562553
GC,2021-10-09,282,13.714541601187003,11.132190961074329,30.14567418167673,26.035575490058402,3.2538087898512313,3.2538087898512313,2021,GC_2021,18.687506555030975,9.207973450693535,27.237992440854146,3.7919433567559775,40.72258602734532,20.979235329842528,55.1364915090243,9.397967083276303,0.46559912470886367,0.6871580528680319,0.23133505761761916,3.239804745555367,4.1756893560368695,2.340248369124601,34.453153522541854
GC,2021-10-10,283,13.455033513831035,8.878599198211841,30.70390820378729,24.980129094297443,NA,NA,2021,GC_2021,20.07956218703285,8.369397745084791,20.456835457910078,3.6290845376864427,44.44312104475953,20.20944328908454,53.73739252573052,8.448959035465567,0.41955475006946735,0.6249940758485286,0.20694086003657164,2.560180970710017,7.637599750637364,-2.121368068831813,22.510616920191573
GC,2021-10-11,284,13.818098079988873,8.644645058588244,30.76620426961524,23.306944568750755,NA,NA,2021,GC_2021,19.9473042819657,9.066487588974796,20.870991199166657,2.714200954949142,44.16788496490557,20.308696293551424,52.38600680120238,8.09369298224704,0.39091714159722263,0.6216108945473131,0.18198633581325996,2.7702053315188664,7.8695892361564415,-2.016636937384029,27.01866737780679
GC,2021-10-12,285,14.476940424868461,7.658601874881065,31.65038866843022,22.360833472415262,2.5299182138362415,2.5299182138362415,2021,GC_2021,19.738782562349293,9.681808981358133,18.84949193464177,2.791367526452423,43.280793694073644,21.563601563331087,48.234654870285766,7.04685108847595,0.36121805430807885,0.5866504263190169,0.18203292097817386,2.501670049420184,3.419103493021845,1.5084935230236303,16.9668790425093
GC,2021-10-13,286,17.5136985808,8.354056160399999,32.5674969296,22.160710138,2.555072520469987,2.555072520469987,2021,GC_2021,42.238673572620044,0,33.73115761765835,0,84.89920025410484,0,91.12396326722269,0,NA,NA,NA,2.561871240894033,3.497419084332808,1.6391280117100668,31.568635919988505
PL,2020-07-13,195,6.905179251080489,1.311519800948808,15.278063965668666,3.220587243133392,NA,NA,2020,PL_2020,10.915743194444666,4.269757091218355,4.673906711233192,0,23.276671547706385,9.908254554008275,11.771682351469224,0,0.2103142726550017,0.4012719878800842,0.07265011147974765,1.9340577666295748,6.827064490386976,-2.427608270166143,48.477009966038615
PL,2020-07-14,196,6.933653084929135,1.1340695192936876,15.202164897408545,3.194466221614847,NA,NA,2020,PL_2020,10.431349289604688,4.287093266018808,4.118356239310061,0,22.334654885661696,9.573315368052175,11.43411928707575,0,0.19556988583485901,0.3941375481134859,0.07236007933744859,1.8431649869259237,6.8376357471684,-2.797989007503832,51.923927751959226
PL,2020-07-15,197,6.571370287864242,1.1552591740105267,14.85453456333933,3.402305134729637,NA,NA,2020,PL_2020,9.831313439275883,4.152312010986476,3.5694658606480543,0,22.305976208760008,9.235615979968765,11.14264288831665,0,0.19819440731478344,0.38055421464653366,0.07387155952745265,1.8014350431541013,6.536823990374837,-2.6780498350271005,50.760160014484896
PL,2020-07-16,198,6.6418225763286785,1.2874029991000415,14.328405763502618,3.6595503453344116,NA,NA,2020,PL_2020,10.106214907089525,3.96160575294621,4.026617270337073,0,21.63409129481662,8.778214480631904,11.539313749384853,0.03032743569683749,0.21409445825006346,0.40408150902285955,0.08047913896667405,1.7697328304714801,6.735815475696783,-2.898271215897286,49.97478123729756
PL,2020-07-17,199,6.245954759105003,1.0695834366802093,14.311580266523542,3.8835608055221376,NA,NA,2020,PL_2020,9.51212304133811,3.9128257685560888,3.44701063467254,0,20.760633997670425,9.13139736101689,12.073576839576614,0.03205652260002889,0.20100814622913532,0.39742566852976124,0.07199649150476573,1.7018217959052295,6.323896403705275,-2.636384459408511,47.042445324611606
PL,2020-07-18,200,6.622102435017903,1.240595069990797,14.023337592643292,3.9765934931385085,NA,NA,2020,PL_2020,9.317422336761643,4.095460918826747,3.778654905371556,0,20.51479519410398,9.046634552919892,12.244142360372813,0.22077172980682835,0.21054123725426085,0.4060499204585554,0.0803300385499641,1.6538512418387206,6.436033794075883,-2.5274855541736603,48.865663523614934
PL,2020-07-19,201,6.284379610422524,0.949138962483651,13.472090314621317,4.195720953627468,NA,NA,2020,PL_2020,9.609509531853254,3.7629077857057283,3.2616650863528838,0,19.747701122057727,8.71718049645077,11.795031874207831,0.29083690649115157,0.1927603786691136,0.3944306803721689,0.06555948949527303,1.7019416527140616,6.189577421356994,-2.6879875487764235,48.76842620471552
PL,2020-07-20,202,6.180544830715293,0.8234250265813325,13.316698845630727,3.9764459902573432,NA,NA,2020,PL_2020,9.481086410248613,3.561780365359863,2.807880802223462,0,19.6882297344926,8.359767432345075,11.665879053083412,0.2930525742457113,0.17073342906529113,0.3616217765670407,0.07432123112389838,1.614054053935088,6.2213736926047405,-2.6798921985812854,48.07167773312518
PL,2020-07-21,203,7.5781730642000005,1.0602146592000001,16.751836016800002,1.2584926909999998,NA,NA,2020,PL_2020,26.560023446589906,0,5.7068102746774265,0,64.02283498147303,0,6.774080095274769,0,NA,NA,NA,1.7821995992170452,5.921526834268759,-2.4503151428330106,47.59987849919606
PL,2020-07-22,204,6.1972183019422555,0.8852043308765671,12.543045407190244,4.763126600269096,NA,NA,2020,PL_2020,9.036271968832542,3.787217005282666,2.563571733584439,0,18.441299738173793,8.100531188887935,12.519742599804204,0.5531147134926768,0.1835316539422923,0.3483928838722844,0.07410260893532215,1.5298189194093483,6.028954780901999,-2.8699846832532807,45.582825738288584
PL,2020-07-23,205,5.873945645360439,0.9614129933119107,12.193890551790338,4.664141149415286,NA,NA,2020,PL_2020,9.163871766512234,3.55246970704452,2.7794179051314547,0,17.717012457267117,7.958093405436854,12.60200699828682,0.48505854808767923,0.1871368113960895,0.3713780274666719,0.07447585618986434,1.3044141361908408,5.7384278936917665,-2.9404063969660506,34.62158532427666
PL,2020-07-24,206,5.579415965066571,0.8677775224253734,11.786798782914124,5.101952839736127,NA,NA,2020,PL_2020,8.29548587376271,3.5419652977584777,3.1207834604461784,0,17.204069196045136,7.6682524699330354,13.550056550351117,0.7230148150192761,0.19280290060125777,0.40692688381260766,0.07033259086309551,1.5479078708731613,6.024552165528127,-2.870008300672964,47.59549699754076
PL,2020-07-25,207,5.417714230275046,0.8385007647958569,11.717734809260685,4.702943529038848,NA,NA,2020,PL_2020,7.976519348349526,3.4137617771525433,2.41890558986277,0,17.171676849637176,7.54375640132662,12.627610553096188,0.6226142108256747,0.19940435263106127,0.3654638908091206,0.0764015342314626,1.4144361163685542,5.827608649476689,-2.948260450637794,48.073542081686846
PL,2020-07-26,208,5.152585723506104,0.5990454601388675,11.608328804780443,4.975155466595357,NA,NA,2020,PL_2020,8.112600251874976,3.026497387305506,2.5808637075994234,0,16.719035388836108,7.670792636045533,13.197926185407837,0.6882695777206886,0.18140436295795856,0.3752526530361504,0.05921628129943535,1.434129332524075,5.836696010629877,-2.822362733958763,47.687594655346835
PL,2020-07-27,209,5.288307129788946,0.6104498901179356,11.093559915695257,4.81607563252687,NA,NA,2020,PL_2020,7.887288332425352,3.239734379402416,2.4420459908796364,0,16.468805014645866,7.28941211127032,12.517446757580531,0.6047269431972468,0.17514764489139725,0.36613757666367136,0.06578760217521805,1.2950764637398124,5.837619163738098,-3.6622572423208792,46.68544320977475
PL,2020-07-28,210,5.2247635771060095,0.6026376594142151,11.255439837633803,5.271900116276052,NA,NA,2020,PL_2020,7.763508718587858,3.1032046760183665,2.4026235903141187,0,16.68183282567645,7.013335287015028,13.2033169349347,0.8241994909246366,0.18649203175428392,0.369471683105813,0.06433194359971862,1.1996593086647143,5.558785809569907,-3.0209842109666663,35.4597854699117
PL,2020-07-29,211,5.123719392361401,0.8506750832757217,10.935368506590423,5.17829739100773,NA,NA,2020,PL_2020,7.641362295959172,3.175917142028287,2.8919912415166973,0,16.19845667507581,6.663759823727476,13.024762976716023,0.6558587209461098,0.19790732066146846,0.39248407201845237,0.08377364504476895,1.2434237372121655,5.815998444987687,-2.9552595424154675,39.430464174119514
PL,2020-07-30,212,4.838324770466564,0.6941666459042417,10.68578585247181,4.939362658584505,NA,NA,2020,PL_2020,7.125467513149911,3.0335553026296997,2.52473276264334,0,16.060880080951133,6.688113697514838,13.165157511112087,0.7572410678918455,0.20043968408010204,0.38712665302798477,0.07375042689475335,1.308034963984353,5.878553619042232,-3.246482092558816,45.68713374740963
PL,2020-07-31,213,4.923778275783309,0.7872206020414971,10.530659840359714,5.466399222903709,NA,NA,2020,PL_2020,7.239427178915054,2.924143709311259,2.626846682021701,0,15.818020986555974,6.585248541601901,14.34107869263795,0.7906267402525691,0.19524533382935325,0.3891073323098598,0.08081496687542251,1.3471440906303966,5.926781352276816,-3.035788424490893,44.507514793870385
PL,2020-08-01,214,4.940217952488516,0.9567316783608522,10.625484649448435,5.253611246693334,NA,NA,2020,PL_2020,7.018558258380188,3.098213681484218,3.263308816901713,0,15.980276960942101,6.746004652936383,13.860570121563008,0.7855137997743156,0.2289613969616369,0.452347977679741,0.08523155911258137,1.2232427026931558,5.601951247456201,-3.081970845402265,40.39862435180051
PL,2020-08-02,215,4.758741668202428,0.9849910320251636,10.386152395222643,5.852145611059161,NA,NA,2020,PL_2020,7.1749805359488485,2.877054126054479,3.1663456346759977,0,15.77741328263445,6.493876779003891,13.758964032982066,1.1994200478083514,0.23671984565492304,0.4174830424553161,0.09547546191568913,1.353695989842686,5.788808329314164,-2.960456141875418,43.90981491037755
PL,2020-08-03,216,4.546194338010836,0.883528793431805,10.575639000307318,5.008897205370072,NA,NA,2020,PL_2020,6.862272264095365,2.776727542697852,3.0979934001579714,0,15.64639642259162,6.491993442421466,12.911493024553913,0.7467535749136816,0.23721158268756812,0.45014612697794243,0.08460392316916021,1.2740789627939026,5.789146617453736,-3.0385849103284226,40.92878337052289
PL,2020-08-04,217,1.4558270324000002,0.7344804244,3.1490848865999994,17.02103943,NA,NA,2020,PL_2020,4.403946504494761,0,3.9534828123185397,0,12.68025246473389,0,64.71526487461107,0,NA,NA,NA,0.6236405230864702,4.770059197185411,-3.511788217783625,43.90445031883362
PL,2020-08-05,218,4.706470173458443,1.2103855603032285,10.889124343345067,5.103949477408346,NA,NA,2020,PL_2020,6.867236468403356,2.9258014321598402,3.3655604786846958,0,15.98796797568057,6.850960359349729,13.173396617237941,0.8625764111240319,0.2673275650570037,0.4498626025811774,0.09983490717575291,1.2724126505391944,5.679157814162852,-2.969240907737013,41.180327274475424
PL,2020-08-06,219,4.941579395197384,1.2074400717407239,10.591548997443393,5.107339915979775,NA,NA,2020,PL_2020,7.102603394513198,3.0229057808943653,3.8457730478689145,0,15.956648562413237,6.750532173262078,12.983194592152222,0.7438234968768551,0.2562291996413735,0.46139515732640524,0.09622198110013706,1.3489194788553591,5.787197268960471,-3.091594520491302,39.01882581055053
PL,2020-08-07,220,4.801580867439509,1.3482438178247704,10.71493432392072,4.716165982489301,NA,NA,2020,PL_2020,7.174009256251883,3.1085961249151213,3.5998437222440973,0.07781172995184737,16.049380949670713,6.672214981301572,12.434285355829406,0.74913184203744,0.2739257640554471,0.4614381133777059,0.11492738437167153,1.3506724710024343,5.633952260351376,-2.9076084905118282,43.18946890665047
PL,2020-08-08,221,5.5666326632525935,1.3345554482969797,13.482667524671122,5.272091366525995,4.231490096536159,4.231490096536159,2020,PL_2020,8.09326377786927,3.636647455028865,4.305903520976822,0,19.640995771892616,8.76549114490087,12.6558829450108,0.8008534722815162,0.23719695359136223,0.453484192377059,0.08429394556365868,4.106000280700488,5.030032247256737,3.1850474406666054,42.89187364552412
PL,2020-08-09,222,5.857169196136346,1.8664868907829593,13.345752067714164,5.300332761298218,4.29751648252942,4.29751648252942,2020,PL_2020,8.482240032050585,3.8343016550218154,4.868774646816352,0.2653917381212495,19.659593204703913,8.42332474305868,13.022615968659952,0.9025793727401292,0.27923080588114124,0.4866111998793312,0.1213898896838357,4.175984819456916,5.180880657195296,3.199206810618902,34.90939896801075
PL,2020-08-10,223,5.95447703669926,1.7702797750984771,14.222799312984012,5.289340052012234,4.227886361499816,4.227886361499816,2020,PL_2020,8.67794753253794,3.719951990331867,5.082991273469584,0.3104139151469325,20.263137316582842,9.188466648273751,13.425720739261301,0.686355473510091,0.2800477639662817,0.498168261727186,0.11718393452893783,4.100205401872266,5.028422579032033,3.170959597446498,43.090420764651384
PL,2020-08-11,224,5.736468786366861,2.28565322944886,14.10938701343556,4.643074135427211,4.130913597067679,4.130913597067679,2020,PL_2020,8.44714449481333,3.5439407563474967,5.535973733504962,0.3471627817514944,20.313585608358736,9.125254422297687,12.592692208348456,0.6048644852915932,0.31112752655232245,0.5289359732758855,0.12688699417782062,3.9923801597625177,4.923700469538508,3.0905038075516997,43.07514162697521
PL,2020-08-12,225,5.839446770120616,2.3314253480140916,14.028780489558953,4.426928641350919,3.5113182133696794,3.5113182133696794,2020,PL_2020,8.231227279356963,3.715761938266885,6.06688255000043,0.32438580089790836,20.050734436041022,9.07335749636163,11.350935342834335,0.5537107113262207,0.32296129464485,0.5310369520097593,0.12934722873684223,3.41249177848945,4.3126965006567515,2.4745425697750014,37.228399143264745
PL,2020-08-13,226,5.804928337388671,2.727103714750484,14.1846785015459,4.332597397598397,3.4542909654899914,3.4542909654899914,2020,PL_2020,8.42742788123526,3.5104869770688554,6.311438479586005,0.6046332417478282,20.25523158008007,9.27584866150602,11.233118304625181,0.4479618020406657,0.33537106835030284,0.5728302529155148,0.15622580159161745,3.3573869051720244,4.277595556678636,2.425433103776489,41.05392828243188
PL,2020-08-14,227,6.089782625953272,2.604910593286921,14.649529605859572,4.375058690241723,3.6129534472245153,3.6129534472245153,2020,PL_2020,8.96213166052521,4.003738459144838,6.725240412247081,0.4930140901970943,21.003476671154143,9.935861004050363,11.388036324607492,0.43985920061215733,0.31531152897383563,0.5469000047653495,0.14029429127326337,3.5239154766123146,4.417918603083581,2.5913173687716067,43.25774287132775
PL,2020-08-15,228,6.2223295072769735,2.599111803214627,15.354265972959093,4.374946215476864,3.7203243914138975,3.7203243914138975,2020,PL_2020,9.050954198066318,4.0229353708452855,6.593727608331469,0.5560625647620816,21.727829393013213,10.115669049305676,11.722884512895444,0.5059477174590539,0.32266510057438147,0.529542155069647,0.14143074734970607,3.6191749452168933,4.516109857032739,2.6819602133916147,42.978254771395065
PL,2020-08-16,229,6.0634547785417885,3.0699469888777804,15.539780337374404,4.141688625506873,3.736353681628052,3.736353681628052,2020,PL_2020,9.046605721892432,3.7897190930258846,7.3792516516237106,0.8528743719272114,22.447537958584377,9.963111956369325,10.489510910704402,0.3336557935311397,0.3463282162266277,0.5816224889850365,0.17006736511579673,3.641117204772798,4.539892072302512,2.720863651560989,39.424536751537715
PL,2020-08-17,230,6.847734440392176,2.843130166427353,16.40900141188986,3.532713335104693,4.081182977027743,4.081182977027743,2020,PL_2020,9.628416656001361,4.409097354260311,7.82324912447081,0.7160422188890687,23.46645901019011,11.079409755474584,10.10813204860723,0.16474081216964054,0.32401931901647074,0.5482691750664309,0.14938269149012812,3.9642877617523764,4.8862038456423935,3.044933139644979,41.416512138625045
PL,2020-08-18,231,6.039295103800001,4.7522780358,12.165060042599999,4.658722429199999,3.6477997482614075,3.6477997482614075,2020,PL_2020,13.96981752553173,0,17.970500402392062,0,27.347118514455193,0,15.756073174275937,0,NA,NA,NA,3.5258243991113547,4.443007177331182,2.6190089719613128,40.434707277368624
PL,2020-08-19,232,6.660987214118479,3.3065879081138867,17.21723051715774,3.4624677693356145,3.432550643739411,3.432550643739411,2020,PL_2020,9.854018282049735,4.328827522328857,8.41276465728898,0.87210398186972,24.583018179317758,11.336586012698236,9.754029892412053,0.05077757611119038,0.35014087103245434,0.5628338470487939,0.17070452453570542,3.3625762867517146,4.281560105807628,2.406150526494709,35.762355464978164
PL,2020-08-20,233,6.99601925276393,4.143854507379377,17.626543722663133,2.975389477583007,3.5358679246263476,3.5358679246263476,2020,PL_2020,10.383419655447385,4.587933153458619,10.284899352420133,1.020678675135662,25.346620355266666,11.75721406536904,8.920575883266174,0,0.38308402194866453,0.610335781051907,0.1748430170236272,3.4352523428492225,4.329735746964754,2.5318389976727165,34.4747354389408
PL,2020-08-21,234,7.220152229823218,3.930802755349922,18.91493535910017,3.198257346843556,3.9997788399726306,3.9997788399726306,2020,PL_2020,10.520666342583699,4.7821237381316175,8.541950250631713,1.0397370149320346,26.369027363509893,12.904938956567891,9.179210739119561,0,0.3658172056980221,0.5619235333833591,0.16748395106054853,3.905761211187375,4.798730844946899,2.95729604150127,41.62840071179442
PL,2020-08-22,235,7.428493487103611,4.008005864633184,20.089285991773764,2.8795459354052144,4.0476852062175634,4.0476852062175634,2020,PL_2020,10.938761841775422,4.807194057559192,9.176363777663664,1.2295719379099268,27.731650210695623,13.578609506256118,8.870746111802873,0,0.3791887602180677,0.5877951756767593,0.17565661345254296,3.96277810044478,4.855602090685944,3.0075408245417634,41.40303229481882
PL,2020-08-23,236,7.468709435269463,4.186937490216843,20.044306531057725,2.7175200122353247,3.9838448749992543,3.9838448749992543,2020,PL_2020,10.983120084606417,4.5641612690373305,10.117789414220205,1.389589461631603,28.218198455648594,13.67676039108161,8.302804610268277,0,0.3935595998474577,0.6097651895173906,0.1817784275978582,3.886046145519507,4.843141105614463,2.9496266271107188,41.590155419037714
PL,2020-08-24,237,7.466739977588467,4.080725013139761,18.75114433983956,2.539852685533192,2.5686679049046997,2.5686679049046997,2020,PL_2020,10.103316088797122,4.900071479855597,10.60317507011627,1.03992639747022,25.78772322492504,12.63618700473615,7.666213054369866,0,0.3804820789715274,0.604494395788877,0.16648874137994926,2.5167592356067896,3.430183801208898,1.6401350336628826,34.72419650293464
PL,2020-08-25,238,7.06505568121058,4.640425119214167,18.567645541481486,2.21765177242098,2.5354918441999628,2.5354918441999628,2020,PL_2020,10.065751343994739,4.788402565895829,11.607959572617423,1.1630869280104015,26.244041768636162,12.682784804724053,7.066000931326533,0,0.40261406557228496,0.6250904345972874,0.18117342191379998,2.5142020953538404,3.477541237815318,1.5553533296825208,37.19040296105875
PL,2020-08-26,239,7.950358858415297,5.083723637104952,21.284752370526736,1.9694588275029954,3.6104467283005297,3.6104467283005297,2020,PL_2020,11.411171279682579,5.144197753674027,11.13235594125923,1.5509027860603444,29.777625718484053,14.166560794262749,6.774209041341495,0,0.3937793850769256,0.610314551871517,0.19052672757273792,3.5500432330735725,4.456120086344406,2.6360371869263695,41.026731554968705
PL,2020-08-27,240,8.037989759965788,4.916140963661168,22.431401810736357,1.830974773096107,3.8069886934815473,3.8069886934815473,2020,PL_2020,11.729953457823266,5.446699464087375,11.54998755524821,1.4877623831404339,30.23118052772255,15.233210470388363,6.583635967873764,0,0.38741336272955235,0.6063074956941363,0.18621146056838567,3.7146238611056335,4.6323759275736185,2.8020059873342356,40.379807930995426
PL,2020-08-28,241,8.460124142520998,4.6083917798786285,22.701813195417092,1.836848897588235,3.8956215089017623,3.8956215089017623,2020,PL_2020,11.887092827245297,5.397810196123835,11.142266752203351,1.286521088658382,31.25966540854282,15.515128955860893,6.596979832956395,0,0.3776518153172551,0.5923945508313437,0.16372034769985225,3.8191528437860143,4.714925365458641,2.8898668746457434,40.398622925163
PL,2020-08-29,242,8.372894098641625,4.803118373107395,22.6300349916667,1.554993888950547,3.921931553682903,3.921931553682903,2020,PL_2020,12.108436482753083,5.531873996962679,10.869972734867856,1.2086440330938257,31.213089613080538,15.8097486506971,6.03450230150289,0,0.3696705474451676,0.5736900770810731,0.17473310705159573,3.8470811747165996,4.791267119521564,2.901716789299053,42.83230561871571
PL,2020-08-30,243,8.133325835872,4.484250442452287,22.702956704670683,1.4797964287606669,3.5494436853304663,3.5494436853304663,2020,PL_2020,11.558405710532314,5.280637794294762,11.088394485415646,1.1234989894698242,30.670979430802515,15.69789720231905,5.740341655655946,0,0.36405353771510274,0.5855083316867242,0.1711542023227088,3.5019290240520866,4.4626938541212695,2.5689804183243696,43.31414324035849
PL,2020-08-31,244,8.367556413543914,4.54490793831953,22.58589690178916,1.5075101556683532,2.9456827857539323,2.9456827857539323,2020,PL_2020,12.283877227349988,5.657554488621017,11.262424853841921,1.041675827624992,31.77526493933407,15.350578815296467,5.68264395363985,0,0.3650197559756492,0.5893834408873292,0.1478100208741938,2.8862876835882743,3.8255314519688643,1.9891962601658555,20.947277396465974
PL,2020-09-01,245,7.284825183000001,9.758464524999999,22.079769988000002,0,3.7197318120544,3.7197318120544,2020,PL_2020,15.905910021553511,0,46.89362498935898,0,54.04639989446712,0,0,0,NA,NA,NA,3.6435298116909745,4.569897093633119,2.717477162114482,42.354926298054664
PL,2020-09-02,246,9.327709695055615,5.020952850425405,25.244762168008325,1.2850257089027157,4.032028849511484,4.032028849511484,2020,PL_2020,13.17373716893749,6.315151487940711,12.363836383881946,1.385262692343164,34.35470247251142,17.62019291036597,5.32421388216253,0,0.3682566018622814,0.5897106854120829,0.16310610431305722,3.959883824692113,4.915289042565245,3.0346774697046315,41.33343426013298
PL,2020-09-03,247,8.741943164265694,5.572962977219636,25.851138359620304,1.037823674570057,4.040044332074331,4.040044332074331,2020,PL_2020,12.522632952361038,5.884672929120596,11.913523232262062,1.714506456733371,34.90120037695876,17.909037371549847,5.12552331716965,0,0.40486281297626575,0.6106420452093285,0.19119744181035167,3.957690259644365,4.911481486496239,3.0115797218106817,42.67127869941435
PL,2020-09-04,248,7.911009211316162,4.711675850835847,21.797544297544203,1.0667942281066543,NA,NA,2020,PL_2020,11.348618200194725,5.3824194047315705,11.548975129324678,1.3637983910882119,31.8038929059821,14.612612111549142,5.073830679283901,0,0.3843973250256947,0.6038557233706604,0.17813304272262578,2.243059094883205,7.120209099461089,-2.4651892739789645,41.11001013792474
PL,2020-09-05,249,8.122808558894333,5.475399528497067,22.39546661467489,0.8681256847129544,NA,NA,2020,PL_2020,11.807564134213186,5.104141884100561,11.377919883829062,1.5851511452058433,31.82268695516134,14.627973934593209,4.598757800495342,0,0.4060559846340194,0.6049648432768872,0.18651442752655453,2.4020241619882476,7.364794070158466,-2.2499849029503083,39.134428924063094
PL,2020-09-06,250,9.43456159044491,5.093988527165571,26.863477443960857,0.9539293436705489,4.058099019000825,4.058099019000825,2020,PL_2020,12.882750871484015,6.531419504600782,12.276255624849329,1.6911248668378203,36.2040928791187,18.49365410078107,4.893240332097237,0,0.38420081526385763,0.5933707768366101,0.18362131176799024,3.9937080164696437,4.949016477241606,3.091624397784405,42.234319067017765
PL,2020-09-07,251,8.009516939130345,5.779528916073694,23.41490991070972,0.8732425980326894,1.8247076683124082,1.8247076683124082,2020,PL_2020,11.91890832034266,5.405344706207916,12.82684057588724,1.8278989289849872,32.46963920156538,15.772058158568258,4.632331175053997,0,0.42079431040452975,0.6367296148761538,0.20897881315090122,1.8258440716608924,2.750615529574848,0.9183868409712163,19.680837513715584
PL,2020-09-08,252,8.401354075836686,5.8078537001770245,24.601061605827116,0.8333747163102427,2.875507332101432,2.875507332101432,2020,PL_2020,11.904200515247098,5.5957125180657465,13.05560514433528,1.7476298833775534,33.41562554304475,17.137959544683216,4.707764975369045,0,0.41351222512735647,0.6257416813161496,0.19639477234784947,2.887955341403454,3.7648131651832,1.9305846633166763,43.67424218988997
PL,2020-09-09,253,9.147080316323786,4.640879172003481,24.72005896791484,0.7633100461823257,3.1090277942476785,3.1090277942476785,2020,PL_2020,12.957361087518265,6.143930568133789,11.443209014690245,1.270264785497167,33.63940492029668,17.337150392528496,4.277600053341866,0,0.35601564331745883,0.5747896686366866,0.15055346382310208,3.089292804052861,4.01551456877253,2.18699118618306,43.14128146014149
PL,2020-09-10,254,9.356666112339157,5.461094073960395,26.48752030882628,0.8696025392125395,3.4249440147800034,3.4249440147800034,2020,PL_2020,13.010011977094262,6.034017730078097,12.502760406180663,1.7434168198276117,35.11931490660412,18.48750150499342,4.7304526918919585,0,0.37381688610781116,0.5922002148115882,0.18968842792222568,3.383325302945626,4.319737310584371,2.4720725216359334,42.913851545569656
PL,2020-09-11,255,9.154355786983308,4.803693733064182,26.90373447828522,0.7196519843575877,3.6512384686439043,3.6512384686439043,2020,PL_2020,13.001569878253463,6.158995460053851,11.237267420277762,1.3496161920600287,36.58415059896436,18.48681398326127,4.541706470064142,0,0.3593520352023391,0.5794857429050533,0.16930979473121155,3.6209669955781543,4.547589571194292,2.6832975476976397,42.98303217052889
PL,2020-09-12,256,10.172585167865217,4.761236575246033,27.94003694888931,0.7543290396369584,3.8007209470349648,3.8007209470349648,2020,PL_2020,13.898254183200628,6.731505508363036,11.89055058060885,1.3582009046218826,37.07030850320316,19.771195489905615,4.782524256440986,0,0.34447168851478327,0.5514372911275565,0.16020415420622933,3.751385019298781,4.689437055467248,2.817870134369074,42.85996215361955
PL,2020-09-13,257,9.721489424663302,5.176421565039086,26.502074763417806,0.8790015825236259,3.458702686772346,3.458702686772346,2020,PL_2020,13.227254870011409,6.4756272373100385,13.427125787579321,1.3429427230133457,35.796737663762954,18.94299258615757,4.757878876237871,0,0.35964647328564625,0.6052893327252087,0.16012600744074634,3.4271402772085375,4.340055897114264,2.5099928774649847,43.12736920454558
PL,2020-09-14,258,9.83564636546092,4.906062879261551,26.37610264227705,0.8402884759106346,3.1233799004207867,3.1233799004207867,2020,PL_2020,13.542655487019884,6.627621541659118,12.124060677965693,1.3346783880025173,35.92185929110371,18.378501536087473,4.625716961750227,0,0.3554169453732038,0.5818569278987176,0.15722241796042208,3.112181863866375,4.0266239864274755,2.1736686332169155,41.451042577145984
PL,2020-09-15,259,10.360824026955507,4.80206292769405,28.464226654338905,0.8154485749115876,3.672819679259395,3.672819679259395,2020,PL_2020,14.503633142127077,6.902123988595846,11.633385108051279,1.4235927411647273,38.49988236016632,20.11941545258468,4.290735934549524,0,0.34513008947975676,0.5455259113348934,0.1561558469815928,3.626345887604409,4.566456458163669,2.7199185631498213,40.88629769678254
PL,2020-09-16,260,10.243669869001657,4.3336162389169415,28.392374245084913,0.7554194079604479,3.6066744446731445,3.6066744446731445,2020,PL_2020,14.487930429554256,6.721496230220713,10.88017126460657,1.0102038920444059,38.051543747927546,20.282245022268224,4.392693476516817,0,0.3257182072087469,0.530587765215364,0.13154588688247504,3.581791214223548,4.516495654802438,2.618476844267422,42.10574979617966
PL,2020-09-17,261,10.54918054193514,4.419899825577481,28.466817658420442,0.9066043613329704,3.574158538507043,3.574158538507043,2020,PL_2020,14.569644102790184,7.326112536505216,10.821617596369316,1.425871974215729,38.12868152534413,19.96630627788574,4.715725374529132,0,0.3214113592129402,0.5260913705646886,0.15295870790429444,3.5401184964397148,4.465127076216786,2.639726758527313,42.39760327606685
PL,2020-09-18,262,9.947991753014248,5.633530926464056,27.504786877043262,0.8140939095667661,3.2483572407498245,3.2483572407498245,2020,PL_2020,13.91825705277785,7.061681629282942,12.479061834433939,1.6589135105593649,37.26470831810951,19.298328959914677,4.442300847675076,0,0.3721017144030212,0.5762568673604553,0.16588799080844657,3.2316598756634827,4.111928689970678,2.3071995179316875,39.901368760347346
PL,2020-09-19,263,9.575507854045382,4.24954641471278,27.3337223217327,0.9441260603940766,2.283588371889368,2.283588371889368,2020,PL_2020,14.057005956396528,6.669169910205936,10.026403781743827,1.3837163956843506,37.87852577415715,18.764225581159746,4.497459388582648,0,0.3420466658376322,0.5332352344885332,0.1481283336211381,2.261426444316003,3.180573681754593,1.3946219075771795,25.04679267852502
PL,2020-09-20,264,9.914386064387223,4.665417447908211,27.701156640122182,0.7908690384107486,2.955093659152122,2.955093659152122,2020,PL_2020,14.172691444036564,6.676916255366258,12.056343524458661,1.132278981559606,37.56307508575549,19.816654942893763,4.397203636217789,0,0.3298864388282906,0.5553197713786324,0.1377254130681717,2.9526550753572476,3.88103584045665,1.9822248118455408,38.64560369878121
PL,2020-09-21,265,10.912228578828929,4.364741029583825,29.138790507045147,0.942774955621204,3.561350349709563,3.561350349709563,2020,PL_2020,15.141932717119198,7.331762419133153,10.837393436480035,1.3058295390092292,39.5819293427234,20.647288938998766,4.506122883331603,0,0.303976246354309,0.5269447874511833,0.13967779144597725,3.5403194184445796,4.4497106182171455,2.573527664312815,39.77725381547332
PL,2020-09-22,266,10.848545947678558,4.243466078740863,29.257350947541862,1.1813306923705733,3.2853444000211125,3.2853444000211125,2020,PL_2020,14.83103121214064,7.225448727996685,10.353773331249798,1.42194881414103,39.5317861025808,20.491057652080876,4.840380604107322,0,0.2952183998669074,0.5174592414259307,0.14495525809274099,3.2466384238349253,4.171332034680412,2.367714012168061,37.64534678550855
PL,2020-09-23,267,10.679429547989299,4.569456998806221,30.534787008597302,1.0551605631366137,3.622018043289415,3.622018043289415,2020,PL_2020,14.939656270983853,7.195242309895066,10.48194498297703,1.200742388425225,40.934108478482905,22.02107363567849,4.528089581070539,0,0.31658722073406254,0.5301419614869167,0.13322318830180574,3.594200407016561,4.486437216129264,2.677823833893509,37.30307249897928
PL,2020-09-24,268,10.989199428413551,4.29578810480566,28.765630720298734,1.149490250039935,2.495974877049914,2.495974877049914,2020,PL_2020,14.955732720526745,7.149582539368855,10.206963467156841,1.2625257263910994,39.69044375862898,19.942913255341182,4.65418007370924,0,0.31521999468554174,0.5077644246277104,0.1366731066289084,2.480742058996823,3.3985199446285144,1.5587456760073597,26.276946847788885
PL,2020-09-25,269,11.238779828556325,3.764159974976688,30.295802093821802,0.98233995350801,2.623454816923783,2.623454816923783,2020,PL_2020,15.653692523494206,7.460968675246112,9.075057451922948,0.9866308814791196,41.013070483716334,20.847060555223578,4.577407534374183,0,0.27159925464377194,0.4744418377703236,0.11810473743653803,2.586712211416081,3.536709687106217,1.655689648975635,22.543111471940673
PL,2020-09-26,270,11.866967838895347,4.080742523181697,31.34637442675901,1.1658060228930993,3.1097182078801415,3.1097182078801415,2020,PL_2020,15.74360304696445,7.915733500906472,9.586217538723588,1.0919758697397437,41.9822437054432,22.06995072363489,4.7325304752699555,0,0.28815661295876394,0.4877712550365233,0.12051350464377482,3.0683022094541177,4.0049279294362155,2.1656750581477193,28.761163781895693
PL,2020-09-27,271,10.912714533883541,3.837056555704497,29.160712753784104,0.9980297520987809,3.0802954826899893,3.0802954826899893,2020,PL_2020,15.131733701897371,7.51593195981406,8.856363626386802,0.8635189372042711,39.28932380978153,21.026260013125075,4.3330508733515725,0,0.2845334338608157,0.4765438541983729,0.11265817954124542,3.0573986938200153,3.990878176312079,2.1403423675960527,39.9721977511135
PL,2020-09-28,272,10.810884857103419,3.2684940435711143,29.902538708146746,1.128792363138135,3.144661575348437,3.144661575348437,2020,PL_2020,14.958018741511134,7.390299232513546,8.203302699407308,0.7570507389686538,40.737904645624894,21.06624229973693,4.62059038190726,0,0.25278734443360984,0.461663931194434,0.11137990511722469,3.1328841715052675,4.06177236670575,2.135464103718202,39.957817775735215
PL,2020-09-29,273,9.21042973,4.1730158708000005,31.618116264000005,2.124703420000001,3.359451540674758,3.359451540674758,2020,PL_2020,16.444886541149526,1.9759729188504753,15.498701409376089,0,55.28089878105543,7.955333746944577,11.436626727126724,0,NA,NA,NA,3.333829328620436,4.274585352634647,2.417605677494232,40.65557420183446
PL,2020-09-30,274,11.466793261087263,3.314400930622816,32.149590108095545,1.103530731943278,3.4836561936692205,3.4836561936692205,2020,PL_2020,15.813538457008834,7.595702778254274,8.593841068579257,0.7901219334168741,43.345572109385515,22.833020488350886,4.42554944086425,0,0.2560438729095847,0.46547555328222834,0.10758837574468251,3.4702353265859376,4.358409684772802,2.564085396403141,40.19036885609568
PL,2020-10-01,275,11.659049481489129,2.938191642277009,33.24374663935348,1.0319641320305468,3.6025334304871204,3.6025334304871204,2020,PL_2020,16.267964811539407,7.863071074244018,8.433459830430621,0.6140928491119617,44.80165801375782,23.814081709681993,4.633239683322749,0,0.22804078630047062,0.4370777435925158,0.09264408917974574,3.5974701014896295,4.523954276439356,2.6419977880371146,36.53422140990388
PL,2020-10-02,276,12.526063010514099,2.8649298139332826,35.117942673700156,1.0403910959801022,3.773927666136916,3.773927666136916,2020,PL_2020,16.790682263980138,8.669339821184929,7.325261494152493,0.6132145305183891,45.65503908566846,25.65960734844899,4.606328212423266,0,0.2135851700902917,0.3889116059923119,0.08762345403714208,3.7583629553723212,4.684366488262743,2.807792077929962,39.11780181297349
PL,2020-10-03,277,12.061000091642224,2.955560267598006,34.96252399679802,0.9136358908132176,3.712315154493699,3.712315154493699,2020,PL_2020,16.291067564709532,8.742992140294765,7.153162148800086,0.5691487231575472,46.095852044191304,25.135953598780716,4.272723637155623,0,0.22063356963020242,0.4087005538774281,0.0857528198440534,3.706232619596979,4.6118762143794525,2.7941668141051283,39.03710787437287
PL,2020-10-04,278,12.27457487487554,2.4924481824186433,34.67567946903906,0.765905681008678,3.7018751816015136,3.7018751816015136,2020,PL_2020,16.96219526651432,8.53731244288811,6.7865845975391945,0.5029520620124945,46.37328255575747,25.100573615776664,4.24170196221252,0,0.19984479715156844,0.39718754754552604,0.07872834454800517,3.6898753925371492,4.604844509148631,2.7757740338908903,39.27362572984103
PL,2020-10-05,279,12.489894386063709,2.390382857559863,34.8450110878968,0.7112176715921548,3.5387748099293104,3.5387748099293104,2020,PL_2020,17.244378490878287,8.734675686172725,6.29157740210036,0.3904165904639203,46.03151973977421,25.292838886189895,4.073711528842262,0,0.19057625984154114,0.3737825953557562,0.0716965712811752,3.5206880140530004,4.453805586753275,2.6056116091771773,38.60207722037718
PL,2020-10-06,280,11.967215607873277,2.1455855921845295,35.25532090912488,0.8469531994564892,3.5578366424455194,3.5578366424455194,2020,PL_2020,16.76048009550349,8.010539804066115,6.02900250548564,0.24754114703007046,46.5016257560385,25.547794772264684,3.940125645036869,0,0.17694567760484903,0.3701767402446612,0.06621515591850696,3.5687301215144656,4.508520204971345,2.6378538522251818,37.9492306289734
PL,2020-10-07,281,12.42349900034427,2.045774783205026,36.55542360863673,0.6691144076293276,3.5947015051559843,3.5947015051559843,2020,PL_2020,16.959073533655566,8.566182115435435,5.746358435974654,0.31394509221674805,47.59001532154928,26.365488122760087,3.9613521340562925,0,0.1802266763186411,0.35912277007968685,0.06695602060875658,3.6054793612518306,4.535592518070071,2.660656477193348,38.531341725287625
PL,2020-10-08,282,12.72792601763391,1.9520884038436732,36.06234964336448,0.6510003799443624,3.5986095820789457,3.5986095820789457,2020,PL_2020,17.647562214861345,8.80754231343042,5.064545546561316,0.28066666866392964,47.12382602915421,26.226361562285298,3.7134060931782966,0,0.16654033209365288,0.3165933547160963,0.06455460092546587,3.5866238112744235,4.508251493786041,2.658692635564547,38.595696581522944
PL,2020-10-09,283,13.230914393734906,1.4798878226780638,38.67929180739056,0.5990580136892913,3.6354725092479856,3.6354725092479856,2020,PL_2020,17.879701843183444,9.291277789826465,4.354256513267157,0.10914512730924841,50.11874507050435,28.228070782322106,3.8141406398618627,0,0.13747947893310938,0.2805669275592924,0.04968921801854463,3.642968204161204,4.55665954242298,2.690245468384139,36.788115991246926
PL,2020-10-10,284,12.398969752925373,1.4701023942433664,35.00947020204733,0.44882291564673604,2.5227396998960336,2.5227396998960336,2020,PL_2020,17.269651584136668,8.322561877541181,4.274522872135828,0.05122993652985075,47.146094725494365,25.151878756785585,3.4486635485701167,0,0.14261187183596802,0.3095655940659772,0.05101948026840654,2.5465805608862153,3.4487241962145463,1.6372745796105477,32.343812153470694
PL,2020-10-11,285,14.056625349381411,1.3003332191364778,43.21530317583186,0.5311624430941988,3.044124304036865,3.044124304036865,2020,PL_2020,19.804895605427664,9.802184177235732,4.481257132288603,0,57.258080954135494,30.020876677743484,3.7629972575698534,0,0.12006917126806282,0.2732865905507998,0.0416184546099964,3.0082218522760007,3.9605542736167587,2.104430282120319,17.496291293674588
PL,2020-10-12,286,13.674896738885343,1.1534648518226345,39.3286425355056,0.3866050426783345,2.804983293142173,2.804983293142173,2020,PL_2020,18.86029435011601,9.606826722822758,3.658901569584767,0.037637994133789876,52.56385778958045,28.486866101591627,3.5562394497355307,0,0.11708099149392587,0.2461297420065991,0.046673546370282516,2.8015398740106003,3.70329996741597,1.888321162635694,23.6366451891782
PL,2020-10-13,287,14.176308116689553,1.0325731178526094,40.84485661330225,0.35401481535029644,2.34851350085271,2.34851350085271,2020,PL_2020,19.728601650138682,9.567717320477598,3.175299596804935,0,55.900946941369874,28.479794328289525,3.3374106709286475,0,0.0982197505750814,0.22248078706521895,0.04044475387954374,2.357997982362508,3.2515728711184684,1.480892340471755,18.395394707576397
PL,2020-10-14,288,13.453954664067988,0.7815816720082169,38.59844809749581,0.30766098660817365,2.4988249912157223,2.4988249912157223,2020,PL_2020,18.431425440380323,9.172171901299418,2.846074317876826,0,50.26351925715854,27.478176617092792,3.2761483476970494,0,0.09905081217699968,0.21959931380222025,0.032066985883385364,2.5187376646253914,3.4655612483517872,1.5659443985228805,27.798595990055865
PL,2020-10-15,289,13.618738600689897,0.7670639430574167,39.86582983502857,0.2340763835223716,2.5021972522704763,2.5021972522704763,2020,PL_2020,18.959457195681704,9.225293270569095,2.642897568928608,0,53.28709744264635,28.643878165453092,3.1741295466186847,0,0.08769956024744285,0.20257342212327983,0.02949372130208882,2.530914923917557,3.457130697631057,1.6081284143411416,26.22605003708261
PL,2020-10-16,290,14.373802394689799,0.7072349501265927,43.82585533481985,0.2673086608579953,2.218388385706166,2.218388385706166,2020,PL_2020,19.54946042726636,9.685763274888684,2.3244150654682914,0,58.0266126291995,31.15981693671007,2.89037736528265,0,0.08512021293807101,0.18207024514045217,0.030476117179910344,2.2605361662218533,3.1652149062191803,1.3173641807395189,19.170638324659915
PL,2020-10-17,291,15.666355537601147,0.5025490494972396,45.11772295231082,0.12796771587029765,2.1242646193797707,2.1242646193797707,2020,PL_2020,21.78287628128549,10.382521129912986,1.8864341656627623,0,61.065667877801154,30.87565390653081,2.673220898715426,0,0.06734760783195985,0.14500354639397287,0.026114057187864862,2.141554062956241,3.081795464647665,1.2445704280132184,15.9234497929636
PL,2020-10-18,292,15.057837793115668,0.45214942865441565,45.92670578409629,0.053940069777119515,1.95434948355868,1.95434948355868,2020,PL_2020,20.703797244009145,10.3899781410607,1.7648625578802435,0,62.607944792514,32.087870402044125,2.72625740037009,0,0.06908495208684157,0.15211398087967895,0.022470136282614878,2.0006688405008335,2.9356750150137594,1.0331946043729148,16.64094790419426
PL,2020-10-19,293,15.549985350438758,0.18687638282559438,45.33256700925137,0.18675841652309488,2.8328973712998162,2.8328973712998162,2020,PL_2020,21.4959008435646,10.36766652211361,1.2850504346514489,0,59.00681986105048,32.82497990796606,2.5594259345529937,0,0.050354689594472396,0.12307459286911485,0.01866370315812211,2.859160732163423,3.7979111640187218,1.9435985687907267,25.233356496492863
PL,2020-10-20,294,21.55356696,0,81.25684738000001,0,2.672787399917801,2.672787399917801,2020,PL_2020,40.936239571507365,2.170894348492637,0,0,150.63764205072698,11.87605270927302,0,0,NA,NA,NA,2.8446720348455226,3.7710633608534314,1.9189228284154782,29.792873677475107
PL,2021-06-22,173,9.8386704416,0,18.63185442,0,4.877588184340028,4.877588184340028,2021,PL_2021,15.311304500146763,4.366036383053238,0,0,29.015081335000904,8.248627504999096,0,0,NA,NA,NA,4.737313987446219,5.665374858629854,3.812859236350834,59.83101225510544
PL,2021-06-23,174,12.234863352619582,0,28.709698838677788,0.1291800813406616,4.107021694563141,4.107021694563141,2021,PL_2021,16.17130972743653,8.846887776441113,0.7633415659956291,0,37.6759071995048,20.366647563967586,2.9834836461259058,0,0.048224285183484226,0.10378324103814501,0.015706519510053016,4.060742065959346,4.997369608335299,3.13870111482257,60.217372705633046
PL,2021-06-24,175,12.804452910976613,0,29.495083492818143,0.520396515857446,4.362406223761361,4.362406223761361,2021,PL_2021,16.830043699734873,8.822849066466423,0.8624046698775507,0,39.220472163749,21.562750350817275,3.372637262704195,0,0.04604978535866365,0.1050030191218996,0.018246195487394617,4.300711905321177,5.2575794162677525,3.34502185426075,59.821050260238614
PL,2021-06-25,176,13.311912084471732,0.005716823589248632,31.134405291238163,0.7746847798688052,4.393096756359703,4.393096756359703,2021,PL_2021,17.83831371663138,9.380595149885417,0.8700780899173901,0,41.45177185194287,21.62308535614225,4.008186224127025,0,0.04894556860197406,0.10234608967509061,0.0166911733447727,4.355454072154701,5.250233369771601,3.417443952490135,53.5847168651861
PL,2021-06-26,177,13.644573928718044,0,32.968693982575026,0.8387917661594,4.863093577828599,4.863093577828599,2021,PL_2021,18.125228251413887,9.559911123925982,0.751745916894226,0,43.125966469826096,23.766352675846953,4.439927401274392,0,0.039118792352786015,0.09887275686730951,0.012996889929391357,4.826497685213251,5.739299081512556,3.8958693790343846,59.58963476263549
PL,2021-06-27,178,14.937818922634163,0,35.19395605911535,1.3437597667680086,5.334933007478293,5.334933007478293,2021,PL_2021,19.56134665701926,10.583034618886712,0.7117671390336895,0,46.40966786305611,25.702599317236956,5.335699234607597,0,0.036112909827616585,0.08992825354253572,0.011676005791974486,5.285912638452039,6.190948366629631,4.325804803678943,58.95451996413616
PL,2021-06-28,179,15.699829935519352,0,37.49766989692747,1.4929288030162846,5.829323482648854,5.829323482648854,2021,PL_2021,20.403017643236197,10.835344036934169,0.7654599733580119,0,48.166647281315754,27.793118574961248,5.836256170796775,0,0.03627680198410985,0.0911646419795955,0.01308701891362311,5.7531101202982375,6.675963038959062,4.777402393489565,60.397638492570266
PL,2021-06-29,180,15.78996183231529,0,38.88070038167154,1.7099772745068678,6.04959528321147,6.04959528321147,2021,PL_2021,20.68624396426565,11.54855070582949,0.8460942803525577,0,49.53092001094256,29.08160045153532,6.217469776582371,0,0.03519752019250098,0.09186158890118232,0.011075548045826625,5.975586840567621,6.895399974735232,5.036290892842676,61.43660569269865
PL,2021-06-30,181,17.933004955764467,0,44.02870919270496,2.214773537189719,6.803231707313438,6.803231707313438,2021,PL_2021,23.019186434406684,13.630532048549053,0.7045235632423938,0,54.7371645554053,33.93639099496428,7.506132216593473,0,0.027190391880085287,0.07098217067521848,0.007855406652531389,6.71102314800849,7.629352342274187,5.792525858591542,60.913897336374646
PL,2021-07-01,182,14.419477251959618,0,36.27258758241295,2.152751292498316,5.052638281180618,5.052638281180618,2021,PL_2021,18.933808510948516,10.698966773531366,0.7809983979780071,0,46.927495422698165,26.73378784007932,7.452572589246158,0,0.03437021465152254,0.09222439254649321,0.011702457499393262,4.995900992440674,5.92674771416988,4.060480287137325,56.171576798174115
PL,2021-07-02,183,16.805745022458957,0,39.68255240546115,2.562902507344439,5.815804276406127,5.815804276406127,2021,PL_2021,20.888291942209566,12.36464212284717,0.8219107483780175,0,50.253655487646554,29.590811782412107,8.155352547179138,0,0.033942847845748456,0.08661786549327147,0.009950281137254637,5.727514311416808,6.666823135783144,4.8289169962587275,61.27090595000151
PL,2021-07-03,184,19.110180710450983,0,44.63911898548406,3.0524750253175053,6.873327868255723,6.873327868255723,2021,PL_2021,24.387590140223438,14.42188278053579,0.8722390200485353,0,55.90361702336386,34.437560888312845,8.852193950178211,0,0.028318945004196558,0.07908326240613006,0.008605427493017124,6.780445426772127,7.713511473216182,5.854172728442313,65.23715963494146
PL,2021-07-04,185,16.698798160926273,0.037629827434152885,41.17161583964657,2.9744398155948004,5.813043814945316,5.813043814945316,2021,PL_2021,21.751965651055215,12.623347624825804,0.9708239311928708,0,52.65572293977386,31.07499287043773,8.968969758962247,0,0.04101888490487536,0.09384038233546782,0.01256134550436415,5.756154775280488,6.679788481776278,4.765524116972419,55.456175005579354
PL,2021-07-05,186,18.620150556420654,0.06443634257585051,45.37470932947695,3.7304449835794977,6.581813930729155,6.581813930729155,2021,PL_2021,23.461058205628902,13.50302569704854,1.0435983474544541,0,58.045489719335,34.72143493887996,10.363378157932305,0.1822807570282956,0.0367944464943306,0.08648914838477235,0.015251708927916975,6.50839433865712,7.448740611615334,5.573778916828448,54.88048440956999
PL,2021-07-06,187,20.486359937436603,0.06122017337000596,50.30082930069494,3.7763442301615453,7.522975221072331,7.522975221072331,2021,PL_2021,26.127098942426333,15.42652868991897,1.121972463480702,0,61.72770776730143,39.345432277564775,11.07561126467165,0.30295045935771814,0.035568481652733984,0.08354224046599962,0.011162703978118985,7.43173229797065,8.376530350308531,6.528636717816839,65.73263576723771
PL,2021-07-07,188,7.8054855184,0,18.237513667,0,5.163128674188635,5.163128674188635,2021,PL_2021,16.369054542704284,0,0,0,41.13525371701652,0,0,0,NA,NA,NA,5.005086264564335,5.919391601523326,4.079435992208022,47.161028209247014
PL,2021-07-08,189,20.222668039936266,0.24020720627759173,48.93491356212396,4.374563870009027,7.26595683798023,7.26595683798023,2021,PL_2021,25.23966720266603,15.269590427470412,1.5552015755572064,0,60.3674037667385,37.93306626595014,11.795134771898846,0.454318370105125,0.045688079392740555,0.10332968656668774,0.015993821028601127,7.20599340755195,8.102480024052129,6.265050186717561,66.405619358043
PL,2021-07-09,190,20.41498441127029,0.4115648446807978,49.21078484134554,4.8249374234654745,7.315738354488629,7.315738354488629,2021,PL_2021,25.27881829812293,15.643691375674008,1.6659254198716817,0,61.65437695923091,37.96108994349006,13.399902834422246,0.5907982243662531,0.04867901865343062,0.11079561158885654,0.01812074092141395,7.207678892789742,8.122610373381526,6.271154827812341,60.41944401734821
PL,2021-07-10,191,20.315434980024897,0.34157313713829174,48.31386140034431,5.247073534714994,7.206135302230736,7.206135302230736,2021,PL_2021,25.69464485476904,15.55984954513112,1.8440363196205143,0,59.34530646589291,37.40301401620965,13.211666136926304,0.7637628004200119,0.04673472039856499,0.11513757660184037,0.017603918948543077,7.133683870829426,8.09974189945347,6.212411294557726,66.54356381406436
PL,2021-07-11,192,19.13739005509893,0.5651451572869697,47.24946608500989,5.487913243318236,6.973338161351178,6.973338161351178,2021,PL_2021,24.11043610073324,14.560832156431895,2.175649070387075,0,58.64412067743357,37.24827584759974,13.790022232414334,0.728897881194015,0.05799507556862017,0.13283752647347624,0.02175620159550098,6.892083758367367,7.8032731837335145,5.892486264101616,65.96557045637596
PL,2021-07-12,193,19.518681254095384,0.5848957648806781,47.78995015227224,6.307735972514227,7.120871946345825,7.120871946345825,2021,PL_2021,24.39946411413065,14.925148871238632,2.431963388581064,0,59.09345679654517,36.658408298735324,16.074335235138765,1.1729583389111284,0.06030306027461946,0.13836418999055672,0.024805390464547404,7.046584516068835,8.01009383723603,6.098763286554969,65.47983404869541
PL,2021-07-13,194,18.77274496373798,0.8454113821903664,44.33259121570605,6.333404840350969,6.511285687702061,6.511285687702061,2021,PL_2021,23.238954815422975,14.23693038731457,2.649879014285121,0,55.74473205800914,34.025584076274974,15.698159987296421,1.2737735019925274,0.07609078728442134,0.15686668738270407,0.026850065839077408,6.458108070862881,7.353364991593888,5.527277678270201,64.68546744700583
PL,2021-07-14,195,20.22502297188084,0.9582948347155493,48.52301601945703,6.829890474245884,7.303656977407191,7.303656977407191,2021,PL_2021,25.41060585325519,15.298827193635766,2.959892801782555,0,60.133961790586234,38.32291368737298,16.252760740926576,1.489693340499867,0.0733742961167667,0.15603893784326966,0.02560916177391334,7.22078429428608,8.153139127657038,6.305302702584116,65.96178017318879
PL,2021-07-15,196,17.737416683145227,0.8861853226005298,41.994894606784314,6.931039834605446,6.085571200700931,6.085571200700931,2021,PL_2021,23.13899643747237,12.834114531830458,3.0468452462497853,0,53.622989783214045,31.640403790605344,17.166013425415606,1.1919832038150018,0.0839303127750636,0.18162836844467362,0.029693601789810797,6.041753486239695,6.956502365754168,5.0932681968093885,64.86405462934756
PL,2021-07-16,197,20.556556532162354,1.19947301849856,48.416333553364346,7.726097081792227,7.358371589175218,7.358371589175218,2021,PL_2021,25.429896798718723,16.064945024799876,3.4322765493778347,0,60.54974850591792,38.08473973140282,18.141249462477777,2.0179908665447024,0.08382145382596794,0.17043074371889155,0.028571127179258388,7.284507121432195,8.231517598950346,6.340097793789033,65.69048542807921
PL,2021-07-17,198,17.802462817237235,1.639107796947101,43.33268577396577,8.421363400592938,6.436807043174779,6.436807043174779,2021,PL_2021,22.992956237294827,13.471371182012733,4.168830693159149,0.217089553919539,54.40231051504906,33.590368649317256,19.604524166547105,1.9471914556083392,0.10927902320081233,0.22206017253796703,0.04280335674394896,6.361737903527867,7.290257883163718,5.4433139760799785,66.10653944516899
PL,2021-07-18,199,19.881452722481008,1.877797628385215,48.032004955502636,8.213926888353981,7.099022552034537,7.099022552034537,2021,PL_2021,24.811180405074662,15.58855429754144,4.72246648144817,0.2448048888751302,59.80533899337394,36.97035264206592,19.267058785503032,2.029577799864041,0.11165325449682639,0.21595949619910496,0.043200096307437166,7.037184155874346,7.960792708737737,6.077966752638489,65.64289099977042
PL,2021-07-19,200,16.275138933090645,1.9658481785495512,38.31944527298795,8.72563579383149,4.9485350194710875,4.9485350194710875,2021,PL_2021,21.25445503761774,11.496319525896666,5.370997277982784,0.2779657138157353,49.22292935625744,28.31801171025244,20.37718147522531,2.1536469092147885,0.13667099193626003,0.28279359408558635,0.05224970641978191,4.902013552701901,5.829862361955902,3.944584222672325,46.80788165918833
PL,2021-07-20,201,4.3389530454,2.397897083,13.7902660292,19.26583882,5.289806465700187,5.289806465700187,2021,PL_2021,7.0033559271852885,1.6745501636147124,10.912381584845392,0,29.16163071713956,0,91.11246593573712,0,NA,NA,NA,5.110175301776955,6.0213914637994685,4.18882892628212,44.337228576495285
PL,2021-07-21,202,19.509296520947053,2.197106442312837,48.03114650162298,9.884596983507656,6.933107001640036,6.933107001640036,2021,PL_2021,24.750091099235142,15.003827654062238,5.754475693394334,0.30351762404544236,60.10586468281542,36.73349060575794,22.475200110182943,2.5559723362354307,0.12459881975277211,0.2549847133992388,0.04584627430745221,6.849631398268782,7.800688801137298,5.941562449972849,51.99283600092017
PL,2021-07-22,203,18.078480056058076,2.103568563006837,43.510844939507116,10.002877591700804,6.637939791400477,6.637939791400477,2021,PL_2021,22.834403589017583,14.064349729342757,5.258678429670428,0.176899113205919,54.66847668428027,32.96689077771936,23.318820621995936,2.611727612523955,0.12818404678234802,0.25782187825113695,0.043940658463871615,6.573836186372585,7.501910568480621,5.645355318068738,64.96299331248488
PL,2021-07-23,204,17.1670300006502,2.7438469603083497,42.41869871657229,9.616058330604595,6.421260889520933,6.421260889520933,2021,PL_2021,22.160777352152458,12.069276273972521,6.202902175812103,0.6573620252235759,53.44786821427661,32.38419432695829,23.291269795234168,2.6240979593428313,0.1646469145134077,0.3097529127571508,0.0654068853222463,6.356104008422815,7.286080238679546,5.403356241929966,66.24021842340386
PL,2021-07-24,205,17.5357195859847,2.315004500031492,42.629604100899506,10.114162840958503,6.491281222668084,6.491281222668084,2021,PL_2021,22.63440683633177,13.137435315575045,5.968637487528798,0.600072398929399,52.903983323899,32.47945251370115,23.693116748268185,2.9127988735757824,0.14608071795131222,0.2852305469804045,0.06531756697772764,6.4197353720581845,7.344285670220756,5.502495958264902,66.0057163240424
PL,2021-07-25,206,17.41922283225002,2.635989495221807,42.67979329169861,10.689936536365206,6.602572136323621,6.602572136323621,2021,PL_2021,22.48976666137613,13.255225080056219,6.958907486867444,0.48879420320030587,54.28082775606135,31.99210960613917,25.228248401905265,3.004060816016786,0.1559193267078812,0.297294202133031,0.056921008948431176,6.5230506527035015,7.425727628453254,5.617973889826043,65.3584589399969
PL,2021-07-26,207,17.082687408601522,2.782465975748246,41.26213225254411,10.667211763885296,6.415354276094616,6.415354276094616,2021,PL_2021,21.658648300771446,12.821489965741616,6.7241246399926515,0.5331903844473458,52.47251149492491,30.866859849736667,24.810981727739833,3.0077765947986124,0.1628235138530526,0.3142597412917529,0.06193927623812721,6.339675289839505,7.24384874250228,5.403962410846727,63.91027632758255
PL,2021-07-27,208,15.816402696009915,3.1031197145618785,37.91313856938088,10.717511664975056,5.6088055459235555,5.6088055459235555,2021,PL_2021,20.10328960523375,11.455892133828476,7.405833268151752,0.4974596399042517,48.69880301763092,27.736837695267702,24.477425244621344,3.2314803173074353,0.18764365908013858,0.3498982179496236,0.06589816867568067,5.559714964542257,6.455940693708926,4.629224909613655,60.40946066313522
PL,2021-07-28,209,15.150162782749955,3.1479026494629574,36.75952381245758,10.92343357674493,5.554344606017263,5.554344606017263,2021,PL_2021,19.977559873930762,11.180740463733823,8.01944445737447,0.5065371026244556,47.34497619233321,27.253460227018852,25.488851757333855,3.1578129677485696,0.19815272186658933,0.3732211206940612,0.06817468629039929,5.492594327691679,6.390396913468394,4.592854644240065,61.74665975579206
PL,2021-07-29,210,16.26859561839094,3.720517498433817,39.52023865662304,11.36948528069636,5.686842121313463,5.686842121313463,2021,PL_2021,21.674607843867225,11.349635301434635,8.394600130269986,1.1039140788043473,52.156038864075214,28.410127788798512,27.07089828599724,3.1445596717481377,0.2107488267687335,0.3674031570048378,0.09098482366372651,5.602845614843468,6.481543749718942,4.6921888116077275,36.72435490685752
PL,2021-07-30,211,17.147639482488838,2.6857033289812753,43.274460647235664,11.954163607786224,6.8892136017620915,6.8892136017620915,2021,PL_2021,22.185079663643645,12.951992334799318,8.153986773130935,0.4940881551896388,54.323581262786384,32.93149707909242,27.509686748103686,3.3347576946921254,0.16089122222136065,0.344897761233837,0.05898598654716547,6.7965125388242065,7.7262029487953585,5.9074282547450725,62.82033824417779
PL,2021-07-31,212,16.032939632043604,3.44459044735557,40.01177800339165,11.714963602359944,6.2379581618210596,6.2379581618210596,2021,PL_2021,20.55347707143278,11.739412691546514,8.964661063818316,1.1027595287298115,49.86727989299676,30.21158952872601,27.32158918071423,3.450475022637041,0.20251497940112023,0.38714141841862804,0.09094067281148813,6.150528550494268,7.092906256915777,5.192501481531433,62.412934812866105
PL,2021-08-01,213,16.03272158910879,3.9782433120521388,41.76205977136493,12.726209620186173,6.634125310544262,6.634125310544262,2021,PL_2021,21.32500315217455,11.321371815293665,9.809021894446001,1.013930979853588,53.986670668028644,30.57406056799708,30.329533341782668,3.6288615406500138,0.21631288174000252,0.3989159034417104,0.09410140786609414,6.551667819615185,7.485798698090054,5.621443081747186,51.92403054983698
PL,2021-08-02,214,14.933220618484118,3.847272214779495,36.95338099030267,12.022314199471518,5.188646030765627,5.188646030765627,2021,PL_2021,19.36073746860425,10.292533160482575,9.808492576529567,1.035929740299692,48.57127441534866,26.64940497304948,27.693689356821665,3.90006620130664,0.2322754380542511,0.4203718110036544,0.10131429005372188,5.106384759416394,6.032852301165568,4.173746718740456,36.11580524641372
PL,2021-08-03,215,8.188252474199999,8.2370072574,10.0874041612,15.893887228,6.86430782237817,6.86430782237817,2021,PL_2021,22.386660339114137,0,30.450023438308047,0,19.528635091058486,0.646173231341518,47.47607253525175,0,NA,NA,NA,6.603803978465223,7.50171019488803,5.6948293528172345,60.383459563878
PL,2021-08-04,216,14.845154293252023,4.279608175717235,37.753136485820086,12.733586511694213,6.0735566544283435,6.0735566544283435,2021,PL_2021,19.7391866073351,10.659129227547313,10.26235183060189,1.005249793512593,48.360768457298526,28.541134101447817,29.238514060558845,3.901238879922857,0.23923059325502533,0.45018991086800436,0.09226799861140458,5.9916698793473895,6.935181653551744,5.065154840516285,60.76739332792991
PL,2021-08-05,217,12.411616694588266,4.166887958928449,32.642484981925065,13.177820846398363,4.665143058389707,4.665143058389707,2021,PL_2021,16.92390731593383,8.352290242533336,9.601909748155839,0.9910475422851186,42.344193910601966,23.608153951778554,31.445534038057918,3.8336786622716086,0.2695620751821661,0.45661588828652877,0.10607237689890586,4.61374325041628,5.527703945911226,3.70384393503146,51.82138498952783
PL,2021-08-06,218,13.69556209272242,4.281480762523025,35.84934512441915,13.203179260576096,5.40642444225023,5.40642444225023,2021,PL_2021,17.750419236593594,9.889980517318834,9.87637170215816,1.0027631678873876,45.96593412598404,26.018753791320407,30.174788999671488,3.810203703658734,0.2583893099335497,0.44604162249579266,0.1074846546655995,5.338414934441396,6.279893977711329,4.403751022873475,54.53630893422428
PL,2021-08-07,219,15.02957745952385,4.5721917450408744,37.0437301948867,13.080830764459524,5.938893845865052,5.938893845865052,2021,PL_2021,19.153457566204764,10.781622320875373,10.830242940835445,1.1871644715544878,47.94016779914814,27.530970905457703,30.858529503751594,3.6437392125162167,0.25807120220777946,0.454839622474457,0.10790176461000814,5.86531706298916,6.799995788777823,4.936739088747379,58.17093713532057
PL,2021-08-08,220,12.089161929044524,3.8345052711767096,29.46636621744872,12.62978088590523,3.754366668463203,3.754366668463203,2021,PL_2021,16.66399962190522,8.293314259327062,9.469110349347384,1.128651270313477,39.40268020569582,20.63005288921609,28.833547293799747,3.874176492044486,0.2592269297666407,0.471142396951163,0.1144728363032216,3.715177737550299,4.672645463707838,2.81814521563456,46.15937661900003
PL,2021-08-09,221,12.905318285051576,4.552895473283102,33.406232934368596,12.908881687122037,4.956178864323049,4.956178864323049,2021,PL_2021,17.32899508320402,8.732237113561805,10.07909174548232,1.453060636560658,43.10421252534754,24.397881389214493,29.88411655214352,3.8180356165538103,0.28244493343279997,0.4645605874315032,0.1393617673330857,4.911257804850562,5.844501385352324,3.9444266420365564,58.97869721200359
PL,2021-08-10,222,14.066176625759299,4.445019879477129,34.91616955314708,14.027650272153732,5.3646547408938,5.3646547408938,2021,PL_2021,18.72130071291088,9.901292404108547,10.135127714021598,1.1970622208407293,44.792112467519814,25.85055739035537,31.928435470749495,3.8045943249548535,0.26273981992608214,0.45396436376699845,0.10989030726107486,5.297502164893457,6.238351953029253,4.372991764957086,57.574213810684945
PL,2021-08-11,223,14.997677440059004,4.690811280924758,37.580753520612525,13.979695608751651,6.0778729330616175,6.0778729330616175,2021,PL_2021,19.546433764760774,10.670481614348775,11.389170253803794,1.3660996042663804,48.25474951550396,28.5911668964612,31.459939630439006,4.492034475242686,0.26185765959321916,0.45499965002756054,0.11765038124902213,6.017683165402353,6.919938951528398,5.080156052630048,59.56096741039857
PL,2021-08-12,224,15.353596740940288,4.4597225934562585,38.871146846418704,14.029628053927478,6.263786835568207,6.263786835568207,2021,PL_2021,20.039952489744678,10.953694289910153,10.432143312434297,1.1457843094805533,49.197287624511,29.3272378819112,32.3855805864762,3.772259186745362,0.2515791142848119,0.42848301008477435,0.10721820934134155,6.1961972456950045,7.177480398672236,5.244698475370665,60.05194159859506
PL,2021-08-13,225,13.649238617137287,4.080566743803326,35.105403511397995,13.759360459368512,5.307728512157994,5.307728512157994,2021,PL_2021,18.14985331171062,9.5041899888528,10.384613652860283,0.9688610744089778,45.11660730770052,25.44324687568782,31.263783076633057,4.150093212513163,0.2558131754348837,0.48029095538551786,0.09321393118868053,5.262915572307547,6.179255840105927,4.328891422360378,60.263926512440456
PL,2021-08-14,226,14.131950360998593,3.806241959849145,37.18351202045624,14.511669320895557,5.815056166665875,5.815056166665875,2021,PL_2021,18.743461371186683,10.225172029832727,10.388770409041651,1.2197258165632234,47.31936654700926,28.061496463026547,32.34886768902779,4.414976179381112,0.2444791839942918,0.44439082114410566,0.11277255986987895,5.730631641865915,6.675802907022392,4.803416650693132,60.13511236625976
PL,2021-08-15,227,14.927143480749683,5.0471428219726135,37.533573713032254,14.397737961673112,5.980737414118121,5.980737414118121,2021,PL_2021,19.166794172320323,11.08437597519937,11.568757075236917,1.559756421457857,48.28411793118598,27.692838877797787,32.719012060980816,4.046057467185426,0.27520549450888154,0.45824802827982986,0.12420055388248444,5.922836001460432,6.851581252367051,4.977487063465894,59.422706447565886
PL,2021-08-16,228,14.766542300060541,4.117812117010588,36.84115235182892,13.490453101417824,5.597472027437031,5.597472027437031,2021,PL_2021,19.499475292613383,10.418521212970733,10.461203400569367,1.0596418819576023,47.55508035101928,27.419464359583518,31.473636881575434,3.9400785666455005,0.23952592983959517,0.4453694293183862,0.10358205372765446,5.531511759954103,6.477064258582536,4.611599130081189,52.93653910035326
PL,2021-08-17,229,5.0054371584,2.9001400640000004,19.444139856,22.58016086,4.658308064991644,4.658308064991644,2021,PL_2021,10.689588948086584,0,15.6105643056542,0,35.330699482741245,3.557580229258751,121.54207912664661,0,NA,NA,NA,4.546988852649746,5.47097108147995,3.6277027856025663,49.772226270496965
PL,2021-08-18,230,10.559291429006768,3.885552606234115,26.516417024686092,12.057789381435587,2.4531904541934266,2.4531904541934266,2021,PL_2021,14.475252309802043,7.1778320091075,10.03234681141744,0.7882099978885924,36.80625447188975,18.585187979104052,27.600616639721366,3.3711164202261723,0.2855759054900481,0.5070747269234065,0.11985807124159625,2.4727620145397644,3.402574244306045,1.5494155079070024,43.42182391321157
PL,2021-08-19,231,14.651326012318913,4.424769998747823,36.62188153111942,13.408243836139313,5.233489082838785,5.233489082838785,2021,PL_2021,19.653498553370493,10.315209646037044,10.569476775079972,0.8888926311447076,48.27896052540162,26.36147339316609,31.86084374604255,3.99891883359571,0.24431567027879642,0.4461076672822472,0.09296698516852599,5.169994304411572,6.104064993992089,4.2343361301654,42.6552405211804
PL,2021-08-20,232,14.782677644447718,3.9433021142882794,37.33213922046769,14.35342549008891,5.462184456302013,5.462184456302013,2021,PL_2021,19.405331136187502,10.328583679638202,10.269061860865136,1.1483288076688984,49.31892517885279,27.020921253402317,32.97525879789036,4.285144286089235,0.25356411123588163,0.4408395390579528,0.10074203378952763,5.405828819447099,6.307195664145069,4.514952517070981,50.62095832684185
PL,2021-08-21,233,13.730855658833931,4.698511284529782,35.22362857242843,12.571482546372309,4.501250287335065,4.501250287335065,2021,PL_2021,19.135737611476102,9.47768685920642,11.224082092047595,1.4025364869847439,46.02031111873643,25.313392421280597,30.262176018357064,3.61656723707435,0.274538347344352,0.47294728096124716,0.12058816769834431,4.459320261208132,5.4352458363528315,3.5260126267079417,39.0077844363221
PL,2021-08-22,234,14.932768048443071,4.1358307238333625,36.54983218240477,13.820871016106167,5.399417983098439,5.399417983098439,2021,PL_2021,19.117632192567342,10.58591655419156,11.045648228616589,1.1005493252522656,47.42079471478153,26.77613487753976,30.527058587556322,4.104982245973975,0.25176157956234746,0.45091590262525627,0.1014566546883432,5.324851457721233,6.2517053016872755,4.410642271097509,58.34184773601556
PL,2021-08-23,235,15.573643801999237,4.285876641035108,37.730828605864424,14.863105211655498,5.50382981092371,5.50382981092371,2021,PL_2021,19.683652929847522,11.413243291487353,11.971769011579422,0.9890918031722358,48.8108774231281,27.540256156144025,33.41628039782163,4.467082782485113,0.2456125566956962,0.46630448625951526,0.09260489859286015,5.452362894320374,6.377861269508173,4.50375045451791,58.60715366355458
PL,2021-08-24,236,14.561252586168132,4.39424763576825,35.85358459290525,14.291273571220994,5.144340935305583,5.144340935305583,2021,PL_2021,19.62778735316617,10.784155212555632,12.161109827180706,1.135943243008001,46.7189032094701,25.638009952150096,30.106878726386757,4.285880596341526,0.2503672774425756,0.48288980110747703,0.09347968538806223,5.10674095001997,6.031782767992887,4.101148631482431,58.89171437951353
PL,2021-08-25,237,15.40705417547977,4.396043158311389,37.339233368368845,14.423563138987017,5.1184844077405875,5.1184844077405875,2021,PL_2021,19.960552225073947,10.5269623666866,11.877861288252397,0.9487967797073256,47.57885031399972,27.5019155097725,31.428870350141207,4.179470326811696,0.24818254789656868,0.46181576089471954,0.09179861272782766,5.083283081563808,6.007475162542532,4.119871606175122,52.93413340190075
PL,2021-08-26,238,14.145534313345122,4.080727909169055,36.041822276565995,12.896984598759282,4.561536341182029,4.561536341182029,2021,PL_2021,18.680837089505367,10.292346317868924,10.841146196998974,0.8094621130770956,46.78830575485137,26.86811304828552,30.242806477878727,3.7935631494531568,0.24256223116627923,0.45406853891139715,0.09381193521185818,4.536621018174657,5.521610502487989,3.580163280929457,43.45422224928753
PL,2021-08-27,239,13.869685113562891,4.609748862204776,35.46119666418388,12.563639839603436,4.124347787908852,4.124347787908852,2021,PL_2021,18.286049534208644,10.059380338252303,11.410069270392526,1.0354292624353716,46.14926941916806,25.62678312288789,28.406681917134062,3.835438933941243,0.2661557837041618,0.47451339900733175,0.10341669825779354,4.1124165800991275,5.043811722611992,3.1672676179753876,42.01729766297285
PL,2021-08-28,240,15.180955644863534,4.404394456664025,37.148735917209926,13.944651823158345,5.168167884402376,5.168167884402376,2021,PL_2021,19.658722247567653,11.110759774393278,12.605064762411088,1.0431703307856661,48.370042729305744,27.352127980014604,33.294489348882486,4.364411969714471,0.24814898939155255,0.4793717943388685,0.0941051222685048,5.116582970123062,6.051254441554334,4.181010241547735,54.54323031265683
PL,2021-08-29,241,15.053337835966543,4.3979473383452,38.33796809244904,12.021206604164721,5.337056378462374,5.337056378462374,2021,PL_2021,19.891847095295105,10.953135208346234,12.161339720016858,1.3318128122506874,48.64543069314557,29.146748707437737,29.83981839652316,3.1841118083752398,0.2398252848253008,0.4654246652393169,0.10605096771083268,5.28546845877724,6.251865898661267,4.249705719161931,56.401717499989125
PL,2021-08-30,242,16.194379178309262,4.671074881273516,39.57059352997971,11.99098842355828,5.529154060334128,5.529154060334128,2021,PL_2021,21.277348625207516,11.753632591424568,11.818522828081019,1.1682167492841302,51.666752730165854,29.638309113420142,29.5760607451316,3.159273723929758,0.23213182225942697,0.4404368376349033,0.09665254197211895,5.447562990796413,6.41259463248277,4.57365808471048,56.12554720144867
PL,2021-08-31,243,15.647734053896167,4.223212159720414,39.86106012054645,12.855038950406819,5.377200174355975,5.377200174355975,2021,PL_2021,20.421958482770687,11.042887663392875,11.569646034132074,1.1706279435756735,49.91146295498639,29.79877294772094,29.855371284938347,3.5706558663895973,0.2325540774666396,0.45255962195459865,0.10036007914667416,5.341991848144787,6.270451401893248,4.405784354988574,56.25720732493442
PL,2021-09-01,244,14.81555251966047,4.43347458873501,36.67585687939472,11.908972258423727,4.862898405471062,4.862898405471062,2021,PL_2021,19.240634784373416,10.86567456922551,12.078609281198855,1.1907136100119724,47.03755818712304,27.308188692658984,28.826163410296562,3.0303162787733187,0.24828624646129493,0.48118580902394037,0.10667536784841289,4.833419786389667,5.760821066638491,3.861639222454669,57.692484080290285
PL,2021-09-02,245,14.10271928253668,4.655941209743715,36.71152284793363,12.30174907530498,4.780043646632302,4.780043646632302,2021,PL_2021,18.905424400779545,10.12205211916661,11.303522517947359,1.2476792434917234,47.383192079625815,26.69818445020449,30.268442773442995,3.1347420002136945,0.28064102286110226,0.46953698156477697,0.11238149300546584,4.744646458630445,5.69818242089028,3.8620182469102065,56.18604645255717
PL,2021-09-03,246,15.476693138855095,5.004521147358084,36.91865057646347,12.789493112421443,4.947492390813549,4.947492390813549,2021,PL_2021,20.329900005079676,11.21316520829894,12.515798126649358,1.260102278956426,47.74953540454603,27.451179073528376,30.79729912055048,3.420088637661564,0.26272155900918615,0.4842357894969054,0.10419052183545817,4.927956602590877,5.84136845943067,3.9728374868397145,56.067991601777926
PL,2021-09-04,247,15.867531539147079,3.972686019912932,39.28989310202965,12.070251350530324,5.097612521235003,5.097612521235003,2021,PL_2021,20.510700794927967,11.48375219321783,11.189386281058912,1.224676901782335,49.72177228531891,29.352824753865377,28.530248757513295,3.537582995509928,0.22831944007343466,0.4434984108438625,0.1017737603156159,5.064092763260337,6.008425392105805,4.1232555016829,53.776634667252466
PL,2021-09-05,248,16.19437963984587,4.72666534941347,39.885421340163994,11.94403769602619,5.319927313764626,5.319927313764626,2021,PL_2021,21.374908387078044,11.689667746520847,12.076873623225733,1.1588036361697143,51.352127627959504,29.794602552292556,28.73094032521551,3.4062885698059264,0.23976984826016196,0.44891769134034454,0.09880667197153067,5.256542739808907,6.2233054530962155,4.362030741589217,54.92706586052726
PL,2021-09-06,249,15.724068866249825,4.827725948829151,40.16874036562867,12.140651459508016,5.352471655257819,5.352471655257819,2021,PL_2021,20.741378327302584,11.707743140638016,12.86088162747947,1.3653149751093336,51.220700341168985,29.807045575334865,29.810721847420968,3.02437641920126,0.26156339734431444,0.4662369059337973,0.10699825821784656,5.302440454146129,6.226665108069182,4.355431303823773,53.764618182072
PL,2021-09-07,250,15.529732929947889,4.832089765662206,40.187762453593145,12.512544691477256,5.246235610002968,5.246235610002968,2021,PL_2021,20.56558628967965,11.410284030351859,13.288766047707396,1.2520954040885555,51.546858701999085,29.08180505913831,29.363657492551738,3.3703135970606826,0.26027708897000856,0.4641724006441185,0.10466023822319002,5.208149757631187,6.118893794797533,4.285495330158229,53.53188420719046
PL,2021-09-08,251,16.867417079851343,4.750083727912407,41.506697646894494,11.6074681913625,5.515357671136661,5.515357671136661,2021,PL_2021,21.97119175701372,12.470693759769174,12.575205113399981,1.0422957176633674,53.02430869223274,30.932074222490552,28.376608898776627,2.986109469926403,0.23758460199210563,0.42837078256373134,0.08885253564159128,5.456497876218236,6.3804151786369045,4.445674625960988,54.30446843018871
PL,2021-09-09,252,16.011693793114457,5.024828052793824,39.35488294706522,11.034526262019273,5.085786180539778,5.085786180539778,2021,PL_2021,21.33406431798507,11.507268716616732,13.182805060399723,1.3133750800345958,51.4737692727123,29.01426108351316,27.550908424563573,3.080269430847269,0.25569429518034903,0.48240686653723536,0.10987200995615862,5.046545332301962,5.97568010045524,4.10072965336817,51.95970001365151
PL,2021-09-10,253,15.623725058113548,5.172713318895049,40.38766170675185,11.01310849074721,4.90524021853115,4.90524021853115,2021,PL_2021,20.617515207086,11.386914175652821,13.241679689131402,1.3169573628878872,51.505477375940046,29.538166716205,26.423373425308984,2.90057724787254,0.26975459245377476,0.4912953265133931,0.10439018849222456,4.86467242722359,5.814566457827876,3.8811179545530106,45.85579989336427
PL,2021-09-11,254,15.384399013776088,4.778902127147123,39.10609312368639,11.744551446368671,4.92128649189642,4.92128649189642,2021,PL_2021,20.23160479225532,11.096241590482558,12.737524573307638,1.2374105209460162,50.62262684608008,28.89289052987423,27.798516954336772,3.2396733200230137,0.25924168455157853,0.48248844941910113,0.10187600012946446,4.891714657536849,5.826794750452542,3.9450952572847964,51.54374221206725
PL,2021-09-12,255,16.265648812381336,5.121195773955794,39.947994118169554,10.987914276420772,4.9668095129434,4.9668095129434,2021,PL_2021,21.277600938923296,11.737128024248307,13.240256707768138,1.2105605379616005,51.85811955662785,29.82095201356375,26.45243948072284,3.3149687693548304,0.2669862140205532,0.45055888229520746,0.10082445006481695,4.928019190738672,5.865852738740914,4.004516915015141,48.273954965867766
PL,2021-09-13,256,16.637459442583445,4.694343986110119,39.95649045949215,11.058273896423998,4.955814798133862,4.955814798133862,2021,PL_2021,21.266283798128125,11.678152318762068,12.845376559180025,0.8337550645886154,51.97952356820563,29.554009521648084,26.597266403163125,3.098732330052638,0.24314875927902507,0.474648646855663,0.07781166638109199,4.921972836445386,5.884116323024278,3.956088382938044,50.10199552556531
PL,2021-09-14,257,15.500135598876467,5.4314127638643095,39.61261468707506,10.933362836988543,4.970445460191225,4.970445460191225,2021,PL_2021,20.533249232750514,11.388160654594477,12.275366360528354,1.337261150453967,51.07568896010616,29.411973722309423,26.987257582415538,2.8086674557850206,0.26961717390190654,0.4705875320246099,0.10454182496671796,4.930430724731982,5.850118915593729,4.01183824514807,51.898466832276895
PL,2021-09-15,258,16.170524586393334,3.93738682979819,40.226761988014545,10.02513009657969,4.884993351471298,4.884993351471298,2021,PL_2021,21.352965631184695,11.464890817034632,11.498980134821396,0.908320024188175,51.53325463622362,29.83544483122442,25.71768649430771,2.4166998255597316,0.22701848786299578,0.4465245696842735,0.08281424341897604,4.862901389861378,5.76343593197037,3.946496354174672,50.898488518394984
PL,2021-09-16,259,15.18516072024962,4.8471356360403375,38.161618023587835,9.46615971948725,4.586588069574275,4.586588069574275,2021,PL_2021,20.162461009626703,10.871283009408641,12.356112240257884,1.2550798984606983,49.17448510443054,28.80389308842459,24.243448147355704,2.4152469434170043,0.2594707911501357,0.47240660906841564,0.10726133688086953,4.5730577670260235,5.523703659057959,3.6338640271730736,53.17854136924789
PL,2021-09-17,260,15.097648642352327,4.313833655191293,38.823190738340365,10.629223332654098,4.578850658784216,4.578850658784216,2021,PL_2021,20.11918018298566,11.465126024560227,13.183602986750579,1.1257620847994945,50.09497280012456,29.003779135924372,24.554928694465154,2.7709487961668233,0.2369461736044622,0.47167691779028337,0.10194482909940591,4.555042113503717,5.487178802130952,3.6194616132217976,49.503432570043934
PL,2021-09-18,261,17.04414204956515,4.718226358333749,41.37338478451941,10.380931067806179,4.821972752198249,4.821972752198249,2021,PL_2021,22.042354246836183,12.42262639370975,12.894942029708188,1.3922995645564595,52.614630471541055,30.847574222082446,26.030680912401476,2.7495956492133335,0.23343270809704303,0.45910090704801154,0.10172699231677368,4.8030135894900035,5.7315545448356495,3.8766665418401,46.10041722559339
PL,2021-09-19,262,16.260307940400253,5.046838695288857,39.25669931299641,9.794268876981196,4.298544266753935,4.298544266753935,2021,PL_2021,21.219840021603133,11.002160791285489,13.105448054905354,1.2559595065614106,51.77270475566191,28.085606915371006,23.863411346453614,2.4253973311817734,0.2632158252780413,0.49810178900522273,0.09964962239206096,4.274076143475872,5.178201618852601,3.365562038688726,38.96655456052362
PL,2021-09-20,263,16.90557679943413,5.1754718927167085,42.444980448326326,9.229716650046676,4.058929387585714,4.058929387585714,2021,PL_2021,22.812012483498687,11.751180358855441,13.909409463115141,1.3909992115803338,55.736434965252286,30.534485795173335,22.866463189711023,2.2256496348543027,0.2525685449022811,0.45403177965538666,0.10503177090775144,4.030363859664355,4.957469701162471,3.0698932001633694,26.502151904936262
PL,2021-09-21,264,16.312371972639948,5.495909970112315,40.78615114428501,9.311274165420755,4.827125342121313,4.827125342121313,2021,PL_2021,21.27511208836461,11.937156986580746,15.099098395924978,1.3605085446501735,52.30633756835019,29.94984075895983,24.393032580465825,2.122336899059665,0.27043313692345794,0.5207766211324232,0.10430730467724728,4.809793377744885,5.776232420574277,3.8592359045560376,50.30814262601395
PL,2021-09-22,265,17.285693237604676,5.3880462331884,44.05760259119094,9.874536804915806,5.2890069357206775,5.2890069357206775,2021,PL_2021,22.333482196495705,12.201120427258331,14.810729844350115,1.3634469337045123,55.80297280030546,33.08894612332933,24.817866499349314,2.4321242094678506,0.25715823523912884,0.49671099237998195,0.09871532909598159,5.255755368580137,6.178191811389041,4.336318401360766,48.51957216193169
PL,2021-09-23,266,17.199535849865526,5.0127533827256325,43.83744920627566,9.726389290393985,5.123812961822515,5.123812961822515,2021,PL_2021,22.196712040519508,12.817819394609039,13.68165926707145,1.332717456635509,55.68497726312804,32.56799050525175,24.189667285678727,2.2899482654731114,0.24546955658452535,0.46736328314521236,0.09799698540643084,5.085863615373297,6.046208718336672,4.180169202888496,45.85625195156557
PL,2021-09-24,267,16.761921147556222,4.616600160068686,41.47066998586677,8.996173197357642,4.854858217732565,4.854858217732565,2021,PL_2021,21.853074303893386,11.964634218270914,11.540120078800854,1.1250393192729111,53.512389981736966,30.621115621606346,23.02768341048838,2.4795194644422653,0.2392830002787612,0.43221366968183983,0.08773306050733244,4.844440730363055,5.773601098508573,3.922164278487168,48.37016138808039
PL,2021-09-25,268,17.560452619575713,5.385650667644944,43.75595862724832,8.879237204067296,5.24382179781543,5.24382179781543,2021,PL_2021,22.493369637165074,13.17196512977003,15.26480608048656,1.217161375400823,55.821647234528626,32.762501509635115,22.151408270450546,2.1740803337995103,0.2575656045177621,0.46470869879875126,0.09427063774465372,5.194499891177786,6.1329151891490286,4.298062298402498,48.00336618029565
PL,2021-09-26,269,17.235617371187246,4.39011431777448,44.31729351298801,8.599013032687232,5.382012097273062,5.382012097273062,2021,PL_2021,22.902999744901678,12.885708897742395,11.963107068569261,1.164479539622832,56.06806006521921,34.04811940955886,22.605217942133596,2.0658072971028507,0.22330444617461886,0.4317637841156734,0.09098887032512516,5.364882397761951,6.301711743535603,4.410270485862077,48.03724042926806
PL,2021-09-27,270,17.446067891800702,4.744886501908897,43.54639401117894,8.92366445469131,5.085896686501872,5.085896686501872,2021,PL_2021,22.25478264977513,12.987488093563126,13.005872919627294,1.0219624746782503,54.86509081681676,33.10033607089921,22.92175234656203,1.9812785995931823,0.23520265665645348,0.45309364190257473,0.08577952955835766,5.068861915957114,5.999798059785387,4.148597449727376,47.59386933604366
PL,2021-09-28,271,14.108850217669408,4.985704599893822,35.985554425771014,8.116957705031368,2.574232212763116,2.574232212763116,2021,PL_2021,20.086260312575988,9.597487468272975,12.652754091377354,1.1700776722336172,47.57800018881432,25.428649941870123,21.349621201429457,1.6318466999503496,0.2821989916479696,0.47832066411545693,0.1099025041978208,2.5926999101445736,3.5594180669643896,1.667692019458602,29.37410876324345
PL,2021-09-29,272,15.890835472937853,4.998850307409265,39.45366856671094,8.53255667287064,4.407227613071093,4.407227613071093,2021,PL_2021,20.68194179481298,11.314517344595297,13.847135546415112,1.1804534927406456,51.38595355955398,28.5698323500714,21.556418352183023,1.9638090882221073,0.25859850779700033,0.476158814936669,0.09887063033349722,4.400047846213336,5.3235546280041826,3.496266849559757,47.6638627000504
PL,2021-09-30,273,16.757145680110995,5.025965994162889,40.65364498908933,8.119057622827633,4.585653626694249,4.585653626694249,2021,PL_2021,22.094578017771497,11.947548253469934,14.561726638182671,1.053397521776126,52.218929086974285,30.35215491909828,21.976372170601504,1.6444716470173346,0.2578003118616576,0.49821443016349665,0.09535654081103931,4.57819858658589,5.5012270203509255,3.61443613041388,46.77105579522055
PL,2021-10-01,274,17.60044422453211,5.340982116217305,43.26561065512174,8.053321896533816,4.923819184442989,4.923819184442989,2021,PL_2021,23.21877641205023,12.601751745841522,12.678552762086012,1.2576627691053013,55.418069841301346,32.3508296758202,21.193392374384924,1.4082510895075306,0.2408095785403354,0.4447038545387531,0.09751813469909576,4.901120845295514,5.8638883410115,3.95345974149743,43.31051356020815
PL,2021-10-02,275,17.50746293703872,4.6159187685463605,45.36842077291531,7.387480508533539,5.267614887685307,5.267614887685307,2021,PL_2021,22.941452369107672,12.629018250792667,13.247207716432271,1.1833179497319306,58.164019293074084,34.17246020050826,19.321182875532738,1.4750204526445772,0.22082679480889578,0.44508297752721515,0.08804976257481617,5.2312874919909635,6.159736258753639,4.294717652701639,46.294995478181846
PL,2021-10-03,276,17.276006658600878,4.6737594140809415,46.29606614952965,7.041601034100344,5.373515476397144,5.373515476397144,2021,PL_2021,23.011834478177683,12.668948656389096,13.213403562893003,1.159918311932971,58.668156965980614,33.86300028773896,19.40681521378156,1.2830103179188868,0.233196435097408,0.4433344959942528,0.08847548154684429,5.326767026570024,6.285514676742205,4.402204008538397,44.73413238119815
PL,2021-10-04,277,19.021390166819636,5.31469148133829,48.89987611128046,7.353329237129035,5.9045974138705795,5.9045974138705795,2021,PL_2021,24.18248016968755,14.189522273237722,13.193506086650007,1.1175994508987575,61.51964056584268,37.45995550745213,19.448735274345484,1.2592040698081677,0.23197712423992084,0.4342141511975748,0.08314414090230504,5.861604015845674,6.809276717721701,4.939106341883068,44.929655403808056
PL,2021-10-05,278,20.888575143439333,5.231016136123009,54.78107254621984,6.866305321721143,6.829717956078702,6.829717956078702,2021,PL_2021,26.671479488575997,15.919348629686768,14.36040581830073,1.1863509738226916,68.36013109145108,41.36616441104304,19.221253230857855,1.192233083387181,0.22221734623966308,0.42621872186441717,0.07661932917348654,6.784592673429033,7.693657479802697,5.817769565442485,44.54624168871704
PL,2021-10-06,279,19.62813856499602,5.084530483842939,52.27648618140582,6.961685567560298,6.2126421326701475,6.2126421326701475,2021,PL_2021,25.3139945194567,14.707108436563455,13.765580112498526,1.2801761760383858,65.85001121876363,40.10837646537607,19.29991714662214,1.1030920683141514,0.22040965339822,0.43019790896066823,0.08140988632758056,6.166166380469595,7.066630219878243,5.207832436592737,39.57369018310735
PL,2021-10-07,280,17.48627376051833,4.336375054415369,46.19910621718174,6.8673383508195975,4.550071001164038,4.550071001164038,2021,PL_2021,23.74946388109462,12.32349928391339,12.202837377560648,1.1054070077944234,60.8799597906895,33.201079308238654,19.093372131135958,0.9457325347321639,0.2178219479382835,0.43521976084552877,0.08520842174922955,4.4987298328798655,5.428611144970524,3.6149234713355884,26.32699501182888
PL,2021-10-08,281,16.0810530765646,4.5518775634353,42.518010455793366,6.243343697369092,4.288176705030569,4.288176705030569,2021,PL_2021,21.3870591778324,11.072283847805112,13.373494283018207,0.973301850830073,54.934949387474624,30.80416333343408,18.128820540165847,0.8438232119259901,0.2418515974432771,0.48381888228191094,0.08686123690925612,4.284983317895685,5.163924888697481,3.378000955383696,36.06542702159157
PL,2021-10-09,282,16.16201248198777,4.689883343536666,42.40549175967578,5.393874655540847,4.648304436688792,4.648304436688792,2021,PL_2021,21.761677628109155,11.156713687102027,14.212677077565605,1.0130831654112342,54.76522872346985,31.37853725523888,17.01628432849211,0.6014090344003153,0.2374482366570463,0.49239925277303886,0.09009322303803333,4.637547464349617,5.528752550384428,3.730020747289314,42.98078300190348
PL,2021-10-10,283,16.538882267914964,4.054898005030782,44.445413165885945,5.089806900817223,4.438005592601251,4.438005592601251,2021,PL_2021,22.16615047540327,11.222780092687806,12.26461489720319,0.9537850167025332,57.952926563082436,31.613427803107275,16.999093042388044,0.5289368679192217,0.21946559605363397,0.4538622584563162,0.08519040797763774,4.398877111267786,5.335963383161226,3.465511077504302,30.4763041333908
PL,2021-10-11,284,16.04341451105545,4.341376877659244,40.10250697173888,4.823728531976357,3.8602172067956593,3.8602172067956593,2021,PL_2021,21.71780548639378,10.946584617233043,12.89919190887611,0.8210154514046735,54.01470573759528,28.88462953684186,16.33378803267439,0.1982295961541376,0.24075499775168877,0.4441811880608284,0.08583944253404355,3.8439302752043325,4.784621554506863,2.950265564737226,33.7511834315995
PL,2021-10-12,285,15.824145530355969,4.092811956147833,43.82272620310416,4.659274985346391,3.560016713629519,3.560016713629519,2021,PL_2021,22.682085611020206,10.227056814169355,12.141653606440649,0.7500760306104313,59.07737696916347,30.739547718020756,16.84330852700055,0.2474189256125987,0.22975799304451572,0.4618912495050014,0.07316852517955394,3.53399138308509,4.450584775097344,2.6180738258737977,19.88323411700178
PL,2021-10-13,286,14.504897195377241,3.829046793222804,37.929526104614375,4.322290608463367,3.6399661383467814,3.6399661383467814,2021,PL_2021,19.365731822549748,10.041947346847502,11.738501584049057,0.5216368992395386,50.24407735054388,27.113780522117665,16.544390177236295,0,0.2239603180589791,0.47190836424810345,0.07367745402987134,3.649339290475912,4.580529682213192,2.7027846410504965,38.622894326327845
BN,2020-07-13,195,3.5581830973999997,167.94293694220002,3.6489502624,30.119183907400004,NA,NA,2020,BN_2020,12.967461185184542,0,784.0898272620151,0,10.061325559888202,0,112.25525539955639,0,NA,NA,NA,0.89953665795322435,5.0373147372318,-3.276749877125242,59.20710138281628
BN,2020-07-14,196,3.238350806886981,26.267731627858748,3.069964233527324,11.968172138915257,NA,NA,2020,BN_2020,5.093860902097963,1.8586850005671742,56.15349716626233,9.207334929720405,4.955527883462256,1.6081073613384884,27.73104097645379,3.5132634544729577,0.8693908393206933,0.9429474943712418,0.7038477215429787,0.7156211265429515,4.877675244521156,-3.416771201078199,60.35492057164835
BN,2020-07-15,197,3.23927549182192,25.53718589182304,3.326221749471135,12.637342249873486,NA,NA,2020,BN_2020,5.015225045344579,2.000220835686325,52.561119392343834,8.985375117583,5.265138043271751,1.832337832917252,27.788728022982102,3.8059614381284432,0.8698052644338266,0.9359839402931474,0.6976627385809533,0.9015415728934306,5.040416010914354,-3.4304409902444664,59.52701246165799
BN,2020-07-16,198,3.348067534865967,24.750995563620354,3.586862748562034,11.321877879520878,NA,NA,2020,BN_2020,5.205824732830283,2.0865222641492793,58.93273178827038,8.803931400272187,5.5272052583758615,1.9585004355148143,25.727159155632542,3.3266934977547655,0.8673908041675387,0.9392898671810254,0.6725923774907163,0.71732104470618685,5.1216656109286305,-3.528033024068974,58.838657637935754
BN,2020-07-17,199,3.382350032459553,27.30905880669773,3.797075886717318,10.92041313102056,NA,NA,2020,BN_2020,5.378163470492537,1.991628973819318,54.684238281897,9.374203149609567,5.927276255684111,2.132326413688215,25.406427394600946,3.035947682156196,0.8671210209977613,0.9404436276460122,0.6907570832965935,0.7604017378190598,5.442727221307389,-3.485270389428181,52.02449829353568
BN,2020-07-18,200,3.6989884244619295,22.879837979831425,4.16084090093832,10.352720068669178,NA,NA,2020,BN_2020,5.80097862441614,2.1792212801745645,51.287826439103604,7.534111475737217,6.411862012798467,2.4385358876002905,23.62908237181236,2.6072954445687464,0.8402973211320495,0.9234011403985222,0.6502120398649149,0.9015892515300366,5.1705157572988725,-3.5326406802539663,56.717991472202755
BN,2020-07-19,201,3.8806334935580153,23.371148420310707,4.531851171652438,10.498445919226526,NA,NA,2020,BN_2020,5.810496363314235,2.2949568196822012,45.98061814392314,7.925922070147359,7.030424281877718,2.709159557427182,24.428103369522713,2.4896268169889715,0.8332648515294225,0.9225318490534495,0.6439969726062975,0.9323304441407448,5.134143998184941,-3.325130286852877,58.30922898121408
BN,2020-07-20,202,1.2462783566,169.992484692,2.4751589384,42.889443198799995,NA,NA,2020,BN_2020,1.6681805126409257,0.8243762005590746,522.9344334013032,0,4.237940234882792,0.712377641917207,182.41962473990574,0,NA,NA,NA,0.9404533513143323,5.1245745489463514,-3.254126664282315,57.978603030925946
BN,2020-07-21,203,4.091300110812414,18.45082683360971,5.34557674583076,9.162848234750687,NA,NA,2020,BN_2020,5.965291507146806,2.382177364363977,41.96403329744917,5.685875111347264,8.114441851614803,3.2144454414579013,20.757417179228103,2.4484188044400548,0.8017692819500537,0.9075043847562283,0.5574104610046249,0.9082308374424604,5.07879760007509,-3.2809556364251913,57.17190403120325
BN,2020-07-22,204,4.041230842583081,19.33029578336887,5.790920398244323,8.605520039856724,NA,NA,2020,BN_2020,6.180065814501051,2.6476073426926394,40.07524782344992,7.046981491380872,8.682629654986663,3.456484329931483,19.82761990177231,2.110627981255124,0.8080276545311895,0.9002023489011617,0.5976962395885047,0.9590609244104298,5.1860128420680285,-3.2549279091755623,53.19989308006186
BN,2020-07-23,205,4.555953853660127,16.262902785546576,6.293211934811493,8.208235403711974,NA,NA,2020,BN_2020,6.873180178024329,2.780225714091958,35.18813845291962,6.564588305782077,9.393014204210099,3.800676179628264,19.464234990162637,1.962148311518304,0.7618223427550429,0.8849454207593788,0.5691199339686106,1.0194996016115438,5.65572981583798,-3.244085029431355,40.422161046480475
BN,2020-07-24,206,4.462409807016193,15.083157777606626,6.713608591347899,7.382043908271434,NA,NA,2020,BN_2020,6.626479893814998,2.8993210311958273,31.756367833615872,5.802593131791018,10.076662723499297,4.179056412882437,16.943723710520405,1.787415763171388,0.7516991109592432,0.8734400352229871,0.5300169388970983,1.0007117134453176,5.77784114222092,-3.0417057420577955,58.266003246751055
BN,2020-07-25,207,4.493441635661495,15.866747334479602,7.452392071430291,6.398486651297542,NA,NA,2020,BN_2020,6.672897478257544,2.982776784887145,33.591389075873536,5.5016250339109565,10.908517506380129,4.567857315288993,15.1359257560046,1.4477871624980807,0.7634440875677941,0.8731863184635156,0.5290257772477981,1.1964160429087727,5.345921681234404,-2.907899051479711,59.27963735289483
BN,2020-07-26,208,4.644722015045248,14.16147020334061,7.897424810722724,6.1758197751640935,NA,NA,2020,BN_2020,7.158339228989667,2.7903675721936474,28.01758011047546,5.005190200683107,11.640933791103011,4.86119523752123,15.217786716895812,1.1552116582363392,0.7188309489771666,0.8613597690341404,0.4922738175881991,1.1470028938882337,5.47369053250622,-3.1486704471018405,58.882524242834
BN,2020-07-27,209,6.581122268600001,3.8884973279999997,6.3723114374000005,3.8531201420000003,NA,NA,2020,BN_2020,11.437595807610672,1.7246487295893278,20.930588265239216,0,12.767424808587586,0,20.74016372545186,0,NA,NA,NA,0.8923391229293604,4.9860782424408265,-3.2497252687463583,57.908573418565595
BN,2020-07-28,210,5.266482425693133,11.135077692411283,9.4921505673639,5.345945079221654,NA,NA,2020,BN_2020,7.88661712755684,3.421885739242877,23.910808660408303,3.755047287982804,13.961376754767128,5.964290082876602,13.86097140462583,0.9756057621833301,0.6714542731684754,0.8226772503621461,0.3904522879651785,1.2363367493881987,6.168888101236294,-2.987978641677951,51.5408103595931
BN,2020-07-29,211,5.165810465829689,10.489130710836482,10.281049130761753,5.012199532847772,NA,NA,2020,BN_2020,7.429141067050918,3.311141179068761,22.86449439554222,3.651732262641983,15.197467118195279,6.536877902352575,12.111491255995166,0.8493246851994738,0.6553246872783713,0.8185005703128507,0.4050892428820634,1.3964030963845357,5.641930914537498,-2.799323447882043,46.04795566153713
BN,2020-07-30,212,5.367543056243333,9.797159241828362,10.975707363297552,3.843730366391989,NA,NA,2020,BN_2020,7.676765537970261,3.3853741670987336,23.302472741440855,3.117125172913095,15.819541818669515,7.064699052496403,10.628375647818155,0.14303016046073003,0.6407805716313655,0.8158506345010218,0.38770065258212677,1.3893224306255052,5.879355031346838,-2.8127291121361346,57.0836565377061
BN,2020-07-31,213,5.673000391336582,7.132453693083325,12.002373306497619,3.8111840251022246,NA,NA,2020,BN_2020,8.247850319447375,3.4815182117548433,18.12047468221814,2.1660045163608856,17.36416893847157,7.847304763234122,10.183085085023635,0.35092821851206146,0.5566891034948632,0.7635458453621159,0.2893749337797154,1.5636653499551216,6.347478185706416,-2.9052775299699314,57.65184634497956
BN,2020-08-01,214,5.9118720075660365,8.404894114714576,12.90076412802077,3.4081464586960695,NA,NA,2020,BN_2020,8.423401079577289,3.8660381911363313,19.528996537353233,2.5689003310337117,18.777369571083817,8.406725438792689,9.633808609994805,0.0647563420402486,0.57626633023551,0.7605695563651024,0.3202601342625571,1.6228364687958028,6.0366350723521816,-2.8595156502058985,50.184260492722686
BN,2020-08-02,215,6.011976915949343,6.3544854339615435,13.826443931062435,2.730128344581398,NA,NA,2020,BN_2020,8.495675586201553,3.7767913951015837,15.076795012356435,2.103969536722638,20.253776737989533,9.09474933585521,8.072287010257392,0,0.5082690470319209,0.7232446265574963,0.2932959963960743,1.6786151820449713,6.402094378936278,-2.6706384106011947,54.52993199365731
BN,2020-08-03,216,5.4576421392,0.5826503798,16.7904138972,1.8140571745999998,NA,NA,2020,BN_2020,14.867978697387565,0,3.1362282582437864,0,50.436030850065315,0,9.764513283254537,0,NA,NA,NA,1.8437437499769147,6.009797280758933,-2.298780140774318,53.4140994615315
BN,2020-08-04,217,6.3523743848806795,5.313232866263966,16.55564712087573,2.021946575860038,NA,NA,2020,BN_2020,9.596673541995331,3.9342352269119525,11.819131235241624,1.60363651994795,24.14216980077084,10.820105254027915,6.657229810005083,0,0.4524545220321224,0.6734070967761645,0.23316178410671556,1.9471823447411043,6.705331252189348,-2.616920171414144,54.6714555059758
BN,2020-08-05,218,6.523563872359204,3.9795914117388564,17.706831632757766,1.8617743239473645,NA,NA,2020,BN_2020,9.579581290406969,4.437952338862911,9.682978889846193,1.098372705235118,25.15280356003612,11.71444798667756,6.001089268705879,0,0.37892572248563,0.61015896624495225,0.18893295818909905,2.0220897169346426,6.979570314005229,-2.4928851524962923,53.562571275998785
BN,2020-08-06,219,6.579830079555939,3.67913121154909,19.239917015279676,1.401455924986395,NA,NA,2020,BN_2020,9.603153082048427,4.217527722399913,9.300657804459068,0.8399874319181251,27.21311369996961,12.850463564903274,5.294727001179966,0,0.3795234338696437,0.592729787553328,0.18060969506803193,2.048450873058199,7.040600701964885,-2.4419830415110932,47.189452673872466
BN,2020-08-07,220,7.501476367440399,3.1879157828748532,20.33786376258441,1.0769980912283321,NA,NA,2020,BN_2020,10.63443037590717,4.750893598192844,8.008407635706245,0.7214835783349038,29.000352348728587,13.560912921538533,4.665146961636502,0,0.3257524764598148,0.5367603797000982,0.14043962956916436,2.3647254188930544,7.300393574955513,-2.403597604113178,49.31460506562301
BN,2020-08-08,221,9.477249152183294,2.8570740052643906,26.949912942915507,1.0573289586746335,4.568004287762606,4.568004287762606,2020,BN_2020,12.953615548177943,6.3292137199923415,7.159819823043377,0.44384705993992424,35.5884332377637,19.3353501077159,4.2635322602985415,0,0.2611444667871361,0.45940060905681945,0.10213988809529795,4.477693877556501,5.500864743356508,3.575067321329835,53.1614255071195
BN,2020-08-09,222,10.057451340998563,2.5416129824294655,30.241020985432087,0.7792810966392709,4.888616929669434,4.888616929669434,2020,BN_2020,14.103531498201624,6.646901376526873,6.653766353194218,0.4440975267917642,41.075604891345826,21.51189935421078,3.9826870747165963,0,0.2374925464614283,0.42180623127314376,0.09340425992465817,4.805616254922812,5.711949139448153,3.9115971741926496,41.320400971660035
BN,2020-08-10,223,6.7323864694,0,29.927565884,0,5.497177069366405,5.497177069366405,2020,BN_2020,14.588099532919108,0,0,0,44.950928782681245,14.904202985318749,0,0,NA,NA,NA,5.395210235302492,6.309231571826739,4.4583543887861765,54.088687779710774
BN,2020-08-11,224,12.197292912989594,1.4162584422550875,36.38690728285868,0.36088353088436564,5.766801960497106,5.766801960497106,2020,BN_2020,15.912556023279121,8.478187687070937,4.473352336479678,0.04333216300359344,46.90442346057632,27.029690873200863,3.1477726255061813,0,0.14395277271610485,0.29970071727026903,0.054638431278161634,5.677409843196761,6.623414707207942,4.7638617744292935,53.49985784973731
BN,2020-08-12,225,11.333778894914586,1.0242750028694443,35.80052751942723,0.2609652215781595,5.005368049391923,5.005368049391923,2020,BN_2020,15.981249068414103,7.965219695257882,3.3775401423085905,0,47.145217166038314,26.191108069735627,2.5412650280643105,0,0.12456146152899747,0.2583487695832846,0.0430450477903951,4.927428705968344,5.8578513893027315,3.956594484619186,41.288990461382696
BN,2020-08-13,226,11.607146915283716,0.7909708242791205,35.250032393043575,0.06710117673050542,4.814275035309268,4.814275035309268,2020,BN_2020,15.943147759656446,7.951104905554231,2.757813311633236,0,45.43976469247114,26.02165035054449,2.3593789790405233,0,0.1071379049751117,0.2335994501887163,0.04082938039589263,4.769004724726769,5.704435501605222,3.8273967909497175,52.13581472285398
BN,2020-08-14,227,12.201827067253086,0.543631746354831,37.343154384244606,0,5.101984679100625,5.101984679100625,2020,BN_2020,15.889785121961905,8.596695346257171,2.5088663418388304,0,48.10764785377217,27.581304928806073,2.1743456297220756,0,0.08997367952416017,0.20998657353809616,0.02797007235627639,5.041444520540256,5.971656557570218,4.120729368272771,54.8835305923244
BN,2020-08-15,228,12.99387223497193,0.3469286554509019,40.24145631119921,0,5.5031663710958725,5.5031663710958725,2020,BN_2020,17.542830733546495,9.057430428587468,1.7065673978667097,0,51.34248919334332,30.06587520070792,1.9228190120149242,0,0.07581725816742772,0.1577294219422361,0.02445965818482742,5.458113639291935,6.398956146533826,4.514895596449269,54.515007394286
BN,2020-08-16,229,13.875926399412547,0.19248683524496635,43.21759319599762,0,5.626046277726014,5.626046277726014,2020,BN_2020,18.419628907928185,10.180282339583856,1.4802116418596654,0,54.556594096689516,32.144142380553916,1.7250270909700394,0,0.05713605437935039,0.1339095004701966,0.021417172860056344,5.583775255336687,6.508434469380701,4.6414708490123395,49.90417313525748
BN,2020-08-17,230,14.646178307486457,0.1350209411144212,43.99169926904723,0,5.7658169438424425,5.7658169438424425,2020,BN_2020,19.63295454029849,10.89891121082677,1.2022852879049402,0,55.361890351799936,32.98707259457885,1.6584346092203255,0,0.0509149477321134,0.11438900913524,0.017169220265586278,5.691465560779321,6.645287306128892,4.795886030545938,52.515614172139145
BN,2020-08-18,231,14.509086717999999,0,44.223164473999994,0,4.56281121095317,4.56281121095317,2020,BN_2020,22.37012415599067,6.648049280009332,0,0,74.40493568897308,14.041393259026906,0,0,NA,NA,NA,4.560781392872375,5.472971523047745,3.6352486806998936,52.02355272258185
BN,2020-08-19,232,15.197968594913432,0,46.48940081542032,0,5.640396759048869,5.640396759048869,2020,BN_2020,20.77755366563228,10.782401515142556,0.684394554720116,0,58.47175900512324,35.426952330422615,1.3821169539214915,0,0.03461496380653897,0.08515002206530971,0.011729952514621238,5.57549454668462,6.527842932414444,4.680416963514458,46.84612450754782
BN,2020-08-20,233,15.742487380457254,0,47.57770036827411,0,5.862252392419372,5.862252392419372,2020,BN_2020,20.796717286175102,11.890938804533892,0.6247375135551811,0,59.9743240677624,37.06983198609232,1.3630526042964792,0,0.03142347296349603,0.0776848757716246,0.011549128527393216,5.828799641352928,6.76911781701699,4.881580056000099,49.99587132028301
BN,2020-08-21,234,15.341850841376166,0,46.85590496955229,0,5.717091166648022,5.717091166648022,2020,BN_2020,20.290484284617,11.737602620166916,0.5188594384491938,0,58.46987328507911,35.44047824809426,1.139151167569508,0,0.029033987413316167,0.07347221138328532,0.011443239087639575,5.703691813355814,6.638792801556395,4.7742861577437585,53.32320070724712
BN,2020-08-22,235,17.250527943162638,0,49.62991993761447,0,5.858984775306513,5.858984775306513,2020,BN_2020,22.23334793652205,12.452692241718971,0.4220121710511957,0,61.701898768428336,38.360123537486494,1.2912958098913263,0,0.02734794314482089,0.063179854535919025,0.00857984652557241,5.8258025574795695,6.737195054758438,4.885598697981238,47.746263111391045
BN,2020-08-23,236,16.97050702014559,0,49.405562897381515,0,5.824668086147669,5.824668086147669,2020,BN_2020,22.13889795850433,12.077574874902153,0.5134299157323909,0,62.010672388384926,37.96493911913897,1.111767649120798,0,0.03141860845589714,0.06390866611418837,0.011510725284755888,5.7883076744665445,6.706049411102324,4.8437541450816735,48.54120238627117
BN,2020-08-24,237,14.009144296199999,0,55.246011575999994,0,3.8130761460251836,3.8130761460251836,2020,BN_2020,25.784205153272467,2.2340834391275317,0,0,103.91167963697487,6.580343515025129,0,0,NA,NA,NA,3.878455483448087,4.7936399199796575,2.9712042641890593,43.362197882091735
BN,2020-08-25,238,12.275298181510777,0,35.40724370515243,0,2.790221124870607,2.790221124870607,2020,BN_2020,16.559758301188495,8.630150474233462,0.47740717426790336,0,46.089272300824156,25.479980424994608,1.1158798311542384,0,0.039726008492255584,0.09057295106339533,0.014092345809961146,2.8322924379144947,3.8568650125275425,1.9261967096246055,43.672215674389086
BN,2020-08-26,239,16.592646649771336,0,47.23919402179074,0,5.598702523336618,5.598702523336618,2020,BN_2020,21.225105748897516,11.951240337223894,0.4978793244380926,0,59.50526451012141,35.938558239293855,1.2751579692271071,0,0.03131369367861464,0.07291131177991375,0.011337569631999627,5.565765003061438,6.5048247199285365,4.644930099237256,53.085171245904554
BN,2020-08-27,240,16.380918250744458,0,47.05669307059249,0,5.428895567717168,5.428895567717168,2020,BN_2020,21.131692188264896,11.706635498967946,0.4195147581940577,0,58.76619420542139,35.85885502845511,1.1343529626376125,0,0.028191177247715846,0.06558235857212748,0.01031125834399484,5.398601639869359,6.328316623265432,4.480575844701859,53.09209834543891
BN,2020-08-28,241,17.509422285456033,0,48.21466424245471,0,5.712185401649296,5.712185401649296,2020,BN_2020,22.432652942140802,12.909819559894116,0.4213016336613089,0,59.918694594697605,37.158063412843376,1.1717835958864016,0,0.026780076151846424,0.059946225017650935,0.009102275871610267,5.682323849333778,6.6068862745994394,4.736788945972185,52.5669641266456
BN,2020-08-29,242,16.561032636331834,0,46.593540513020756,0,5.359569355434065,5.359569355434065,2020,BN_2020,21.713281473042542,12.212888842661703,0.4925384679623812,0,57.348343839450045,35.52188730192573,1.2090934313945825,0,0.029883411497997114,0.06723874656794948,0.009980368095705938,5.339924556377732,6.264103921249148,4.422601910303833,54.22494476490944
BN,2020-08-30,243,15.989584316130353,0,44.28963519856975,0,5.0877555509474774,5.0877555509474774,2020,BN_2020,20.737356774478783,11.376050357971254,0.6318652190888665,0,55.44667262134025,33.99970856991241,1.2034338513574996,0,0.03376036366091302,0.08424200606702766,0.012472770056449298,5.049636334724644,5.987544716228667,4.145838094566549,55.132981272531886
BN,2020-08-31,244,16.33230356293719,0,48.17715698507594,0,4.011786563969573,4.011786563969573,2020,BN_2020,22.411865757077745,11.195331518722082,0.6111445410538252,0,62.86808349596317,35.03200182511516,1.2980425903136794,0,0.03601685319808649,0.07339803576990171,0.013299990001359556,3.979733703934381,4.931846405791617,2.982546354201274,20.90771133646358
BN,2020-09-01,245,15.475414943727968,0,41.215854209154706,0,4.413656136410242,4.413656136410242,2020,BN_2020,20.116081078482637,10.936641249725293,0.6450958929238788,0,52.92849262263451,31.059954751989455,1.220562974333542,0,0.03736186142528026,0.08146120698990178,0.013056121680775294,4.413949026160488,5.370008787152938,3.463848716434598,53.224824495842256
BN,2020-09-02,246,10.860239725,0,39.095726594,0,5.003949065077416,5.003949065077416,2020,BN_2020,20.89494624243911,0.825533207560892,0,0,65.08472060035133,13.106732587648667,0,0,NA,NA,NA,4.955311099178308,5.857858974439273,4.040591288613412,50.75947976948487
BN,2020-09-03,247,17.20989081046391,0,46.00003163088358,0,5.413260268187313,5.413260268187313,2020,BN_2020,21.853764070084942,12.3750660935432,0.7282309632278308,0,57.72171942754368,34.88930602815088,1.3205497239768618,0,0.03642081458022274,0.0808051517651774,0.014059728872191339,5.404300602896958,6.309458104567385,4.467323864665508,52.66776855622264
BN,2020-09-04,248,17.24425541849516,0,48.10676624471818,0,5.751896938955295,5.751896938955295,2020,BN_2020,22.216435821956168,12.548216017512791,0.9911884079518956,0,59.66765249958861,37.49403507935954,1.5887940695742064,0,0.03691070603300405,0.09216078896449276,0.011969874513236145,5.704879519533305,6.668213486508195,4.759880368979065,54.4327215162828
BN,2020-09-05,249,17.029513296833485,0.03617691264410139,46.62359712726494,0,5.417085692408098,5.417085692408098,2020,BN_2020,21.96642510295554,12.108847404561596,0.8519734027460377,0,57.505084718515214,36.13687890191236,1.639951119804775,0,0.038887007034089795,0.09366764341636617,0.013077392643860793,5.395722324282009,6.294517855595588,4.483722384403627,50.989254063549424
BN,2020-09-06,250,17.211751426076304,0.0019308225686680558,47.969346253498706,0,5.665431398542517,5.665431398542517,2020,BN_2020,22.05204701923305,12.941813281731728,0.9564214054080236,0,60.31667557380825,36.84490716952441,1.5986139162845299,0,0.036957209740933916,0.09047023497158663,0.013775909785298005,5.657083068670525,6.533915739034844,4.701819905097481,53.44433451524031
BN,2020-09-07,251,12.267322474826848,0.004862816210340348,36.16866821938326,0,1.9199626892142996,1.9199626892142996,2020,BN_2020,17.33815879953118,8.221390284636861,1.0644863098176456,0,47.60225469025376,25.520524055485023,1.6349811159680576,0,0.04821800424544382,0.1251424928105383,0.017663054172877342,1.952757054839439,2.888658953145428,1.0404263211686615,24.776226521607967
BN,2020-09-08,252,14.460861355576046,0.094456429340805,40.10949584063324,0,4.449247336667475,4.449247336667475,2020,BN_2020,18.8413723764572,10.290169145460931,1.3884999059650946,0,50.7909623557902,29.91343781931812,1.8297465714459675,0,0.04984475456873655,0.1303747573275813,0.014503539123783906,4.431275741382581,5.352273135789355,3.5395978610767704,55.27538505492217
BN,2020-09-09,253,15.599594784816064,0.145430996139161,40.65141683405809,0,4.6003169963684005,4.6003169963684005,2020,BN_2020,20.825290103116323,10.999527955785453,1.4641540110289883,0,52.05507890647382,30.681971981843407,1.7703132338532352,0,0.0506104733925686,0.13000217444179835,0.017961429818569265,4.601611620184272,5.555325724507473,3.647078406778175,54.44192678581427
BN,2020-09-10,254,15.571612370712684,0.20698577936475338,42.26737525240147,0,4.977086315353873,4.977086315353873,2020,BN_2020,20.380388954950128,11.310079212384553,1.5719575292572336,0,53.23891931583383,31.23871537370344,1.8844226144624359,0,0.052067400422581595,0.1318193188842077,0.01553114011309056,4.960618210019196,5.889213334804539,4.013522115103658,54.18771611763304
BN,2020-09-11,255,16.18092379525823,0.19627562191290804,42.566892183383345,0,5.169839527919687,5.169839527919687,2020,BN_2020,21.02549532006544,12.086058933052783,1.4437392149115766,0,54.038772655330924,32.049116855293946,1.9171859081828004,0,0.05155350466306394,0.12168344016824172,0.01746546171464059,5.122075506732865,6.051676080922574,4.204749439864093,54.12752506794997
BN,2020-09-12,256,15.786686750837964,0.2729764006281665,44.41685509605795,0,5.289247286127256,5.289247286127256,2020,BN_2020,20.920568721136277,11.106177013882661,1.6257510694241073,0,55.92892934501241,33.733289830050715,2.0475285549971525,0,0.05449017820473094,0.1268913518570025,0.016852627278754168,5.261754238287454,6.1803584504312745,4.313358387450186,53.46738005053608
BN,2020-09-13,257,14.259547391989953,0.22142898514228992,39.24576515113456,0,4.417611524513763,4.417611524513763,2020,BN_2020,19.275920787407337,10.062290553721336,1.7446308648785334,0,50.124650301640536,29.621484793627708,2.326873006875761,0,0.05599300753858043,0.14533227914083025,0.02082014841172933,4.422530056661278,5.298777289738299,3.5015265485406997,54.01611284455346
BN,2020-09-14,258,13.920309959401513,0.3920960615837361,36.16751590234065,0,3.689029899358184,3.689029899358184,2020,BN_2020,17.667943712320547,9.877972771374296,2.130412867673864,0,46.03704619369629,26.607639353910344,2.2262818444040255,0,0.07288797441431571,0.17559536710496154,0.02247635530760724,3.7091641553363064,4.62916736510517,2.790143962903036,53.15419577497278
BN,2020-09-15,259,13.531547974034543,0.31458331160938346,38.26686359659805,0,4.113134141813321,4.113134141813321,2020,BN_2020,18.154302278169027,9.840490564469816,2.0297474379520155,0,49.10422266739979,28.51885590608946,2.395686219211861,0,0.06484499046280937,0.16641743619977406,0.020455646084561033,4.125375024886421,5.035588271647579,3.157883816077914,49.21826322633558
BN,2020-09-16,260,14.260526246097752,0.45374432116578745,39.91895137603294,0,4.497566873460695,4.497566873460695,2020,BN_2020,18.767088166496254,10.1012187714826,2.39860302880129,0,50.90711992138918,29.400926633064433,2.3358897068013316,0,0.07219470820545457,0.1826646219123857,0.02232606657332748,4.4896987411135045,5.410067264795835,3.509413571781675,51.55960693468323
BN,2020-09-17,261,14.338394455804885,0.6363928392967948,38.024869431198816,0,4.273665853120807,4.273665853120807,2020,BN_2020,19.02249742321095,9.98079898097939,2.4612544929758773,0,49.78781855484021,28.331335389693468,2.4898724241073373,0,0.08312969054899433,0.18566958373681933,0.028201976272017076,4.271229150973918,5.158060878647618,3.3424877067465077,50.9312937169114
BN,2020-09-18,262,13.653653291381508,0.46342084248149784,36.90113604557106,0,4.000783747676689,4.000783747676689,2020,BN_2020,17.663578130187112,10.009636564016438,2.2580015693658924,0,47.96160304634,27.077670773914264,2.3359905486302126,0,0.0746955358425235,0.18233403871464904,0.027504854739333562,3.9790767337716377,4.898806759023376,3.006519380971986,50.19409988864896
BN,2020-09-19,263,11.65138979772146,0.43743411909533814,31.491657482828845,0,2.0659346048044105,2.0659346048044105,2020,BN_2020,16.228917561934384,8.209614355431222,2.1259759779667204,0,42.84061003294665,22.5078422700032,2.5625131441323306,0,0.08380250258150287,0.2006352524771952,0.027002138814495993,2.098930305237407,3.031413666399735,1.1821793585613944,31.16949377202974
BN,2020-09-20,264,12.136596618365964,0.5914853337108017,33.37288851429235,0,3.2655537484071324,3.2655537484071324,2020,BN_2020,16.566883102841743,8.449505977453418,2.49626784821144,0,44.36548012431625,24.213746106693,2.34569646303012,0,0.0881014920032972,0.21601072404727073,0.028507288721315877,3.263157114892306,4.194518862717733,2.286016013722914,44.51334727915084
BN,2020-09-21,265,13.979493983295972,0.5189983695070699,39.64089537146352,0,4.501194825072353,4.501194825072353,2020,BN_2020,19.233664144068545,9.980310379253638,2.6176101060637205,0,51.03030461114968,29.562627863379642,2.576611019202852,0,0.07841287433924093,0.18980013976956858,0.0246549034046493,4.495202974185133,5.419687527518993,3.538584067732758,46.592756688120765
BN,2020-09-22,266,12.957270583843158,0.43687566360559393,36.63262668795853,0,3.735169777833599,3.735169777833599,2020,BN_2020,17.696465324913678,8.881484570803806,2.2631155422649067,0,47.605267307318165,26.715282804646396,2.507788728397258,0,0.07571233694757273,0.19668355338145255,0.02582992014695967,3.722800370790396,4.677808500097728,2.8218827812916047,43.387193868248055
BN,2020-09-23,267,11.785092446972739,0.5647582320271802,36.5104310187125,0.008986368834245528,NA,NA,2020,BN_2020,16.96280719081335,8.02149382988391,2.2951567829724677,0,51.66748914829444,24.527994892048294,2.6744141536001274,0,0.09449236924787982,0.20103643008650227,0.02885302985289267,3.794081167855308,10.209355462642941,-1.3629877639994912,44.79027805011495
BN,2020-09-24,268,11.998622587019268,0.6296131878954363,34.933463758121626,0,3.141852486639587,3.141852486639587,2020,BN_2020,16.85795406563901,8.394063709900637,2.99304753361337,0,46.364635474748944,24.678373515908767,2.6067743808704544,0,0.09529235498570232,0.2241760734387468,0.031325412331563406,3.127534546523838,4.084659943252558,2.1833904287265646,34.08236026716649
BN,2020-09-25,269,11.911048413825785,0.5635858314680153,34.31207893404548,0.03655561295024201,2.5922162669904574,2.5922162669904574,2020,BN_2020,16.66212189833128,7.880813891959044,2.3166476232903825,0,45.8590400322338,24.153130963630705,2.8532961849590044,0,0.09124432567146404,0.2232023082042142,0.026156624221290146,2.579302256213813,3.509182449547812,1.665618837805252,25.331030718535494
BN,2020-09-26,270,11.47378974178327,0.5238270613713276,32.446856817750096,0.015738022896556014,2.7083800297815106,2.7083800297815106,2020,BN_2020,15.359151891041607,7.995249757694146,2.6405233130578445,0,42.7977588465339,23.262410648529727,2.7347206719679558,0,0.09193645146335436,0.21357331583573408,0.02991970166552718,2.704915515084433,3.696865114174832,1.8010068493931384,35.23927852254382
BN,2020-09-27,271,11.400984880076487,0.4170118067173687,32.36300113183723,0.10053224341269607,3.0749325623892774,3.0749325623892774,2020,BN_2020,15.27895906341354,7.796052246720902,2.5430757472831225,0,42.42253453459218,23.444929051883435,2.7335507592679087,0,0.08864535494715982,0.21557686347190086,0.02790810596505232,3.0770540999079037,4.032172627634649,2.127911288380555,46.859719429388385
BN,2020-09-28,272,10.942768295104605,0.5385956947894195,32.988884624152895,0.13238224937752863,3.541077037427099,3.541077037427099,2020,BN_2020,14.90997745760714,7.7516051954537675,2.617627117217415,0,43.166821842869616,24.170732308913106,2.842013836688659,0,0.09838700918631195,0.24002876602195328,0.028124944213267708,3.5319779864537435,4.458257218477958,2.55814643141389,48.58044101955543
BN,2020-09-29,273,11.34550506557501,0.4763975505660809,33.137487167634326,0.0924408861606616,3.699921069204038,3.699921069204038,2020,BN_2020,15.277508726187245,7.8642183547823,2.3182163258629673,0,44.06357289447767,24.198920665845982,2.6770871287857427,0,0.09045038005100486,0.21424804031765543,0.02760408598330397,3.701153472840801,4.639545612429183,2.7470965021982288,49.242491121633115
BN,2020-09-30,274,10.541950553966915,0.4655338584048663,33.59830654243128,0.12576655961155403,3.7445986937485483,3.7445986937485483,2020,BN_2020,14.728969683625289,7.1743107121400564,2.015705310865883,0,43.411516828815714,24.50392041125917,2.7563406468557923,0,0.09141681019038442,0.21269088686076112,0.029171905230904342,3.7335714080430695,4.642579120589823,2.7819457268090133,48.69437425966105
BN,2020-10-01,275,10.352944809856217,0.5288770574773065,32.21688668683128,0.1664763967392151,3.4417836305343976,3.4417836305343976,2020,BN_2020,14.41956753448224,7.149077211068077,2.5459616156972604,0,42.4329328583826,23.419131254905743,3.006682421524141,0,0.09711892689333959,0.24220937200845138,0.030548613146338166,3.4401191117692766,4.347581974064752,2.4833662491156274,45.77649004211976
BN,2020-10-02,276,10.542903643200615,0.38535185638945335,31.908399806953806,0.16581712591859388,3.6753253051885717,3.6753253051885717,2020,BN_2020,14.17918531493495,7.529573881446724,2.203859815309892,0,42.38437631378297,22.6660709252459,2.94356751923038,0,0.09051258680639886,0.21836472317182634,0.02598743708358575,3.658816624681757,4.539739511847257,2.735117243303852,47.02649867139141
BN,2020-10-03,277,10.642277903119295,0.3368085857776093,31.809208807697264,0.33517159178865974,3.6453962971320197,3.6453962971320197,2020,BN_2020,14.464034164271036,7.365387343988787,2.4293683608741565,0,42.68948425587736,22.86757175380904,3.1675879162256897,0,0.08561990231284287,0.220659947115957,0.024822259390631225,3.6391166236845383,4.541393023600432,2.68102277500237,46.675814346274414
BN,2020-10-04,278,9.748062511445665,0.4438200153296108,31.246985051674795,0.2097152039984418,3.585107516340144,3.585107516340144,2020,BN_2020,13.76517108493735,6.515581472970587,2.6032808690138953,0,41.69659730987002,22.601799814341472,3.111646940298949,0,0.10807102856725045,0.2523710634384406,0.03105075779351396,3.5677079719891465,4.510859258014608,2.638572992448705,46.743416627085146
BN,2020-10-05,279,9.798308101253804,0.6570005901766276,30.546477884628082,0.44560532590673185,3.606901634980417,3.606901634980417,2020,BN_2020,13.052105463555272,6.6721176964556,2.8060927258070834,0,40.50951255724839,22.011200411414194,3.2107285240776977,0,0.11547337744980726,0.2638761239759934,0.03895949192952772,3.5538778158185766,4.509358579144939,2.542638308794285,45.66278721697325
BN,2020-10-06,280,9.502261997178875,0.6063394693314923,30.66144300310506,0.37227002911595886,3.669823643089742,3.669823643089742,2020,BN_2020,13.281430851954921,6.57722658565983,2.8748359089650544,0,41.234943775664895,21.587037552820284,3.322929570717831,0,0.11449317005367901,0.2818060857093182,0.03723476128781136,3.650669702039238,4.539737758262112,2.7077520258016086,44.66975477667427
BN,2020-10-07,281,8.9839980604,0,49.57302763,0,3.7109305775339174,3.7109305775339174,2020,BN_2020,14.887743274767205,3.0802528460327956,0,0,85.0287328561933,14.117322403806705,0,0,NA,NA,NA,3.7558310564011483,4.6654047539084,2.824932602239456,45.38330556109881
BN,2020-10-08,282,8.498201865821333,0.7514526099566374,27.923128473553863,0.43258335043715856,3.462330643272843,3.462330643272843,2020,BN_2020,12.073703868016972,5.9804516177141105,2.764779221034373,0,37.506650515382404,20.050119520605026,3.2426358517969676,0,0.13056908437345338,0.2918661015469408,0.05336828482337826,3.436816193044856,4.36949238311304,2.501643051604187,45.205230157827785
BN,2020-10-09,283,7.7689350856304715,0.8283970838791872,26.086626386221,0.6481150886730762,3.128699056882546,3.128699056882546,2020,BN_2020,11.256089937452186,5.023600807928349,3.1746323314072633,0,35.4518802859881,18.68314142308914,3.7786547612242773,0,0.14800822744819514,0.32850812971733123,0.060816721609076724,3.113105349873519,4.020430442092889,2.18956941993661,42.94319730742562
BN,2020-10-10,284,7.895890418240476,1.1864202005858913,25.054682117965815,0.7365492513123462,2.5234884336161554,2.5234884336161554,2020,BN_2020,11.714837479853626,5.069096686031763,3.564308668205748,0,34.11469128822663,17.21615362769193,3.9045687300235277,0,0.16846267123731323,0.36041421127228235,0.06600424238415432,2.5108749840988533,3.4296537304047368,1.5528065909983104,31.292640025008104
BN,2020-10-11,285,7.285352396746387,1.3364925933388279,24.237056601118116,0.7067687391637079,2.2932793911947935,2.2932793911947935,2020,BN_2020,10.703113900579343,4.42002679392716,4.322555614592424,0.06978467002928934,33.282185083389116,16.52510496018444,3.726833232709985,0,0.20553395743768876,0.4036849129626736,0.07782740792691231,2.2743116573719164,3.1999209723461384,1.3575273847233649,25.17463222980211
BN,2020-10-12,286,7.046923052507132,1.3854832625538573,23.867550112137923,0.7183900506959069,2.351573340230184,2.351573340230184,2020,BN_2020,10.517248381991262,4.256208899832559,4.344811206082297,0,32.88917298482194,16.187447410177917,3.9276624410876884,0,0.19877672140176714,0.40664544124312196,0.07663467879726499,2.3050202335227326,3.213410065551287,1.3745294839696849,23.409301171645684
BN,2020-10-13,287,6.749503731938989,1.5231017816585648,21.48416108142028,0.9176503929732465,1.364679242452794,1.364679242452794,2020,BN_2020,9.81441605832268,4.373061162902267,4.590638656798778,0.19419311619810142,29.763530514522685,14.277171327922828,4.358630977401072,0,0.2360180667923526,0.4369792931008707,0.1014810500006106,1.3670223170625517,2.3048615940907147,0.43839328124679267,17.925223194344834
BN,2020-10-14,288,7.0589728402355805,1.9138718520045026,21.004797070568575,1.1216598673970188,2.1668968175510424,2.1668968175510424,2020,BN_2020,10.277522228467724,4.614267416557812,5.661928766095962,0.202156374150952,29.326046571417386,14.269058508059384,4.455224613031298,0,0.26250730162592617,0.4616147830693955,0.0998820867878241,2.1648476307543194,3.0682101640980344,1.2323777696850229,29.466600508909693
BN,2020-10-15,289,6.688458009216919,1.946538189990558,20.237528200386773,0.9600437961175783,2.0097529689027445,2.0097529689027445,2020,BN_2020,9.797163160423738,4.32123041198694,5.36333415731102,0.17212432253711096,28.11572443498336,13.678862985277352,4.384200554594813,0,0.26132411153227464,0.47957305903130804,0.09692248081290541,1.986918755047248,2.9168257541688933,1.0857834188812299,29.321096546687212
BN,2020-10-16,290,6.1955249718336285,2.48033322611784,18.930179360717315,1.3163333799055383,1.4718167006596612,1.4718167006596612,2020,BN_2020,9.12684380913669,4.173129813359885,6.313606184221786,0.439996009611328,26.993954591882456,12.370538943317326,5.023688630801216,0,0.30945104575881055,0.5243859358433622,0.12855378196811712,1.4504158808259429,2.38853279012456,0.53661619149862,17.239764326461895
BN,2020-10-17,291,5.578707727610892,2.284205277330403,16.624599572438317,1.153135075199459,0.542960501603894,0.542960501603894,2020,BN_2020,8.464396001788108,3.4088619720146287,5.837784417842215,0.545097917240648,24.028943970676725,11.219025701081506,4.981836848709545,0,0.33842721489598293,0.5322433054465772,0.14760348254950945,0.5909153520339974,1.516059543279155,-0.3327499122052681,21.145831636430156
BN,2020-10-18,292,5.6731713338861125,2.3262687056631695,16.73242957726779,1.3633689677581913,0.6956993886374042,0.6956993886374042,2020,BN_2020,8.272211890476866,3.804886067429962,6.6256874320680454,0.38587317490584305,23.737885711079283,10.990966021500904,5.4329171433406085,0,0.326511440945589,0.5504884043091938,0.13516918377079395,0.6941217131387076,1.6197347709943097,-0.18874021604838634,13.632318562953408
BN,2020-10-19,293,5.374098551160597,2.9215935009068694,15.855838467667867,1.224802252449963,1.195547875456662,1.195547875456662,2020,BN_2020,8.080691360807194,3.4345727479524024,6.581887152795156,0.7871762683758947,23.024565209082116,10.321390957216769,5.184222543445049,0,0.36775209481214005,0.5768469682257569,0.17688020866208212,1.1911476236625975,2.1304690862047284,0.26410786831127675,20.75142894618381
BN,2020-10-20,294,5.5104349022,5.3691595552,12.4499026204,2.6121215494,1.2928059198026622,1.2928059198026622,2020,BN_2020,11.564941453712114,0,25.43955138981611,0,20.069094785431297,4.830710455368704,12.72780238358369,0,NA,NA,NA,1.281505263302776,2.194709146036409,0.3663341560503746,30.298829676665864
BN,2021-06-22,173,8.765594775199999,61.57621262400001,14.450888028,97.32333014800001,4.786063057785543,4.786063057785543,2021,BN_2021,20.736271556918517,0,132.39212618241714,0,22.35915441283706,6.5426216431629385,211.39769331463359,0,NA,NA,NA,4.689609281931327,5.606392057260385,3.761416685976896,60.53253172421003
BN,2021-06-23,174,8.781560905584856,61.99052342322768,17.46751698322031,143.26534294888805,4.778651217906644,4.778651217906644,2021,BN_2021,12.467078197295786,5.781303045786581,115.59297942211796,23.151052708003512,24.4839690482082,11.67444409258101,246.8327946342332,61.61607650492205,0.8629336034584838,0.9354592443245541,0.6816911107814871,4.733928925688275,5.675864373790053,3.816899719511359,59.24917509444267
BN,2021-06-24,175,9.408604684004255,61.29792627784875,18.283698082261683,130.52301355541815,4.783867490448566,4.783867490448566,2021,BN_2021,13.078993348198338,6.406342732269306,112.5426455757247,24.27366440375391,26.161357133119427,12.245346043467995,236.47498873302732,59.40123126425123,0.8600495977590534,0.9263629163685366,0.6952319342585499,4.744219338453229,5.683534036743891,3.817977082304347,57.50378803412789
BN,2021-06-25,176,8.697559921609635,49.22236812927964,17.885520523664066,116.43670012835044,4.119085657405621,4.119085657405621,2021,BN_2021,12.236157098180131,5.786422809593453,94.38333494244455,22.01623227794947,24.954724714303012,11.997430213627245,217.70748920483146,46.18578485435731,0.8473842435718244,0.9198588559531089,0.676707414385356,4.089408666717979,5.021640609392083,3.1736766803364094,52.61439170623883
BN,2021-06-26,177,9.09372963719182,48.247959140413165,18.86310808128833,123.59022824733529,4.529520663457541,4.529520663457541,2021,BN_2021,12.953112340824763,5.927390938419933,100.41129212180566,17.537861197577755,26.843287805815958,12.63548789867956,220.6508609516523,54.974002760959294,0.8280441338300562,0.9246400780042456,0.6155348450234885,4.507800205486592,5.456989518322984,3.5540556894588256,61.14666586700575
BN,2021-06-27,178,9.717531670343217,51.671404551784285,19.84141394367622,126.77623095336553,4.848415300171945,4.848415300171945,2021,BN_2021,13.640843857757442,6.401566096074887,99.43235675429958,20.687015557975965,27.682573090246894,13.58025969930887,224.8593343363537,55.10468905629263,0.8363098225806006,0.9190964880865673,0.6367909246301056,4.819862984636504,5.732521443588207,3.9057931824282215,60.921547672722184
BN,2021-06-28,179,11.207751829554114,66.86143636145366,22.428929862009678,172.43013247223664,6.1037439133356175,6.1037439133356175,2021,BN_2021,15.418242310656856,7.3482137238458884,129.4929302275621,29.336303471218923,31.11465170365987,15.138527817842816,288.3575856702819,80.96686129346126,0.8477782545744117,0.9308927588596694,0.6725469096824583,6.033746280881834,6.967795028067161,5.13981403755249,61.564149095574535
BN,2021-06-29,180,11.962726553548464,62.1622652225442,24.146842641840482,162.06294790640916,6.251423308756911,6.251423308756911,2021,BN_2021,16.33264541249123,7.993698548018522,126.73144129495446,22.42745123330951,32.8173976974739,16.43501643882811,279.1402297397518,78.47996402414118,0.8285370169587053,0.9244589378496016,0.6055748605796512,6.1910580295880795,7.088081259589299,5.279564413935516,62.4199235555136
BN,2021-06-30,181,11.904059145907473,63.2175079919126,24.01838245244947,161.9952675124666,6.116573390686287,6.116573390686287,2021,BN_2021,16.15245881448795,8.124865631214638,116.54587663238462,27.559190096353372,33.24106599328353,16.450998300961917,271.2596967576175,75.50096508472014,0.835570967831382,0.9169546549074086,0.65625328572138,6.056885225484692,6.9856747957722956,5.137958413991999,62.36980532475192
BN,2021-07-01,182,11.106808383208287,59.79219869039654,23.80995855642816,131.98170995546255,5.296824107466402,5.296824107466402,2021,BN_2021,15.314183483814181,7.293706281396747,109.0088664405097,24.430967236288172,32.728699950888696,16.328366137647055,240.55851972210976,57.703111774917595,0.834371310434964,0.9210533010449724,0.6470059866622269,5.24797037493396,6.222245532710569,4.212265287470832,55.765963153304035
BN,2021-07-02,183,11.242502362025688,57.70929336285912,24.545313320948512,131.7799457367448,5.516485481687946,5.516485481687946,2021,BN_2021,15.932934654609367,7.9425760844650535,113.17227405293303,22.414905754927307,33.61617533774374,17.04810332748006,242.39564098610154,53.67721251323076,0.8188628009013224,0.9228712622985491,0.627493089817478,5.4687120593297305,6.448828652506576,4.539367060130981,60.89580919791462
BN,2021-07-03,184,11.726423186686523,51.94199631297781,25.602221993469826,131.36203261497374,5.674180888606996,5.674180888606996,2021,BN_2021,16.065241914538323,8.12407207385915,104.08431045217115,21.23803578883415,34.42510006991969,17.685343672977357,237.41268053901302,57.562107051325306,0.8049776529258261,0.9057313917534158,0.5999522785202142,5.650808659936406,6.566858083246345,4.725198166416461,66.59030727311189
BN,2021-07-04,185,12.003540620433094,60.201497665732944,26.5877255733732,131.39371908683566,5.664133957606752,5.664133957606752,2021,BN_2021,16.770765966216864,8.479441392569877,112.15609895063628,23.80838949907085,36.2988354659866,18.11852261699133,235.16175700977774,54.983326463295306,0.8234201920595381,0.9142509239655716,0.6288385718701182,5.6171546714213925,6.533041395129653,4.693748364942824,57.42422524852205
BN,2021-07-05,186,12.461407176223757,53.308380332271625,27.281391541717614,128.71170648296615,5.833845545454007,5.833845545454007,2021,BN_2021,17.159278992749783,8.589909260046602,104.64437742445631,22.95348410135887,37.225475632006045,18.879946963992438,228.37370712618613,55.46430327202426,0.8067354394817937,0.9065990048936329,0.5901025297492526,5.807823211589644,6.7186204128461195,4.893174515165466,65.76919327158382
BN,2021-07-06,187,13.910023350544911,58.04167605558198,30.158348336808704,145.60705380831556,6.658708566912579,6.658708566912579,2021,BN_2021,18.67226584047161,9.48122837897193,118.0701764757133,21.276739172151185,40.3372357046867,21.265047452940912,255.63548729386494,64.34716846695473,0.7983605017995195,0.9065383187394171,0.5991049861300026,6.595854370425933,7.510564430227669,5.717951387900899,66.41313248061839
BN,2021-07-07,188,6.2712609046,103.215600814,13.84908827,136.072962434,4.193353912084227,4.193353912084227,2021,BN_2021,15.649179303542246,0,213.8533449398152,0,30.41822878103972,0,297.1652419176472,0,NA,NA,NA,4.125305926792201,5.039816530376612,3.194708822762365,43.05088810593082
BN,2021-07-08,189,14.913332315723599,59.31931142275733,32.56399535711501,147.22781012066946,6.944186779510286,6.944186779510286,2021,BN_2021,19.983708213714344,10.989342611644025,115.19537718068932,25.908676199553348,44.74633158036313,22.73148802880952,263.833608995513,62.430761534751845,0.7862862070583685,0.897257076642837,0.5937792217123183,6.913302169187615,7.798325084096245,6.002927766808708,66.9215802223697
BN,2021-07-09,190,17.216195191402463,64.24202523749817,36.86560735601923,172.92682912194587,7.69751810384887,7.69751810384887,2021,BN_2021,22.94424248981062,12.338885407413942,124.25991444154712,24.203135055797652,49.32423993644829,26.292683004026586,301.647674615418,77.29174324268809,0.7870353794900823,0.8929607499635859,0.5411034593905961,7.621942980518301,8.547620678723705,6.725870601805366,56.149261832896144
BN,2021-07-10,191,16.898619824813075,72.53150577997206,38.1114809755048,180.77418327729694,8.280450180425886,8.280450180425886,2021,BN_2021,22.749689993334172,12.233422067594011,134.0316783119759,27.943994785735807,50.013715150263785,26.83489662536199,318.9170661228104,81.15793653738895,0.7955874259759212,0.9018352267184462,0.5817758492289483,8.220740952849892,9.116771744365462,7.294427038127574,67.29765189498335
BN,2021-07-11,192,19.276329714178495,78.72042150449742,41.063831372214366,199.57604694720476,8.891569201352059,8.891569201352059,2021,BN_2021,24.678108747583384,13.75906632405816,150.56984289053773,31.670714088175412,54.669501597547715,29.068741444081216,340.69326280763335,89.94665456636083,0.8030177188535326,0.8967144788740689,0.5821329108692092,8.819613730550696,9.742111261800884,7.88852458648301,67.02592996303545
BN,2021-07-12,193,20.932420470375362,80.61610220003982,44.77566120470285,211.30305692895897,9.66033528791229,9.66033528791229,2021,BN_2021,27.315088780846363,14.633649513130123,153.75118799435288,34.80224122177305,59.27640393197256,31.285814721801767,359.84415479796263,96.00153413050266,0.7817879055087004,0.9001739037205275,0.5894707453498204,9.57505580330099,10.510520713606775,8.635295267598336,66.88885069572794
BN,2021-07-13,194,21.36253828486903,83.78805980412997,45.80715723989231,218.4597786872885,9.832992880248609,9.832992880248609,2021,BN_2021,28.134593360763755,14.850997519456213,159.36449191867845,30.846910211982493,60.682075995465105,32.955684574677775,370.95387499512685,99.28440349637408,0.7897117161791483,0.9010771643621972,0.5447357052710422,9.73326243653586,10.687332261823629,8.831684752245517,65.63566228397774
BN,2021-07-14,195,22.25247337026795,75.27336445213231,47.990831054908135,226.78691184246716,10.131722198259569,10.131722198259569,2021,BN_2021,28.11046856857152,16.5593677440912,151.95802355539576,28.91258124974046,63.234289275514264,34.83644518955618,378.43430509081816,104.36330063168509,0.7636798145728775,0.889766500250189,0.5308812783594004,10.056404043303942,11.068208042407855,9.113519017639591,66.39371100721625
BN,2021-07-15,196,20.979396296656972,73.31506623171275,45.328499890395904,192.6863772935295,9.337613680456045,9.337613680456045,2021,BN_2021,26.97163059866005,15.482249129617282,144.86777445502864,29.30419642354469,59.38800499305754,31.440637125934938,338.73643764894365,84.02082727090023,0.7713848907006726,0.8924474346696092,0.5412343657418633,9.269593101420782,10.197144450885027,8.317034611387843,66.10860918015563
BN,2021-07-16,197,19.14802063268396,68.61514291298982,44.942859736064,155.578624649759,8.55731738739579,8.55731738739579,2021,BN_2021,25.195142565006087,13.660393619891586,121.19834361732447,28.28132751456605,58.58535069878404,32.46149980900952,283.2123040331196,62.007644976346384,0.7713932634945277,0.8838198063540766,0.5477685632249486,8.511127069276945,9.462405849706704,7.549016768127441,66.07663402090206
BN,2021-07-17,198,20.11297591047189,57.31006574326386,44.25374081302521,159.59859029315228,8.54045624538609,8.54045624538609,2021,BN_2021,25.729613965901812,14.517683632969627,115.9307966830603,25.350797844800226,57.41156129038087,32.81942527610483,269.4185306925157,68.69334157378348,0.7288951701456348,0.8706662006645762,0.5210119660546528,8.484258066813908,9.42613165716036,7.561083567790718,66.50925277791697
BN,2021-07-18,199,20.78628968501449,64.17027506667148,44.79047220841772,154.59189557596042,8.542908241092556,8.542908241092556,2021,BN_2021,26.483137181321126,15.292597528252783,125.77335893195306,24.553314774500915,58.05305944125882,32.95566800012684,279.78241536060654,67.2051122706854,0.7510331975111304,0.8634072678020961,0.5201539271994368,8.492807077887633,9.433344962585327,7.552854481369393,66.18010804004534
BN,2021-07-19,200,15.221793747843002,37.192655181621284,32.66833860203531,85.34240825522308,4.3131774038561375,4.3131774038561375,2021,BN_2021,19.848898496403905,10.282548095266819,71.93134733482559,13.707771355744349,43.45893818312519,23.320444337716975,171.43335828210832,33.69106735310519,0.7106626587212088,0.8414341020381796,0.4634393634191232,4.318277584306566,5.272415654817113,3.405017546180455,43.888150731167514
BN,2021-07-20,201,14.4752973456,105.33194519999999,30.637987686600002,240.65835789199997,7.261974055685454,7.261974055685454,2021,BN_2021,25.13303049348099,3.817564197719011,247.52341941321527,0,61.228917494903435,0.04705787829656183,458.7361268520231,22.58058893197686,NA,NA,NA,7.169960455028195,8.095343038494251,6.253854877021206,47.35080653159513
BN,2021-07-21,202,17.815832527418358,50.366257747046966,40.17384231296982,116.02414056441735,6.573510666027111,6.573510666027111,2021,BN_2021,22.94144600606068,13.195438347761055,95.22119964207478,18.603206693427836,52.38427826065447,29.224104638163407,215.70902172125685,47.2975010784847,0.734037425780329,0.8512870022430812,0.49619335523211044,6.536794029305544,7.517443461803654,5.532426027022433,50.96185900236423
BN,2021-07-22,203,18.560848611378233,47.284239878971086,41.97066465686769,116.28554679977539,7.462907976990557,7.462907976990557,2021,BN_2021,24.607510329713676,13.078943534177972,90.92065472871553,18.38289567320233,54.0200135563878,30.95092390273855,224.40984237080292,49.94088640714117,0.6931986963653375,0.8477835129144644,0.47155430146881194,7.4113302455400945,8.337465908355151,6.51065229483395,66.04868325183175
BN,2021-07-23,204,17.838217045193073,49.3403458850332,42.10666912888749,112.24533864424212,7.382084671072016,7.382084671072016,2021,BN_2021,22.912154743430875,13.18847958349045,103.49241348310278,17.371756395132998,54.40641542862553,30.341241086604434,215.68087786038964,45.59120599631366,0.7252516219952799,0.8651983398605836,0.45637023828773104,7.3747866361124075,8.29832231014041,6.434914109343105,66.83182852721835
BN,2021-07-24,205,19.55471142579383,52.25231458250883,45.92001377581315,126.5783780180631,8.265439212882203,8.265439212882203,2021,BN_2021,24.974468730137342,14.45381730471669,107.01231109374878,20.155119154548807,58.096741416554906,34.22138701324962,245.63508688463673,51.104229959220035,0.726763112949308,0.86433033091385425,0.4726250188260833,8.23102885529184,9.149695949913825,7.303406971417478,66.47428867867848
BN,2021-07-25,206,19.550050746436757,53.04488308983956,45.16853811700491,124.4749034585599,8.12709175660784,8.12709175660784,2021,BN_2021,25.107348016379547,14.174542622261946,103.97462447332076,20.869004593643876,58.02543976981229,33.05946840487373,233.59382851362497,52.00334563321127,0.7099419737166246,0.8565691804009272,0.4925080509124202,8.076492399017646,8.971134977317268,7.142478279970528,65.79214019088015
BN,2021-07-26,207,17.70455514188527,44.66400866580343,42.853688210564094,107.95742322188393,7.373319140656393,7.373319140656393,2021,BN_2021,22.987058514005376,12.54081008458491,94.11919246545023,16.859409797932507,55.77047119479169,31.808136468769543,215.4665820094568,44.235569242857885,0.7127064713420974,0.8627359386280717,0.4639552650287028,7.344615344687158,8.218744623230643,6.412250048448595,62.34321456532136
BN,2021-07-27,208,18.179505489831826,44.510764612804444,42.6299316259408,111.6815508038601,7.370592634174124,7.370592634174124,2021,BN_2021,23.284765186566794,13.463046053915313,91.75055323410866,18.669857608937406,54.635894002025374,31.06714602572097,217.05412485210434,45.44376719185625,0.7052221443404136,0.8506090836881846,0.48098842251708507,7.327460810420613,8.333254823804605,6.42367743737692,61.26986837329209
BN,2021-07-28,209,16.20734958156413,40.29372627303844,38.82439927873862,102.62972860346208,6.420805344975725,6.420805344975725,2021,BN_2021,21.13970799491711,11.979553162707584,83.92166001969973,13.903558440949595,50.056992416354554,27.89014260383855,197.37456890322977,41.70517704402752,0.6998704484573062,0.8487004514840233,0.46401295043824425,6.381281436821687,7.300950098870192,5.459883251574172,60.11913918845802
BN,2021-07-29,210,20.054281386199243,56.43752721572007,48.94049297010047,140.2143978901028,8.142123804855839,8.142123804855839,2021,BN_2021,26.1777697063755,14.563373865067899,111.6474645212871,21.04762229827021,63.55653624647605,35.66692608978958,271.65182298217144,56.71874263545651,0.7258697272798784,0.8589215550962565,0.4962508564271747,8.069309081241546,9.029823425689331,7.099119688677769,41.8212343860152
BN,2021-07-30,211,21.606612889145637,63.5825932611158,52.620419288136354,162.1580155484934,9.66774835120709,9.66774835120709,2021,BN_2021,27.872995567630817,16.473208802887726,120.75458663305885,23.160700463387606,65.74526847694254,39.64246831189863,285.9095074060598,65.35383619276368,0.7344936268340606,0.8650405632731477,0.4818795985159525,9.589460914293916,10.489100192820295,8.667503049896155,63.84103522801465
BN,2021-07-31,212,23.161237056156878,62.08886151874087,55.03894180416562,166.96285376131965,10.226270302898742,10.226270302898742,2021,BN_2021,29.430435803501,16.873094242440345,120.38179596653166,24.771553322198727,69.7794214694963,40.954840426810605,310.7688861040169,68.95429090552021,0.71428841900965645,0.8666658822765804,0.48999715033483926,10.15443116911758,11.054685943371975,9.19702280491207,63.17975296314895
BN,2021-08-01,213,14.568055394299316,34.14105952880012,34.84290940095942,82.33236189604558,5.056796552371128,5.056796552371128,2021,BN_2021,19.350820822731954,10.192476613323993,74.63385242155637,10.88250863639606,46.20813154166648,25.088114839949146,165.93786441811145,32.277755170510694,0.6931724869133169,0.8494736643093711,0.41813641327427664,5.032094142108919,5.972970528226316,4.1020044648539,48.087495520881696
BN,2021-08-02,214,14.504706444125217,34.049024041619454,35.23138309551281,86.20488962650161,4.711363811915385,4.711363811915385,2021,BN_2021,19.72466088807682,10.219969565790736,74.82734892457016,12.101398630231694,46.427706862449476,25.442993230812842,167.74941879989237,35.43847596348232,0.6940202819626711,0.8470559836930328,0.4176324603782182,4.720806931288694,5.613095486118487,3.750581287910697,35.95279702601274
BN,2021-08-03,215,11.5039370272,22.8768819688,26.0189907824,84.9734850516,7.910878038443068,7.910878038443068,2021,BN_2021,30.58876042798289,0,87.40381804975907,0,69.55804939367964,0,373.19370518998835,0,NA,NA,NA,7.711150613118334,8.624046912600246,6.793138733728299,59.937847260020725
BN,2021-08-04,216,15.09141933625995,34.2979895053838,36.12753135055901,92.59559404404298,6.103127452398528,6.103127452398528,2021,BN_2021,19.237026273021613,10.589762305719795,74.74841030604813,12.461370256694684,47.57666555175185,26.35744422440126,177.41548782637815,37.03778291722472,0.6891276747350483,0.8455304889897608,0.44854645191396386,6.069545169676896,6.942040802621363,5.186063853156509,59.67454976596035
BN,2021-08-05,217,11.710364246102527,30.564373208759523,30.221858187544957,63.77868004493171,4.130747038799792,4.130747038799792,2021,BN_2021,16.10312728186036,8.574056338122562,64.4656338189878,12.210657589066498,40.35463437270182,21.247813282281893,135.22874366669498,24.610280947373692,0.7055001089882261,0.8554686010762997,0.479990674776254,4.114564792617281,5.0754014162347225,3.1671971319606684,56.27426131569446
BN,2021-08-06,218,13.714267458400691,35.998861594791585,33.778363816724074,82.61064637186682,5.215414182108584,5.215414182108584,2021,BN_2021,18.069358451235498,9.491690851723318,78.62127397886651,12.817247278037101,44.29013111409326,24.206215463512567,157.2433877803169,31.44615925335147,0.7186333569477124,0.8635579717690292,0.4632668365391649,5.208553292401848,6.195938066096899,4.284352628578177,55.94073610769324
BN,2021-08-07,219,13.588758833432982,33.02564796228743,33.78091049509679,76.38024137536982,5.331675604688196,5.331675604688196,2021,BN_2021,17.9483373359062,9.976286058638062,70.87055434732407,12.123948180508783,44.361535371987195,24.00353230431777,157.75214759669578,29.742799463747094,0.7024626429199547,0.8500612480487247,0.46955372286725394,5.317034129998342,6.214585822543926,4.398823503735804,58.387525774020745
BN,2021-08-08,220,11.094648104144706,26.546637971823593,27.32638067833809,58.057895499712984,2.2559350928076203,2.2559350928076203,2021,BN_2021,15.523942119807954,7.232550744355435,51.50754553474311,9.494163088821493,36.64795947932952,19.463911217941252,116.99458767263029,21.634335491602716,0.6793250937351749,0.8373522310658287,0.45114301084243785,2.329304984733195,3.2174242494735146,1.406770430240456,36.08465020790971
BN,2021-08-09,221,13.009187093033356,30.827934038443228,33.229940751392654,74.25373335034199,4.973822289687158,4.973822289687158,2021,BN_2021,17.883042349041382,9.513622823686395,64.24468347790139,10.798660093904454,44.26863156274804,23.60522558051841,155.99018027581252,28.478233487617654,0.686305550291179,0.8459365949114496,0.4235445039860836,4.952643148744965,5.894916041088829,3.976924488682154,49.15001079024472
BN,2021-08-10,222,13.390566623189642,32.758150841848895,32.472755940060694,74.31247904051766,4.944263895305759,4.944263895305759,2021,BN_2021,18.295582209264854,9.245045805403086,67.65951820509027,12.021206130951498,42.99587442268004,23.51870676777555,150.01364573936178,29.840007713047598,0.7000587700999199,0.840591080413377,0.4583217539853574,4.931116034138858,5.848172296759156,4.000037156646429,55.53068347900466
BN,2021-08-11,223,14.88806986085817,35.03121582156458,36.847575815735944,86.20848935153263,6.1628660730901625,6.1628660730901625,2021,BN_2021,19.47855331207897,10.893782031650826,73.89857891817373,14.101043412596518,48.31175612640604,26.940933851346113,171.49052095245085,32.37919688146153,0.6902871275089975,0.8462832431536055,0.4642659400028609,6.115552374458346,7.043066558822527,5.171622625349622,58.43851701335619
BN,2021-08-12,224,17.992009090367247,45.24960145395091,44.6175814320659,116.47161353341014,8.05756867516977,8.05756867516977,2021,BN_2021,23.496482604505434,13.1141266622074,88.01441786122825,16.75766960265386,57.84749077324886,32.66929732156334,222.3871471834347,47.40041771876923,0.7025363995680007,0.8529807348341136,0.44926669936338076,7.984426827089133,8.925239108749224,7.06319731692487,58.96624131564607
BN,2021-08-13,225,16.681189482478096,34.941240180648556,37.76159202983978,92.05481847331079,6.594074100569852,6.594074100569852,2021,BN_2021,22.44789729778122,11.71579879858835,75.10719254513957,11.990389077702755,49.08003689141893,27.32447284449772,173.26710759047987,37.08161264703104,0.6643177510037892,0.8307816457380034,0.4013263555244964,6.538168722545418,7.462563577646661,5.627777614437316,59.044536413481346
BN,2021-08-14,226,15.677673553778744,33.51105665560406,36.88690514501546,88.07560725460851,6.296643025175613,6.296643025175613,2021,BN_2021,20.679637083926252,11.056802720022175,66.6314378757518,12.774548514478557,48.413199898195664,26.378600726389756,172.3574274141694,32.77170024981322,0.6776980764501859,0.8249527856645174,0.4318984332305424,6.257887728076737,7.197086410458755,5.3243291384104685,58.798511412002206
BN,2021-08-15,227,14.659758345800443,28.856509606174754,35.13393908997738,78.20962042608785,5.836088014327377,5.836088014327377,2021,BN_2021,19.598607100884728,10.649357197317757,59.86024472214289,12.520040223273513,46.43987159649356,25.259273272703712,157.25813286886014,31.862588730661255,0.642823607607492,0.812273188101171,0.4347249354489427,5.786572093377455,6.703357913095173,4.875772711661778,58.16135510880252
BN,2021-08-16,228,14.833683506901634,29.38614732727083,35.25559980485436,81.98580644079446,5.904806220101584,5.904806220101584,2021,BN_2021,19.82690974258452,10.59977520974538,58.49119008039141,9.813507352338306,46.20141315426663,25.168476293846265,155.6021382265233,31.460287251886644,0.6525027425485451,0.8222696288900427,0.37818406649241665,5.873255096313876,6.805700621862766,4.919569032807889,57.51039017061521
BN,2021-08-17,229,12.057866569533845,20.206480791758548,28.064520960102143,59.86653801802044,3.4343084231124372,3.4343084231124372,2021,BN_2021,16.9263835464616,8.10899986651755,44.9475172430827,7.314729990038084,37.420742176420234,19.91344094602089,119.36345215151965,23.60927593156609,0.6160728405441958,0.7971817504693164,0.3837309931641126,3.435345721588992,4.3819324153048225,2.5020110081989806,49.66923873207995
BN,2021-08-18,230,12.146546209691001,19.17581764350189,27.70970086497513,52.97884870891823,2.784123245831525,2.784123245831525,2021,BN_2021,16.39296815420037,8.125613945071963,43.28775215728963,7.149317828237048,37.315252311827216,19.67295961762895,110.96843934714259,21.605249840320734,0.6295479038078421,0.7969149695556388,0.3654748413113399,2.825235648547153,3.7629541458559284,1.9221571017059667,41.07894049066336
BN,2021-08-19,231,14.476811184337825,24.30652338487098,33.94194670785815,65.84532430492494,5.0479132234867805,5.0479132234867805,2021,BN_2021,19.336018820801257,9.941356235305815,54.696293620628204,8.44266101054454,44.38806105695165,24.616233736464412,134.48408632908732,24.71892578081567,0.6280698766320918,0.7953192305404091,0.36872144281720376,5.012121309707099,5.954146890571632,4.075904910620271,50.36353313808487
BN,2021-08-20,232,13.542806472474878,21.415933378227653,30.506145731168086,59.96182332504494,4.12583176265631,4.12583176265631,2021,BN_2021,18.054342307244085,9.697006395002804,47.485087791078186,7.561292054786683,40.87384657530169,21.562928936038126,122.37554244351661,22.232230276002337,0.5979687628161504,0.7921350598397175,0.33982650399001113,4.1416066247427406,5.069118781863992,3.201174535786124,50.40258767657453
BN,2021-08-21,233,12.767515365798918,20.174663707618627,29.06324215084346,55.51579968687259,3.415971049369688,3.415971049369688,2021,BN_2021,17.56673739113834,8.653585441799825,44.95235883611702,7.405049693686231,39.11422940101418,20.850856677438273,117.52314883182372,21.978604818108778,0.6053420416019768,0.7917972626037475,0.3676261355133679,3.3919378131161966,4.3646953096185825,2.497863713965516,42.39020525095945
BN,2021-08-22,234,13.02513008406878,21.14042152629089,29.20383622966389,56.212740626936316,3.7894240842556064,3.7894240842556064,2021,BN_2021,17.197531924205457,9.182825448379015,42.60099229652832,7.156369432313437,39.06111894311673,20.540445134005285,113.39951530518887,20.8358983624162,0.6189608114201154,0.7835358017106346,0.3538085928532367,3.8040461986829115,4.726222587958379,2.848261786034728,56.28317680826917
BN,2021-08-23,235,13.038479350296091,17.833989252965935,29.93544383792584,60.765892007259886,4.231304141772425,4.231304141772425,2021,BN_2021,17.64370615839131,8.79403338911035,42.36850991327103,6.202236017456371,39.89683166073673,21.016091006001965,117.8882972028189,23.257477302577104,0.5844376882318261,0.769672258277889,0.31654829057694694,4.2238168937278235,5.152800062592688,3.2916989375120327,57.21952070369305
BN,2021-08-24,236,14.592216716730402,21.863965817264624,32.108072602437844,62.47717628660019,4.802233813648483,4.802233813648483,2021,BN_2021,19.293045015961276,10.648230786972961,45.57393148914752,7.901727389830877,42.84959129203737,23.479333887084437,126.8620601163182,23.621077736635222,0.5957124240735856,0.7733230117109162,0.3348466232661914,4.79244416533348,5.732253362076033,3.8716803805949724,57.455471531456936
BN,2021-08-25,237,15.75239144573595,22.79882759861564,33.885009442006044,64.55269596359932,5.180133413580584,5.180133413580584,2021,BN_2021,20.66724808338467,11.151796596446953,51.94695887009677,7.517692094666423,44.504866648671545,24.50076848232381,128.074929769702,24.785086573555592,0.590681200039272,0.786592214322065,0.316709560419417,5.14513177986605,6.1008497361229015,4.223212127098977,53.13929351100822
BN,2021-08-26,238,13.810475805953873,20.597318388960513,31.64434701493084,55.1340306428744,4.148549575649614,4.148549575649614,2021,BN_2021,18.995467935416436,9.665148428175414,48.422667803372,7.012579242111219,41.51506853457257,22.360709152673994,114.00397424984361,20.46823497973971,0.585957953278196,0.7874873150929572,0.3262902467980381,4.139155359814949,5.060260555576321,3.2118460332980594,45.77487568047853
BN,2021-08-27,239,16.128305725872938,22.64176432245581,35.30090819306222,58.923771427000965,4.884537858128256,4.884537858128256,2021,BN_2021,21.654072899887687,11.597798570177583,51.63345082399284,7.4157494218408155,45.7287681304822,25.32419725097242,125.97959187495145,22.8283460401784,0.576745818552169,0.7697240343775988,0.3088438382721399,4.852251379662723,5.764053403261368,3.9305490967043037,40.96432378816257
BN,2021-08-28,240,17.71988159412238,21.47757071914531,37.27888096436727,67.2308276634679,5.776477125722883,5.776477125722883,2021,BN_2021,22.251965039731235,12.74119869535998,45.073474698409335,8.132777142343311,48.29654068746524,26.57210509110322,138.54235091625495,26.505885016445056,0.5445620517980433,0.7403853137270529,0.3113338442363106,5.743496307641884,6.650510820838445,4.802216456334903,49.796418882485646
BN,2021-08-29,241,16.16735240202823,20.462342961942664,35.180905691869086,61.79957351239023,5.436870789015906,5.436870789015906,2021,BN_2021,21.287358348453527,11.624362266094296,44.21303562560071,7.532003914346707,45.984424522095274,25.326738953424744,129.06798610195384,22.50504656104314,0.5486239990885418,0.7538819245369753,0.3102959542585383,5.418168006399614,6.353963646575503,4.462903601900349,54.03736004436367
BN,2021-08-30,242,17.029386466820156,19.5510163739476,37.163625565286466,63.03502573050526,5.8414889792345255,5.8414889792345255,2021,BN_2021,21.972973439103626,12.252412057711743,46.3314827727094,6.120717916320272,48.75497075698964,26.420802461191467,128.3640965687704,23.321296118532736,0.5384222355118733,0.7498766006173082,0.2604965196597011,5.789204359558661,6.731382888062117,4.87611092116742,54.68834487496249
BN,2021-08-31,243,16.94515084532223,17.788937336434724,35.27425761135248,61.76158185832431,5.501944305535634,5.501944305535634,2021,BN_2021,21.650367583053303,12.345601838229994,39.85217618420149,6.364097869642855,46.31931794055102,25.337800578222673,127.07574645215631,23.531936527502506,0.51254128657122755,0.7165507397467594,0.2817169557432338,5.462038006122494,6.38893004677737,4.568005406508247,54.98829333751657
BN,2021-09-01,244,16.504507465775585,17.246637155818835,34.47245568734845,60.358199517572196,5.439282220450634,5.439282220450634,2021,BN_2021,21.32638673450026,11.353783888023145,39.65028832162266,6.744616617622792,45.432840074225894,24.905298575125073,120.5795595604163,21.994058326893132,0.5115846504898884,0.7261698397720471,0.28610917918834183,5.407190683673216,6.402449387282152,4.471879122899585,56.169654481163285
BN,2021-09-02,245,16.92301024542455,17.027304881901905,35.50982650115031,59.690239386397046,5.5126903240565746,5.5126903240565746,2021,BN_2021,22.282737273651513,12.141559169998528,38.760155924578136,6.189350901070394,47.31329157991253,25.735704726879025,116.66136145316425,24.021515380930822,0.5212827528391786,0.7070505141501229,0.2680672715833924,5.4901639140934115,6.409287439302939,4.539296761860528,55.0564379403964
BN,2021-09-03,246,18.515561916474653,18.151308067554428,37.73553590779181,58.83608592092763,6.169150416011679,6.169150416011679,2021,BN_2021,24.057849772404914,13.554414015555572,39.58958486393865,5.927201385641574,49.139486051995625,27.589352005719203,120.76438587275292,22.2447247709288,0.491498976722598,0.7078789816336496,0.2525406748738085,6.1232808504523195,7.023859547435502,5.202996342114459,54.44892252739934
BN,2021-09-04,247,17.599845501261143,18.5660293893536,39.179951711374976,62.40843094379648,6.175298243492397,6.175298243492397,2021,BN_2021,23.25523786514114,13.134197048603097,40.27898644575267,6.602757723369956,50.14664986828549,28.73223919134467,126.01152000550877,23.023415141620227,0.5232145057775706,0.7047699638553333,0.2771731594072545,6.10538318923469,7.0527247125993044,5.194507542219963,51.684778918471025
BN,2021-09-05,248,16.36019728746743,16.390053686241263,32.00711912025978,47.65154202397641,NA,NA,2021,BN_2021,23.96447903473353,10.309894568274215,36.37649987536426,5.743617777816767,46.23555078062724,21.191119190730756,103.85053343161651,17.171282879927798,0.5022634897644382,0.7213995955498298,0.25530525336360854,4.347666284649769,10.819618123752178,-1.1392563960841529,53.21952493557603
BN,2021-09-06,249,16.097362387803514,16.197091274892866,32.696821152799615,48.04087440884253,NA,NA,2021,BN_2021,23.8137853008316,10.417043882012157,36.942344347959946,5.2664120139741,47.09017635681429,22.215927737312306,99.72112202126813,17.848406394866718,0.5020908851382324,0.7025461162218454,0.2497469797744085,4.37245980655411,11.057590960122718,-1.0231256293485589,52.01402548160674
BN,2021-09-07,250,16.452970642792554,16.00719701443462,31.76262614153084,46.982632729480336,NA,NA,2021,BN_2021,24.402537911592383,11.183679821366804,36.49464726454704,5.412382718376091,45.209483408930446,21.093979728645476,97.80146537130898,17.194980697716286,0.49741613904438187,0.697286324978543,0.2524814642111592,4.076619971527046,10.522604972920043,-0.8505954001947161,51.31418268919032
BN,2021-09-08,251,16.34837521048011,14.903487122334443,32.078028826554494,46.81359067325683,NA,NA,2021,BN_2021,23.742224240872346,11.05557743673254,34.952178418177255,4.4509853512821325,45.937008931748025,21.559088388706915,96.41369125104167,16.090364071795758,0.4762249456199683,0.6905528819870947,0.2207724174311535,4.363192868377669,10.8000746134908,-1.1872954930371469,52.77336181498476
BN,2021-09-09,252,16.736617262902527,14.30764144191642,31.85974076305718,47.251524268884175,NA,NA,2021,BN_2021,24.656765674119235,11.762415348608105,33.87567602830988,5.794935739680203,45.48102714369908,21.41386050350312,100.84361275141985,17.551530755057662,0.46333927818318954,0.6761073010627193,0.25220544730282385,4.14115058344899,10.5423827053671,-0.9449021308240603,50.16254809704345
BN,2021-09-10,253,17.853855388471075,14.599055385282176,31.713473536251623,42.653768238497626,NA,NA,2021,BN_2021,24.9977860555447,11.611730310506244,30.737857235024418,4.996476105594194,46.227532838122,21.08173877493082,91.15041774085337,15.923564795930698,0.44453428324240674,0.6609251306045486,0.2315821733990773,3.91609788319134,10.111196128743423,-1.2424524110364206,44.14978305606352
BN,2021-09-11,254,15.899088669904954,14.423444300191871,32.66588496825138,45.16602063588178,3.9576647916541075,3.9576647916541075,2021,BN_2021,21.6974715635386,11.304337544280719,31.175883703068944,5.082083156140346,44.03080010198391,23.3349302741801,95.42043406939953,17.158505007711522,0.4754767574645432,0.662965080331251,0.2573324542330372,3.94454913907226,4.888905307852541,3.00648868924976,36.302610154216545
BN,2021-09-12,255,16.86602323984374,12.224511311404743,34.462600151573675,44.02618146359885,4.564988528966412,4.564988528966412,2021,BN_2021,22.869384553111512,11.562546374541503,28.24008830593928,4.070435526798561,45.660404304624755,24.628836565908873,95.20940884705608,16.313687748308755,0.43437929882462833,0.64162026830042,0.21144470004604313,4.511890798979517,5.415618633906959,3.6060455097424273,38.10372639724746
BN,2021-09-13,256,15.701956919599274,13.443601595502628,33.10730103219432,40.56912573206838,4.336527604958942,4.336527604958942,2021,BN_2021,20.693876913859956,10.741684785850163,29.308002367519858,4.63527985401414,42.62617348544374,24.17482480779059,86.53977828910773,14.651895517129965,0.4628801359009581,0.6737400957072058,0.236997653666845,4.311934843903429,5.218024774743277,3.4220599902785067,49.3061775478024
BN,2021-09-14,257,16.372480126153587,13.08257684553662,33.14666416189673,41.78494079799647,4.394697407531883,4.394697407531883,2021,BN_2021,21.725819073148067,11.39621045755797,30.81584871776047,4.005522302731211,43.7123333930742,23.609642823192427,88.92259845985126,15.684872326394384,0.4508232064336982,0.6682514783946667,0.21123903462300203,4.395149319894266,5.344733720586503,3.433015242369696,48.0018324330756
BN,2021-09-15,258,14.646414906589998,11.12242891482834,29.645847531037997,35.47176414668435,3.481262331554867,3.481262331554867,2021,BN_2021,19.210414969410984,10.548079248688138,24.99154138257933,3.608711778469785,39.337913494105024,20.901705792223833,75.8284129284123,13.31675840453212,0.43412703347488163,0.6492300995926906,0.20452281065771952,3.4984772926163727,4.393023902012885,2.543216409881079,47.75496767353238
BN,2021-09-16,259,14.957463500986341,10.813419889145905,30.077639244840054,36.21708254481239,3.7496666374304164,3.7496666374304164,2021,BN_2021,19.793358914377507,10.983091207157887,25.895640925065543,3.750196765300177,39.60317878368733,21.412202620468737,76.75423012414943,13.56653391802938,0.43415986303996534,0.6598096671092782,0.209403834282791,3.749002618069328,4.700695077760995,2.7495497842605405,51.51070957056654
BN,2021-09-17,260,15.301992318398819,9.695480490996527,30.245553348831617,35.64800262698502,3.5915049219590034,3.5915049219590034,2021,BN_2021,20.648314516054885,10.9664876434707,22.92950815636272,3.00912183966211,40.20753542248,21.47789749609097,75.03808374143993,13.033152733749732,0.39293811173309445,0.6157925542916144,0.18229160634479713,3.604859033222369,4.487188564767238,2.6685286325274378,45.05569824367433
BN,2021-09-18,261,15.036112501044164,11.32485617516825,29.24294289165834,36.58402374037678,3.2146850237614424,3.2146850237614424,2021,BN_2021,20.539922084300883,10.744883776314952,23.61195074158938,3.453540354645839,39.30843727693103,20.808549918426554,74.56641814395532,12.570825997566956,0.4059410925310216,0.6257490710205035,0.20329820239997248,3.2325171734681772,4.147812947968003,2.3052016730782148,43.67704715297879
BN,2021-09-19,262,14.222349163044793,10.40624237619324,28.960924159102802,33.147095501563285,2.6734423052613447,2.6734423052613447,2021,BN_2021,19.506922159244628,9.91450484022954,24.08286493259252,3.458915847817452,38.66567585055651,20.376326153979292,68.10267635053835,11.589174679343092,0.4242347855877538,0.6429211489565014,0.21641774203290698,2.694870554462166,3.5994856573502805,1.7674485555673285,36.38516414107945
BN,2021-09-20,263,16.6183646099011,8.45082286427625,30.37574089752935,34.3647625456012,2.5588979419292195,2.5588979419292195,2021,BN_2021,22.641262484693176,11.583966615624407,20.946592851433543,2.3477999043599063,41.72732341336815,21.29944098033253,74.23234500328842,12.451371530248757,0.35913987270050113,0.5808210944496218,0.14374824531305175,2.57590073501635,3.5125538293443865,1.5963034887218663,22.917488468183976
BN,2021-09-21,264,15.565928601003394,8.906568751203212,29.843816820438978,32.42598013638074,3.460105225418605,3.460105225418605,2021,BN_2021,19.972187115463576,11.028396516177633,21.867817721859428,2.7317009035192763,39.00323645032241,21.17908136221883,69.07303430430663,12.134324487097082,0.3783516958520334,0.6062722645065204,0.17166620153916778,3.4625861208383952,4.381557855849339,2.5661078850375816,48.51764603446457
BN,2021-09-22,265,42.513812786,7.130343864199999,47.835031674,23.933590228,3.1392179042587536,3.1392179042587536,2021,BN_2021,105.01063539356582,0,22.395822146386593,0,82.93891843568922,12.731144912310784,61.23829948270049,0,NA,NA,NA,3.2291409660285666,4.140558532540041,2.30921952128566,46.59547871601928
BN,2021-09-23,266,14.653400409906848,8.349791308842223,29.513144142455598,29.72541430316861,3.193333096785376,3.193333096785376,2021,BN_2021,19.94847215372005,10.342107432617183,19.85433040575228,2.485642442958361,39.62486915252794,21.33396867795439,63.37225371786588,10.69144012624714,0.36864753580482557,0.6009327952082193,0.1617222045575956,3.1950993553421823,4.139083270028148,2.259893383429021,43.2633949171879
BN,2021-09-24,267,14.917793182957208,8.476080109603359,29.537326970416345,30.525953279547675,3.4565616041076126,3.4565616041076126,2021,BN_2021,19.91628791769143,10.47357015523814,19.791745175640973,2.5190395870500435,39.94283082396465,20.722583199741972,62.744924011912396,11.49210824325384,0.38356219775555644,0.5914542349778538,0.16305500761296832,3.4477080726340947,4.402702951770772,2.422882970190112,46.667841913680185
BN,2021-09-25,268,15.796318056122013,8.588881632454218,30.200053342378755,29.829672753891803,3.6240701720612805,3.6240701720612805,2021,BN_2021,19.960553715449812,11.31250608941894,18.288378524115846,2.9251444805978375,40.468998672416916,21.90222566554347,62.650560677853186,11.324393217930737,0.364648164857935,0.5684249538503173,0.17345096567807122,3.6131160941642007,4.548183064107013,2.7159391370136894,46.36126527363011
BN,2021-09-26,269,15.658442588642489,8.234108887061275,30.72976083329394,29.671951232126847,3.5835212744400944,3.5835212744400944,2021,BN_2021,20.176698342271465,11.225030897525551,19.907607111624465,2.631755009629244,40.42541605798243,21.693939033261252,62.717632010408046,10.53651300597618,0.35859687121362055,0.5945698649176275,0.16546862209491658,3.5731184636839304,4.532662615150216,2.6459157107863205,46.210131330382175
BN,2021-09-27,270,14.416630433872331,7.736865761086286,30.226579740295232,26.623774676976954,3.378950799641505,3.378950799641505,2021,BN_2021,19.2482763250349,10.770396324339911,18.309483384687724,2.43120844826345,40.4009398593411,21.897920459160844,56.44969552689793,9.159510767117006,0.3541930676720671,0.5744701917818239,0.1678853668848749,3.3782332004019864,4.331862555940131,2.4732023760873205,45.67426992228654
BN,2021-09-28,271,16.274221996311375,7.807239310156224,30.22561526252679,28.17308940447961,2.020970781818828,2.020970781818828,2021,BN_2021,21.781433787942557,11.375506059098907,17.271320124953615,2.403746006270037,42.39747915743234,20.723215917072384,59.158269769367244,10.314797647313496,0.3351539904456074,0.5363679473573417,0.14950217355108641,2.012337275178592,2.929452635489552,1.1424069407752466,16.468444444734708
BN,2021-09-29,272,15.175558301481107,7.3078467786279715,28.400646868848117,26.183858881921136,3.149868726963298,3.149868726963298,2021,BN_2021,19.78440390572935,10.799905150370902,16.789001971213455,2.047783912021047,38.760858900440454,20.046739945657,55.0933151484842,9.392325770439308,0.3358489832205808,0.5464231839449307,0.14912054065519104,3.1464946657193558,4.078119828036786,2.250172612926747,44.62019175109586
BN,2021-09-30,273,14.68863156966329,7.527780004221293,29.54280624650134,23.168175389609072,3.096157090271739,3.096157090271739,2021,BN_2021,19.065707723658868,10.390411000673613,17.7046430664544,2.3562538886994187,38.934495231685815,20.85939772838881,52.82580342424361,8.052494559237468,0.3528102601797387,0.5747033946881928,0.1589427782843899,3.094663184274151,4.027745581044965,2.163551201242254,44.74007205524195
BN,2021-10-01,274,13.806633665233962,7.160950089185601,27.928558153162417,23.736347588431723,2.591707268645925,2.591707268645925,2021,BN_2021,18.513173209910466,9.73451931561731,15.111808882616755,2.6617942293606918,37.8363177293734,19.617576709199795,50.82960735179092,8.208601026966482,0.3407376847272161,0.5477090264528482,0.18006112224980927,2.6164932699899,3.5176058780611243,1.6836396164916494,38.95650140406428
BN,2021-10-02,275,13.344819712338344,6.78226455291867,27.86067355706077,23.616776418665825,2.8487590634062485,2.8487590634062485,2021,BN_2021,18.182985222316177,9.351674079527116,16.72168832419511,1.7883177016501544,37.5629833851909,20.084008698542853,49.03691886936809,8.636614060963645,0.34220465541353706,0.5726337320924261,0.1422308652140177,2.8630565767846248,3.762903920350111,1.934300887119759,44.510664573073335
BN,2021-10-03,276,14.628029294132554,7.206681498914585,29.422988535029102,23.432204505248297,3.118342731269513,3.118342731269513,2021,BN_2021,18.563784648632016,10.361442905894306,16.21055801250945,2.3723206265555117,38.65406531080037,20.94158498656278,49.82550374951913,8.136478268022522,0.3496044982730051,0.5598489259033974,0.16687282000183723,3.1349217340790005,4.075032504070961,2.1957904319827617,42.69116363663389
BN,2021-10-04,277,14.287387391574045,6.462631371862152,28.712596397353195,21.00919754694482,2.9924500494338173,2.9924500494338173,2021,BN_2021,18.81630558129255,10.12900594308946,15.560964923138119,1.997801760943277,38.10896793763751,20.60444631096393,46.01153726011506,7.114538037810169,0.3327971395888719,0.5410846924561727,0.14990093782656472,3.018166370948462,3.911552023935807,2.0658788100426286,42.818782911682966
BN,2021-10-05,278,13.310380417098939,6.237048189589042,28.28360926364859,20.148163559815455,2.753331285650933,2.753331285650933,2021,BN_2021,17.74441477463078,9.06636270016012,14.729155727930246,1.954805246906355,37.7748020105296,20.070549300149548,44.490898059322205,7.046894969544811,0.3321539391151123,0.5456312597401829,0.16142717466469045,2.7781062359788544,3.739338030341381,1.8340920467326716,43.00616209750011
BN,2021-10-06,279,13.072536503786303,5.58795167736159,28.90845938208487,20.075018088049067,2.7372223153959867,2.7372223153959867,2021,BN_2021,18.050335527745382,8.905271637873378,14.037465960342558,1.6275938402714816,38.363877568859344,20.385076605312804,43.76114662453518,6.328246518597805,0.3211247074413628,0.5426851667061517,0.13327998534032748,2.7581865558014282,3.663275485068286,1.8158992366693165,36.673495784573866
BN,2021-10-07,280,13.593782814312332,5.010730555252537,28.135302815942783,18.023286251103745,2.0753648544645467,2.0753648544645467,2021,BN_2021,18.777189906191424,9.27121896856558,12.140526326811719,1.6938103299086567,38.30344929855161,19.558625252274982,40.52093039000842,5.515262254001781,0.28799462041584867,0.5019968834041117,0.13812544704567623,2.088294017818666,3.0360348701525885,1.1667689061493227,29.843323980808048
BN,2021-10-08,281,12.93770003964583,5.083255696653223,27.83732801153893,17.86068923815862,2.2277385596643047,2.2277385596643047,2021,BN_2021,17.392658792191916,9.067013775325256,11.961872732315037,1.2041791607590395,37.636676979268756,19.491219700102874,39.04146579479586,5.519947202207536,0.2992749912482361,0.5010048924518858,0.11835121451722445,2.254422737455643,3.156477791592169,1.3254926814181773,34.09307318120576
BN,2021-10-09,282,12.939338229897809,5.280810187030547,26.38001316641451,17.497864670226914,2.306139257181222,2.306139257181222,2021,BN_2021,17.07558970079518,8.836339253764857,12.06665284549672,1.6911854469449488,36.04386056920517,18.775600835322884,37.634366849789245,5.062194057130215,0.3146999223038108,0.5204276736656508,0.1464123597842579,2.345525958571561,3.286360476586159,1.3897215362325976,41.448957413619894
BN,2021-10-10,283,13.416228624067669,4.573530115916241,28.769439285020695,15.354627633529507,1.6776612347755784,1.6776612347755784,2021,BN_2021,18.693127261750814,9.24303910997579,11.66748499052025,1.2027226497063548,39.14166796631281,19.59289369425826,34.94435368710136,4.88343366620046,0.27635292120901445,0.4906068513123214,0.11726872922295899,1.721229069500137,2.6172662231240715,0.8106903988690155,22.45880015512181
BN,2021-10-11,284,12.603238460911756,4.560876200534856,27.34955547674065,14.4919773002058,1.7559854869350353,1.7559854869350353,2021,BN_2021,17.637018895661853,8.532070187974632,11.303958736373895,1.1839069743599986,36.45272419024662,19.32918848661641,32.070983138785145,4.424771681358621,0.2963256612109335,0.48853245991655614,0.1229012360699602,1.798758123701592,2.7287156220464164,0.879415573429559,31.71067628356321
BN,2021-10-12,285,12.1635769713165,3.9312920230512676,26.729473054420218,13.438539466660451,1.4437609952519,1.4437609952519,2021,BN_2021,16.761535468803164,8.593725098916158,9.447421740156216,1.191425164993998,37.39215613587367,18.45392671939854,29.9709375932794,3.8792829585504296,0.2672345344891318,0.46286276652582337,0.12300841421387051,1.482951596456128,2.437455363392104,0.46766115331533176,30.89671149919853
BN,2021-10-13,286,20.724928372,5.1345183916,43.5218775682,18.573436284,1.6005287821503034,1.6005287821503034,2021,BN_2021,47.03964795692501,0,20.856634735839243,0,96.56441436820481,0,71.71134831669174,0,NA,NA,NA,1.7195085669822694,2.626970573040377,0.8041646544195209,35.64455039568262
