model,covariates,waic,waic_se,loo,loo_se,r2adj,rmse
ar1_PI_curve,epil_afdm,2828.537257560903,60.84795684834342,3109.324897690838,69.80252652363008,0.22677401609092673,2.9141587937592464
ar1_PI_curve,fila_afdm,2893.0617977498473,63.65809640031566,3151.1457389764846,69.4476106849954,0.46794997739507926,2.417331581794737
ar1_PI_curve,epil_chla,2954.680763268134,66.7465523133262,3177.7191222682154,71.52849451765127,-0.14008282664834093,3.538573289395028
ar1_PI_curve,fila_chla,1784.575971581073,35.797783738693,2287.9526375200358,50.341911314673666,0.5800576265783954,2.147607155296525
ar1_PI_curve,epil_afdm + fila_afdm,2365.5788470229995,51.678396795089064,2764.9055926029896,62.208938465494356,0.4810277886522525,2.386267086569821
ar1_PI_curve,epil_chla + fila_chla,1533.6186553219954,28.089347367547802,2051.7739554903374,39.67068991420238,0.5734977984899455,2.1632546094404517
