model,covariates,waic,waic_se,loo,loo_se,r2adj,rmse
ar1_PI_curve,epil_afdm,3141.7999643764347,74.39167092700437,3302.003292034568,77.501984876419,0.8626338137963293,1.228287164210194
ar1_PI_curve,fila_afdm,3145.9663054906646,74.23434308757184,3304.6178247620082,78.2199841950139,0.8622706574394896,1.2299097100476166
ar1_PI_curve,epil_chla,3122.991253871038,73.42066305164188,3298.8747226364117,78.357362638833,0.8609210052682473,1.2359211506478638
ar1_PI_curve,fila_chla,3153.128063541471,73.53481388382073,3305.0947821845675,77.33630254383066,0.8620554542344158,1.230870206903168
ar1_PI_curve,epil_afdm + fila_afdm,3140.7829279575426,73.06897289670069,3297.4916750087355,76.64938229833466,0.8618385851897443,1.231233391178848
ar1_PI_curve,epil_chla + fila_chla,3109.964246502548,71.97795676185798,3296.4792146406758,78.69921453851181,0.8600924278003068,1.2389894527996093
