model,covariates,waic,waic_se,loo,loo_se,r2adj,rmse
ar1_PI_curve,epil_afdm,5142.2017092105325,61.789018386794076,5142.222643041283,61.78997854608994,0.23995666089584666,2.890626347270677
ar1_PI_curve,fila_afdm,5122.291999674471,57.698547956525545,5119.660771693518,57.29216505870761,0.28423498283634807,2.80516242210964
ar1_PI_curve,epil_chla,5153.02977618241,61.25373662287594,5153.048104409178,61.25478987763703,0.2305814203280071,2.9083998451440944
ar1_PI_curve,fila_chla,5132.138373531442,58.39329407202353,5132.1637845370515,58.39470732178309,0.24917573728802345,2.873041685836682
ar1_PI_curve,epil_afdm + fila_afdm,5135.417109631398,59.37399766752482,5135.439672595101,59.37477281572642,0.24499732181562117,2.8796137532985204
ar1_PI_curve,epil_chla + fila_chla,5132.456817672758,58.291337212908196,5133.123885099274,58.385193508177785,0.25063214159143066,2.868847901987283
