model,covariates,waic,waic_se,loo,loo_se,r2adj,rmse
PI_curve,epil_afdm,5252.4900422301525,60.43476748768571,5252.516107799873,60.43733728427203,0.15362533882220142,3.0518745776613123
PI_curve,fila_afdm,5256.161991276428,59.91788425085819,5256.158188753534,59.91367182934658,0.15526968644915007,3.0489085256599364
PI_curve,epil_chla,5244.980370906304,61.809188456219744,5245.004260764126,61.81101500223349,0.16072636140251007,3.0390451072094193
PI_curve,fila_chla,5198.059050570947,55.87572566252264,5198.755296334818,55.96811943053752,0.2085670518415037,2.9511577061311574
PI_curve,epil_afdm + fila_afdm,5245.132403808823,58.856212478874376,5245.093637834135,58.846476293271856,0.16473207691439118,3.0303003774604678
PI_curve,epil_chla + fila_chla,5168.353415464311,55.52564103274971,5168.392399870885,55.52921851208767,0.22092529510741354,2.9265930042368717
