site,K600
BM,9.65812440678112
BN,10.705535830377954
DL,7.657994586692211
GC,17.748211788982914
GR,10.288895508368311
PL,13.65374611336127
